-- MySQL dump 10.13  Distrib 8.0.40, for Linux (x86_64)
--
-- Host: localhost    Database: transport_db
-- ------------------------------------------------------
-- Server version	8.0.40

/*!40101 SET @OLD_CHARACTER_SET_CLIENT=@@CHARACTER_SET_CLIENT */;
/*!40101 SET @OLD_CHARACTER_SET_RESULTS=@@CHARACTER_SET_RESULTS */;
/*!40101 SET @OLD_COLLATION_CONNECTION=@@COLLATION_CONNECTION */;
/*!50503 SET NAMES utf8mb4 */;
/*!40103 SET @OLD_TIME_ZONE=@@TIME_ZONE */;
/*!40103 SET TIME_ZONE='+00:00' */;
/*!40014 SET @OLD_UNIQUE_CHECKS=@@UNIQUE_CHECKS, UNIQUE_CHECKS=0 */;
/*!40014 SET @OLD_FOREIGN_KEY_CHECKS=@@FOREIGN_KEY_CHECKS, FOREIGN_KEY_CHECKS=0 */;
/*!40101 SET @OLD_SQL_MODE=@@SQL_MODE, SQL_MODE='NO_AUTO_VALUE_ON_ZERO' */;
/*!40111 SET @OLD_SQL_NOTES=@@SQL_NOTES, SQL_NOTES=0 */;

--
-- Table structure for table `Cash_Statment_Bill`
--

DROP TABLE IF EXISTS `Cash_Statment_Bill`;
/*!40101 SET @saved_cs_client     = @@character_set_client */;
/*!50503 SET character_set_client = utf8mb4 */;
CREATE TABLE `Cash_Statment_Bill` (
  `id` int NOT NULL AUTO_INCREMENT,
  `date` date NOT NULL,
  `csbl_no` varchar(10) DEFAULT NULL,
  `branch_name_id` int DEFAULT NULL,
  `pay_type` enum('UPI','RTGS/NFT','CHECK','CASH') DEFAULT 'UPI',
  `party_name_id` int DEFAULT NULL,
  `utr_no` varchar(100) DEFAULT NULL,
  `rtgs_no` varchar(100) DEFAULT NULL,
  `bank_name` varchar(255) DEFAULT NULL,
  `cheque_bank_name` varchar(255) DEFAULT NULL,
  `check_no` varchar(100) DEFAULT NULL,
  `check_date` date DEFAULT NULL,
  `deposit_no` varchar(100) DEFAULT NULL,
  `pan_no` varchar(100) DEFAULT NULL,
  `deposit_date` date DEFAULT NULL,
  `remarks` varchar(100) DEFAULT NULL,
  `total_rec_amt` decimal(10,2) DEFAULT '0.00',
  `total_tds_amt` decimal(10,2) DEFAULT '0.00',
  `total_ded_amt` decimal(10,2) DEFAULT '0.00',
  `total_amt` decimal(10,2) DEFAULT '0.00',
  `cs_attachment` varchar(255) DEFAULT NULL,
  `payment` varchar(255) DEFAULT NULL,
  `created_by_id` int NOT NULL DEFAULT '1',
  `created_at` datetime DEFAULT CURRENT_TIMESTAMP,
  `updated_by_id` int DEFAULT NULL,
  `updated_at` datetime DEFAULT CURRENT_TIMESTAMP ON UPDATE CURRENT_TIMESTAMP,
  `is_active` tinyint(1) DEFAULT '1',
  `flag` tinyint(1) DEFAULT '1',
  `rtgs_date` date DEFAULT NULL,
  PRIMARY KEY (`id`),
  UNIQUE KEY `csbl_no` (`csbl_no`),
  KEY `fk_cash_statement_bill_branch` (`branch_name_id`),
  KEY `fk_cash_statement_bill_party` (`party_name_id`),
  KEY `fk_cash_statement_bill_created_by` (`created_by_id`),
  KEY `fk_cash_statement_bill_updated_by` (`updated_by_id`),
  CONSTRAINT `fk_cash_statement_bill_branch` FOREIGN KEY (`branch_name_id`) REFERENCES `branch_master` (`id`) ON DELETE SET NULL,
  CONSTRAINT `fk_cash_statement_bill_created_by` FOREIGN KEY (`created_by_id`) REFERENCES `auth_user` (`id`) ON DELETE SET DEFAULT,
  CONSTRAINT `fk_cash_statement_bill_party` FOREIGN KEY (`party_name_id`) REFERENCES `party_master` (`id`) ON DELETE SET NULL,
  CONSTRAINT `fk_cash_statement_bill_updated_by` FOREIGN KEY (`updated_by_id`) REFERENCES `auth_user` (`id`) ON DELETE SET NULL
) ENGINE=InnoDB AUTO_INCREMENT=4 DEFAULT CHARSET=utf8mb4 COLLATE=utf8mb4_0900_ai_ci;
/*!40101 SET character_set_client = @saved_cs_client */;

--
-- Dumping data for table `Cash_Statment_Bill`
--

LOCK TABLES `Cash_Statment_Bill` WRITE;
/*!40000 ALTER TABLE `Cash_Statment_Bill` DISABLE KEYS */;
INSERT INTO `Cash_Statment_Bill` VALUES (1,'2025-03-28','2410300001',4,'RTGS/NFT',43,NULL,'TJSBN52025032700088001','HDFC BANK ACC:50200032013660',NULL,NULL,NULL,NULL,NULL,NULL,NULL,14500.00,0.00,100.00,14600.00,'','',1,'2025-03-28 09:45:48',1,'2025-03-28 09:46:27',1,1,'2025-03-27'),(2,'2025-04-05','2510300001',4,'RTGS/NFT',30,NULL,'000318683885','HDFC BANK ACC:50200032013660',NULL,NULL,NULL,NULL,NULL,NULL,NULL,23100.00,0.00,0.00,23100.00,'','',1,'2025-04-05 12:34:11',NULL,'2025-04-05 12:34:11',1,1,'2025-04-05'),(3,'2025-04-06','2510300002',4,'RTGS/NFT',43,NULL,'TJSBN52025032700','HDFC BANK ACC:50200032013660',NULL,NULL,NULL,NULL,NULL,NULL,NULL,0.00,0.00,0.00,14600.00,'','',1,'2025-04-06 05:45:13',NULL,'2025-04-06 05:45:13',1,1,'2025-03-27');
/*!40000 ALTER TABLE `Cash_Statment_Bill` ENABLE KEYS */;
UNLOCK TABLES;

--
-- Table structure for table `Cash_Statment_Bill_party_billing`
--

DROP TABLE IF EXISTS `Cash_Statment_Bill_party_billing`;
/*!40101 SET @saved_cs_client     = @@character_set_client */;
/*!50503 SET character_set_client = utf8mb4 */;
CREATE TABLE `Cash_Statment_Bill_party_billing` (
  `id` int NOT NULL AUTO_INCREMENT,
  `cashstatmentbill_id` int NOT NULL,
  `partybilling_id` int NOT NULL,
  PRIMARY KEY (`id`),
  KEY `cashstatmentbill_id` (`cashstatmentbill_id`),
  KEY `partybilling_id` (`partybilling_id`),
  CONSTRAINT `Cash_Statment_Bill_party_billing_ibfk_1` FOREIGN KEY (`cashstatmentbill_id`) REFERENCES `Cash_Statment_Bill` (`id`) ON DELETE CASCADE,
  CONSTRAINT `Cash_Statment_Bill_party_billing_ibfk_2` FOREIGN KEY (`partybilling_id`) REFERENCES `party_billing` (`id`) ON DELETE CASCADE
) ENGINE=InnoDB AUTO_INCREMENT=4 DEFAULT CHARSET=utf8mb4 COLLATE=utf8mb4_0900_ai_ci;
/*!40101 SET character_set_client = @saved_cs_client */;

--
-- Dumping data for table `Cash_Statment_Bill_party_billing`
--

LOCK TABLES `Cash_Statment_Bill_party_billing` WRITE;
/*!40000 ALTER TABLE `Cash_Statment_Bill_party_billing` DISABLE KEYS */;
INSERT INTO `Cash_Statment_Bill_party_billing` VALUES (1,1,16),(2,2,20),(3,3,16);
/*!40000 ALTER TABLE `Cash_Statment_Bill_party_billing` ENABLE KEYS */;
UNLOCK TABLES;

--
-- Table structure for table `Cash_Statment_LR`
--

DROP TABLE IF EXISTS `Cash_Statment_LR`;
/*!40101 SET @saved_cs_client     = @@character_set_client */;
/*!50503 SET character_set_client = utf8mb4 */;
CREATE TABLE `Cash_Statment_LR` (
  `id` int NOT NULL AUTO_INCREMENT,
  `date` date NOT NULL,
  `cslr_no` varchar(10) DEFAULT NULL,
  `branch_name_id` int DEFAULT NULL,
  `pay_type` enum('UPI','RTGS/NFT','CHECK','CASH') DEFAULT 'UPI',
  `party_name_id` int DEFAULT NULL,
  `utr_no` varchar(100) DEFAULT NULL,
  `rtgs_no` varchar(100) DEFAULT NULL,
  `bank_name` varchar(255) DEFAULT NULL,
  `cheque_bank_name` varchar(255) DEFAULT NULL,
  `check_no` varchar(100) DEFAULT NULL,
  `check_date` date DEFAULT NULL,
  `deposit_no` varchar(100) DEFAULT NULL,
  `pan_no` varchar(100) DEFAULT NULL,
  `deposit_date` date DEFAULT NULL,
  `remarks` varchar(100) DEFAULT NULL,
  `total_rec_amt` decimal(10,2) DEFAULT '0.00',
  `waiting_amt` decimal(10,2) DEFAULT '0.00',
  `U_dec_waiting_amt` decimal(10,2) DEFAULT '0.00',
  `U_waiting_amt` decimal(10,2) DEFAULT '0.00',
  `approve_waiting_amt` decimal(10,2) DEFAULT '0.00',
  `total_tds_amt` decimal(10,2) DEFAULT '0.00',
  `total_ded_amt` decimal(10,2) DEFAULT '0.00',
  `total_amt` decimal(10,2) DEFAULT '0.00',
  `cs_attachment` varchar(255) DEFAULT NULL,
  `bankslip` varchar(255) DEFAULT NULL,
  `cheque` varchar(255) DEFAULT NULL,
  `payment` varchar(255) DEFAULT NULL,
  `created_by_id` int NOT NULL DEFAULT '1',
  `created_at` datetime DEFAULT CURRENT_TIMESTAMP,
  `updated_by_id` int DEFAULT NULL,
  `updated_at` datetime DEFAULT CURRENT_TIMESTAMP ON UPDATE CURRENT_TIMESTAMP,
  `is_active` tinyint(1) DEFAULT '1',
  `flag` tinyint(1) DEFAULT '1',
  `rtgs_date` date DEFAULT NULL,
  PRIMARY KEY (`id`),
  UNIQUE KEY `cslr_no` (`cslr_no`),
  KEY `fk_cash_statement_branch` (`branch_name_id`),
  KEY `fk_cash_statement_party` (`party_name_id`),
  KEY `fk_cash_statement_created_by` (`created_by_id`),
  KEY `fk_cash_statement_updated_by` (`updated_by_id`),
  CONSTRAINT `fk_cash_statement_branch` FOREIGN KEY (`branch_name_id`) REFERENCES `branch_master` (`id`) ON DELETE SET NULL,
  CONSTRAINT `fk_cash_statement_created_by` FOREIGN KEY (`created_by_id`) REFERENCES `auth_user` (`id`) ON DELETE SET DEFAULT,
  CONSTRAINT `fk_cash_statement_party` FOREIGN KEY (`party_name_id`) REFERENCES `party_master` (`id`) ON DELETE SET NULL,
  CONSTRAINT `fk_cash_statement_updated_by` FOREIGN KEY (`updated_by_id`) REFERENCES `auth_user` (`id`) ON DELETE SET NULL
) ENGINE=InnoDB AUTO_INCREMENT=19 DEFAULT CHARSET=utf8mb4 COLLATE=utf8mb4_0900_ai_ci;
/*!40101 SET character_set_client = @saved_cs_client */;

--
-- Dumping data for table `Cash_Statment_LR`
--

LOCK TABLES `Cash_Statment_LR` WRITE;
/*!40000 ALTER TABLE `Cash_Statment_LR` DISABLE KEYS */;
INSERT INTO `Cash_Statment_LR` VALUES (11,'2025-03-13','2410800001',9,'RTGS/NFT',22,NULL,'000443429626','HDFC BANK LTD',NULL,NULL,NULL,NULL,NULL,NULL,NULL,0.00,0.00,0.00,0.00,0.00,0.00,0.00,10600.00,'cs_attachment/Screenshot_2025-03-13_155348.png','bankslip/Screenshot_2025-03-13_155348.png','cheque/Screenshot_2025-03-13_155348.png','payment/Screenshot_2025-03-13_155337_DXuZxTD.png',1,'2025-03-13 10:22:40',1,'2025-03-27 05:23:36',1,1,NULL),(12,'2025-03-13','2410800002',9,'RTGS/NFT',22,NULL,'000443429626','HDFC BANK LTD',NULL,NULL,NULL,NULL,NULL,NULL,'OK',0.00,0.00,0.00,0.00,0.00,0.00,0.00,10600.00,'','','','',1,'2025-03-13 14:14:24',1,'2025-03-16 10:18:15',1,1,NULL),(13,'2025-03-13','2510200001',3,'RTGS/NFT',34,NULL,'507216690063','HDFC BANK LTD',NULL,NULL,NULL,NULL,NULL,NULL,NULL,0.00,0.00,0.00,0.00,0.00,0.00,0.00,11000.00,'','','','',1,'2025-03-13 14:18:12',1,'2025-04-01 09:48:40',1,1,NULL),(14,'2025-03-16','2411500001',16,'RTGS/NFT',30,NULL,'SADAAS','HDFC BANK LTD',NULL,NULL,NULL,NULL,NULL,NULL,NULL,0.00,0.00,0.00,0.00,0.00,0.00,0.00,23100.00,'','','','',1,'2025-03-16 10:49:02',NULL,'2025-03-16 10:49:02',1,1,NULL),(15,'2025-03-27','2511700001',18,'UPI',32,'5456546',NULL,'HDFC BANK LTD',NULL,NULL,NULL,NULL,NULL,NULL,NULL,0.00,0.00,0.00,0.00,0.00,0.00,0.00,7403.00,'','','','',1,'2025-03-27 13:41:24',1,'2025-04-01 10:03:30',1,1,NULL),(16,'2025-03-28','2412200001',23,'RTGS/NFT',46,NULL,'CBINN62025032816846899','HDFC BANK ACC:50200032013660',NULL,NULL,NULL,NULL,NULL,NULL,'OK',42000.00,0.00,0.00,0.00,0.00,0.00,100.00,42100.00,'','','','',1,'2025-03-28 10:13:49',1,'2025-03-28 14:33:19',1,1,NULL),(17,'2025-03-29','2411300001',14,'RTGS/NFT',50,NULL,'633292039819','HDFC BANK ACC:50200032013660',NULL,NULL,NULL,NULL,NULL,NULL,NULL,0.00,0.00,0.00,0.00,0.00,0.00,0.00,9100.00,'','','','',1,'2025-03-29 05:16:00',NULL,'2025-03-29 05:16:00',1,1,NULL),(18,'2025-03-29','2410800003',9,'RTGS/NFT',22,NULL,'129101190','HDFC BANK ACC:50200032013660',NULL,NULL,NULL,NULL,NULL,NULL,NULL,0.00,0.00,0.00,0.00,0.00,0.00,0.00,9500.00,'','','','',1,'2025-03-29 09:20:15',NULL,'2025-03-29 09:20:15',1,1,NULL);
/*!40000 ALTER TABLE `Cash_Statment_LR` ENABLE KEYS */;
UNLOCK TABLES;

--
-- Table structure for table `Cash_Statment_LR_lr_booking`
--

DROP TABLE IF EXISTS `Cash_Statment_LR_lr_booking`;
/*!40101 SET @saved_cs_client     = @@character_set_client */;
/*!50503 SET character_set_client = utf8mb4 */;
CREATE TABLE `Cash_Statment_LR_lr_booking` (
  `id` int NOT NULL AUTO_INCREMENT,
  `cashstatmentlr_id` int NOT NULL,
  `lr_bokking_id` int NOT NULL,
  PRIMARY KEY (`id`),
  KEY `cashstatmentlr_id` (`cashstatmentlr_id`),
  KEY `lr_bokking_id` (`lr_bokking_id`),
  CONSTRAINT `Cash_Statment_LR_lr_booking_ibfk_1` FOREIGN KEY (`cashstatmentlr_id`) REFERENCES `Cash_Statment_LR` (`id`) ON DELETE CASCADE,
  CONSTRAINT `Cash_Statment_LR_lr_booking_ibfk_2` FOREIGN KEY (`lr_bokking_id`) REFERENCES `lr_bokking` (`lr_no`) ON DELETE CASCADE
) ENGINE=InnoDB AUTO_INCREMENT=19 DEFAULT CHARSET=utf8mb4 COLLATE=utf8mb4_0900_ai_ci;
/*!40101 SET character_set_client = @saved_cs_client */;

--
-- Dumping data for table `Cash_Statment_LR_lr_booking`
--

LOCK TABLES `Cash_Statment_LR_lr_booking` WRITE;
/*!40000 ALTER TABLE `Cash_Statment_LR_lr_booking` DISABLE KEYS */;
INSERT INTO `Cash_Statment_LR_lr_booking` VALUES (11,11,38),(12,12,39),(13,13,40),(14,14,35),(15,15,36),(16,16,53),(17,17,55),(18,18,49);
/*!40000 ALTER TABLE `Cash_Statment_LR_lr_booking` ENABLE KEYS */;
UNLOCK TABLES;

--
-- Table structure for table `account_chargehead`
--

DROP TABLE IF EXISTS `account_chargehead`;
/*!40101 SET @saved_cs_client     = @@character_set_client */;
/*!50503 SET character_set_client = utf8mb4 */;
CREATE TABLE `account_chargehead` (
  `id` int NOT NULL AUTO_INCREMENT,
  `charge_head` varchar(100) NOT NULL,
  `amount` decimal(10,2) NOT NULL,
  `deduction_amount` decimal(10,2) NOT NULL,
  `deduction_remark` longtext,
  `created_at` datetime(6) NOT NULL,
  `updated_at` datetime(6) NOT NULL,
  `is_active` tinyint(1) NOT NULL,
  `flag` tinyint(1) NOT NULL,
  `created_by_id` int NOT NULL,
  `deduction_reason_id` int DEFAULT NULL,
  `updated_by_id` int DEFAULT NULL,
  PRIMARY KEY (`id`),
  KEY `account_chargehead_created_by_id_43dc2aed_fk_auth_user_id` (`created_by_id`),
  KEY `account_chargehead_deduction_reason_id_4a3e1487_fk_deduction` (`deduction_reason_id`),
  KEY `account_chargehead_updated_by_id_38069b62_fk_auth_user_id` (`updated_by_id`),
  CONSTRAINT `account_chargehead_created_by_id_43dc2aed_fk_auth_user_id` FOREIGN KEY (`created_by_id`) REFERENCES `auth_user` (`id`),
  CONSTRAINT `account_chargehead_deduction_reason_id_4a3e1487_fk_deduction` FOREIGN KEY (`deduction_reason_id`) REFERENCES `deduction_reason_type` (`id`),
  CONSTRAINT `account_chargehead_updated_by_id_38069b62_fk_auth_user_id` FOREIGN KEY (`updated_by_id`) REFERENCES `auth_user` (`id`)
) ENGINE=InnoDB AUTO_INCREMENT=73 DEFAULT CHARSET=utf8mb4 COLLATE=utf8mb4_0900_ai_ci;
/*!40101 SET character_set_client = @saved_cs_client */;

--
-- Dumping data for table `account_chargehead`
--

LOCK TABLES `account_chargehead` WRITE;
/*!40000 ALTER TABLE `account_chargehead` DISABLE KEYS */;
INSERT INTO `account_chargehead` VALUES (1,'FREIGHT',14500.00,0.00,'','2025-03-28 06:33:03.132637','2025-03-28 06:33:03.132662',1,1,1,NULL,NULL),(2,'E-WAY BILL CHARGES',0.00,0.00,'','2025-03-28 06:33:03.138863','2025-03-28 06:33:03.138887',1,1,1,NULL,NULL),(3,'FREIGHT',14500.00,0.00,'','2025-03-28 06:33:04.534324','2025-03-28 06:33:04.534348',1,1,1,NULL,NULL),(4,'E-WAY BILL CHARGES',0.00,0.00,'','2025-03-28 06:33:04.541353','2025-03-28 06:33:04.541376',1,1,1,NULL,NULL),(5,'FREIGHT',14500.00,0.00,'','2025-03-28 06:33:04.976291','2025-03-28 06:33:04.976316',1,1,1,NULL,NULL),(6,'E-WAY BILL CHARGES',0.00,0.00,'','2025-03-28 06:33:04.983712','2025-03-28 06:33:04.983734',1,1,1,NULL,NULL),(7,'FREIGHT',14500.00,0.00,'','2025-03-28 06:33:05.212930','2025-03-28 06:33:05.212955',1,1,1,NULL,NULL),(8,'E-WAY BILL CHARGES',0.00,0.00,'','2025-03-28 06:33:05.219129','2025-03-28 06:33:05.219152',1,1,1,NULL,NULL),(9,'FREIGHT',14500.00,0.00,'','2025-03-28 06:33:05.773018','2025-03-28 06:33:05.773041',1,1,1,NULL,NULL),(10,'E-WAY BILL CHARGES',0.00,0.00,'','2025-03-28 06:33:05.778536','2025-03-28 06:33:05.778557',1,1,1,NULL,NULL),(11,'FREIGHT',14500.00,0.00,'','2025-03-28 06:33:06.127235','2025-03-28 06:33:06.127264',1,1,1,NULL,NULL),(12,'E-WAY BILL CHARGES',0.00,0.00,'','2025-03-28 06:33:06.133183','2025-03-28 06:33:06.133206',1,1,1,NULL,NULL),(13,'FREIGHT',14500.00,0.00,'','2025-03-28 06:33:06.211653','2025-03-28 06:33:06.211677',1,1,1,NULL,NULL),(14,'E-WAY BILL CHARGES',0.00,0.00,'','2025-03-28 06:33:06.217077','2025-03-28 06:33:06.217099',1,1,1,NULL,NULL),(15,'FREIGHT',14500.00,0.00,'','2025-03-28 06:33:06.491352','2025-03-28 06:33:06.491376',1,1,1,NULL,NULL),(16,'E-WAY BILL CHARGES',0.00,0.00,'','2025-03-28 06:33:06.497726','2025-03-28 06:33:06.497777',1,1,1,NULL,NULL),(17,'FREIGHT',14500.00,0.00,'','2025-03-28 06:33:06.796628','2025-03-28 06:33:06.796653',1,1,1,NULL,NULL),(18,'E-WAY BILL CHARGES',0.00,0.00,'','2025-03-28 06:33:06.802715','2025-03-28 06:33:06.802737',1,1,1,NULL,NULL),(19,'FREIGHT',14500.00,0.00,'','2025-03-28 06:33:08.974859','2025-03-28 06:33:08.974882',1,1,1,NULL,NULL),(20,'E-WAY BILL CHARGES',0.00,0.00,'','2025-03-28 06:33:08.981118','2025-03-28 06:33:08.981141',1,1,1,NULL,NULL),(21,'FREIGHT',14500.00,0.00,'','2025-03-28 06:33:09.193979','2025-03-28 06:33:09.194004',1,1,1,NULL,NULL),(22,'E-WAY BILL CHARGES',0.00,0.00,'','2025-03-28 06:33:09.199645','2025-03-28 06:33:09.199754',1,1,1,NULL,NULL),(23,'FREIGHT',14500.00,0.00,'','2025-03-28 06:33:09.371852','2025-03-28 06:33:09.371876',1,1,1,NULL,NULL),(24,'E-WAY BILL CHARGES',0.00,0.00,'','2025-03-28 06:33:09.378292','2025-03-28 06:33:09.378340',1,1,1,NULL,NULL),(25,'FREIGHT',14500.00,0.00,'','2025-03-28 06:33:10.892094','2025-03-28 06:33:10.892118',1,1,1,NULL,NULL),(26,'E-WAY BILL CHARGES',0.00,0.00,'','2025-03-28 06:33:10.897719','2025-03-28 06:33:10.897742',1,1,1,NULL,NULL),(27,'FREIGHT',14500.00,0.00,'','2025-03-28 06:33:11.074012','2025-03-28 06:33:11.074036',1,1,1,NULL,NULL),(28,'E-WAY BILL CHARGES',0.00,0.00,'','2025-03-28 06:33:11.080379','2025-03-28 06:33:11.080429',1,1,1,NULL,NULL),(29,'FREIGHT',14500.00,0.00,'','2025-03-28 06:33:11.291472','2025-03-28 06:33:11.291496',1,1,1,NULL,NULL),(30,'E-WAY BILL CHARGES',0.00,0.00,'','2025-03-28 06:33:11.297144','2025-03-28 06:33:11.297247',1,1,1,NULL,NULL),(31,'FREIGHT',14500.00,0.00,'','2025-03-28 06:33:18.891924','2025-03-28 06:33:18.891947',1,1,1,NULL,NULL),(32,'E-WAY BILL CHARGES',0.00,0.00,'','2025-03-28 06:33:18.898531','2025-03-28 06:33:18.898634',1,1,1,NULL,NULL),(33,'FREIGHT',14500.00,0.00,'','2025-03-28 06:33:19.094132','2025-03-28 06:33:19.094165',1,1,1,NULL,NULL),(34,'E-WAY BILL CHARGES',0.00,0.00,'','2025-03-28 06:33:19.100240','2025-03-28 06:33:19.100329',1,1,1,NULL,NULL),(35,'FREIGHT',14500.00,0.00,'','2025-03-28 06:33:19.289018','2025-03-28 06:33:19.289045',1,1,1,NULL,NULL),(36,'E-WAY BILL CHARGES',0.00,0.00,'','2025-03-28 06:33:19.295773','2025-03-28 06:33:19.295796',1,1,1,NULL,NULL),(37,'FREIGHT',14500.00,0.00,'','2025-03-28 06:33:19.566485','2025-03-28 06:33:19.566509',1,1,1,NULL,NULL),(38,'E-WAY BILL CHARGES',0.00,0.00,'','2025-03-28 06:33:19.573496','2025-03-28 06:33:19.573520',1,1,1,NULL,NULL),(39,'FREIGHT',14500.00,0.00,'','2025-03-28 07:10:40.611454','2025-03-28 07:10:40.611479',1,1,1,NULL,NULL),(40,'E-WAY BILL CHARGES',0.00,0.00,'','2025-03-28 07:10:40.617529','2025-03-28 07:10:40.617553',1,1,1,NULL,NULL),(41,'FREIGHT',14500.00,0.00,'','2025-03-28 07:10:41.364642','2025-03-28 07:10:41.364667',1,1,1,NULL,NULL),(42,'E-WAY BILL CHARGES',0.00,0.00,'','2025-03-28 07:10:41.370755','2025-03-28 07:10:41.370779',1,1,1,NULL,NULL),(43,'FREIGHT',14500.00,0.00,'','2025-03-28 07:25:12.691734','2025-03-28 09:45:50.423574',1,1,1,NULL,1),(44,'E-WAY BILL CHARGES',0.00,0.00,'','2025-03-28 07:25:12.697508','2025-03-28 09:45:50.434977',1,1,1,NULL,1),(45,'TOLL ESCORT TOTAL',50.00,0.00,'','2025-03-28 07:25:12.706547','2025-03-28 09:45:50.447679',1,1,1,12,1),(46,'BILTY CHARGES',100.00,100.00,'LR','2025-03-28 07:25:12.711517','2025-03-28 09:45:50.458661',1,1,1,12,1),(47,'COLLECTION CHARGES',0.00,0.00,'LR','2025-03-28 07:25:12.716413','2025-03-28 09:45:50.471053',1,1,1,11,1),(48,'DELIVERY CHARGES',0.00,0.00,'','2025-03-28 07:25:12.722646','2025-03-28 09:45:50.480641',1,1,1,NULL,1),(49,'HAMALI',0.00,0.00,'','2025-03-28 07:25:12.728191','2025-03-28 09:45:50.489912',1,1,1,NULL,1),(50,'GODOWN CHARGES',0.00,0.00,'','2025-03-28 07:25:12.733479','2025-03-28 09:45:50.499415',1,1,1,NULL,1),(51,'INSURANCE CHARGES',0.00,0.00,'','2025-03-28 07:25:12.737555','2025-03-28 09:45:50.509653',1,1,1,NULL,1),(52,'OTHER CHARGE 1',0.00,0.00,'','2025-03-28 07:25:12.743428','2025-03-28 09:45:50.520208',1,1,1,NULL,1),(53,'OTHER CHARGE 1 VALUE',0.00,0.00,'','2025-03-28 07:25:12.749331','2025-03-28 09:45:50.529289',1,1,1,NULL,1),(54,'OTHER CHARGE 2',0.00,0.00,'','2025-03-28 07:25:12.756385','2025-03-28 09:45:50.538325',1,1,1,NULL,1),(55,'OTHER CHARGE 2 VALUE',0.00,0.00,'','2025-03-28 07:25:12.762836','2025-03-28 09:45:50.547249',1,1,1,NULL,1),(56,'FUEL SURCHARGE',0.00,0.00,'','2025-03-28 07:25:12.767465','2025-03-28 09:45:50.558016',1,1,1,NULL,1),(57,'FREIGHT',42000.00,0.00,'','2025-03-28 10:13:12.047752','2025-03-28 10:49:37.686692',1,1,1,NULL,1),(58,'E-WAY BILL CHARGES',0.00,0.00,'','2025-03-28 10:13:12.055117','2025-03-28 10:49:37.698146',1,1,1,NULL,1),(59,'TOLL ESCORT TOTAL',0.00,0.00,'','2025-03-28 10:13:12.063103','2025-03-28 10:49:37.706920',1,1,1,NULL,1),(60,'BILTY CHARGES',100.00,100.00,'LR CHARGES','2025-03-28 10:13:12.070282','2025-03-28 10:49:37.719493',1,1,1,12,1),(61,'COLLECTION CHARGES',0.00,0.00,'','2025-03-28 10:13:12.075645','2025-03-28 10:49:37.728786',1,1,1,NULL,1),(62,'DELIVERY CHARGES',0.00,0.00,'','2025-03-28 10:13:12.082128','2025-03-28 10:49:37.736109',1,1,1,NULL,1),(63,'HAMALI',0.00,0.00,'','2025-03-28 10:13:12.086741','2025-03-28 10:49:37.745698',1,1,1,NULL,1),(64,'GODOWN CHARGES',0.00,0.00,'','2025-03-28 10:13:12.094636','2025-03-28 10:49:37.753822',1,1,1,NULL,1),(65,'INSURANCE CHARGES',0.00,0.00,'','2025-03-28 10:13:12.101659','2025-03-28 10:49:37.761152',1,1,1,NULL,1),(66,'OTHER CHARGE 1',0.00,0.00,'','2025-03-28 10:13:12.106107','2025-03-28 10:49:37.769181',1,1,1,NULL,1),(67,'OTHER CHARGE 1 VALUE',0.00,0.00,'','2025-03-28 10:13:12.112950','2025-03-28 10:49:37.777457',1,1,1,NULL,1),(68,'OTHER CHARGE 2',0.00,0.00,'','2025-03-28 10:13:12.118581','2025-03-28 10:49:37.786962',1,1,1,NULL,1),(69,'OTHER CHARGE 2 VALUE',0.00,0.00,'','2025-03-28 10:13:12.124625','2025-03-28 10:49:37.798174',1,1,1,NULL,1),(70,'FUEL SURCHARGE',0.00,0.00,'','2025-03-28 10:13:12.130333','2025-03-28 10:49:37.807429',1,1,1,NULL,1),(71,'FREIGHT',23000.00,0.00,'','2025-04-05 12:33:50.459219','2025-04-05 12:33:50.459242',1,1,1,NULL,NULL),(72,'E-WAY BILL CHARGES',0.00,0.00,'','2025-04-05 12:33:50.466733','2025-04-05 12:33:50.466753',1,1,1,NULL,NULL);
/*!40000 ALTER TABLE `account_chargehead` ENABLE KEYS */;
UNLOCK TABLES;

--
-- Table structure for table `account_deductionlr`
--

DROP TABLE IF EXISTS `account_deductionlr`;
/*!40101 SET @saved_cs_client     = @@character_set_client */;
/*!50503 SET character_set_client = utf8mb4 */;
CREATE TABLE `account_deductionlr` (
  `id` bigint NOT NULL AUTO_INCREMENT,
  `created_at` datetime(6) NOT NULL,
  `updated_at` datetime(6) NOT NULL,
  `is_active` tinyint(1) NOT NULL,
  `flag` tinyint(1) NOT NULL,
  `created_by_id` int NOT NULL,
  `lr_booking_id` int NOT NULL,
  `updated_by_id` int DEFAULT NULL,
  PRIMARY KEY (`id`),
  KEY `account_deductionlr_created_by_id_e1396985_fk_auth_user_id` (`created_by_id`),
  KEY `account_deductionlr_lr_booking_id_8f8bb370_fk_lr_bokking_lr_no` (`lr_booking_id`),
  KEY `account_deductionlr_updated_by_id_9bf5f8e2_fk_auth_user_id` (`updated_by_id`),
  CONSTRAINT `account_deductionlr_created_by_id_e1396985_fk_auth_user_id` FOREIGN KEY (`created_by_id`) REFERENCES `auth_user` (`id`),
  CONSTRAINT `account_deductionlr_lr_booking_id_8f8bb370_fk_lr_bokking_lr_no` FOREIGN KEY (`lr_booking_id`) REFERENCES `lr_bokking` (`lr_no`),
  CONSTRAINT `account_deductionlr_updated_by_id_9bf5f8e2_fk_auth_user_id` FOREIGN KEY (`updated_by_id`) REFERENCES `auth_user` (`id`)
) ENGINE=InnoDB AUTO_INCREMENT=4 DEFAULT CHARSET=utf8mb4 COLLATE=utf8mb4_0900_ai_ci;
/*!40101 SET character_set_client = @saved_cs_client */;

--
-- Dumping data for table `account_deductionlr`
--

LOCK TABLES `account_deductionlr` WRITE;
/*!40000 ALTER TABLE `account_deductionlr` DISABLE KEYS */;
INSERT INTO `account_deductionlr` VALUES (1,'2025-03-28 06:33:03.124438','2025-03-28 09:45:50.565195',1,1,1,52,1),(2,'2025-03-28 10:13:12.041168','2025-03-28 10:49:37.815153',1,1,1,53,1),(3,'2025-04-05 12:33:50.450257','2025-04-05 12:33:50.450283',1,1,1,58,NULL);
/*!40000 ALTER TABLE `account_deductionlr` ENABLE KEYS */;
UNLOCK TABLES;

--
-- Table structure for table `account_deductionlr_charge_heads`
--

DROP TABLE IF EXISTS `account_deductionlr_charge_heads`;
/*!40101 SET @saved_cs_client     = @@character_set_client */;
/*!50503 SET character_set_client = utf8mb4 */;
CREATE TABLE `account_deductionlr_charge_heads` (
  `id` bigint NOT NULL AUTO_INCREMENT,
  `deductionlr_id` bigint NOT NULL,
  `chargehead_id` int NOT NULL,
  PRIMARY KEY (`id`),
  UNIQUE KEY `account_deductionlr_char_deductionlr_id_chargehea_c9796d25_uniq` (`deductionlr_id`,`chargehead_id`),
  KEY `account_deductionlr_charge_heads_chargehead_id_90c16362_fk` (`chargehead_id`),
  CONSTRAINT `account_deductionlr__deductionlr_id_134ece90_fk_account_d` FOREIGN KEY (`deductionlr_id`) REFERENCES `account_deductionlr` (`id`),
  CONSTRAINT `account_deductionlr_charge_heads_chargehead_id_90c16362_fk` FOREIGN KEY (`chargehead_id`) REFERENCES `account_chargehead` (`id`)
) ENGINE=InnoDB AUTO_INCREMENT=29 DEFAULT CHARSET=utf8mb4 COLLATE=utf8mb4_0900_ai_ci;
/*!40101 SET character_set_client = @saved_cs_client */;

--
-- Dumping data for table `account_deductionlr_charge_heads`
--

LOCK TABLES `account_deductionlr_charge_heads` WRITE;
/*!40000 ALTER TABLE `account_deductionlr_charge_heads` DISABLE KEYS */;
INSERT INTO `account_deductionlr_charge_heads` VALUES (1,1,43),(2,1,44),(3,1,45),(4,1,46),(5,1,47),(6,1,48),(7,1,49),(8,1,50),(9,1,51),(10,1,52),(11,1,53),(12,1,54),(13,1,55),(14,1,56),(22,2,57),(23,2,58),(24,2,59),(25,2,60),(26,2,61),(27,2,62),(28,2,63),(15,2,64),(16,2,65),(17,2,66),(18,2,67),(19,2,68),(20,2,69),(21,2,70);
/*!40000 ALTER TABLE `account_deductionlr_charge_heads` ENABLE KEYS */;
UNLOCK TABLES;

--
-- Table structure for table `admin_interface_theme`
--

DROP TABLE IF EXISTS `admin_interface_theme`;
/*!40101 SET @saved_cs_client     = @@character_set_client */;
/*!50503 SET character_set_client = utf8mb4 */;
CREATE TABLE `admin_interface_theme` (
  `id` int NOT NULL AUTO_INCREMENT,
  `name` varchar(50) NOT NULL,
  `active` tinyint(1) NOT NULL,
  `title` varchar(50) NOT NULL,
  `title_visible` tinyint(1) NOT NULL,
  `logo` varchar(100) NOT NULL,
  `logo_visible` tinyint(1) NOT NULL,
  `css_header_background_color` varchar(10) NOT NULL,
  `title_color` varchar(10) NOT NULL,
  `css_header_text_color` varchar(10) NOT NULL,
  `css_header_link_color` varchar(10) NOT NULL,
  `css_header_link_hover_color` varchar(10) NOT NULL,
  `css_module_background_color` varchar(10) NOT NULL,
  `css_module_text_color` varchar(10) NOT NULL,
  `css_module_link_color` varchar(10) NOT NULL,
  `css_module_link_hover_color` varchar(10) NOT NULL,
  `css_module_rounded_corners` tinyint(1) NOT NULL,
  `css_generic_link_color` varchar(10) NOT NULL,
  `css_generic_link_hover_color` varchar(10) NOT NULL,
  `css_save_button_background_color` varchar(10) NOT NULL,
  `css_save_button_background_hover_color` varchar(10) NOT NULL,
  `css_save_button_text_color` varchar(10) NOT NULL,
  `css_delete_button_background_color` varchar(10) NOT NULL,
  `css_delete_button_background_hover_color` varchar(10) NOT NULL,
  `css_delete_button_text_color` varchar(10) NOT NULL,
  `list_filter_dropdown` tinyint(1) NOT NULL,
  `related_modal_active` tinyint(1) NOT NULL,
  `related_modal_background_color` varchar(10) NOT NULL,
  `related_modal_rounded_corners` tinyint(1) NOT NULL,
  `logo_color` varchar(10) NOT NULL,
  `recent_actions_visible` tinyint(1) NOT NULL,
  `favicon` varchar(100) NOT NULL,
  `related_modal_background_opacity` varchar(5) NOT NULL,
  `env_name` varchar(50) NOT NULL,
  `env_visible_in_header` tinyint(1) NOT NULL,
  `env_color` varchar(10) NOT NULL,
  `env_visible_in_favicon` tinyint(1) NOT NULL,
  `related_modal_close_button_visible` tinyint(1) NOT NULL,
  `language_chooser_active` tinyint(1) NOT NULL,
  `language_chooser_display` varchar(10) NOT NULL,
  `list_filter_sticky` tinyint(1) NOT NULL,
  `form_pagination_sticky` tinyint(1) NOT NULL,
  `form_submit_sticky` tinyint(1) NOT NULL,
  `css_module_background_selected_color` varchar(10) NOT NULL,
  `css_module_link_selected_color` varchar(10) NOT NULL,
  `logo_max_height` smallint unsigned NOT NULL,
  `logo_max_width` smallint unsigned NOT NULL,
  `foldable_apps` tinyint(1) NOT NULL,
  `language_chooser_control` varchar(20) NOT NULL,
  `list_filter_highlight` tinyint(1) NOT NULL,
  `list_filter_removal_links` tinyint(1) NOT NULL,
  `show_fieldsets_as_tabs` tinyint(1) NOT NULL,
  `show_inlines_as_tabs` tinyint(1) NOT NULL,
  `css_generic_link_active_color` varchar(10) NOT NULL,
  `collapsible_stacked_inlines` tinyint(1) NOT NULL,
  `collapsible_stacked_inlines_collapsed` tinyint(1) NOT NULL,
  `collapsible_tabular_inlines` tinyint(1) NOT NULL,
  `collapsible_tabular_inlines_collapsed` tinyint(1) NOT NULL,
  PRIMARY KEY (`id`),
  UNIQUE KEY `admin_interface_theme_name_30bda70f_uniq` (`name`),
  CONSTRAINT `admin_interface_theme_chk_1` CHECK ((`logo_max_height` >= 0)),
  CONSTRAINT `admin_interface_theme_chk_2` CHECK ((`logo_max_width` >= 0))
) ENGINE=InnoDB AUTO_INCREMENT=2 DEFAULT CHARSET=utf8mb4 COLLATE=utf8mb4_0900_ai_ci;
/*!40101 SET character_set_client = @saved_cs_client */;

--
-- Dumping data for table `admin_interface_theme`
--

LOCK TABLES `admin_interface_theme` WRITE;
/*!40000 ALTER TABLE `admin_interface_theme` DISABLE KEYS */;
INSERT INTO `admin_interface_theme` VALUES (1,'DJANGO',1,'DJANGO ADMINISTRATION',1,'',1,'#0C4B33','#F5DD5D','#44B78B','#FFFFFF','#C9F0DD','#44B78B','#FFFFFF','#FFFFFF','#C9F0DD',1,'#0C3C26','#156641','#0C4B33','#0C3C26','#FFFFFF','#BA2121','#A41515','#FFFFFF',0,1,'#000000',1,'#FFFFFF',1,'','0.2','',1,'#E74C3C',1,1,1,'CODE',1,0,0,'#FFFFCC','#FFFFFF',100,400,1,'DEFAULT-SELECT',1,0,0,0,'#29B864',0,1,0,1);
/*!40000 ALTER TABLE `admin_interface_theme` ENABLE KEYS */;
UNLOCK TABLES;

--
-- Table structure for table `auth_group`
--

DROP TABLE IF EXISTS `auth_group`;
/*!40101 SET @saved_cs_client     = @@character_set_client */;
/*!50503 SET character_set_client = utf8mb4 */;
CREATE TABLE `auth_group` (
  `id` int NOT NULL AUTO_INCREMENT,
  `name` varchar(150) NOT NULL,
  PRIMARY KEY (`id`),
  UNIQUE KEY `name` (`name`)
) ENGINE=InnoDB DEFAULT CHARSET=utf8mb4 COLLATE=utf8mb4_0900_ai_ci;
/*!40101 SET character_set_client = @saved_cs_client */;

--
-- Dumping data for table `auth_group`
--

LOCK TABLES `auth_group` WRITE;
/*!40000 ALTER TABLE `auth_group` DISABLE KEYS */;
/*!40000 ALTER TABLE `auth_group` ENABLE KEYS */;
UNLOCK TABLES;

--
-- Table structure for table `auth_group_permissions`
--

DROP TABLE IF EXISTS `auth_group_permissions`;
/*!40101 SET @saved_cs_client     = @@character_set_client */;
/*!50503 SET character_set_client = utf8mb4 */;
CREATE TABLE `auth_group_permissions` (
  `id` bigint NOT NULL AUTO_INCREMENT,
  `group_id` int NOT NULL,
  `permission_id` int NOT NULL,
  PRIMARY KEY (`id`),
  UNIQUE KEY `auth_group_permissions_group_id_permission_id_0cd325b0_uniq` (`group_id`,`permission_id`),
  KEY `auth_group_permissio_permission_id_84c5c92e_fk_auth_perm` (`permission_id`),
  CONSTRAINT `auth_group_permissio_permission_id_84c5c92e_fk_auth_perm` FOREIGN KEY (`permission_id`) REFERENCES `auth_permission` (`id`),
  CONSTRAINT `auth_group_permissions_group_id_b120cbf9_fk_auth_group_id` FOREIGN KEY (`group_id`) REFERENCES `auth_group` (`id`)
) ENGINE=InnoDB DEFAULT CHARSET=utf8mb4 COLLATE=utf8mb4_0900_ai_ci;
/*!40101 SET character_set_client = @saved_cs_client */;

--
-- Dumping data for table `auth_group_permissions`
--

LOCK TABLES `auth_group_permissions` WRITE;
/*!40000 ALTER TABLE `auth_group_permissions` DISABLE KEYS */;
/*!40000 ALTER TABLE `auth_group_permissions` ENABLE KEYS */;
UNLOCK TABLES;

--
-- Table structure for table `auth_permission`
--

DROP TABLE IF EXISTS `auth_permission`;
/*!40101 SET @saved_cs_client     = @@character_set_client */;
/*!50503 SET character_set_client = utf8mb4 */;
CREATE TABLE `auth_permission` (
  `id` int NOT NULL AUTO_INCREMENT,
  `name` varchar(255) NOT NULL,
  `content_type_id` int NOT NULL,
  `codename` varchar(100) NOT NULL,
  PRIMARY KEY (`id`),
  UNIQUE KEY `auth_permission_content_type_id_codename_01ab375a_uniq` (`content_type_id`,`codename`),
  CONSTRAINT `auth_permission_content_type_id_2f476e4b_fk_django_co` FOREIGN KEY (`content_type_id`) REFERENCES `django_content_type` (`id`)
) ENGINE=InnoDB AUTO_INCREMENT=273 DEFAULT CHARSET=utf8mb4 COLLATE=utf8mb4_0900_ai_ci;
/*!40101 SET character_set_client = @saved_cs_client */;

--
-- Dumping data for table `auth_permission`
--

LOCK TABLES `auth_permission` WRITE;
/*!40000 ALTER TABLE `auth_permission` DISABLE KEYS */;
INSERT INTO `auth_permission` VALUES (1,'Can add Theme',1,'add_theme'),(2,'Can change Theme',1,'change_theme'),(3,'Can delete Theme',1,'delete_theme'),(4,'Can view Theme',1,'view_theme'),(5,'Can add blacklisted token',2,'add_blacklistedtoken'),(6,'Can change blacklisted token',2,'change_blacklistedtoken'),(7,'Can delete blacklisted token',2,'delete_blacklistedtoken'),(8,'Can view blacklisted token',2,'view_blacklistedtoken'),(9,'Can add outstanding token',3,'add_outstandingtoken'),(10,'Can change outstanding token',3,'change_outstandingtoken'),(11,'Can delete outstanding token',3,'delete_outstandingtoken'),(12,'Can view outstanding token',3,'view_outstandingtoken'),(13,'Can add log entry',4,'add_logentry'),(14,'Can change log entry',4,'change_logentry'),(15,'Can delete log entry',4,'delete_logentry'),(16,'Can view log entry',4,'view_logentry'),(17,'Can add permission',5,'add_permission'),(18,'Can change permission',5,'change_permission'),(19,'Can delete permission',5,'delete_permission'),(20,'Can view permission',5,'view_permission'),(21,'Can add group',6,'add_group'),(22,'Can change group',6,'change_group'),(23,'Can delete group',6,'delete_group'),(24,'Can view group',6,'view_group'),(25,'Can add user',7,'add_user'),(26,'Can change user',7,'change_user'),(27,'Can delete user',7,'delete_user'),(28,'Can view user',7,'view_user'),(29,'Can add content type',8,'add_contenttype'),(30,'Can change content type',8,'change_contenttype'),(31,'Can delete content type',8,'delete_contenttype'),(32,'Can view content type',8,'view_contenttype'),(33,'Can add session',9,'add_session'),(34,'Can change session',9,'change_session'),(35,'Can delete session',9,'delete_session'),(36,'Can view session',9,'view_session'),(37,'Can add user profile',10,'add_userprofile'),(38,'Can change user profile',10,'change_userprofile'),(39,'Can delete user profile',10,'delete_userprofile'),(40,'Can view user profile',10,'view_userprofile'),(41,'Can add State Master',11,'add_statemaster'),(42,'Can change State Master',11,'change_statemaster'),(43,'Can delete State Master',11,'delete_statemaster'),(44,'Can view State Master',11,'view_statemaster'),(45,'Can add Region Master',12,'add_regionmaster'),(46,'Can change Region Master',12,'change_regionmaster'),(47,'Can delete Region Master',12,'delete_regionmaster'),(48,'Can view Region Master',12,'view_regionmaster'),(49,'Can add Financial Year',13,'add_financialyears'),(50,'Can change Financial Year',13,'change_financialyears'),(51,'Can delete Financial Year',13,'delete_financialyears'),(52,'Can view Financial Year',13,'view_financialyears'),(53,'Can add Company Master',14,'add_companymaster'),(54,'Can change Company Master',14,'change_companymaster'),(55,'Can delete Company Master',14,'delete_companymaster'),(56,'Can view Company Master',14,'view_companymaster'),(57,'Can add party billing',15,'add_partybilling'),(58,'Can change party billing',15,'change_partybilling'),(59,'Can delete party billing',15,'delete_partybilling'),(60,'Can view party billing',15,'view_partybilling'),(61,'Can add voucher Receipt',16,'add_voucherreceipttype'),(62,'Can change voucher Receipt',16,'change_voucherreceipttype'),(63,'Can delete voucher Receipt',16,'delete_voucherreceipttype'),(64,'Can view voucher Receipt',16,'view_voucherreceipttype'),(65,'Can add voucher receipt branch',17,'add_voucherreceiptbranch'),(66,'Can change voucher receipt branch',17,'change_voucherreceiptbranch'),(67,'Can delete voucher receipt branch',17,'delete_voucherreceiptbranch'),(68,'Can view voucher receipt branch',17,'view_voucherreceiptbranch'),(69,'Can add payment Receipt',18,'add_voucherpaymenttype'),(70,'Can change payment Receipt',18,'change_voucherpaymenttype'),(71,'Can delete payment Receipt',18,'delete_voucherpaymenttype'),(72,'Can view payment Receipt',18,'view_voucherpaymenttype'),(73,'Can add voucher payment branch',19,'add_voucherpaymentbranch'),(74,'Can change voucher payment branch',19,'change_voucherpaymentbranch'),(75,'Can delete voucher payment branch',19,'delete_voucherpaymentbranch'),(76,'Can view voucher payment branch',19,'view_voucherpaymentbranch'),(77,'Can add money receipt',20,'add_moneyreceipt'),(78,'Can change money receipt',20,'change_moneyreceipt'),(79,'Can delete money receipt',20,'delete_moneyreceipt'),(80,'Can view money receipt',20,'view_moneyreceipt'),(81,'Can add GST Master',21,'add_gstmaster'),(82,'Can change GST Master',21,'change_gstmaster'),(83,'Can delete GST Master',21,'delete_gstmaster'),(84,'Can view GST Master',21,'view_gstmaster'),(85,'Can add cash book',22,'add_cashbook'),(86,'Can change cash book',22,'change_cashbook'),(87,'Can delete cash book',22,'delete_cashbook'),(88,'Can view cash book',22,'view_cashbook'),(89,'Can add billing submission',23,'add_billingsubmission'),(90,'Can change billing submission',23,'change_billingsubmission'),(91,'Can delete billing submission',23,'delete_billingsubmission'),(92,'Can view billing submission',23,'view_billingsubmission'),(93,'Can add Deduction Reason',24,'add_deductionreasontype'),(94,'Can change Deduction Reason',24,'change_deductionreasontype'),(95,'Can delete Deduction Reason',24,'delete_deductionreasontype'),(96,'Can view Deduction Reason',24,'view_deductionreasontype'),(97,'Can add deduction',25,'add_deduction'),(98,'Can change deduction',25,'change_deduction'),(99,'Can delete deduction',25,'delete_deduction'),(100,'Can view deduction',25,'view_deduction'),(101,'Can add Branch Master',26,'add_branchmaster'),(102,'Can change Branch Master',26,'change_branchmaster'),(103,'Can delete Branch Master',26,'delete_branchmaster'),(104,'Can view Branch Master',26,'view_branchmaster'),(105,'Can add Employee Type',27,'add_employeetype'),(106,'Can change Employee Type',27,'change_employeetype'),(107,'Can delete Employee Type',27,'delete_employeetype'),(108,'Can view Employee Type',27,'view_employeetype'),(109,'Can add Employee Master',28,'add_employeemaster'),(110,'Can change Employee Master',28,'change_employeemaster'),(111,'Can delete Employee Master',28,'delete_employeemaster'),(112,'Can view Employee Master',28,'view_employeemaster'),(113,'Can add Destination Master',29,'add_destinationmaster'),(114,'Can change Destination Master',29,'change_destinationmaster'),(115,'Can delete Destination Master',29,'delete_destinationmaster'),(116,'Can view Destination Master',29,'view_destinationmaster'),(117,'Can add Party Type',30,'add_partytypes'),(118,'Can change Party Type',30,'change_partytypes'),(119,'Can delete Party Type',30,'delete_partytypes'),(120,'Can view Party Type',30,'view_partytypes'),(121,'Can add Party Master',31,'add_partymaster'),(122,'Can change Party Master',31,'change_partymaster'),(123,'Can delete Party Master',31,'delete_partymaster'),(124,'Can view Party Master',31,'view_partymaster'),(125,'Can add route stations',32,'add_routestations'),(126,'Can change route stations',32,'change_routestations'),(127,'Can delete route stations',32,'delete_routestations'),(128,'Can view route stations',32,'view_routestations'),(129,'Can add route master',33,'add_routemaster'),(130,'Can change route master',33,'change_routemaster'),(131,'Can delete route master',33,'delete_routemaster'),(132,'Can view route master',33,'view_routemaster'),(133,'Can add slap master',34,'add_slapmaster'),(134,'Can change slap master',34,'change_slapmaster'),(135,'Can delete slap master',34,'delete_slapmaster'),(136,'Can view slap master',34,'view_slapmaster'),(137,'Can add Owner Master',35,'add_ownermaster'),(138,'Can change Owner Master',35,'change_ownermaster'),(139,'Can delete Owner Master',35,'delete_ownermaster'),(140,'Can view Owner Master',35,'view_ownermaster'),(141,'Can add Vendor Types',36,'add_vendortypes'),(142,'Can change Vendor Types',36,'change_vendortypes'),(143,'Can delete Vendor Types',36,'delete_vendortypes'),(144,'Can view Vendor Types',36,'view_vendortypes'),(145,'Can add Vehical Types',37,'add_vehicaltypes'),(146,'Can change Vehical Types',37,'change_vehicaltypes'),(147,'Can delete Vehical Types',37,'delete_vehicaltypes'),(148,'Can view Vehical Types',37,'view_vehicaltypes'),(149,'Can add Vehical Master',38,'add_vehicalmaster'),(150,'Can change Vehical Master',38,'change_vehicalmaster'),(151,'Can delete Vehical Master',38,'delete_vehicalmaster'),(152,'Can view Vehical Master',38,'view_vehicalmaster'),(153,'Can add Driver Master',39,'add_drivermaster'),(154,'Can change Driver Master',39,'change_drivermaster'),(155,'Can delete Driver Master',39,'delete_drivermaster'),(156,'Can view Driver Master',39,'view_drivermaster'),(157,'Can add Quotation Types',40,'add_quotationtypes'),(158,'Can change Quotation Types',40,'change_quotationtypes'),(159,'Can delete Quotation Types',40,'delete_quotationtypes'),(160,'Can view Quotation Types',40,'view_quotationtypes'),(161,'Can add Item Detail',41,'add_itemdetailsmaster'),(162,'Can change Item Detail',41,'change_itemdetailsmaster'),(163,'Can delete Item Detail',41,'delete_itemdetailsmaster'),(164,'Can view Item Detail',41,'view_itemdetailsmaster'),(165,'Can add Effect Types',42,'add_effecttypes'),(166,'Can change Effect Types',42,'change_effecttypes'),(167,'Can delete Effect Types',42,'delete_effecttypes'),(168,'Can view Effect Types',42,'view_effecttypes'),(169,'Can add Receipt Types',43,'add_receipttypes'),(170,'Can change Receipt Types',43,'change_receipttypes'),(171,'Can delete Receipt Types',43,'delete_receipttypes'),(172,'Can view Receipt Types',43,'view_receipttypes'),(173,'Can add Payment Types',44,'add_paymenttypes'),(174,'Can change Payment Types',44,'change_paymenttypes'),(175,'Can delete Payment Types',44,'delete_paymenttypes'),(176,'Can view Payment Types',44,'view_paymenttypes'),(177,'Can add Pay Types',45,'add_paytypes'),(178,'Can change Pay Types',45,'change_paytypes'),(179,'Can delete Pay Types',45,'delete_paytypes'),(180,'Can view Pay Types',45,'view_paytypes'),(181,'Can add Paid Types',46,'add_paidtypes'),(182,'Can change Paid Types',46,'change_paidtypes'),(183,'Can delete Paid Types',46,'delete_paidtypes'),(184,'Can view Paid Types',46,'view_paidtypes'),(185,'Can add Load Types',47,'add_loadtypes'),(186,'Can change Load Types',47,'change_loadtypes'),(187,'Can delete Load Types',47,'delete_loadtypes'),(188,'Can view Load Types',47,'view_loadtypes'),(189,'Can add Delivery Types',48,'add_deliverytypes'),(190,'Can change Delivery Types',48,'change_deliverytypes'),(191,'Can delete Delivery Types',48,'delete_deliverytypes'),(192,'Can view Delivery Types',48,'view_deliverytypes'),(193,'Can add Collection Types',49,'add_collectiontypes'),(194,'Can change Collection Types',49,'change_collectiontypes'),(195,'Can delete Collection Types',49,'delete_collectiontypes'),(196,'Can view Collection Types',49,'view_collectiontypes'),(197,'Can add standard rate',50,'add_standardrate'),(198,'Can change standard rate',50,'change_standardrate'),(199,'Can delete standard rate',50,'delete_standardrate'),(200,'Can view standard rate',50,'view_standardrate'),(201,'Can add l r_ other_ charges',51,'add_lr_other_charges'),(202,'Can change l r_ other_ charges',51,'change_lr_other_charges'),(203,'Can delete l r_ other_ charges',51,'delete_lr_other_charges'),(204,'Can view l r_ other_ charges',51,'view_lr_other_charges'),(205,'Can add l r_ bokking_ description',52,'add_lr_bokking_description'),(206,'Can change l r_ bokking_ description',52,'change_lr_bokking_description'),(207,'Can delete l r_ bokking_ description',52,'delete_lr_bokking_description'),(208,'Can view l r_ bokking_ description',52,'view_lr_bokking_description'),(209,'Can add l r_ bokking',53,'add_lr_bokking'),(210,'Can change l r_ bokking',53,'change_lr_bokking'),(211,'Can delete l r_ bokking',53,'delete_lr_bokking'),(212,'Can view l r_ bokking',53,'view_lr_bokking'),(213,'Can add booking memo',54,'add_bookingmemo'),(214,'Can change booking memo',54,'change_bookingmemo'),(215,'Can delete booking memo',54,'delete_bookingmemo'),(216,'Can view booking memo',54,'view_bookingmemo'),(217,'Can add trip bokking memos',55,'add_tripbokkingmemos'),(218,'Can change trip bokking memos',55,'change_tripbokkingmemos'),(219,'Can delete trip bokking memos',55,'delete_tripbokkingmemos'),(220,'Can view trip bokking memos',55,'view_tripbokkingmemos'),(221,'Can add vehical hire contract',56,'add_vehicalhirecontract'),(222,'Can change vehical hire contract',56,'change_vehicalhirecontract'),(223,'Can delete vehical hire contract',56,'delete_vehicalhirecontract'),(224,'Can view vehical hire contract',56,'view_vehicalhirecontract'),(225,'Can add trip mode',57,'add_tripmode'),(226,'Can change trip mode',57,'change_tripmode'),(227,'Can delete trip mode',57,'delete_tripmode'),(228,'Can view trip mode',57,'view_tripmode'),(229,'Can add trip memo',58,'add_tripmemo'),(230,'Can change trip memo',58,'change_tripmemo'),(231,'Can delete trip memo',58,'delete_tripmemo'),(232,'Can view trip memo',58,'view_tripmemo'),(233,'Can add collection',59,'add_collection'),(234,'Can change collection',59,'change_collection'),(235,'Can delete collection',59,'delete_collection'),(236,'Can view collection',59,'view_collection'),(237,'Can add booking memo l rs',60,'add_bookingmemolrs'),(238,'Can change booking memo l rs',60,'change_bookingmemolrs'),(239,'Can delete booking memo l rs',60,'delete_bookingmemolrs'),(240,'Can view booking memo l rs',60,'view_bookingmemolrs'),(241,'Can add broker master trips',61,'add_brokermastertrips'),(242,'Can change broker master trips',61,'change_brokermastertrips'),(243,'Can delete broker master trips',61,'delete_brokermastertrips'),(244,'Can view broker master trips',61,'view_brokermastertrips'),(245,'Can add broker master',62,'add_brokermaster'),(246,'Can change broker master',62,'change_brokermaster'),(247,'Can delete broker master',62,'delete_brokermaster'),(248,'Can view broker master',62,'view_brokermaster'),(249,'Can add truck unloading report status',63,'add_truckunloadingreportstatus'),(250,'Can change truck unloading report status',63,'change_truckunloadingreportstatus'),(251,'Can delete truck unloading report status',63,'delete_truckunloadingreportstatus'),(252,'Can view truck unloading report status',63,'view_truckunloadingreportstatus'),(253,'Can add truck unloading report details',64,'add_truckunloadingreportdetails'),(254,'Can change truck unloading report details',64,'change_truckunloadingreportdetails'),(255,'Can delete truck unloading report details',64,'delete_truckunloadingreportdetails'),(256,'Can view truck unloading report details',64,'view_truckunloadingreportdetails'),(257,'Can add truck unloading report',65,'add_truckunloadingreport'),(258,'Can change truck unloading report',65,'change_truckunloadingreport'),(259,'Can delete truck unloading report',65,'delete_truckunloadingreport'),(260,'Can view truck unloading report',65,'view_truckunloadingreport'),(261,'Can add local memo delivery',66,'add_localmemodelivery'),(262,'Can change local memo delivery',66,'change_localmemodelivery'),(263,'Can delete local memo delivery',66,'delete_localmemodelivery'),(264,'Can view local memo delivery',66,'view_localmemodelivery'),(265,'Can add delivery statement',67,'add_deliverystatement'),(266,'Can change delivery statement',67,'change_deliverystatement'),(267,'Can delete delivery statement',67,'delete_deliverystatement'),(268,'Can view delivery statement',67,'view_deliverystatement'),(269,'Can add customer outstanding',68,'add_customeroutstanding'),(270,'Can change customer outstanding',68,'change_customeroutstanding'),(271,'Can delete customer outstanding',68,'delete_customeroutstanding'),(272,'Can view customer outstanding',68,'view_customeroutstanding');
/*!40000 ALTER TABLE `auth_permission` ENABLE KEYS */;
UNLOCK TABLES;

--
-- Table structure for table `auth_user`
--

DROP TABLE IF EXISTS `auth_user`;
/*!40101 SET @saved_cs_client     = @@character_set_client */;
/*!50503 SET character_set_client = utf8mb4 */;
CREATE TABLE `auth_user` (
  `id` int NOT NULL AUTO_INCREMENT,
  `password` varchar(128) NOT NULL,
  `last_login` datetime(6) DEFAULT NULL,
  `is_superuser` tinyint(1) NOT NULL,
  `username` varchar(150) NOT NULL,
  `first_name` varchar(150) NOT NULL,
  `last_name` varchar(150) NOT NULL,
  `email` varchar(254) NOT NULL,
  `is_staff` tinyint(1) NOT NULL,
  `is_active` tinyint(1) NOT NULL,
  `date_joined` datetime(6) NOT NULL,
  PRIMARY KEY (`id`),
  UNIQUE KEY `username` (`username`)
) ENGINE=InnoDB AUTO_INCREMENT=2 DEFAULT CHARSET=utf8mb4 COLLATE=utf8mb4_0900_ai_ci;
/*!40101 SET character_set_client = @saved_cs_client */;

--
-- Dumping data for table `auth_user`
--

LOCK TABLES `auth_user` WRITE;
/*!40000 ALTER TABLE `auth_user` DISABLE KEYS */;
INSERT INTO `auth_user` VALUES (1,'pbkdf2_sha256$600000$Xq1kUfoZK0CR7ziNTtnd4j$jJeMrfaagIkImv60Pnqs9SNwL7w83IjvU8D34jB2BpM=',NULL,1,'ADMIN','','','quivonexsolutions@gmail.com',1,1,'2025-01-01 01:45:52.185855');
/*!40000 ALTER TABLE `auth_user` ENABLE KEYS */;
UNLOCK TABLES;

--
-- Table structure for table `auth_user_groups`
--

DROP TABLE IF EXISTS `auth_user_groups`;
/*!40101 SET @saved_cs_client     = @@character_set_client */;
/*!50503 SET character_set_client = utf8mb4 */;
CREATE TABLE `auth_user_groups` (
  `id` bigint NOT NULL AUTO_INCREMENT,
  `user_id` int NOT NULL,
  `group_id` int NOT NULL,
  PRIMARY KEY (`id`),
  UNIQUE KEY `auth_user_groups_user_id_group_id_94350c0c_uniq` (`user_id`,`group_id`),
  KEY `auth_user_groups_group_id_97559544_fk_auth_group_id` (`group_id`),
  CONSTRAINT `auth_user_groups_group_id_97559544_fk_auth_group_id` FOREIGN KEY (`group_id`) REFERENCES `auth_group` (`id`),
  CONSTRAINT `auth_user_groups_user_id_6a12ed8b_fk_auth_user_id` FOREIGN KEY (`user_id`) REFERENCES `auth_user` (`id`)
) ENGINE=InnoDB DEFAULT CHARSET=utf8mb4 COLLATE=utf8mb4_0900_ai_ci;
/*!40101 SET character_set_client = @saved_cs_client */;

--
-- Dumping data for table `auth_user_groups`
--

LOCK TABLES `auth_user_groups` WRITE;
/*!40000 ALTER TABLE `auth_user_groups` DISABLE KEYS */;
/*!40000 ALTER TABLE `auth_user_groups` ENABLE KEYS */;
UNLOCK TABLES;

--
-- Table structure for table `auth_user_user_permissions`
--

DROP TABLE IF EXISTS `auth_user_user_permissions`;
/*!40101 SET @saved_cs_client     = @@character_set_client */;
/*!50503 SET character_set_client = utf8mb4 */;
CREATE TABLE `auth_user_user_permissions` (
  `id` bigint NOT NULL AUTO_INCREMENT,
  `user_id` int NOT NULL,
  `permission_id` int NOT NULL,
  PRIMARY KEY (`id`),
  UNIQUE KEY `auth_user_user_permissions_user_id_permission_id_14a6b632_uniq` (`user_id`,`permission_id`),
  KEY `auth_user_user_permi_permission_id_1fbb5f2c_fk_auth_perm` (`permission_id`),
  CONSTRAINT `auth_user_user_permi_permission_id_1fbb5f2c_fk_auth_perm` FOREIGN KEY (`permission_id`) REFERENCES `auth_permission` (`id`),
  CONSTRAINT `auth_user_user_permissions_user_id_a95ead1b_fk_auth_user_id` FOREIGN KEY (`user_id`) REFERENCES `auth_user` (`id`)
) ENGINE=InnoDB DEFAULT CHARSET=utf8mb4 COLLATE=utf8mb4_0900_ai_ci;
/*!40101 SET character_set_client = @saved_cs_client */;

--
-- Dumping data for table `auth_user_user_permissions`
--

LOCK TABLES `auth_user_user_permissions` WRITE;
/*!40000 ALTER TABLE `auth_user_user_permissions` DISABLE KEYS */;
/*!40000 ALTER TABLE `auth_user_user_permissions` ENABLE KEYS */;
UNLOCK TABLES;

--
-- Table structure for table `billing_submission`
--

DROP TABLE IF EXISTS `billing_submission`;
/*!40101 SET @saved_cs_client     = @@character_set_client */;
/*!50503 SET character_set_client = utf8mb4 */;
CREATE TABLE `billing_submission` (
  `id` int NOT NULL AUTO_INCREMENT,
  `sub_no` varchar(10) NOT NULL,
  `date` date NOT NULL,
  `sub_by` varchar(100) DEFAULT NULL,
  `created_at` datetime(6) NOT NULL,
  `updated_at` datetime(6) NOT NULL,
  `is_active` tinyint(1) NOT NULL,
  `flag` tinyint(1) NOT NULL,
  `bill_no_id` int DEFAULT NULL,
  `branch_name_id` int DEFAULT NULL,
  `created_by_id` int NOT NULL,
  `updated_by_id` int DEFAULT NULL,
  PRIMARY KEY (`id`),
  UNIQUE KEY `sub_no` (`sub_no`),
  KEY `billing_submission_bill_no_id_fbdf6984_fk_party_billing_id` (`bill_no_id`),
  KEY `billing_submission_branch_name_id_fb17405e_fk_branch_master_id` (`branch_name_id`),
  KEY `billing_submission_created_by_id_90adfae1_fk_auth_user_id` (`created_by_id`),
  KEY `billing_submission_updated_by_id_f296514d_fk_auth_user_id` (`updated_by_id`),
  CONSTRAINT `billing_submission_bill_no_id_fbdf6984_fk_party_billing_id` FOREIGN KEY (`bill_no_id`) REFERENCES `party_billing` (`id`),
  CONSTRAINT `billing_submission_branch_name_id_fb17405e_fk_branch_master_id` FOREIGN KEY (`branch_name_id`) REFERENCES `branch_master` (`id`),
  CONSTRAINT `billing_submission_created_by_id_90adfae1_fk_auth_user_id` FOREIGN KEY (`created_by_id`) REFERENCES `auth_user` (`id`),
  CONSTRAINT `billing_submission_updated_by_id_f296514d_fk_auth_user_id` FOREIGN KEY (`updated_by_id`) REFERENCES `auth_user` (`id`)
) ENGINE=InnoDB DEFAULT CHARSET=utf8mb4 COLLATE=utf8mb4_0900_ai_ci;
/*!40101 SET character_set_client = @saved_cs_client */;

--
-- Dumping data for table `billing_submission`
--

LOCK TABLES `billing_submission` WRITE;
/*!40000 ALTER TABLE `billing_submission` DISABLE KEYS */;
/*!40000 ALTER TABLE `billing_submission` ENABLE KEYS */;
UNLOCK TABLES;

--
-- Table structure for table `booking_memo`
--

DROP TABLE IF EXISTS `booking_memo`;
/*!40101 SET @saved_cs_client     = @@character_set_client */;
/*!50503 SET character_set_client = utf8mb4 */;
CREATE TABLE `booking_memo` (
  `id` int NOT NULL AUTO_INCREMENT,
  `memo_no` varchar(10) NOT NULL,
  `date` date NOT NULL,
  `memo_mode` varchar(50) NOT NULL,
  `trip_no` varchar(50) DEFAULT NULL,
  `vehicle_capacity` decimal(10,2) NOT NULL,
  `contact_no` longtext NOT NULL,
  `memo_status` varchar(50) NOT NULL,
  `km` double DEFAULT NULL,
  `memo_remarks` varchar(100) DEFAULT NULL,
  `lr_qty` decimal(10,2) DEFAULT NULL,
  `total_weight` decimal(10,2) NOT NULL,
  `created_at` datetime(6) NOT NULL,
  `updated_at` datetime(6) NOT NULL,
  `is_active` tinyint(1) NOT NULL,
  `flag` tinyint(1) NOT NULL,
  `printed_by_branch_manager` tinyint(1) NOT NULL,
  `branch_name_id` int DEFAULT NULL,
  `created_by_id` int NOT NULL,
  `driver_name_id` int DEFAULT NULL,
  `from_branch_id` int DEFAULT NULL,
  `owner_name_id` int DEFAULT NULL,
  `to_branch_id` int DEFAULT NULL,
  `updated_by_id` int DEFAULT NULL,
  `vehical_no_id` int DEFAULT NULL,
  `vehical_type_id` int DEFAULT NULL,
  `vehicle_trip_route_id` int DEFAULT NULL,
  PRIMARY KEY (`id`),
  UNIQUE KEY `memo_no` (`memo_no`),
  KEY `booking_memo_owner_name_id_e5b8f04f_fk_owner_master_id` (`owner_name_id`),
  KEY `booking_memo_to_branch_id_ff99187a_fk_branch_master_id` (`to_branch_id`),
  KEY `booking_memo_updated_by_id_ae66681a_fk_auth_user_id` (`updated_by_id`),
  KEY `booking_memo_vehical_no_id_d66f70ed_fk_vehical_master_id` (`vehical_no_id`),
  KEY `booking_memo_vehical_type_id_3bf8219d_fk_vehical_types_id` (`vehical_type_id`),
  KEY `booking_memo_vehicle_trip_route_id_ab199beb_fk_route_master_id` (`vehicle_trip_route_id`),
  KEY `booking_memo_branch_name_id_cb87791b_fk_branch_master_id` (`branch_name_id`),
  KEY `booking_memo_created_by_id_6e722b92_fk_auth_user_id` (`created_by_id`),
  KEY `booking_memo_driver_name_id_4419c152_fk_driver_master_id` (`driver_name_id`),
  KEY `booking_memo_from_branch_id_e6800382_fk_branch_master_id` (`from_branch_id`),
  CONSTRAINT `booking_memo_branch_name_id_cb87791b_fk_branch_master_id` FOREIGN KEY (`branch_name_id`) REFERENCES `branch_master` (`id`),
  CONSTRAINT `booking_memo_created_by_id_6e722b92_fk_auth_user_id` FOREIGN KEY (`created_by_id`) REFERENCES `auth_user` (`id`),
  CONSTRAINT `booking_memo_driver_name_id_4419c152_fk_driver_master_id` FOREIGN KEY (`driver_name_id`) REFERENCES `driver_master` (`id`),
  CONSTRAINT `booking_memo_from_branch_id_e6800382_fk_branch_master_id` FOREIGN KEY (`from_branch_id`) REFERENCES `branch_master` (`id`),
  CONSTRAINT `booking_memo_owner_name_id_e5b8f04f_fk_owner_master_id` FOREIGN KEY (`owner_name_id`) REFERENCES `owner_master` (`id`),
  CONSTRAINT `booking_memo_to_branch_id_ff99187a_fk_branch_master_id` FOREIGN KEY (`to_branch_id`) REFERENCES `branch_master` (`id`),
  CONSTRAINT `booking_memo_updated_by_id_ae66681a_fk_auth_user_id` FOREIGN KEY (`updated_by_id`) REFERENCES `auth_user` (`id`),
  CONSTRAINT `booking_memo_vehical_no_id_d66f70ed_fk_vehical_master_id` FOREIGN KEY (`vehical_no_id`) REFERENCES `vehical_master` (`id`),
  CONSTRAINT `booking_memo_vehical_type_id_3bf8219d_fk_vehical_types_id` FOREIGN KEY (`vehical_type_id`) REFERENCES `vehical_types` (`id`),
  CONSTRAINT `booking_memo_vehicle_trip_route_id_ab199beb_fk_route_master_id` FOREIGN KEY (`vehicle_trip_route_id`) REFERENCES `route_master` (`id`)
) ENGINE=InnoDB AUTO_INCREMENT=43 DEFAULT CHARSET=utf8mb4 COLLATE=utf8mb4_0900_ai_ci;
/*!40101 SET character_set_client = @saved_cs_client */;

--
-- Dumping data for table `booking_memo`
--

LOCK TABLES `booking_memo` WRITE;
/*!40000 ALTER TABLE `booking_memo` DISABLE KEYS */;
INSERT INTO `booking_memo` VALUES (21,'2410500001','2025-03-04','OPEN','2410500001',1500.00,'9767058687','OK',218,NULL,2.00,1500.00,'2025-03-04 14:18:41.821540','2025-03-22 08:07:10.145168',1,1,0,6,1,4,6,3,18,NULL,3,8,12),(22,'2411800001','2025-03-12','OPEN','2411800001',8000.00,'9767058687','OK',92,NULL,25.00,10000.00,'2025-03-12 05:44:05.465815','2025-03-16 09:51:58.776348',1,1,0,19,1,4,19,3,6,1,7,10,13),(23,'2410400001','2025-03-14','OPEN','2410400001',5500.00,'9767058687','OK',354,NULL,1.00,5500.00,'2025-03-14 06:04:24.111197','2025-03-16 06:24:05.938354',1,1,0,5,1,4,5,15,20,1,24,9,14),(24,'2412000001','2025-03-15','OPEN','2412000001',10000.00,'9767058687','OK',211,NULL,147.00,10000.00,'2025-03-15 15:12:00.322562','2025-03-15 15:12:48.573107',1,1,0,21,1,4,21,6,4,NULL,14,7,15),(25,'2410200001','2025-03-16','OPEN','2410200001',5500.00,'9767058687','OK',231,NULL,1.00,5500.00,'2025-03-16 10:39:29.837689','2025-03-16 10:40:16.798258',1,1,0,3,1,4,3,15,4,NULL,23,9,2),(26,'2411500001','2025-03-16','OPEN','2411500001',10000.00,'9767058687','OK',0,NULL,132.00,10000.00,'2025-03-16 10:49:35.540595','2025-03-16 10:50:52.110608',1,1,0,16,1,3,16,6,17,NULL,20,7,16),(27,'2410800001','2025-03-16','OPEN','2410800001',10000.00,'9767058687','OK',149,NULL,457.00,8000.00,'2025-03-16 10:55:37.806828','2025-03-16 10:57:59.080841',1,1,0,9,1,2,9,15,5,NULL,21,7,6),(28,'2412100001','2025-03-17','OPEN','2412100001',8000.00,'9767058687','OK',316,NULL,105.00,10000.00,'2025-03-17 07:27:04.325230','2025-03-17 07:27:52.252326',1,1,0,22,1,4,22,15,4,NULL,25,10,17),(29,'2412000002','2025-03-18','OPEN','2412000002',8000.00,'9767058687','OK',211,NULL,2.00,10000.00,'2025-03-18 07:10:26.883368','2025-03-18 07:11:14.266951',1,1,0,21,1,2,21,15,4,NULL,27,10,15),(30,'2410200002','2025-03-18','OPEN','2410200002',4.00,'9767058687','OK',231,NULL,74.00,5050.00,'2025-03-18 07:12:04.998212','2025-03-18 07:12:52.156748',1,1,0,3,1,3,3,15,4,NULL,26,1,2),(31,'2410800002','2025-03-18','OPEN','2410800002',10000.00,'9767058687','OK',149,NULL,540.00,8000.00,'2025-03-18 07:14:02.467717','2025-03-23 04:20:27.964877',1,1,0,9,1,3,9,15,5,1,22,7,6),(32,'2410400002','2025-03-25','OPEN','2410400002',8000.00,'9767058687','OK',182,NULL,4.00,8000.00,'2025-03-25 05:59:23.763472','2025-03-25 06:00:07.723615',1,1,0,5,1,3,5,15,6,NULL,29,10,3),(33,'2410300001','2025-03-26','OPEN','2410300001',4.00,'9767058687','OK',0,NULL,10.00,2000.00,'2025-03-26 09:02:30.733773','2025-03-26 09:03:02.718328',1,1,0,4,1,5,4,15,7,NULL,30,1,7),(34,'2410300002','2025-03-27','OPEN','2410300002',1500.00,'9767058687','OK',405,NULL,1.00,1500.00,'2025-03-27 05:16:33.164843','2025-03-27 05:17:02.079778',1,1,0,4,1,3,4,15,23,NULL,31,8,18),(35,'2410300003','2025-03-28','OPEN','2410300003',10000.00,'9767058687','OK',405,NULL,1.00,10000.00,'2025-03-28 05:47:29.852716','2025-03-28 05:48:01.902210',1,1,0,4,1,2,4,15,23,NULL,32,12,18),(36,'2410300004','2025-03-29','OPEN','2410300004',10000.00,'9767058687','OK',0,NULL,22.00,5060.00,'2025-03-29 06:13:29.451163','2025-03-29 06:21:08.649667',1,1,0,4,1,4,4,6,14,NULL,10,7,7),(37,'2410300005','2025-03-29','OPEN','2410300004',10000.00,'9767058687','OK',0,NULL,10.00,2000.00,'2025-03-29 06:20:31.466213','2025-03-29 06:21:08.653438',1,1,0,4,1,4,4,6,7,NULL,10,7,7),(38,'2410200003','2025-03-29','OPEN','2410200003',5500.00,'9767058687','OK',250,NULL,17.00,3500.00,'2025-03-29 17:01:31.774886','2025-03-29 17:01:58.562699',1,1,0,3,1,3,3,15,4,NULL,34,9,4),(39,'2511500001','2025-04-03','OPEN','2511500001',12000.00,'9767058687','OK',0,NULL,125.00,10000.00,'2025-04-03 12:40:12.750770','2025-04-03 12:40:51.930866',1,1,0,16,1,3,16,15,17,NULL,35,11,16),(40,'2510300001','2025-04-04','OPEN','2510300001',1500.00,'9767058687','OK',0,NULL,8.00,1600.00,'2025-04-04 13:03:25.204724','2025-04-04 13:04:21.663768',1,1,0,4,1,2,4,15,7,NULL,36,8,7),(41,'2510800001','2025-04-06','OPEN','2510800001',5500.00,'9767058687','OK',149,NULL,228.00,5500.00,'2025-04-06 07:40:32.061817','2025-04-06 07:41:49.126709',1,1,0,9,1,3,9,15,5,NULL,28,9,6),(42,'2511300001','2025-04-06','OPEN','2511300001',1500.00,'9767058687','OK',0,NULL,1.00,1500.00,'2025-04-06 07:55:16.995871','2025-04-06 07:56:11.644355',1,1,0,14,1,2,14,15,24,NULL,33,8,19);
/*!40000 ALTER TABLE `booking_memo` ENABLE KEYS */;
UNLOCK TABLES;

--
-- Table structure for table `booking_memo_lr_list`
--

DROP TABLE IF EXISTS `booking_memo_lr_list`;
/*!40101 SET @saved_cs_client     = @@character_set_client */;
/*!50503 SET character_set_client = utf8mb4 */;
CREATE TABLE `booking_memo_lr_list` (
  `id` bigint NOT NULL AUTO_INCREMENT,
  `bookingmemo_id` int NOT NULL,
  `bookingmemolrs_id` bigint NOT NULL,
  PRIMARY KEY (`id`),
  UNIQUE KEY `booking_memo_lr_list_bookingmemo_id_bookingme_9ac2d2b1_uniq` (`bookingmemo_id`,`bookingmemolrs_id`),
  KEY `booking_memo_lr_list_bookingmemolrs_id_b31e9a3e_fk_booking_m` (`bookingmemolrs_id`),
  CONSTRAINT `booking_memo_lr_list_bookingmemo_id_c95120c8_fk_booking_memo_id` FOREIGN KEY (`bookingmemo_id`) REFERENCES `booking_memo` (`id`),
  CONSTRAINT `booking_memo_lr_list_bookingmemolrs_id_b31e9a3e_fk_booking_m` FOREIGN KEY (`bookingmemolrs_id`) REFERENCES `booking_memo_lrs` (`id`)
) ENGINE=InnoDB AUTO_INCREMENT=45 DEFAULT CHARSET=utf8mb4 COLLATE=utf8mb4_0900_ai_ci;
/*!40101 SET character_set_client = @saved_cs_client */;

--
-- Dumping data for table `booking_memo_lr_list`
--

LOCK TABLES `booking_memo_lr_list` WRITE;
/*!40000 ALTER TABLE `booking_memo_lr_list` DISABLE KEYS */;
INSERT INTO `booking_memo_lr_list` VALUES (21,21,21),(22,22,22),(23,23,23),(24,24,24),(25,25,25),(26,26,26),(27,27,27),(28,28,28),(29,28,29),(30,29,30),(31,29,31),(32,30,32),(33,31,33),(34,32,34),(35,33,35),(36,34,36),(37,35,37),(38,36,38),(39,37,39),(40,38,40),(41,39,41),(42,40,42),(43,41,43),(44,42,44);
/*!40000 ALTER TABLE `booking_memo_lr_list` ENABLE KEYS */;
UNLOCK TABLES;

--
-- Table structure for table `booking_memo_lrs`
--

DROP TABLE IF EXISTS `booking_memo_lrs`;
/*!40101 SET @saved_cs_client     = @@character_set_client */;
/*!50503 SET character_set_client = utf8mb4 */;
CREATE TABLE `booking_memo_lrs` (
  `id` bigint NOT NULL AUTO_INCREMENT,
  `lr_remarks` varchar(100) DEFAULT NULL,
  `created_at` datetime(6) NOT NULL,
  `updated_at` datetime(6) NOT NULL,
  `is_active` tinyint(1) NOT NULL,
  `flag` tinyint(1) NOT NULL,
  `coll_point_id` int DEFAULT NULL,
  `created_by_id` int NOT NULL,
  `del_point_id` int DEFAULT NULL,
  `lr_booking_id` int DEFAULT NULL,
  `updated_by_id` int DEFAULT NULL,
  PRIMARY KEY (`id`),
  KEY `booking_memo_lrs_coll_point_id_d2633fea_fk_collection_types_id` (`coll_point_id`),
  KEY `booking_memo_lrs_created_by_id_828a8cd9_fk_auth_user_id` (`created_by_id`),
  KEY `booking_memo_lrs_del_point_id_c4095072_fk_delivery_types_id` (`del_point_id`),
  KEY `booking_memo_lrs_lr_booking_id_c5641d92_fk_lr_bokking_lr_no` (`lr_booking_id`),
  KEY `booking_memo_lrs_updated_by_id_3ae7298b_fk_auth_user_id` (`updated_by_id`),
  CONSTRAINT `booking_memo_lrs_coll_point_id_d2633fea_fk_collection_types_id` FOREIGN KEY (`coll_point_id`) REFERENCES `collection_types` (`id`),
  CONSTRAINT `booking_memo_lrs_created_by_id_828a8cd9_fk_auth_user_id` FOREIGN KEY (`created_by_id`) REFERENCES `auth_user` (`id`),
  CONSTRAINT `booking_memo_lrs_del_point_id_c4095072_fk_delivery_types_id` FOREIGN KEY (`del_point_id`) REFERENCES `delivery_types` (`id`),
  CONSTRAINT `booking_memo_lrs_lr_booking_id_c5641d92_fk_lr_bokking_lr_no` FOREIGN KEY (`lr_booking_id`) REFERENCES `lr_bokking` (`lr_no`),
  CONSTRAINT `booking_memo_lrs_updated_by_id_3ae7298b_fk_auth_user_id` FOREIGN KEY (`updated_by_id`) REFERENCES `auth_user` (`id`)
) ENGINE=InnoDB AUTO_INCREMENT=45 DEFAULT CHARSET=utf8mb4 COLLATE=utf8mb4_0900_ai_ci;
/*!40101 SET character_set_client = @saved_cs_client */;

--
-- Dumping data for table `booking_memo_lrs`
--

LOCK TABLES `booking_memo_lrs` WRITE;
/*!40000 ALTER TABLE `booking_memo_lrs` DISABLE KEYS */;
INSERT INTO `booking_memo_lrs` VALUES (21,NULL,'2025-03-04 14:18:41.826610','2025-03-04 14:18:41.826629',1,1,3,1,3,36,NULL),(22,'','2025-03-12 05:44:05.470400','2025-03-16 09:51:58.788066',1,1,3,1,3,37,NULL),(23,'','2025-03-14 06:04:24.116097','2025-03-16 06:24:05.951978',1,1,3,1,3,41,NULL),(24,NULL,'2025-03-15 15:12:00.328532','2025-03-15 15:12:00.328553',1,1,3,1,3,42,NULL),(25,NULL,'2025-03-16 10:39:29.842617','2025-03-16 10:39:29.842639',1,1,3,1,3,40,NULL),(26,NULL,'2025-03-16 10:49:35.546974','2025-03-16 10:49:35.546995',1,1,3,1,3,35,NULL),(27,NULL,'2025-03-16 10:55:37.810758','2025-03-16 10:55:37.810778',1,1,3,1,3,38,NULL),(28,NULL,'2025-03-17 07:27:04.330806','2025-03-17 07:27:04.330827',1,1,3,1,3,43,NULL),(29,'','2025-03-17 07:27:04.335302','2025-03-17 07:27:04.335322',1,1,3,1,3,44,NULL),(30,NULL,'2025-03-18 07:10:26.887817','2025-03-18 07:10:26.887838',1,1,3,1,3,45,NULL),(31,'','2025-03-18 07:10:26.891125','2025-03-18 07:10:26.891160',1,1,3,1,3,46,NULL),(32,NULL,'2025-03-18 07:12:05.002616','2025-03-18 07:12:05.002637',1,1,3,1,3,47,NULL),(33,'','2025-03-18 07:14:02.474108','2025-03-23 04:20:27.978086',1,1,3,1,3,39,NULL),(34,NULL,'2025-03-25 05:59:23.768486','2025-03-25 05:59:23.768507',1,1,3,1,3,50,NULL),(35,NULL,'2025-03-26 09:02:30.738360','2025-03-26 09:02:30.738381',1,1,3,1,3,51,NULL),(36,NULL,'2025-03-27 05:16:33.169292','2025-03-27 05:16:33.169314',1,1,3,1,3,52,NULL),(37,NULL,'2025-03-28 05:47:29.857133','2025-03-28 05:47:29.857152',1,1,3,1,3,53,NULL),(38,NULL,'2025-03-29 06:13:29.457371','2025-03-29 06:13:29.457392',1,1,3,1,3,55,NULL),(39,NULL,'2025-03-29 06:20:31.471159','2025-03-29 06:20:31.471179',1,1,3,1,3,56,NULL),(40,NULL,'2025-03-29 17:01:31.779327','2025-03-29 17:01:31.779348',1,1,3,1,3,57,NULL),(41,NULL,'2025-04-03 12:40:12.756544','2025-04-03 12:40:12.756566',1,1,3,1,3,58,NULL),(42,'OK','2025-04-04 13:03:25.209734','2025-04-04 13:03:25.209754',1,1,3,1,3,59,NULL),(43,NULL,'2025-04-06 07:40:32.068456','2025-04-06 07:40:32.068479',1,1,3,1,3,49,NULL),(44,NULL,'2025-04-06 07:55:17.000526','2025-04-06 07:55:17.000549',1,1,3,1,3,54,NULL);
/*!40000 ALTER TABLE `booking_memo_lrs` ENABLE KEYS */;
UNLOCK TABLES;

--
-- Table structure for table `branch_master`
--

DROP TABLE IF EXISTS `branch_master`;
/*!40101 SET @saved_cs_client     = @@character_set_client */;
/*!50503 SET character_set_client = utf8mb4 */;
CREATE TABLE `branch_master` (
  `id` int NOT NULL AUTO_INCREMENT,
  `branch_name` varchar(255) NOT NULL,
  `branch_code` varchar(20) NOT NULL,
  `email_id` varchar(255) NOT NULL,
  `booking_contact` longtext NOT NULL,
  `delivery_contact` longtext NOT NULL,
  `address` longtext,
  `pincode` varchar(10) NOT NULL,
  `latitude` double DEFAULT NULL,
  `longitude` double DEFAULT NULL,
  `branch_weekly_off` varchar(100) NOT NULL,
  `created_at` datetime(6) NOT NULL,
  `updated_at` datetime(6) NOT NULL,
  `is_active` tinyint(1) NOT NULL,
  `flag` tinyint(1) NOT NULL,
  `created_by_id` int NOT NULL,
  `region_id` int NOT NULL,
  `updated_by_id` int DEFAULT NULL,
  PRIMARY KEY (`id`),
  UNIQUE KEY `branch_name` (`branch_name`),
  UNIQUE KEY `branch_code` (`branch_code`),
  UNIQUE KEY `email_id` (`email_id`),
  KEY `branch_master_created_by_id_8af5f90b_fk_auth_user_id` (`created_by_id`),
  KEY `branch_master_region_id_0721721d_fk_region_master_id` (`region_id`),
  KEY `branch_master_updated_by_id_02aa88dc_fk_auth_user_id` (`updated_by_id`),
  CONSTRAINT `branch_master_created_by_id_8af5f90b_fk_auth_user_id` FOREIGN KEY (`created_by_id`) REFERENCES `auth_user` (`id`),
  CONSTRAINT `branch_master_region_id_0721721d_fk_region_master_id` FOREIGN KEY (`region_id`) REFERENCES `region_master` (`id`),
  CONSTRAINT `branch_master_updated_by_id_02aa88dc_fk_auth_user_id` FOREIGN KEY (`updated_by_id`) REFERENCES `auth_user` (`id`)
) ENGINE=InnoDB AUTO_INCREMENT=25 DEFAULT CHARSET=utf8mb4 COLLATE=utf8mb4_0900_ai_ci;
/*!40101 SET character_set_client = @saved_cs_client */;

--
-- Dumping data for table `branch_master`
--

LOCK TABLES `branch_master` WRITE;
/*!40000 ALTER TABLE `branch_master` DISABLE KEYS */;
INSERT INTO `branch_master` VALUES (1,'PUN-SHIKHARAPUR','25101','jkroadways9593@gmail.com','9767058687','9767058687','PLOT NO. 9 & 10, RAMKRUSHNA SADAN,NEAR S S 4 ONE BUILDING,BEHIND HOTEL NIKHIL SHIKRAPUR TAL.SHIRUR DIST.PUNE - 412208','412208',25.276987,55.296249,'SUNDAY','2024-12-16 00:00:00.000000','2025-04-01 04:17:44.730048',1,1,1,1,1),(3,'MUM-BHIWANDI','25102','kharathr@gmail.com','9767058687','9767058687','MUMBAI','421202',0,0,'','2025-01-02 07:19:35.782147','2025-04-01 04:17:36.449486',1,1,1,2,1),(4,'ANR-SUPA','25103','kharathr1987@gmail.com','9767058687','9767058687','SUPA MIDC AHMEDNAGAR','414301',0,0,'','2025-01-02 07:24:32.956132','2025-04-01 04:17:29.012967',1,1,1,3,1),(5,'MUM-JNPT','25104','kharathras@gmail.com','9767058687','9767058687','JNPT NAVASHEVA MUMBAI','400707',0,0,'SUNDAY','2025-01-07 13:41:45.917037','2025-04-01 04:17:20.943470',1,1,1,4,1),(6,'PUN-RANJANGAON','25105','kharathras45@gmail.com','9767058687','9767058687','PUNE','412209',0,0,'SUNDAY','2025-01-07 14:07:30.714219','2025-04-01 04:17:12.781070',1,1,1,1,1),(7,'RGD-KHOPOLI','25106','kharadasthr@gmail.com','9767058687','9767058687','RGD-KHOPOLI','410203',0,0,'SUNDAY','2025-01-10 15:04:58.614960','2025-04-01 04:16:31.929265',1,1,1,5,1),(8,'MUM-NERUL','25107','kharadssthr@gmail.com','9767058687','9767058687','MUM NERUL MUMBAI','400614',0,0,'SUNDAY','2025-01-16 04:52:21.792578','2025-04-01 04:17:05.106570',1,1,1,4,1),(9,'PUN-KHONDHWA','25108','kondhwa@gmail.com','9767058687','9767058687','PUN','411048',0,0,'SUNDAY','2025-01-17 08:43:08.331970','2025-04-01 04:16:48.513198',1,1,1,6,1),(10,'RGD-ROHA','25109','kharasasathr@gmail.com','9767058687','9767058687','KOLAD TAL ROHA','402304',0,0,'SUNDAY','2025-01-31 05:32:53.493435','2025-04-01 04:16:56.800462',1,1,1,5,1),(11,'MUM-MIRA ROAD','25110','kharateretrehr@gmail.com','9767058687','9767058687','MUM-MIRA ROAD','401107',0,0,'SUNDAY','2025-02-13 12:58:51.215430','2025-04-01 04:16:39.299708',1,1,1,4,1),(12,'ABD-WALUJ','25111','waluj@gmail.com','9767058687','9767058687','WALUJ SAMBHAJINAGAR','431136',0,0,'FRIDAY','2025-02-14 13:04:40.852217','2025-04-01 04:16:24.245983',1,1,1,7,1),(13,'RGD-PATALGANGA','25112','patalganaga@gmail.com','9767058687','9767058687','RGD-PATALGANGA','410220',0,0,'SUNDAY','2025-02-14 15:04:57.795346','2025-04-01 04:16:15.718691',1,1,1,5,1),(14,'PUN-PUNE','25113','pune@gmail.com','9767058687','9767058687','PUNE','410001',0,0,'SUNDAY','2025-02-16 15:02:22.850164','2025-04-01 04:16:08.372876',1,1,1,6,1),(15,'PUN-WAGHOLI','25114','wagholi@gmail.com','9767058687','9767058687','WAGHOLI PUNE','412207',0,0,'SUNDAY','2025-02-28 12:31:13.143005','2025-04-01 04:16:01.901135',1,1,1,6,1),(16,'PUN-WADKI FURSUNGI','25115','fursungi@gmail.com','9767058687','9767058687','PUNE','412308',0,0,'SUNDAY','2025-03-03 15:00:38.107054','2025-04-01 04:15:55.287886',1,1,1,6,1),(17,'SRT-SURAT','25116','surat@gmail.com','9767058687','9767058687','SURAT GUJRAT','395503',0,0,'SUNDAY','2025-03-03 15:06:05.878214','2025-04-01 04:15:45.606716',1,1,1,8,1),(18,'MUM-VASAI','25117','vasai@gmail.com','9767058687','9767058687','VASAI','401208',0,0,'SUNDAY','2025-03-04 14:04:54.972546','2025-04-01 04:15:38.943062',1,1,1,4,1),(19,'PUN-BHIGWAN','25118','bhigwan@gmail.com','9767058687','9767058687','BHIWAN','413130',0,0,'SUNDAY','2025-03-07 05:59:04.654029','2025-04-01 04:15:32.904571',1,1,1,6,1),(20,'ABD-AURANGABAD','25119','aurangabad@gmail.com','9767058687','9767058687','WALUJ','431105',0,0,'SUNDAY','2025-03-12 14:15:39.597009','2025-04-01 04:15:22.818297',1,1,1,7,1),(21,'MUM-TALOJA','25120','taloja@gmail.com','9767058687','9767058687','TALOJA','410208',0,0,'SUNDAY','2025-03-15 15:01:50.070081','2025-04-01 04:15:15.521192',1,1,1,4,1),(22,'MUM-TARAPUR BOISAR','25121','tarapurboisar@gmail.com','9767058687','9767058687','TARAPUR INDUSTRIAL AREA\nNAVAPUR ROAD, NEAR VADILAL, BOISAR (W)\nTAL & DIST. PALGHAR 401506','401506',0,0,'SUNDAY','2025-03-17 06:57:11.966979','2025-04-01 04:15:09.597054',1,1,1,4,1),(23,'BGM-BELGAUM','25122','belgaum@gmail.com','9767058687','9767058687','BELGAUM','590008',0,0,'SUNDAY','2025-03-25 14:38:41.716426','2025-04-01 04:15:03.544684',1,1,1,9,1),(24,'BNG-BANGLORE','25123','banglore@gmail.com','9767058687','9767058687','BANGLORE','560099',0,0,'SATURDAY','2025-03-28 11:20:11.093019','2025-04-01 04:14:53.636633',1,1,1,10,1);
/*!40000 ALTER TABLE `branch_master` ENABLE KEYS */;
UNLOCK TABLES;

--
-- Table structure for table `broker_master`
--

DROP TABLE IF EXISTS `broker_master`;
/*!40101 SET @saved_cs_client     = @@character_set_client */;
/*!50503 SET character_set_client = utf8mb4 */;
CREATE TABLE `broker_master` (
  `id` bigint NOT NULL AUTO_INCREMENT,
  `created_at` datetime(6) NOT NULL,
  `updated_at` datetime(6) NOT NULL,
  `is_active` tinyint(1) NOT NULL,
  `flag` tinyint(1) NOT NULL,
  `created_by_id` int NOT NULL,
  `owner_id` int DEFAULT NULL,
  `updated_by_id` int DEFAULT NULL,
  PRIMARY KEY (`id`),
  KEY `broker_master_created_by_id_7a01178b_fk_auth_user_id` (`created_by_id`),
  KEY `broker_master_owner_id_ffdafecc_fk_owner_master_id` (`owner_id`),
  KEY `broker_master_updated_by_id_e317d5a7_fk_auth_user_id` (`updated_by_id`),
  CONSTRAINT `broker_master_created_by_id_7a01178b_fk_auth_user_id` FOREIGN KEY (`created_by_id`) REFERENCES `auth_user` (`id`),
  CONSTRAINT `broker_master_owner_id_ffdafecc_fk_owner_master_id` FOREIGN KEY (`owner_id`) REFERENCES `owner_master` (`id`),
  CONSTRAINT `broker_master_updated_by_id_e317d5a7_fk_auth_user_id` FOREIGN KEY (`updated_by_id`) REFERENCES `auth_user` (`id`)
) ENGINE=InnoDB DEFAULT CHARSET=utf8mb4 COLLATE=utf8mb4_0900_ai_ci;
/*!40101 SET character_set_client = @saved_cs_client */;

--
-- Dumping data for table `broker_master`
--

LOCK TABLES `broker_master` WRITE;
/*!40000 ALTER TABLE `broker_master` DISABLE KEYS */;
/*!40000 ALTER TABLE `broker_master` ENABLE KEYS */;
UNLOCK TABLES;

--
-- Table structure for table `broker_master_trip_details`
--

DROP TABLE IF EXISTS `broker_master_trip_details`;
/*!40101 SET @saved_cs_client     = @@character_set_client */;
/*!50503 SET character_set_client = utf8mb4 */;
CREATE TABLE `broker_master_trip_details` (
  `id` bigint NOT NULL AUTO_INCREMENT,
  `brokermaster_id` bigint NOT NULL,
  `brokermastertrips_id` bigint NOT NULL,
  PRIMARY KEY (`id`),
  UNIQUE KEY `broker_master_trip_detai_brokermaster_id_brokerma_66954765_uniq` (`brokermaster_id`,`brokermastertrips_id`),
  KEY `broker_master_trip_d_brokermastertrips_id_e5b0be72_fk_broker_ma` (`brokermastertrips_id`),
  CONSTRAINT `broker_master_trip_d_brokermaster_id_728a9ecb_fk_broker_ma` FOREIGN KEY (`brokermaster_id`) REFERENCES `broker_master` (`id`),
  CONSTRAINT `broker_master_trip_d_brokermastertrips_id_e5b0be72_fk_broker_ma` FOREIGN KEY (`brokermastertrips_id`) REFERENCES `broker_master_trips` (`id`)
) ENGINE=InnoDB DEFAULT CHARSET=utf8mb4 COLLATE=utf8mb4_0900_ai_ci;
/*!40101 SET character_set_client = @saved_cs_client */;

--
-- Dumping data for table `broker_master_trip_details`
--

LOCK TABLES `broker_master_trip_details` WRITE;
/*!40000 ALTER TABLE `broker_master_trip_details` DISABLE KEYS */;
/*!40000 ALTER TABLE `broker_master_trip_details` ENABLE KEYS */;
UNLOCK TABLES;

--
-- Table structure for table `broker_master_trips`
--

DROP TABLE IF EXISTS `broker_master_trips`;
/*!40101 SET @saved_cs_client     = @@character_set_client */;
/*!50503 SET character_set_client = utf8mb4 */;
CREATE TABLE `broker_master_trips` (
  `id` bigint NOT NULL AUTO_INCREMENT,
  `advance` decimal(10,2) NOT NULL,
  `balance` decimal(10,2) DEFAULT NULL,
  `created_at` datetime(6) NOT NULL,
  `updated_at` datetime(6) NOT NULL,
  `is_active` tinyint(1) NOT NULL,
  `flag` tinyint(1) NOT NULL,
  `created_by_id` int NOT NULL,
  `trip_memo_id` bigint DEFAULT NULL,
  `updated_by_id` int DEFAULT NULL,
  PRIMARY KEY (`id`),
  KEY `broker_master_trips_created_by_id_96a9170c_fk_auth_user_id` (`created_by_id`),
  KEY `broker_master_trips_trip_memo_id_baea05d2_fk_trip_memo_id` (`trip_memo_id`),
  KEY `broker_master_trips_updated_by_id_cd1d9c1f_fk_auth_user_id` (`updated_by_id`),
  CONSTRAINT `broker_master_trips_created_by_id_96a9170c_fk_auth_user_id` FOREIGN KEY (`created_by_id`) REFERENCES `auth_user` (`id`),
  CONSTRAINT `broker_master_trips_trip_memo_id_baea05d2_fk_trip_memo_id` FOREIGN KEY (`trip_memo_id`) REFERENCES `trip_memo` (`id`),
  CONSTRAINT `broker_master_trips_updated_by_id_cd1d9c1f_fk_auth_user_id` FOREIGN KEY (`updated_by_id`) REFERENCES `auth_user` (`id`)
) ENGINE=InnoDB DEFAULT CHARSET=utf8mb4 COLLATE=utf8mb4_0900_ai_ci;
/*!40101 SET character_set_client = @saved_cs_client */;

--
-- Dumping data for table `broker_master_trips`
--

LOCK TABLES `broker_master_trips` WRITE;
/*!40000 ALTER TABLE `broker_master_trips` DISABLE KEYS */;
/*!40000 ALTER TABLE `broker_master_trips` ENABLE KEYS */;
UNLOCK TABLES;

--
-- Table structure for table `cash_book`
--

DROP TABLE IF EXISTS `cash_book`;
/*!40101 SET @saved_cs_client     = @@character_set_client */;
/*!50503 SET character_set_client = utf8mb4 */;
CREATE TABLE `cash_book` (
  `id` int NOT NULL AUTO_INCREMENT,
  `date` date NOT NULL,
  `opening_balance` decimal(20,2) NOT NULL,
  `closing_balance` decimal(10,2) NOT NULL,
  `branch_name_id` int DEFAULT NULL,
  PRIMARY KEY (`id`),
  KEY `cash_book_branch_name_id_3fb6e11b_fk_branch_master_id` (`branch_name_id`),
  CONSTRAINT `cash_book_branch_name_id_3fb6e11b_fk_branch_master_id` FOREIGN KEY (`branch_name_id`) REFERENCES `branch_master` (`id`)
) ENGINE=InnoDB AUTO_INCREMENT=28 DEFAULT CHARSET=utf8mb4 COLLATE=utf8mb4_0900_ai_ci;
/*!40101 SET character_set_client = @saved_cs_client */;

--
-- Dumping data for table `cash_book`
--

LOCK TABLES `cash_book` WRITE;
/*!40000 ALTER TABLE `cash_book` DISABLE KEYS */;
INSERT INTO `cash_book` VALUES (18,'2025-03-13',0.00,21200.00,9),(19,'2025-03-13',0.00,11000.00,3),(20,'2025-03-16',0.00,9100.00,16),(21,'2025-03-16',21200.00,13700.00,9),(22,'2025-03-17',0.00,-10000.00,22),(23,'2025-03-27',0.00,7403.00,18),(24,'2025-03-28',0.00,-20000.00,4),(25,'2025-03-28',0.00,42100.00,23),(26,'2025-03-29',0.00,9100.00,14),(27,'2025-03-29',13700.00,23200.00,9);
/*!40000 ALTER TABLE `cash_book` ENABLE KEYS */;
UNLOCK TABLES;

--
-- Table structure for table `cash_book_credit`
--

DROP TABLE IF EXISTS `cash_book_credit`;
/*!40101 SET @saved_cs_client     = @@character_set_client */;
/*!50503 SET character_set_client = utf8mb4 */;
CREATE TABLE `cash_book_credit` (
  `id` bigint NOT NULL AUTO_INCREMENT,
  `cashbook_id` int NOT NULL,
  `voucherreceiptbranch_id` int NOT NULL,
  PRIMARY KEY (`id`),
  UNIQUE KEY `cash_book_credit_cashbook_id_voucherrecei_5b1708eb_uniq` (`cashbook_id`,`voucherreceiptbranch_id`),
  KEY `cash_book_credit_voucherreceiptbranch_2c5e9ef2_fk_voucher_r` (`voucherreceiptbranch_id`),
  CONSTRAINT `cash_book_credit_cashbook_id_88c27546_fk_cash_book_id` FOREIGN KEY (`cashbook_id`) REFERENCES `cash_book` (`id`),
  CONSTRAINT `cash_book_credit_voucherreceiptbranch_2c5e9ef2_fk_voucher_r` FOREIGN KEY (`voucherreceiptbranch_id`) REFERENCES `voucher_receipt_branch` (`id`)
) ENGINE=InnoDB AUTO_INCREMENT=6 DEFAULT CHARSET=utf8mb4 COLLATE=utf8mb4_0900_ai_ci;
/*!40101 SET character_set_client = @saved_cs_client */;

--
-- Dumping data for table `cash_book_credit`
--

LOCK TABLES `cash_book_credit` WRITE;
/*!40000 ALTER TABLE `cash_book_credit` DISABLE KEYS */;
/*!40000 ALTER TABLE `cash_book_credit` ENABLE KEYS */;
UNLOCK TABLES;

--
-- Table structure for table `cash_book_creditlr`
--

DROP TABLE IF EXISTS `cash_book_creditlr`;
/*!40101 SET @saved_cs_client     = @@character_set_client */;
/*!50503 SET character_set_client = utf8mb4 */;
CREATE TABLE `cash_book_creditlr` (
  `id` bigint NOT NULL AUTO_INCREMENT,
  `cashbook_id` int NOT NULL,
  `cashstatmentlr_id` int NOT NULL,
  PRIMARY KEY (`id`),
  KEY `cashbook_id` (`cashbook_id`),
  KEY `cashstatmentlr_id` (`cashstatmentlr_id`),
  CONSTRAINT `cash_book_creditlr_ibfk_1` FOREIGN KEY (`cashbook_id`) REFERENCES `cash_book` (`id`) ON DELETE CASCADE,
  CONSTRAINT `cash_book_creditlr_ibfk_2` FOREIGN KEY (`cashstatmentlr_id`) REFERENCES `Cash_Statment_LR` (`id`) ON DELETE CASCADE
) ENGINE=InnoDB AUTO_INCREMENT=18 DEFAULT CHARSET=utf8mb4 COLLATE=utf8mb4_0900_ai_ci;
/*!40101 SET character_set_client = @saved_cs_client */;

--
-- Dumping data for table `cash_book_creditlr`
--

LOCK TABLES `cash_book_creditlr` WRITE;
/*!40000 ALTER TABLE `cash_book_creditlr` DISABLE KEYS */;
INSERT INTO `cash_book_creditlr` VALUES (1,18,11),(5,18,12),(8,19,13),(13,20,14),(14,23,15),(15,25,16),(16,26,17),(17,27,18);
/*!40000 ALTER TABLE `cash_book_creditlr` ENABLE KEYS */;
UNLOCK TABLES;

--
-- Table structure for table `cash_book_debit`
--

DROP TABLE IF EXISTS `cash_book_debit`;
/*!40101 SET @saved_cs_client     = @@character_set_client */;
/*!50503 SET character_set_client = utf8mb4 */;
CREATE TABLE `cash_book_debit` (
  `id` bigint NOT NULL AUTO_INCREMENT,
  `cashbook_id` int NOT NULL,
  `voucherpaymentbranch_id` int NOT NULL,
  PRIMARY KEY (`id`),
  UNIQUE KEY `cash_book_debit_cashbook_id_voucherpayme_fc9defc4_uniq` (`cashbook_id`,`voucherpaymentbranch_id`),
  KEY `cash_book_debit_voucherpaymentbranch_d2f8ab29_fk_voucher_p` (`voucherpaymentbranch_id`),
  CONSTRAINT `cash_book_debit_cashbook_id_faff5117_fk_cash_book_id` FOREIGN KEY (`cashbook_id`) REFERENCES `cash_book` (`id`),
  CONSTRAINT `cash_book_debit_voucherpaymentbranch_d2f8ab29_fk_voucher_p` FOREIGN KEY (`voucherpaymentbranch_id`) REFERENCES `voucher_payment` (`id`)
) ENGINE=InnoDB AUTO_INCREMENT=6 DEFAULT CHARSET=utf8mb4 COLLATE=utf8mb4_0900_ai_ci;
/*!40101 SET character_set_client = @saved_cs_client */;

--
-- Dumping data for table `cash_book_debit`
--

LOCK TABLES `cash_book_debit` WRITE;
/*!40000 ALTER TABLE `cash_book_debit` DISABLE KEYS */;
INSERT INTO `cash_book_debit` VALUES (2,20,2),(3,21,3),(4,22,4),(5,24,5);
/*!40000 ALTER TABLE `cash_book_debit` ENABLE KEYS */;
UNLOCK TABLES;

--
-- Table structure for table `collection_memo`
--

DROP TABLE IF EXISTS `collection_memo`;
/*!40101 SET @saved_cs_client     = @@character_set_client */;
/*!50503 SET character_set_client = utf8mb4 */;
CREATE TABLE `collection_memo` (
  `id` bigint NOT NULL AUTO_INCREMENT,
  `memo_no` varchar(10) NOT NULL,
  `date` date NOT NULL,
  `contact` varchar(15) DEFAULT NULL,
  `vehicle_capacity` decimal(10,2) NOT NULL,
  `memo_status` varchar(50) NOT NULL,
  `memo_remarks` varchar(100) DEFAULT NULL,
  `total_weight` decimal(10,2) NOT NULL,
  `total_collection` decimal(10,2) NOT NULL,
  `extra_amt` decimal(10,2) DEFAULT NULL,
  `hamali` int DEFAULT NULL,
  `union_charges` decimal(10,2) DEFAULT NULL,
  `total_amt` int NOT NULL,
  `advance` decimal(10,2) DEFAULT NULL,
  `balance` int NOT NULL,
  `created_at` datetime(6) NOT NULL,
  `updated_at` datetime(6) NOT NULL,
  `is_active` tinyint(1) NOT NULL,
  `flag` tinyint(1) NOT NULL,
  `printed_by_branch_manager` tinyint(1) NOT NULL,
  `branch_name_id` int DEFAULT NULL,
  `created_by_id` int NOT NULL,
  `driver_name_id` int DEFAULT NULL,
  `from_branch_id` int DEFAULT NULL,
  `to_branch_id` int DEFAULT NULL,
  `updated_by_id` int DEFAULT NULL,
  `vehical_no_id` int DEFAULT NULL,
  `vehical_type_id` int DEFAULT NULL,
  PRIMARY KEY (`id`),
  UNIQUE KEY `memo_no` (`memo_no`),
  KEY `collection_memo_branch_name_id_330c1599_fk_branch_master_id` (`branch_name_id`),
  KEY `collection_memo_created_by_id_e07d15c5_fk_auth_user_id` (`created_by_id`),
  KEY `collection_memo_driver_name_id_25dcf194_fk_driver_master_id` (`driver_name_id`),
  KEY `collection_memo_from_branch_id_fe104163_fk_branch_master_id` (`from_branch_id`),
  KEY `collection_memo_to_branch_id_3150ad93_fk_destination_master_id` (`to_branch_id`),
  KEY `collection_memo_updated_by_id_590408da_fk_auth_user_id` (`updated_by_id`),
  KEY `collection_memo_vehical_no_id_99fb8bb2_fk_vehical_master_id` (`vehical_no_id`),
  KEY `collection_memo_vehical_type_id_3a871c95_fk_vehical_types_id` (`vehical_type_id`),
  CONSTRAINT `collection_memo_branch_name_id_330c1599_fk_branch_master_id` FOREIGN KEY (`branch_name_id`) REFERENCES `branch_master` (`id`),
  CONSTRAINT `collection_memo_created_by_id_e07d15c5_fk_auth_user_id` FOREIGN KEY (`created_by_id`) REFERENCES `auth_user` (`id`),
  CONSTRAINT `collection_memo_driver_name_id_25dcf194_fk_driver_master_id` FOREIGN KEY (`driver_name_id`) REFERENCES `driver_master` (`id`),
  CONSTRAINT `collection_memo_from_branch_id_fe104163_fk_branch_master_id` FOREIGN KEY (`from_branch_id`) REFERENCES `branch_master` (`id`),
  CONSTRAINT `collection_memo_to_branch_id_3150ad93_fk_destination_master_id` FOREIGN KEY (`to_branch_id`) REFERENCES `destination_master` (`id`),
  CONSTRAINT `collection_memo_updated_by_id_590408da_fk_auth_user_id` FOREIGN KEY (`updated_by_id`) REFERENCES `auth_user` (`id`),
  CONSTRAINT `collection_memo_vehical_no_id_99fb8bb2_fk_vehical_master_id` FOREIGN KEY (`vehical_no_id`) REFERENCES `vehical_master` (`id`),
  CONSTRAINT `collection_memo_vehical_type_id_3a871c95_fk_vehical_types_id` FOREIGN KEY (`vehical_type_id`) REFERENCES `vehical_types` (`id`)
) ENGINE=InnoDB AUTO_INCREMENT=3 DEFAULT CHARSET=utf8mb4 COLLATE=utf8mb4_0900_ai_ci;
/*!40101 SET character_set_client = @saved_cs_client */;

--
-- Dumping data for table `collection_memo`
--

LOCK TABLES `collection_memo` WRITE;
/*!40000 ALTER TABLE `collection_memo` DISABLE KEYS */;
/*!40000 ALTER TABLE `collection_memo` ENABLE KEYS */;
UNLOCK TABLES;

--
-- Table structure for table `collection_memo_lr_booking`
--

DROP TABLE IF EXISTS `collection_memo_lr_booking`;
/*!40101 SET @saved_cs_client     = @@character_set_client */;
/*!50503 SET character_set_client = utf8mb4 */;
CREATE TABLE `collection_memo_lr_booking` (
  `id` bigint NOT NULL AUTO_INCREMENT,
  `collection_id` bigint NOT NULL,
  `lr_bokking_id` int NOT NULL,
  PRIMARY KEY (`id`),
  UNIQUE KEY `collection_memo_lr_booki_collection_id_lr_bokking_cc66cb64_uniq` (`collection_id`,`lr_bokking_id`),
  KEY `collection_memo_lr_b_lr_bokking_id_3b333ffb_fk_lr_bokkin` (`lr_bokking_id`),
  CONSTRAINT `collection_memo_lr_b_collection_id_a344ceb9_fk_collectio` FOREIGN KEY (`collection_id`) REFERENCES `collection_memo` (`id`),
  CONSTRAINT `collection_memo_lr_b_lr_bokking_id_3b333ffb_fk_lr_bokkin` FOREIGN KEY (`lr_bokking_id`) REFERENCES `lr_bokking` (`lr_no`)
) ENGINE=InnoDB AUTO_INCREMENT=3 DEFAULT CHARSET=utf8mb4 COLLATE=utf8mb4_0900_ai_ci;
/*!40101 SET character_set_client = @saved_cs_client */;

--
-- Dumping data for table `collection_memo_lr_booking`
--

LOCK TABLES `collection_memo_lr_booking` WRITE;
/*!40000 ALTER TABLE `collection_memo_lr_booking` DISABLE KEYS */;
/*!40000 ALTER TABLE `collection_memo_lr_booking` ENABLE KEYS */;
UNLOCK TABLES;

--
-- Table structure for table `collection_types`
--

DROP TABLE IF EXISTS `collection_types`;
/*!40101 SET @saved_cs_client     = @@character_set_client */;
/*!50503 SET character_set_client = utf8mb4 */;
CREATE TABLE `collection_types` (
  `id` int NOT NULL AUTO_INCREMENT,
  `type_name` varchar(255) NOT NULL,
  `created_at` datetime(6) NOT NULL,
  `updated_at` datetime(6) NOT NULL,
  `is_active` tinyint(1) NOT NULL,
  `is_show_booking_memo` tinyint(1) NOT NULL,
  `flag` tinyint(1) NOT NULL,
  `created_by_id` int NOT NULL,
  `updated_by_id` int DEFAULT NULL,
  PRIMARY KEY (`id`),
  UNIQUE KEY `type_name` (`type_name`),
  KEY `collection_types_created_by_id_5ea4971d_fk_auth_user_id` (`created_by_id`),
  KEY `collection_types_updated_by_id_4d3bd2cd_fk_auth_user_id` (`updated_by_id`),
  CONSTRAINT `collection_types_created_by_id_5ea4971d_fk_auth_user_id` FOREIGN KEY (`created_by_id`) REFERENCES `auth_user` (`id`),
  CONSTRAINT `collection_types_updated_by_id_4d3bd2cd_fk_auth_user_id` FOREIGN KEY (`updated_by_id`) REFERENCES `auth_user` (`id`)
) ENGINE=InnoDB AUTO_INCREMENT=6 DEFAULT CHARSET=utf8mb4 COLLATE=utf8mb4_0900_ai_ci;
/*!40101 SET character_set_client = @saved_cs_client */;

--
-- Dumping data for table `collection_types`
--

LOCK TABLES `collection_types` WRITE;
/*!40000 ALTER TABLE `collection_types` DISABLE KEYS */;
INSERT INTO `collection_types` VALUES (1,'LOCAL','2024-12-16 00:00:00.000000','2024-12-16 00:00:00.000000',1,1,1,1,NULL),(2,'GODOWN','2024-12-16 00:00:00.000000','2024-12-16 00:00:00.000000',1,1,1,1,NULL),(3,'FTL','2024-12-16 00:00:00.000000','2024-12-16 00:00:00.000000',1,1,1,1,NULL),(4,'MUMBAI','2025-01-07 14:02:54.810052','2025-01-07 14:05:25.949415',0,1,1,1,1),(5,'JNPT','2025-01-07 14:04:40.052547','2025-01-07 14:05:09.229458',0,1,1,1,1);
/*!40000 ALTER TABLE `collection_types` ENABLE KEYS */;
UNLOCK TABLES;

--
-- Table structure for table `company_master`
--

DROP TABLE IF EXISTS `company_master`;
/*!40101 SET @saved_cs_client     = @@character_set_client */;
/*!50503 SET character_set_client = utf8mb4 */;
CREATE TABLE `company_master` (
  `id` int NOT NULL AUTO_INCREMENT,
  `company_name` varchar(255) NOT NULL,
  `company_logo` varchar(100) DEFAULT NULL,
  `slogan` varchar(255) DEFAULT NULL,
  `register_number` varchar(100) NOT NULL,
  `GST_number` varchar(15) NOT NULL,
  `INA_number` varchar(20) NOT NULL,
  `pan_no` varchar(10) DEFAULT NULL,
  `email_id` longtext NOT NULL,
  `contact_number` longtext NOT NULL,
  `address` longtext,
  `created_at` datetime(6) NOT NULL,
  `updated_at` datetime(6) NOT NULL,
  `is_active` tinyint(1) NOT NULL,
  `flag` tinyint(1) NOT NULL,
  `created_by_id` int NOT NULL,
  `updated_by_id` int DEFAULT NULL,
  PRIMARY KEY (`id`),
  UNIQUE KEY `register_number` (`register_number`),
  UNIQUE KEY `GST_number` (`GST_number`),
  UNIQUE KEY `INA_number` (`INA_number`),
  KEY `company_master_created_by_id_f46d9a66_fk_auth_user_id` (`created_by_id`),
  KEY `company_master_updated_by_id_eda776d8_fk_auth_user_id` (`updated_by_id`),
  CONSTRAINT `company_master_created_by_id_f46d9a66_fk_auth_user_id` FOREIGN KEY (`created_by_id`) REFERENCES `auth_user` (`id`),
  CONSTRAINT `company_master_updated_by_id_eda776d8_fk_auth_user_id` FOREIGN KEY (`updated_by_id`) REFERENCES `auth_user` (`id`)
) ENGINE=InnoDB AUTO_INCREMENT=2 DEFAULT CHARSET=utf8mb4 COLLATE=utf8mb4_0900_ai_ci;
/*!40101 SET character_set_client = @saved_cs_client */;

--
-- Dumping data for table `company_master`
--

LOCK TABLES `company_master` WRITE;
/*!40000 ALTER TABLE `company_master` DISABLE KEYS */;
INSERT INTO `company_master` VALUES (1,'J K ROADWAYS','company_logos/logotransport.webp','INNOVATION FOR A BETTER WORLD','MH260108268','27CQVPK9138A1ZG','INA12345','AAOFJ2862R','jkroadways9593@gmail.com','9767058687','PLOT NO. 9 & 10, RAMKRUSHNA SADAN,NEAR S S 4 ONE BUILDING,BEHIND HOTEL NIKHIL SHIKRAPUR TAL.SHIRUR DIST.PUNE - 412208','2024-12-16 00:00:00.000000','2025-03-13 10:28:24.303645',1,1,1,1);
/*!40000 ALTER TABLE `company_master` ENABLE KEYS */;
UNLOCK TABLES;

--
-- Table structure for table `customer_outstanding`
--

DROP TABLE IF EXISTS `customer_outstanding`;
/*!40101 SET @saved_cs_client     = @@character_set_client */;
/*!50503 SET character_set_client = utf8mb4 */;
CREATE TABLE `customer_outstanding` (
  `id` bigint NOT NULL AUTO_INCREMENT,
  `credit_amount` int unsigned DEFAULT NULL,
  `credit_period` int unsigned DEFAULT NULL,
  `last_credit_date` date DEFAULT NULL,
  `created_at` datetime(6) NOT NULL,
  `updated_at` datetime(6) NOT NULL,
  `billing_party_id` int DEFAULT NULL,
  `bill_amount` int DEFAULT NULL,
  PRIMARY KEY (`id`),
  KEY `customer_outstanding_billing_party_id_6c17fab3_fk_party_mas` (`billing_party_id`),
  CONSTRAINT `customer_outstanding_billing_party_id_6c17fab3_fk_party_mas` FOREIGN KEY (`billing_party_id`) REFERENCES `party_master` (`id`),
  CONSTRAINT `customer_outstanding_chk_1` CHECK ((`credit_amount` >= 0)),
  CONSTRAINT `customer_outstanding_chk_2` CHECK ((`credit_period` >= 0))
) ENGINE=InnoDB AUTO_INCREMENT=2 DEFAULT CHARSET=utf8mb4 COLLATE=utf8mb4_0900_ai_ci;
/*!40101 SET character_set_client = @saved_cs_client */;

--
-- Dumping data for table `customer_outstanding`
--

LOCK TABLES `customer_outstanding` WRITE;
/*!40000 ALTER TABLE `customer_outstanding` DISABLE KEYS */;
/*!40000 ALTER TABLE `customer_outstanding` ENABLE KEYS */;
UNLOCK TABLES;

--
-- Table structure for table `customer_outstanding_lr_booking`
--

DROP TABLE IF EXISTS `customer_outstanding_lr_booking`;
/*!40101 SET @saved_cs_client     = @@character_set_client */;
/*!50503 SET character_set_client = utf8mb4 */;
CREATE TABLE `customer_outstanding_lr_booking` (
  `id` bigint NOT NULL AUTO_INCREMENT,
  `customeroutstanding_id` bigint NOT NULL,
  `lr_bokking_id` int NOT NULL,
  PRIMARY KEY (`id`),
  UNIQUE KEY `customer_outstanding_lr__customeroutstanding_id_l_7ae816ed_uniq` (`customeroutstanding_id`,`lr_bokking_id`),
  KEY `customer_outstanding_lr_bokking_id_1ceb498e_fk_lr_bokkin` (`lr_bokking_id`),
  CONSTRAINT `customer_outstanding_customeroutstanding__e0aed4a6_fk_customer_` FOREIGN KEY (`customeroutstanding_id`) REFERENCES `customer_outstanding` (`id`),
  CONSTRAINT `customer_outstanding_lr_bokking_id_1ceb498e_fk_lr_bokkin` FOREIGN KEY (`lr_bokking_id`) REFERENCES `lr_bokking` (`lr_no`)
) ENGINE=InnoDB AUTO_INCREMENT=2 DEFAULT CHARSET=utf8mb4 COLLATE=utf8mb4_0900_ai_ci;
/*!40101 SET character_set_client = @saved_cs_client */;

--
-- Dumping data for table `customer_outstanding_lr_booking`
--

LOCK TABLES `customer_outstanding_lr_booking` WRITE;
/*!40000 ALTER TABLE `customer_outstanding_lr_booking` DISABLE KEYS */;
/*!40000 ALTER TABLE `customer_outstanding_lr_booking` ENABLE KEYS */;
UNLOCK TABLES;

--
-- Table structure for table `deduction`
--

DROP TABLE IF EXISTS `deduction`;
/*!40101 SET @saved_cs_client     = @@character_set_client */;
/*!50503 SET character_set_client = utf8mb4 */;
CREATE TABLE `deduction` (
  `id` int NOT NULL AUTO_INCREMENT,
  `deduct_amt` decimal(10,2) NOT NULL,
  `remarks` varchar(100) DEFAULT NULL,
  `created_at` datetime(6) NOT NULL,
  `updated_at` datetime(6) NOT NULL,
  `is_active` tinyint(1) NOT NULL,
  `flag` tinyint(1) NOT NULL,
  `created_by_id` int NOT NULL,
  `lr_booking_id` int DEFAULT NULL,
  `party_billing_id` int DEFAULT NULL,
  `reason_id` int DEFAULT NULL,
  `updated_by_id` int DEFAULT NULL,
  PRIMARY KEY (`id`),
  KEY `deduction_created_by_id_7e2bcd8b_fk_auth_user_id` (`created_by_id`),
  KEY `deduction_lr_booking_id_deed0f4f_fk_lr_bokking_lr_no` (`lr_booking_id`),
  KEY `deduction_party_billing_id_20002a0a_fk_party_billing_id` (`party_billing_id`),
  KEY `deduction_reason_id_096fb0c1_fk_deduction_reason_type_id` (`reason_id`),
  KEY `deduction_updated_by_id_066770d9_fk_auth_user_id` (`updated_by_id`),
  CONSTRAINT `deduction_created_by_id_7e2bcd8b_fk_auth_user_id` FOREIGN KEY (`created_by_id`) REFERENCES `auth_user` (`id`),
  CONSTRAINT `deduction_lr_booking_id_deed0f4f_fk_lr_bokking_lr_no` FOREIGN KEY (`lr_booking_id`) REFERENCES `lr_bokking` (`lr_no`),
  CONSTRAINT `deduction_party_billing_id_20002a0a_fk_party_billing_id` FOREIGN KEY (`party_billing_id`) REFERENCES `party_billing` (`id`),
  CONSTRAINT `deduction_reason_id_096fb0c1_fk_deduction_reason_type_id` FOREIGN KEY (`reason_id`) REFERENCES `deduction_reason_type` (`id`),
  CONSTRAINT `deduction_updated_by_id_066770d9_fk_auth_user_id` FOREIGN KEY (`updated_by_id`) REFERENCES `auth_user` (`id`)
) ENGINE=InnoDB AUTO_INCREMENT=7 DEFAULT CHARSET=utf8mb4 COLLATE=utf8mb4_0900_ai_ci;
/*!40101 SET character_set_client = @saved_cs_client */;

--
-- Dumping data for table `deduction`
--

LOCK TABLES `deduction` WRITE;
/*!40000 ALTER TABLE `deduction` DISABLE KEYS */;
INSERT INTO `deduction` VALUES (6,1000.00,'ALL OK','2025-03-16 06:34:53.693376','2025-03-16 06:34:53.693402',1,1,1,NULL,9,8,NULL);
/*!40000 ALTER TABLE `deduction` ENABLE KEYS */;
UNLOCK TABLES;

--
-- Table structure for table `deduction_reason_type`
--

DROP TABLE IF EXISTS `deduction_reason_type`;
/*!40101 SET @saved_cs_client     = @@character_set_client */;
/*!50503 SET character_set_client = utf8mb4 */;
CREATE TABLE `deduction_reason_type` (
  `id` int NOT NULL AUTO_INCREMENT,
  `type_name` varchar(255) NOT NULL,
  `created_at` datetime(6) NOT NULL,
  `updated_at` datetime(6) NOT NULL,
  `is_active` tinyint(1) NOT NULL,
  `flag` tinyint(1) NOT NULL,
  `created_by_id` int NOT NULL,
  `updated_by_id` int DEFAULT NULL,
  PRIMARY KEY (`id`),
  UNIQUE KEY `type_name` (`type_name`),
  KEY `deduction_reason_type_created_by_id_51626c7d_fk_auth_user_id` (`created_by_id`),
  KEY `deduction_reason_type_updated_by_id_8057a0d9_fk_auth_user_id` (`updated_by_id`),
  CONSTRAINT `deduction_reason_type_created_by_id_51626c7d_fk_auth_user_id` FOREIGN KEY (`created_by_id`) REFERENCES `auth_user` (`id`),
  CONSTRAINT `deduction_reason_type_updated_by_id_8057a0d9_fk_auth_user_id` FOREIGN KEY (`updated_by_id`) REFERENCES `auth_user` (`id`)
) ENGINE=InnoDB AUTO_INCREMENT=13 DEFAULT CHARSET=utf8mb4 COLLATE=utf8mb4_0900_ai_ci;
/*!40101 SET character_set_client = @saved_cs_client */;

--
-- Dumping data for table `deduction_reason_type`
--

LOCK TABLES `deduction_reason_type` WRITE;
/*!40000 ALTER TABLE `deduction_reason_type` DISABLE KEYS */;
INSERT INTO `deduction_reason_type` VALUES (1,'DAMAGE','2024-12-16 00:00:00.000000','2024-12-16 00:00:00.000000',1,1,1,NULL),(2,'SHORT','2024-12-16 00:00:00.000000','2024-12-16 00:00:00.000000',1,1,1,NULL),(3,'EXTRA HAMALI','2024-12-16 00:00:00.000000','2024-12-16 00:00:00.000000',1,1,1,NULL),(4,'KATA CHARGES','2024-12-16 00:00:00.000000','2024-12-16 00:00:00.000000',1,1,1,NULL),(5,'CRANE CHARGES','2024-12-16 00:00:00.000000','2024-12-16 00:00:00.000000',1,1,1,NULL),(6,'VOLTING CHARGES','2024-12-16 00:00:00.000000','2024-12-16 00:00:00.000000',1,1,1,NULL),(7,'MUM-BHIWANDI','2025-01-02 07:17:44.979096','2025-01-02 07:17:44.979120',1,1,1,NULL),(8,'MUMBAI','2025-01-07 13:40:11.875415','2025-01-07 13:40:11.875441',1,1,1,NULL),(9,'MUM-MUMBAI','2025-01-07 13:41:14.839235','2025-01-07 13:41:14.839261',1,1,1,NULL),(10,'SAMBHAJINAGAR','2025-02-14 13:00:58.325961','2025-02-14 13:02:38.223210',1,1,1,1),(11,'BELGAUM','2025-03-25 14:36:58.535362','2025-03-25 14:37:26.576521',1,1,1,1),(12,'LR CHARGES','2025-03-28 06:32:45.089884','2025-03-28 06:32:45.089909',1,1,1,NULL);
/*!40000 ALTER TABLE `deduction_reason_type` ENABLE KEYS */;
UNLOCK TABLES;

--
-- Table structure for table `delivery_statement`
--

DROP TABLE IF EXISTS `delivery_statement`;
/*!40101 SET @saved_cs_client     = @@character_set_client */;
/*!50503 SET character_set_client = utf8mb4 */;
CREATE TABLE `delivery_statement` (
  `id` int NOT NULL AUTO_INCREMENT,
  `delivery_no` varchar(10) NOT NULL,
  `date` date NOT NULL,
  `remarks` varchar(100) DEFAULT NULL,
  `lr_qty` decimal(10,2) DEFAULT NULL,
  `total_weight` decimal(10,2) NOT NULL,
  `created_at` datetime(6) NOT NULL,
  `updated_at` datetime(6) NOT NULL,
  `is_active` tinyint(1) NOT NULL,
  `flag` tinyint(1) NOT NULL,
  `printed_by_branch_manager` tinyint(1) NOT NULL,
  `branch_name_id` int DEFAULT NULL,
  `created_by_id` int NOT NULL,
  `updated_by_id` int DEFAULT NULL,
  PRIMARY KEY (`id`),
  UNIQUE KEY `delivery_no` (`delivery_no`),
  KEY `delivery_statement_branch_name_id_6ee6ef4d_fk_branch_master_id` (`branch_name_id`),
  KEY `delivery_statement_created_by_id_7140e29b_fk_auth_user_id` (`created_by_id`),
  KEY `delivery_statement_updated_by_id_e9b85a09_fk_auth_user_id` (`updated_by_id`),
  CONSTRAINT `delivery_statement_branch_name_id_6ee6ef4d_fk_branch_master_id` FOREIGN KEY (`branch_name_id`) REFERENCES `branch_master` (`id`),
  CONSTRAINT `delivery_statement_created_by_id_7140e29b_fk_auth_user_id` FOREIGN KEY (`created_by_id`) REFERENCES `auth_user` (`id`),
  CONSTRAINT `delivery_statement_updated_by_id_e9b85a09_fk_auth_user_id` FOREIGN KEY (`updated_by_id`) REFERENCES `auth_user` (`id`)
) ENGINE=InnoDB AUTO_INCREMENT=7 DEFAULT CHARSET=utf8mb4 COLLATE=utf8mb4_0900_ai_ci;
/*!40101 SET character_set_client = @saved_cs_client */;

--
-- Dumping data for table `delivery_statement`
--

LOCK TABLES `delivery_statement` WRITE;
/*!40000 ALTER TABLE `delivery_statement` DISABLE KEYS */;
INSERT INTO `delivery_statement` VALUES (5,'2411900001','2025-03-16',NULL,1.00,5500.00,'2025-03-16 06:26:13.876833','2025-03-16 06:26:13.876854',1,1,0,20,1,NULL),(6,'2410500001','2025-03-16',NULL,25.00,10000.00,'2025-03-16 09:54:15.828663','2025-03-16 09:54:15.828683',1,1,0,6,1,NULL);
/*!40000 ALTER TABLE `delivery_statement` ENABLE KEYS */;
UNLOCK TABLES;

--
-- Table structure for table `delivery_statement_lr_booking`
--

DROP TABLE IF EXISTS `delivery_statement_lr_booking`;
/*!40101 SET @saved_cs_client     = @@character_set_client */;
/*!50503 SET character_set_client = utf8mb4 */;
CREATE TABLE `delivery_statement_lr_booking` (
  `id` bigint NOT NULL AUTO_INCREMENT,
  `deliverystatement_id` int NOT NULL,
  `lr_bokking_id` int NOT NULL,
  PRIMARY KEY (`id`),
  UNIQUE KEY `delivery_statement_lr_bo_deliverystatement_id_lr__2eaae910_uniq` (`deliverystatement_id`,`lr_bokking_id`),
  KEY `delivery_statement_l_lr_bokking_id_f3388a62_fk_lr_bokkin` (`lr_bokking_id`),
  CONSTRAINT `delivery_statement_l_deliverystatement_id_9e164e57_fk_delivery_` FOREIGN KEY (`deliverystatement_id`) REFERENCES `delivery_statement` (`id`),
  CONSTRAINT `delivery_statement_l_lr_bokking_id_f3388a62_fk_lr_bokkin` FOREIGN KEY (`lr_bokking_id`) REFERENCES `lr_bokking` (`lr_no`)
) ENGINE=InnoDB AUTO_INCREMENT=7 DEFAULT CHARSET=utf8mb4 COLLATE=utf8mb4_0900_ai_ci;
/*!40101 SET character_set_client = @saved_cs_client */;

--
-- Dumping data for table `delivery_statement_lr_booking`
--

LOCK TABLES `delivery_statement_lr_booking` WRITE;
/*!40000 ALTER TABLE `delivery_statement_lr_booking` DISABLE KEYS */;
INSERT INTO `delivery_statement_lr_booking` VALUES (5,5,41),(6,6,37);
/*!40000 ALTER TABLE `delivery_statement_lr_booking` ENABLE KEYS */;
UNLOCK TABLES;

--
-- Table structure for table `delivery_types`
--

DROP TABLE IF EXISTS `delivery_types`;
/*!40101 SET @saved_cs_client     = @@character_set_client */;
/*!50503 SET character_set_client = utf8mb4 */;
CREATE TABLE `delivery_types` (
  `id` int NOT NULL AUTO_INCREMENT,
  `type_name` varchar(255) NOT NULL,
  `created_at` datetime(6) NOT NULL,
  `updated_at` datetime(6) NOT NULL,
  `is_active` tinyint(1) NOT NULL,
  `is_show_booking_memo` tinyint(1) NOT NULL,
  `flag` tinyint(1) NOT NULL,
  `created_by_id` int NOT NULL,
  `updated_by_id` int DEFAULT NULL,
  PRIMARY KEY (`id`),
  UNIQUE KEY `type_name` (`type_name`),
  KEY `delivery_types_created_by_id_6ba25aab_fk_auth_user_id` (`created_by_id`),
  KEY `delivery_types_updated_by_id_e5c01d6d_fk_auth_user_id` (`updated_by_id`),
  CONSTRAINT `delivery_types_created_by_id_6ba25aab_fk_auth_user_id` FOREIGN KEY (`created_by_id`) REFERENCES `auth_user` (`id`),
  CONSTRAINT `delivery_types_updated_by_id_e5c01d6d_fk_auth_user_id` FOREIGN KEY (`updated_by_id`) REFERENCES `auth_user` (`id`)
) ENGINE=InnoDB AUTO_INCREMENT=4 DEFAULT CHARSET=utf8mb4 COLLATE=utf8mb4_0900_ai_ci;
/*!40101 SET character_set_client = @saved_cs_client */;

--
-- Dumping data for table `delivery_types`
--

LOCK TABLES `delivery_types` WRITE;
/*!40000 ALTER TABLE `delivery_types` DISABLE KEYS */;
INSERT INTO `delivery_types` VALUES (1,'LOCAL','2024-12-16 00:00:00.000000','2024-12-16 00:00:00.000000',1,1,1,1,NULL),(2,'GODOWN','2024-12-16 00:00:00.000000','2024-12-16 00:00:00.000000',1,1,1,1,NULL),(3,'FTL','2024-12-16 00:00:00.000000','2024-12-16 00:00:00.000000',1,1,1,1,NULL);
/*!40000 ALTER TABLE `delivery_types` ENABLE KEYS */;
UNLOCK TABLES;

--
-- Table structure for table `delivery_vehicleexpense`
--

DROP TABLE IF EXISTS `delivery_vehicleexpense`;
/*!40101 SET @saved_cs_client     = @@character_set_client */;
/*!50503 SET character_set_client = utf8mb4 */;
CREATE TABLE `delivery_vehicleexpense` (
  `id` bigint NOT NULL AUTO_INCREMENT,
  `diesel` decimal(10,2) NOT NULL,
  `toll` decimal(10,2) NOT NULL,
  `driver_advance` decimal(10,2) NOT NULL,
  `vehicle_fine` decimal(10,2) NOT NULL,
  `vehicle_maintenance` decimal(10,2) NOT NULL,
  `other_chrgs` decimal(10,2) NOT NULL,
  `total_amount` decimal(10,2) NOT NULL,
  `created_at` datetime(6) NOT NULL,
  `updated_at` datetime(6) NOT NULL,
  `is_active` tinyint(1) NOT NULL,
  `flag` tinyint(1) NOT NULL,
  `created_by_id` int NOT NULL,
  `from_branch_id` int DEFAULT NULL,
  `to_branch_id` int DEFAULT NULL,
  `updated_by_id` int DEFAULT NULL,
  `vehicle_no_id` int DEFAULT NULL,
  `broker_advance` decimal(10,2) NOT NULL,
  `broker_balance` decimal(10,2) NOT NULL,
  `broker_name_id` int DEFAULT NULL,
  `date` date DEFAULT NULL,
  `pay_status` varchar(10) NOT NULL,
  `vehicle_hire` decimal(10,2) NOT NULL,
  `loading_hamali` decimal(10,2) DEFAULT '0.00',
  `unloading_hamali` decimal(10,2) DEFAULT '0.00',
  `waight_slip_charg` decimal(10,2) DEFAULT '0.00',
  `remark` varchar(100) DEFAULT NULL,
  `to_b` varchar(255) DEFAULT NULL,
  `from_b` varchar(255) DEFAULT NULL,
  `payment_date` date DEFAULT NULL,
  `utr_no` varchar(255) DEFAULT NULL,
  `from_branch` varchar(255) DEFAULT NULL,
  `to_branch` varchar(255) DEFAULT NULL,
  `lr_number` varchar(100) DEFAULT NULL,
  `total_deduction` decimal(10,2) DEFAULT '0.00',
  `total_profit` decimal(10,2) DEFAULT '0.00',
  `total_diesel_litre` decimal(10,2) DEFAULT '0.00' COMMENT 'Total diesel in litres',
  `vehicle_avg` decimal(5,2) DEFAULT '0.00' COMMENT 'Vehicle mileage (km per litre)',
  `total_km` int unsigned DEFAULT '0' COMMENT 'Total kilometers traveled',
  `end_km` int unsigned DEFAULT '0' COMMENT 'Total kilometers traveled',
  `start_km` int unsigned DEFAULT '0' COMMENT 'Total kilometers traveled',
  PRIMARY KEY (`id`),
  KEY `delivery_vehicleexpense_created_by_id_052fef9a_fk_auth_user_id` (`created_by_id`),
  KEY `delivery_vehicleexpe_from_branch_id_1f7857a5_fk_branch_ma` (`from_branch_id`),
  KEY `delivery_vehicleexpe_to_branch_id_77754a3e_fk_branch_ma` (`to_branch_id`),
  KEY `delivery_vehicleexpense_updated_by_id_309067bc_fk_auth_user_id` (`updated_by_id`),
  KEY `delivery_vehicleexpe_vehicle_no_id_98628fe7_fk_vehical_m` (`vehicle_no_id`),
  KEY `delivery_vehicleexpe_broker_name_id_dd069490_fk_owner_mas` (`broker_name_id`),
  CONSTRAINT `delivery_vehicleexpe_broker_name_id_dd069490_fk_owner_mas` FOREIGN KEY (`broker_name_id`) REFERENCES `owner_master` (`id`),
  CONSTRAINT `delivery_vehicleexpe_from_branch_id_1f7857a5_fk_branch_ma` FOREIGN KEY (`from_branch_id`) REFERENCES `branch_master` (`id`),
  CONSTRAINT `delivery_vehicleexpe_to_branch_id_77754a3e_fk_branch_ma` FOREIGN KEY (`to_branch_id`) REFERENCES `branch_master` (`id`),
  CONSTRAINT `delivery_vehicleexpe_vehicle_no_id_98628fe7_fk_vehical_m` FOREIGN KEY (`vehicle_no_id`) REFERENCES `vehical_master` (`id`),
  CONSTRAINT `delivery_vehicleexpense_created_by_id_052fef9a_fk_auth_user_id` FOREIGN KEY (`created_by_id`) REFERENCES `auth_user` (`id`),
  CONSTRAINT `delivery_vehicleexpense_updated_by_id_309067bc_fk_auth_user_id` FOREIGN KEY (`updated_by_id`) REFERENCES `auth_user` (`id`)
) ENGINE=InnoDB AUTO_INCREMENT=132 DEFAULT CHARSET=utf8mb4 COLLATE=utf8mb4_0900_ai_ci;
/*!40101 SET character_set_client = @saved_cs_client */;

--
-- Dumping data for table `delivery_vehicleexpense`
--

LOCK TABLES `delivery_vehicleexpense` WRITE;
/*!40000 ALTER TABLE `delivery_vehicleexpense` DISABLE KEYS */;
INSERT INTO `delivery_vehicleexpense` VALUES (8,0.00,0.00,0.00,0.00,0.00,0.00,7500.00,'2025-03-01 12:29:48.862304','2025-03-01 12:29:48.862323',1,1,1,NULL,NULL,NULL,14,0.00,7500.00,3,'2025-02-01','PAID',7500.00,0.00,0.00,0.00,NULL,'TAKVE','JNPT','2025-03-01','1233',NULL,NULL,NULL,0.00,0.00,0.00,0.00,0,0,0),(9,0.00,0.00,0.00,0.00,0.00,0.00,8000.00,'2025-03-01 12:31:21.313792','2025-03-10 04:13:06.479388',1,1,1,NULL,NULL,1,10,0.00,8000.00,7,'2025-02-01','PAID',8000.00,0.00,0.00,0.00,NULL,'KHOPOLI','RANJANGAON','2025-03-10','123',NULL,NULL,NULL,0.00,0.00,0.00,0.00,0,0,0),(10,0.00,0.00,0.00,0.00,0.00,0.00,10000.00,'2025-03-01 12:33:09.592365','2025-03-01 12:33:09.592386',1,1,1,NULL,NULL,NULL,6,0.00,10000.00,8,'2025-02-01','PAID',10000.00,0.00,0.00,0.00,NULL,'CHAKAN','BHIWANDI','2025-03-01','123',NULL,NULL,NULL,0.00,0.00,0.00,0.00,0,0,0),(11,0.00,0.00,0.00,0.00,0.00,0.00,9500.00,'2025-03-01 12:41:05.902184','2025-03-01 12:41:05.902205',1,1,1,NULL,NULL,NULL,14,0.00,9500.00,9,'2025-02-03','PAID',9500.00,0.00,0.00,0.00,NULL,'JNPT','RAHU','2025-03-01','1233',NULL,NULL,NULL,0.00,0.00,0.00,0.00,0,0,0),(12,0.00,0.00,0.00,0.00,0.00,0.00,9500.00,'2025-03-01 12:41:52.571168','2025-03-01 12:41:52.571187',1,1,1,NULL,NULL,NULL,6,0.00,9500.00,9,'2025-02-03','PAID',9500.00,0.00,0.00,0.00,NULL,'JNPT','RAHU','2025-02-28','12345',NULL,NULL,NULL,0.00,0.00,0.00,0.00,0,0,0),(13,0.00,0.00,0.00,0.00,0.00,0.00,9500.00,'2025-03-01 12:43:51.888746','2025-03-01 12:43:51.888767',1,1,1,NULL,NULL,NULL,10,0.00,9500.00,10,'2025-02-03','PAID',9500.00,0.00,0.00,0.00,NULL,'BHIMA KOREGAON','TALOJA','2025-03-01','456',NULL,NULL,NULL,0.00,0.00,0.00,0.00,0,0,0),(14,0.00,0.00,0.00,0.00,0.00,0.00,11000.00,'2025-03-01 12:44:46.207932','2025-03-10 04:13:29.569257',1,1,1,NULL,NULL,1,10,9500.00,1500.00,7,'2025-02-05','PAID',11000.00,0.00,0.00,0.00,NULL,'ALIBAUG','RANJANGAON','2025-03-10','123',NULL,NULL,NULL,0.00,0.00,0.00,0.00,0,0,0),(15,0.00,0.00,0.00,0.00,0.00,0.00,12000.00,'2025-03-01 12:50:29.971504','2025-03-10 10:41:34.307854',1,1,1,NULL,NULL,1,14,10000.00,2000.00,11,'2025-02-05','PAID',12000.00,0.00,0.00,0.00,NULL,'RANJNGAON','NAGOTHANE','2025-03-10','123',NULL,NULL,NULL,0.00,0.00,0.00,0.00,0,0,0),(16,0.00,0.00,0.00,0.00,0.00,0.00,10000.00,'2025-03-01 12:51:25.209940','2025-03-10 10:41:55.065694',1,1,1,NULL,NULL,1,6,7000.00,3000.00,11,'2025-02-05','PAID',10000.00,0.00,0.00,0.00,NULL,'RANJNGAON','NAGOTHANE','2025-03-10','123',NULL,NULL,NULL,0.00,0.00,0.00,0.00,0,0,0),(17,0.00,0.00,0.00,0.00,0.00,0.00,10000.00,'2025-03-01 12:52:11.728762','2025-03-10 10:42:08.150308',1,1,1,NULL,NULL,1,10,8000.00,2000.00,11,'2025-02-06','PAID',10000.00,0.00,0.00,0.00,NULL,'RANJNGAON','NAGOTHANE','2025-03-10','123',NULL,NULL,NULL,0.00,0.00,0.00,0.00,0,0,0),(18,0.00,0.00,0.00,0.00,0.00,0.00,10000.00,'2025-03-01 12:54:32.497414','2025-03-10 04:15:19.961331',0,1,1,NULL,NULL,NULL,14,0.00,10000.00,12,'2025-02-06','PENDING',10000.00,0.00,0.00,0.00,NULL,'JNPT','RANJANGAON',NULL,NULL,NULL,NULL,NULL,0.00,0.00,0.00,0.00,0,0,0),(19,0.00,0.00,0.00,0.00,0.00,0.00,10000.00,'2025-03-01 12:56:33.116161','2025-03-01 14:34:25.927659',1,1,1,NULL,NULL,1,6,0.00,10000.00,12,'2025-02-06','PAID',10000.00,0.00,0.00,0.00,NULL,'JNPT','RANJANGAON','2025-03-01',NULL,NULL,NULL,NULL,0.00,0.00,0.00,0.00,0,0,0),(20,0.00,0.00,0.00,0.00,0.00,0.00,10000.00,'2025-03-01 12:58:29.401417','2025-03-01 12:58:29.401436',1,1,1,NULL,NULL,NULL,14,0.00,10000.00,12,'2025-02-06','PAID',10000.00,0.00,0.00,0.00,'141','JNPT','RANJANGAON','2025-03-01','45454',NULL,NULL,NULL,0.00,0.00,0.00,0.00,0,0,0),(21,0.00,0.00,0.00,0.00,0.00,0.00,10000.00,'2025-03-01 12:58:46.633414','2025-03-01 12:58:46.633434',1,1,1,NULL,NULL,NULL,6,0.00,10000.00,12,'2025-02-06','PAID',10000.00,0.00,0.00,0.00,'45','JNPT','RANJANGAON','2025-03-01','4554',NULL,NULL,NULL,0.00,0.00,0.00,0.00,0,0,0),(22,0.00,0.00,0.00,0.00,0.00,0.00,10000.00,'2025-03-01 13:03:41.482034','2025-03-10 10:42:25.890679',1,1,1,NULL,NULL,1,14,8000.00,2000.00,11,'2025-02-07','PAID',10000.00,0.00,0.00,0.00,NULL,'RANJNGAON','NAGOTHANE','2025-03-10','123',NULL,NULL,NULL,0.00,0.00,0.00,0.00,0,0,0),(23,0.00,0.00,0.00,0.00,0.00,1000.00,8500.00,'2025-03-01 13:07:42.207752','2025-03-10 04:15:41.388422',1,1,1,NULL,NULL,1,10,6500.00,2000.00,7,'2025-02-07','PAID',8500.00,100.00,2427.00,100.00,NULL,'PANVEL','RANJANGAON','2025-03-10','123',NULL,NULL,NULL,0.00,0.00,0.00,0.00,0,0,0),(24,0.00,0.00,0.00,0.00,0.00,0.00,10000.00,'2025-03-01 13:08:32.856333','2025-03-10 10:42:40.015539',1,1,1,NULL,NULL,1,6,7500.00,2500.00,11,'2025-02-08','PAID',10000.00,0.00,0.00,0.00,NULL,'RANJNGAON','NAGOTHANE','2025-03-10','123',NULL,NULL,NULL,0.00,0.00,0.00,0.00,0,0,0),(25,0.00,0.00,0.00,0.00,0.00,0.00,7000.00,'2025-03-01 13:12:34.585835','2025-03-27 14:42:37.517317',1,1,1,NULL,NULL,1,10,6000.00,1000.00,13,'2025-02-08','PAID',7000.00,0.00,0.00,0.00,'370754401888','SANASWADI','KHOPOLI','2025-03-27','370754401888',NULL,NULL,NULL,0.00,0.00,0.00,0.00,0,0,0),(26,0.00,0.00,0.00,0.00,0.00,0.00,7000.00,'2025-03-01 13:15:20.446004','2025-03-01 13:15:20.446026',1,1,1,NULL,NULL,NULL,10,0.00,7000.00,14,'2025-02-10','PAID',7000.00,0.00,0.00,0.00,'455','TALOJA','RANJANGAON','2025-03-01','4566',NULL,NULL,NULL,0.00,0.00,0.00,0.00,0,0,0),(27,0.00,0.00,0.00,0.00,0.00,0.00,15000.00,'2025-03-01 13:19:12.389018','2025-03-01 13:19:12.389038',1,1,1,NULL,NULL,NULL,14,0.00,15000.00,15,'2025-02-10','PAID',15000.00,0.00,0.00,0.00,'1245','MIRA ROAD','SUPA','2025-03-01','456',NULL,NULL,NULL,0.00,0.00,0.00,0.00,0,0,0),(28,0.00,0.00,0.00,0.00,0.00,0.00,15000.00,'2025-03-01 13:22:20.273146','2025-03-01 13:22:20.273167',1,1,1,NULL,NULL,NULL,6,0.00,15000.00,15,'2025-02-10','PAID',15000.00,0.00,0.00,0.00,'45','MIRA ROAD','SUPA','2025-03-01','4546',NULL,NULL,NULL,0.00,0.00,0.00,0.00,0,0,0),(29,0.00,0.00,0.00,0.00,0.00,0.00,9300.00,'2025-03-01 13:23:36.492692','2025-03-01 13:23:36.492712',1,1,1,NULL,NULL,NULL,10,0.00,9300.00,3,'2025-02-11','PAID',9300.00,0.00,0.00,0.00,'4545','RANJNGAON','RABALE',NULL,'4564',NULL,NULL,NULL,0.00,0.00,0.00,0.00,0,0,0),(30,0.00,0.00,0.00,0.00,0.00,0.00,10000.00,'2025-03-01 13:25:09.075392','2025-03-01 13:25:09.075411',1,1,1,NULL,NULL,NULL,14,0.00,10000.00,3,'2025-02-12','PAID',10000.00,0.00,0.00,0.00,'4554','CHAKAN','BHIWANDI','2025-03-01','45456',NULL,NULL,NULL,0.00,0.00,0.00,0.00,0,0,0),(31,0.00,0.00,0.00,0.00,0.00,0.00,11000.00,'2025-03-01 13:26:12.348112','2025-03-10 04:17:41.913955',1,1,1,NULL,NULL,1,10,9500.00,1500.00,7,'2025-02-12','PAID',11000.00,0.00,0.00,0.00,NULL,'ALIBAUG','RANJANGAON','2025-03-10',NULL,NULL,NULL,NULL,0.00,0.00,0.00,0.00,0,0,0),(32,0.00,0.00,0.00,0.00,0.00,0.00,9900.00,'2025-03-01 13:28:44.476812','2025-03-01 13:28:44.476831',1,1,1,NULL,NULL,NULL,6,0.00,9900.00,3,'2025-02-12','PAID',9900.00,0.00,0.00,0.00,'4545','CHAKAN','BHIWANDI','2025-03-01','4545',NULL,NULL,NULL,0.00,0.00,0.00,0.00,0,0,0),(33,0.00,0.00,0.00,0.00,0.00,0.00,5800.00,'2025-03-01 13:30:12.528268','2025-03-01 13:31:33.044603',1,1,1,NULL,NULL,1,6,0.00,5800.00,16,'2025-02-13','PAID',5800.00,0.00,0.00,0.00,'45','JNPT','CHAKAN','2025-03-01','454',NULL,NULL,NULL,0.00,0.00,0.00,0.00,0,0,0),(34,0.00,0.00,0.00,0.00,0.00,0.00,10000.00,'2025-03-01 13:30:25.037058','2025-03-01 13:34:38.014835',1,1,1,NULL,NULL,1,10,8000.00,2000.00,11,'2025-02-13','PAID',10000.00,0.00,0.00,0.00,'45','RANJNGAON','NAGOTHANE','2025-03-01','454',NULL,NULL,NULL,0.00,0.00,0.00,0.00,0,0,0),(35,0.00,0.00,0.00,0.00,0.00,0.00,13500.00,'2025-03-01 13:36:37.492757','2025-03-01 13:36:37.492777',1,1,1,NULL,NULL,NULL,14,0.00,13500.00,15,'2025-02-14','PAID',13500.00,0.00,0.00,0.00,NULL,'PATALGANGA','SUPA','2025-03-01',NULL,NULL,NULL,NULL,0.00,0.00,0.00,0.00,0,0,0),(36,0.00,0.00,0.00,0.00,0.00,0.00,9706.00,'2025-03-01 13:38:09.312432','2025-03-10 04:18:04.093512',1,1,1,NULL,NULL,1,10,7706.00,2000.00,7,'2025-02-14','PAID',9706.00,0.00,0.00,0.00,NULL,'PEN','RANJANGAON','2025-03-10','123',NULL,NULL,NULL,0.00,0.00,0.00,0.00,0,0,0),(37,0.00,0.00,0.00,0.00,0.00,0.00,12000.00,'2025-03-01 13:39:18.561970','2025-03-01 13:39:18.561989',1,1,1,NULL,NULL,NULL,6,0.00,12000.00,15,'2025-02-15','PAID',12000.00,0.00,0.00,0.00,NULL,'RANJNGAON','JNPT','2025-03-01',NULL,NULL,NULL,NULL,0.00,0.00,0.00,0.00,0,0,0),(38,0.00,0.00,0.00,0.00,0.00,0.00,11000.00,'2025-03-01 13:42:27.723678','2025-03-10 10:42:59.049041',1,1,1,NULL,NULL,1,14,9000.00,2000.00,11,'2025-02-15','PAID',11000.00,0.00,0.00,0.00,NULL,'SUPA','NAGOTHANE','2025-03-10','123',NULL,NULL,NULL,0.00,0.00,0.00,0.00,0,0,0),(39,0.00,0.00,0.00,0.00,0.00,0.00,10000.00,'2025-03-01 13:44:17.311525','2025-03-10 10:43:40.663767',1,1,1,NULL,NULL,1,10,8000.00,2000.00,11,'2025-02-15','PAID',10000.00,0.00,0.00,0.00,NULL,'RANJNGAON','NAGOTHANE','2025-03-10','123',NULL,NULL,NULL,0.00,0.00,0.00,0.00,0,0,0),(40,0.00,0.00,0.00,0.00,0.00,0.00,8500.00,'2025-03-01 13:46:39.342500','2025-04-05 12:39:45.077319',1,1,1,NULL,NULL,1,14,8000.00,500.00,17,'2025-02-16','PAID',8500.00,0.00,0.00,0.00,NULL,'KHOPOLI','SANASWADI','2025-04-05',NULL,NULL,NULL,NULL,0.00,0.00,0.00,0.00,0,0,0),(41,0.00,0.00,0.00,0.00,0.00,0.00,8500.00,'2025-03-01 13:47:30.781341','2025-04-05 12:39:58.203563',1,1,1,NULL,NULL,1,6,8000.00,500.00,17,'2025-02-16','PAID',8500.00,0.00,0.00,0.00,NULL,'KHOPOLI','SANASWADI','2025-04-05','OK',NULL,NULL,NULL,0.00,0.00,0.00,0.00,0,0,0),(42,0.00,0.00,0.00,0.00,0.00,0.00,10000.00,'2025-03-01 13:47:32.727252','2025-03-10 10:44:15.402670',1,1,1,NULL,NULL,1,6,8000.00,2000.00,11,'2025-02-17','PAID',10000.00,0.00,0.00,0.00,NULL,'RANJNGAON','NAGOTHANE','2025-03-10','123',NULL,NULL,NULL,0.00,0.00,0.00,0.00,0,0,0),(43,0.00,0.00,0.00,0.00,0.00,0.00,10000.00,'2025-03-01 13:49:29.236811','2025-03-10 10:46:59.699570',1,1,1,NULL,NULL,1,14,8000.00,2000.00,11,'2025-02-17','PAID',10000.00,0.00,0.00,0.00,NULL,'RANJNGAON','NAGOTHANE','2025-03-10','123',NULL,NULL,NULL,0.00,0.00,0.00,0.00,0,0,0),(44,0.00,0.00,0.00,0.00,0.00,0.00,11400.00,'2025-03-01 13:50:46.051565','2025-03-10 04:16:10.648264',1,1,1,NULL,NULL,1,10,9903.00,1497.00,7,'2025-02-17','PAID',11400.00,0.00,0.00,0.00,NULL,'MAHAD','RANJANGAON','2025-03-10','123',NULL,NULL,NULL,0.00,0.00,0.00,0.00,0,0,0),(45,0.00,0.00,0.00,0.00,0.00,0.00,10000.00,'2025-03-01 13:52:11.978195','2025-03-10 10:45:58.197211',1,1,1,NULL,NULL,1,10,8000.00,2000.00,11,'2025-02-18','PAID',10000.00,0.00,0.00,0.00,NULL,'RANJNGAON','NAGOTHANE','2025-03-10','123',NULL,NULL,NULL,0.00,0.00,0.00,0.00,0,0,0),(46,0.00,0.00,0.00,0.00,0.00,0.00,10720.00,'2025-03-01 13:53:13.200972','2025-03-10 04:17:21.118735',1,1,1,NULL,NULL,1,14,9220.00,1500.00,7,'2025-02-18','PAID',10720.00,0.00,0.00,0.00,NULL,'ROHA','RANJANGAON','2025-03-10','123',NULL,NULL,NULL,0.00,0.00,0.00,0.00,0,0,0),(47,0.00,0.00,0.00,0.00,0.00,0.00,9757.00,'2025-03-01 13:54:15.256863','2025-03-10 04:18:32.098675',1,1,1,NULL,NULL,1,6,7757.00,2000.00,7,'2025-02-18','PAID',9757.00,0.00,0.00,0.00,NULL,'PEN','RANJANGAON','2025-03-10','123',NULL,NULL,NULL,0.00,0.00,0.00,0.00,0,0,0),(48,0.00,0.00,0.00,0.00,0.00,0.00,10000.00,'2025-03-01 13:56:09.720263','2025-03-10 10:46:29.823657',1,1,1,NULL,NULL,1,14,8000.00,2000.00,11,'2025-02-19','PAID',10000.00,0.00,0.00,0.00,NULL,'RANJNGAON','NAGOTHANE','2025-03-10','123',NULL,NULL,NULL,0.00,0.00,0.00,0.00,0,0,0),(49,0.00,0.00,0.00,0.00,0.00,0.00,11000.00,'2025-03-01 13:59:58.089829','2025-03-01 13:59:58.089849',1,1,1,NULL,NULL,NULL,6,9000.00,2000.00,18,'2025-02-19','PENDING',11000.00,0.00,0.00,0.00,NULL,'RANJNGAON','NAGOTHANE',NULL,NULL,NULL,NULL,NULL,0.00,0.00,0.00,0.00,0,0,0),(50,0.00,0.00,0.00,0.00,0.00,0.00,10000.00,'2025-03-01 14:02:07.068177','2025-03-01 14:02:07.068197',1,1,1,NULL,NULL,NULL,10,0.00,10000.00,20,'2025-02-20','PAID',10000.00,0.00,0.00,0.00,NULL,'JNPT','SUPA','2025-03-01',NULL,NULL,NULL,NULL,0.00,0.00,0.00,0.00,0,0,0),(51,0.00,0.00,0.00,0.00,0.00,0.00,10000.00,'2025-03-01 14:03:06.995363','2025-03-10 04:16:38.963647',1,1,1,NULL,NULL,1,14,0.00,10000.00,12,'2025-02-21','PAID',10000.00,0.00,0.00,0.00,NULL,'JNPT','RANJANGAON','2025-03-10','123',NULL,NULL,NULL,0.00,0.00,0.00,0.00,0,0,0),(52,0.00,0.00,0.00,0.00,0.00,0.00,10000.00,'2025-03-01 14:04:05.154880','2025-03-10 04:18:56.713527',1,1,1,NULL,NULL,1,6,0.00,10000.00,12,'2025-02-21','PAID',10000.00,0.00,0.00,0.00,NULL,'JNPT','RANJANGAON','2025-03-10','123',NULL,NULL,NULL,0.00,0.00,0.00,0.00,0,0,0),(53,0.00,0.00,0.00,0.00,0.00,0.00,10000.00,'2025-03-01 14:05:13.466959','2025-03-01 14:05:13.466981',1,1,1,NULL,NULL,NULL,10,8000.00,2000.00,18,'2025-02-22','PENDING',10000.00,0.00,0.00,0.00,NULL,'RANJNGAON','NAGOTHANE',NULL,NULL,NULL,NULL,NULL,0.00,0.00,0.00,0.00,0,0,0),(54,0.00,0.00,0.00,0.00,0.00,0.00,14000.00,'2025-03-01 14:08:58.397510','2025-03-13 04:31:54.505815',1,1,1,NULL,NULL,1,14,0.00,14000.00,10,'2025-02-23','PAID',14000.00,0.00,0.00,0.00,NULL,'BHIMA KOREGAON','TALOJA','2025-03-13','507232762416',NULL,NULL,NULL,0.00,0.00,0.00,0.00,0,0,0),(55,0.00,0.00,0.00,0.00,0.00,0.00,22000.00,'2025-03-01 14:09:40.242361','2025-03-13 04:32:40.843029',1,1,1,NULL,NULL,1,6,0.00,22000.00,10,'2025-02-23','PAID',22000.00,0.00,0.00,0.00,NULL,'BHIMA KOREGAON','TALOJA','2025-03-13','507229563173',NULL,NULL,NULL,0.00,0.00,0.00,0.00,0,0,0),(56,0.00,0.00,0.00,0.00,0.00,0.00,11221.00,'2025-03-01 14:10:50.630828','2025-03-10 04:19:20.343660',1,1,1,NULL,NULL,1,10,9221.00,2000.00,7,'2025-02-24','PAID',11221.00,0.00,0.00,0.00,NULL,'PANVEL','RANJANGAON','2025-03-10','123',NULL,NULL,NULL,0.00,0.00,0.00,0.00,0,0,0),(57,0.00,0.00,0.00,0.00,0.00,0.00,10000.00,'2025-03-01 14:13:02.709875','2025-03-10 10:45:34.516962',1,1,1,NULL,NULL,1,10,8000.00,2000.00,11,'2025-02-25','PAID',10000.00,0.00,0.00,0.00,NULL,'RANJNGAON','NAGOTHANE','2025-03-10','123',NULL,NULL,NULL,0.00,0.00,0.00,0.00,0,0,0),(58,0.00,0.00,0.00,0.00,0.00,0.00,11000.00,'2025-03-01 14:13:55.972316','2025-03-10 04:19:32.673133',1,1,1,NULL,NULL,1,10,9500.00,1500.00,7,'2025-02-26','PAID',11000.00,0.00,0.00,0.00,NULL,'ALIBAUG','RANJANGAON','2025-03-10','123',NULL,NULL,NULL,0.00,0.00,0.00,0.00,0,0,0),(59,0.00,0.00,0.00,0.00,0.00,0.00,10000.00,'2025-03-01 14:14:59.562090','2025-03-10 10:45:13.213750',1,1,1,NULL,NULL,1,10,7000.00,3000.00,11,'2025-02-27','PAID',10000.00,0.00,0.00,0.00,NULL,'CHAKAN','NAGOTHANE','2025-03-10','123',NULL,NULL,NULL,0.00,0.00,0.00,0.00,0,0,0),(60,0.00,0.00,0.00,0.00,0.00,0.00,11029.00,'2025-03-01 14:16:28.426337','2025-03-10 04:19:43.758829',1,1,1,NULL,NULL,1,6,9029.00,2000.00,7,'2025-02-27','PAID',11029.00,0.00,0.00,0.00,NULL,'PANVEL','RANJANGAON','2025-03-10',NULL,NULL,NULL,NULL,0.00,0.00,0.00,0.00,0,0,0),(61,0.00,0.00,0.00,0.00,0.00,0.00,11476.00,'2025-03-01 14:19:31.471309','2025-03-10 04:20:43.428513',1,1,1,NULL,NULL,1,10,9476.00,2000.00,7,'2025-02-28','PAID',11476.00,0.00,0.00,0.00,NULL,'PANVEL','RANJANGAON','2025-03-10','123',NULL,NULL,NULL,0.00,0.00,0.00,0.00,0,0,0),(62,0.00,0.00,0.00,0.00,0.00,0.00,9821.00,'2025-03-01 14:20:25.800573','2025-03-10 04:20:54.972830',1,1,1,NULL,NULL,1,14,7821.00,2000.00,7,'2025-02-28','PAID',9821.00,0.00,0.00,0.00,NULL,'PEN','RANJANGAON','2025-03-10',NULL,NULL,NULL,NULL,0.00,0.00,0.00,0.00,0,0,0),(63,0.00,0.00,0.00,0.00,0.00,0.00,10500.00,'2025-03-01 14:28:08.691883','2025-03-23 06:12:07.713877',1,1,1,NULL,NULL,1,6,0.00,10500.00,21,'2025-02-28','PAID',10500.00,0.00,0.00,0.00,'','RANJNGAON','JNPT','2025-03-20','MB20135155848T32320979',NULL,NULL,NULL,0.00,10500.00,0.00,0.00,0,0,0),(64,45.00,45.00,50.00,50.00,50.00,55.00,11561.00,'2025-03-03 09:04:09.690750','2025-03-03 09:04:42.081600',0,1,1,NULL,NULL,1,2,46000.00,-34439.00,21,'2025-02-27','PAID',4500.00,646.00,655.00,5465.00,NULL,'PUNE','SATARA','2025-02-26','456232',NULL,NULL,'2410200002',0.00,0.00,0.00,0.00,0,0,0),(65,100.00,100.00,100.00,100.00,100.00,100.00,5400.00,'2025-03-05 11:56:59.794178','2025-03-05 12:09:56.343828',0,1,1,NULL,NULL,1,18,400.00,5000.00,21,'2025-03-05','PAID',5000.00,100.00,100.00,100.00,'OK','SAN-SANGLI','SATARA','2025-03-06','4487979',NULL,NULL,'2410200002',500.00,4900.00,10.00,10.00,100,100,0),(66,9058.00,1500.00,2000.00,0.00,0.00,2000.00,12807.00,'2025-03-10 04:23:34.913370','2025-03-27 15:02:14.132648',1,1,1,NULL,NULL,1,6,8807.00,4000.00,7,'2025-03-01','PENDING',8500.00,0.00,2307.00,0.00,'02 DAYS HOLDING','PANVEL','RANJANGAON',NULL,NULL,NULL,NULL,'8319183',12558.00,249.00,0.00,0.00,0,0,0),(67,0.00,0.00,0.00,0.00,0.00,0.00,11900.00,'2025-03-10 04:25:22.465638','2025-03-23 06:14:55.967511',1,1,1,NULL,NULL,1,14,0.00,11900.00,22,'2025-03-01','PAID',9500.00,0.00,2400.00,0.00,NULL,'RANJNGAON','TALOJA','2025-03-18','101692908902',NULL,NULL,'3887',0.00,11900.00,0.00,0.00,0,0,0),(68,0.00,0.00,0.00,0.00,0.00,0.00,7000.00,'2025-03-10 04:26:22.196695','2025-03-27 14:42:51.639579',1,1,1,NULL,NULL,1,10,6000.00,1000.00,13,'2025-03-02','PAID',7000.00,0.00,0.00,0.00,'370754401888','SANASWADI','KHOPOLI','2025-03-27','370754401888',NULL,NULL,NULL,0.00,7000.00,0.00,0.00,0,0,0),(69,0.00,1500.00,2000.00,0.00,0.00,0.00,6500.00,'2025-03-10 04:28:43.417257','2025-03-27 15:02:39.021888',1,1,1,NULL,NULL,1,10,0.00,6500.00,23,'2025-03-03','PAID',6500.00,0.00,0.00,0.00,NULL,'TALOJA','SANASWADI','2025-03-04','062081391692',NULL,NULL,NULL,3500.00,3000.00,0.00,0.00,0,0,0),(70,0.00,0.00,0.00,0.00,0.00,0.00,10000.00,'2025-03-10 04:33:01.738174','2025-03-23 06:12:51.011434',1,1,1,NULL,NULL,1,10,0.00,10000.00,21,'2025-03-04','PAID',10000.00,0.00,0.00,0.00,NULL,'SANASWADI','JNPT','2025-03-20','MB20135155848T32320979',NULL,NULL,'25005793L',0.00,10000.00,0.00,0.00,0,0,0),(71,0.00,1500.00,1500.00,0.00,0.00,0.00,8500.00,'2025-03-10 04:43:09.825942','2025-03-27 15:08:23.808491',1,1,1,NULL,NULL,1,10,5000.00,3500.00,7,'2025-03-05','PENDING',8500.00,0.00,0.00,0.00,NULL,'LONAVALA','RANJANGAON',NULL,NULL,NULL,NULL,'8319266',3000.00,5500.00,0.00,0.00,0,0,0),(72,0.00,1500.00,2000.00,0.00,0.00,0.00,11000.00,'2025-03-10 04:44:17.470909','2025-03-27 15:08:54.764082',1,1,1,NULL,NULL,1,14,9500.00,1500.00,7,'2025-03-05','PENDING',11000.00,0.00,0.00,0.00,NULL,'ALIBAUG','RANJANGAON',NULL,NULL,NULL,NULL,'8319265',3500.00,7500.00,0.00,0.00,0,0,0),(73,0.00,0.00,0.00,0.00,0.00,0.00,7000.00,'2025-03-10 04:46:56.696026','2025-03-27 14:43:07.051626',1,1,1,NULL,NULL,1,6,6000.00,1000.00,13,'2025-03-05','PAID',7000.00,0.00,0.00,0.00,'370754401888','SANASWADI','KHOPOLI','2025-03-27','370754401888',NULL,NULL,NULL,0.00,7000.00,0.00,0.00,0,0,0),(74,0.00,0.00,0.00,0.00,0.00,0.00,10000.00,'2025-03-10 04:47:44.699297','2025-04-03 12:28:33.880342',1,1,1,NULL,NULL,1,14,8000.00,2000.00,11,'2025-03-06','PAID',10000.00,0.00,0.00,0.00,NULL,'RANJNGAON','NAGOTHANE','2025-04-03','IMPS209316548518',NULL,NULL,NULL,0.00,10000.00,0.00,0.00,0,0,0),(75,0.00,0.00,0.00,0.00,0.00,0.00,10000.00,'2025-03-10 04:48:14.302853','2025-04-03 12:28:47.871283',1,1,1,NULL,NULL,1,10,8000.00,2000.00,11,'2025-03-06','PAID',10000.00,0.00,0.00,0.00,NULL,'RANJNGAON','NAGOTHANE','2025-04-03','IMPS209316548518',NULL,NULL,NULL,0.00,10000.00,0.00,0.00,0,0,0),(76,0.00,1500.00,2000.00,0.00,0.00,0.00,9303.00,'2025-03-10 04:49:11.723958','2025-03-27 15:09:55.727246',1,1,1,NULL,NULL,1,10,7803.00,1500.00,7,'2025-03-07','PENDING',8500.00,803.00,0.00,0.00,NULL,'PEN','RANJANGAON',NULL,NULL,NULL,NULL,'8319330',3500.00,5803.00,0.00,0.00,0,0,0),(77,10715.00,2000.00,2000.00,0.00,0.00,0.00,10000.00,'2025-03-12 05:08:59.703638','2025-03-12 05:08:59.703659',1,1,1,NULL,NULL,NULL,14,0.00,10000.00,9,'2025-03-08','PAID',10000.00,0.00,0.00,0.00,NULL,'JNPT','RAHU','2025-03-11','123',NULL,NULL,'NA',14715.00,-4715.00,90.00,5.56,500,307201,306701),(78,10050.00,2000.00,2000.00,0.00,0.00,0.00,10000.00,'2025-03-12 05:17:05.582472','2025-03-12 05:17:05.582494',1,1,1,NULL,NULL,NULL,6,0.00,10000.00,9,'2025-03-08','PAID',10000.00,0.00,0.00,0.00,NULL,'JNPT','RAHU','2025-03-11','123',NULL,NULL,'NA',14050.00,-4050.00,110.00,5.49,604,83984,83380),(79,0.00,0.00,0.00,0.00,0.00,0.00,10000.00,'2025-03-12 05:18:46.962220','2025-04-03 12:29:04.436860',1,1,1,NULL,NULL,1,10,8000.00,2000.00,11,'2025-03-08','PAID',10000.00,0.00,0.00,0.00,NULL,'RANJNGAON','NAGOTHANE','2025-04-03','IMPS209316548518',NULL,NULL,'NA',0.00,10000.00,0.00,0.00,0,0,0),(80,0.00,0.00,0.00,0.00,0.00,0.00,8500.00,'2025-03-12 05:19:51.297612','2025-03-23 06:13:39.657354',1,1,1,NULL,NULL,1,14,0.00,8500.00,3,'2025-03-10','PAID',8500.00,0.00,0.00,0.00,NULL,'RANJNGAON','VASHI','2025-03-20','131896489152',NULL,NULL,'NA',0.00,8500.00,0.00,0.00,0,307201,307201),(81,11500.00,1500.00,2000.00,0.00,0.00,0.00,13000.00,'2025-03-12 05:26:27.008068','2025-03-12 05:26:27.008090',1,1,1,NULL,NULL,NULL,10,0.00,13000.00,24,'2025-03-10','PAID',13000.00,0.00,0.00,0.00,NULL,'NERUL','SUPA','2025-03-11',NULL,NULL,NULL,'NA',15000.00,-2000.00,126.00,5.53,697,60832,60135),(82,0.00,1500.00,2000.00,0.00,0.00,0.00,10607.00,'2025-03-12 05:28:31.038396','2025-03-14 07:01:34.990396',1,1,1,NULL,NULL,1,14,9107.00,1500.00,7,'2025-03-11','PENDING',10000.00,0.00,607.00,0.00,NULL,'PALI','RANJANGAON',NULL,NULL,NULL,NULL,'8319424',3500.00,7107.00,0.00,0.00,0,307201,307201),(83,0.00,0.00,0.00,0.00,0.00,0.00,11000.00,'2025-03-12 05:29:38.967641','2025-04-03 12:29:20.475664',1,1,1,NULL,NULL,1,6,9000.00,2000.00,11,'2025-03-11','PAID',11000.00,0.00,0.00,0.00,NULL,'SUPA','NAGOTHANE','2025-04-03','IMPS209316548518',NULL,NULL,'NA',0.00,11000.00,0.00,0.00,0,83984,83984),(84,12650.00,0.00,0.00,0.00,0.00,0.00,10000.00,'2025-03-14 06:25:01.138480','2025-04-03 12:29:38.944945',1,1,1,NULL,NULL,1,14,8000.00,2000.00,11,'2025-03-12','PAID',10000.00,0.00,0.00,0.00,NULL,'RANJNGAON','NAGOTHANE','2025-04-03','IMPS209316548518',NULL,NULL,'NA',12650.00,-2650.00,140.00,4.77,668,307869,307201),(85,12558.00,1500.00,2000.00,0.00,0.00,2000.00,13427.00,'2025-03-14 06:27:37.003651','2025-03-15 05:46:24.195828',1,1,1,NULL,NULL,1,6,9927.00,3500.00,7,'2025-03-12','PENDING',11000.00,0.00,427.00,0.00,NULL,'MAHAD','RANJANGAON',NULL,NULL,NULL,NULL,'8319449',16058.00,-2631.00,138.00,3.59,495,84479,83984),(86,0.00,0.00,0.00,0.00,0.00,2000.00,13427.00,'2025-03-14 06:27:57.508676','2025-03-14 06:28:16.742493',0,1,1,NULL,NULL,NULL,6,9927.00,3500.00,7,'2025-03-12','PENDING',11000.00,0.00,427.00,0.00,NULL,'MAHAD','RANJANGAON',NULL,NULL,NULL,NULL,'8319449',0.00,13427.00,0.00,0.00,0,83984,83984),(87,0.00,0.00,0.00,0.00,0.00,0.00,10000.00,'2025-03-14 06:30:05.823577','2025-04-03 12:29:55.799399',1,1,1,NULL,NULL,1,10,8000.00,2000.00,11,'2025-03-13','PAID',10000.00,0.00,0.00,0.00,'0','RANJNGAON','NAGOTHANE','2025-04-03','IMPS209316548518',NULL,NULL,'NA',0.00,10000.00,0.00,0.00,0,60832,60832),(88,0.00,1500.00,2000.00,0.00,0.00,2000.00,11291.00,'2025-03-14 06:33:14.823423','2025-03-27 15:22:10.283615',1,1,1,NULL,NULL,1,14,7791.00,3500.00,7,'2025-03-13','PENDING',8500.00,0.00,791.00,0.00,'0','PEN','RANJANGAON',NULL,NULL,NULL,NULL,'8319482',3500.00,7791.00,0.00,0.00,0,307869,307869),(89,0.00,0.00,0.00,0.00,0.00,0.00,15400.00,'2025-03-14 13:01:48.325141','2025-03-14 13:01:48.325166',1,1,1,NULL,NULL,NULL,24,12400.00,3000.00,25,'2025-03-11','PENDING',13500.00,1900.00,0.00,0.00,NULL,'BIDKIN','JNPT',NULL,NULL,NULL,NULL,'14914',0.00,15400.00,0.00,0.00,0,0,0),(90,9950.00,1500.00,2000.00,0.00,0.00,0.00,9151.00,'2025-03-15 14:40:57.880133','2025-03-26 13:24:32.363002',1,1,1,NULL,NULL,1,10,7651.00,1500.00,7,'2025-03-15','PENDING',8500.00,0.00,651.00,0.00,NULL,'DAHIVALI','RANJANGAON',NULL,NULL,NULL,NULL,'8319520',13450.00,-4299.00,110.00,4.25,467,61299,60832),(91,0.00,0.00,0.00,0.00,0.00,0.00,13000.00,'2025-03-15 14:41:32.018417','2025-03-23 06:15:16.273547',1,1,1,NULL,NULL,1,14,0.00,13000.00,15,'2025-03-15','PAID',13000.00,0.00,0.00,0.00,NULL,'SUPA','TALOJA','2025-03-23',NULL,NULL,NULL,NULL,0.00,13000.00,0.00,0.00,0,0,307869),(92,0.00,0.00,0.00,0.00,0.00,0.00,7500.00,'2025-03-15 14:43:09.150207','2025-03-29 06:47:08.413904',1,1,1,NULL,NULL,1,6,0.00,7500.00,26,'2025-03-15','PAID',7500.00,0.00,0.00,0.00,NULL,'RANJNGAON','KHOPOLI','2025-03-29','545429266289',NULL,NULL,NULL,0.00,7500.00,0.00,0.00,0,0,95369),(93,0.00,0.00,0.00,0.00,0.00,0.00,10000.00,'2025-03-17 09:50:37.788496','2025-03-17 09:50:37.788517',1,1,1,NULL,NULL,NULL,10,0.00,10000.00,18,'2025-03-17','PENDING',10000.00,0.00,0.00,0.00,NULL,'RANJNGAON','NAGOTHANE',NULL,NULL,NULL,NULL,'NA',0.00,10000.00,0.00,0.00,0,61299,61299),(94,9314.00,1500.00,2000.00,0.00,0.00,0.00,11224.00,'2025-03-18 09:52:31.741527','2025-03-27 14:56:18.087515',1,1,1,NULL,NULL,1,14,9224.00,2000.00,7,'2025-03-17','PENDING',8500.00,0.00,2724.00,0.00,NULL,'PANVEL','RANJANGAON',NULL,NULL,NULL,NULL,'8319556',12814.00,-1590.00,102.00,5.34,545,308414,307869),(95,10010.00,1500.00,2000.00,0.00,0.00,0.00,11137.00,'2025-03-18 09:58:58.697436','2025-03-26 13:40:05.482601',1,1,1,NULL,NULL,1,6,9137.00,2000.00,7,'2025-03-17','PENDING',8500.00,0.00,2637.00,0.00,NULL,'PANVEL','RANJANGAON',NULL,NULL,NULL,NULL,'8319550',10010.00,1127.00,110.00,4.96,546,85025,84479),(96,0.00,1500.00,2000.00,0.00,0.00,0.00,10757.00,'2025-03-20 04:42:33.184533','2025-03-27 14:58:33.884015',1,1,1,NULL,NULL,1,10,9257.00,1500.00,7,'2025-03-18','PENDING',10000.00,0.00,757.00,0.00,'OK','ROHA','RANJANGAON',NULL,NULL,NULL,NULL,'8319424',3500.00,7257.00,0.00,0.00,0,61299,61299),(97,11239.00,1500.00,2000.00,0.00,0.00,0.00,10000.00,'2025-03-20 04:43:48.949161','2025-03-20 04:51:01.315710',1,1,1,NULL,NULL,1,10,8000.00,2000.00,18,'2025-03-19','PENDING',10000.00,0.00,0.00,0.00,NULL,'RANJNGAON','NAGOTHANE',NULL,NULL,NULL,NULL,NULL,14739.00,-4739.00,124.00,4.94,612,61911,61299),(98,0.00,0.00,0.00,0.00,0.00,0.00,10000.00,'2025-03-20 04:48:01.584659','2025-04-03 12:30:09.144923',1,1,1,NULL,NULL,1,14,8000.00,2000.00,11,'2025-03-19','PAID',10000.00,0.00,0.00,0.00,NULL,'RANJNGAON','NAGOTHANE','2025-04-03','IMPS209316548518',NULL,NULL,NULL,0.00,10000.00,0.00,0.00,0,308414,308414),(99,0.00,0.00,0.00,0.00,0.00,0.00,10000.00,'2025-03-20 04:48:54.584456','2025-04-03 12:30:22.042381',1,1,1,NULL,NULL,1,6,8000.00,2000.00,11,'2025-03-19','PAID',10000.00,0.00,0.00,0.00,NULL,'RANJNGAON','NAGOTHANE','2025-04-03','IMPS209316548518',NULL,NULL,NULL,0.00,10000.00,0.00,0.00,0,85025,85025),(100,0.00,1500.00,2000.00,0.00,0.00,0.00,9867.00,'2025-03-23 06:08:10.304264','2025-03-23 06:08:10.304284',1,1,1,NULL,NULL,NULL,10,8367.00,1500.00,7,'2025-03-21','PENDING',9000.00,0.00,867.00,0.00,'OK','POYNAND','RANJANGAON',NULL,NULL,NULL,NULL,'8319669',3500.00,6367.00,0.00,0.00,0,61911,61911),(101,11662.00,2000.00,1500.00,0.00,0.00,0.00,10000.00,'2025-03-23 06:10:02.775030','2025-04-03 12:31:56.310374',1,1,1,NULL,NULL,1,6,9000.00,1000.00,14,'2025-03-22','PAID',10000.00,0.00,0.00,0.00,NULL,'AIROLI','RANJANGAON','2025-04-03',NULL,NULL,NULL,'DATTAKRUPA FREIND',15162.00,-5162.00,128.00,4.26,545,85570,85025),(102,0.00,0.00,0.00,0.00,0.00,0.00,6500.00,'2025-03-24 05:31:20.747485','2025-03-29 06:47:31.625829',1,1,1,NULL,NULL,1,10,5000.00,1500.00,26,'2025-03-23','PAID',6500.00,0.00,0.00,0.00,'0','RANJNGAON','KHOPOLI','2025-03-29','545429266289',NULL,NULL,NULL,0.00,6500.00,0.00,0.00,0,61911,61911),(103,0.00,0.00,0.00,0.00,0.00,0.00,11000.00,'2025-03-25 05:52:30.482571','2025-03-25 05:52:30.482592',1,1,1,NULL,NULL,NULL,6,0.00,11000.00,21,'2025-03-24','PENDING',11000.00,0.00,0.00,0.00,NULL,'RANJNGAON','JNPT',NULL,NULL,NULL,NULL,NULL,0.00,11000.00,0.00,0.00,0,85570,85570),(104,12224.00,1500.00,2000.00,0.00,0.00,0.00,10326.00,'2025-03-25 05:54:08.461108','2025-03-28 14:47:51.062475',1,1,1,NULL,NULL,1,10,8826.00,1500.00,7,'2025-03-24','PENDING',9500.00,0.00,826.00,0.00,NULL,'MANGAON','RANJANGAON',NULL,NULL,NULL,NULL,'8319720',15724.00,-5398.00,135.00,4.39,593,62504,61911),(105,0.00,0.00,0.00,0.00,0.00,0.00,10900.00,'2025-03-26 08:44:47.224396','2025-04-03 12:30:36.984629',1,1,1,NULL,NULL,1,10,8000.00,2900.00,11,'2025-03-25','PAID',10700.00,0.00,0.00,200.00,'AJAY POLYMER WHIRLPOOL','RANJNGAON','NAGOTHANE','2025-04-03','IMPS209316548518',NULL,NULL,NULL,0.00,10900.00,0.00,0.00,0,62504,62504),(106,0.00,1500.00,2000.00,0.00,0.00,0.00,9321.00,'2025-03-26 08:46:08.729742','2025-03-27 14:57:52.205424',1,1,1,NULL,NULL,1,6,7821.00,1500.00,7,'2025-03-25','PENDING',8500.00,0.00,821.00,0.00,NULL,'PEN','RANJANGAON',NULL,NULL,NULL,NULL,'8319751',3500.00,5821.00,0.00,0.00,0,85570,85570),(107,14225.00,0.00,0.00,0.00,0.00,0.00,11000.00,'2025-03-26 13:12:43.984740','2025-04-05 12:41:07.165054',1,1,1,NULL,NULL,1,6,9000.00,2000.00,18,'2025-03-26','PAID',11000.00,0.00,0.00,0.00,NULL,'SUPA','NAGOTHANE','2025-04-05','OK',NULL,NULL,NULL,14225.00,-3225.00,156.00,4.15,647,86217,85570),(108,7000.00,1500.00,2000.00,0.00,0.00,0.00,11457.00,'2025-03-27 07:15:38.160244','2025-03-28 14:48:16.705957',1,1,1,NULL,NULL,1,14,9457.00,2000.00,7,'2025-03-26','PENDING',11000.00,NULL,457.00,0.00,NULL,'MAHAD','RANJANGAON',NULL,NULL,NULL,NULL,'8319777',10500.00,957.00,77.00,5.06,390,308804,308414),(109,9225.00,1500.00,2000.00,0.00,0.00,0.00,10957.00,'2025-03-27 07:17:29.874413','2025-03-27 13:29:13.177196',1,1,1,NULL,NULL,1,10,9457.00,1500.00,7,'2025-03-26','PENDING',8500.00,0.00,2457.00,0.00,'POD PENDING AT PANVEL DIS WITH PRAMOD SIR','PANVEL','RANJANGAON',NULL,NULL,NULL,NULL,'8319759',12725.00,-1768.00,101.00,4.95,500,63004,62504),(110,0.00,0.00,0.00,0.00,0.00,0.00,10000.00,'2025-03-27 13:31:09.672112','2025-04-03 12:30:48.403287',1,1,1,NULL,NULL,1,14,8000.00,2000.00,11,'2025-03-27','PAID',10000.00,0.00,0.00,0.00,NULL,'RANJNGAON','NAGOTHANE','2025-04-03','IMPS209316548518',NULL,NULL,'NA',0.00,10000.00,0.00,0.00,0,308804,308804),(111,0.00,0.00,0.00,0.00,0.00,0.00,10800.00,'2025-03-27 13:32:00.938297','2025-03-28 14:53:03.051353',1,1,1,NULL,NULL,1,10,0.00,10800.00,3,'2025-03-27','PENDING',9500.00,0.00,1300.00,0.00,NULL,'WAGHOLI','SHILPHATA',NULL,NULL,NULL,NULL,NULL,0.00,10800.00,0.00,0.00,0,63004,63004),(112,0.00,1500.00,1500.00,0.00,0.00,0.00,10790.00,'2025-03-27 14:44:48.234846','2025-04-01 13:51:10.923857',1,1,1,NULL,NULL,1,6,9290.00,1500.00,7,'2025-03-27','PENDING',10000.00,0.00,790.00,0.00,NULL,'ROHA','RANJANGAON',NULL,NULL,NULL,NULL,'8319807',3000.00,7790.00,0.00,0.00,0,86217,86217),(113,11004.00,1500.00,2000.00,0.00,0.00,0.00,10860.00,'2025-03-28 14:49:40.939851','2025-04-01 13:50:17.536518',1,1,1,NULL,NULL,1,14,9360.00,1500.00,7,'2025-03-28','PENDING',10000.00,0.00,860.00,0.00,NULL,'KOLAD','RANJANGAON',NULL,NULL,NULL,NULL,'8319835',14504.00,-3644.00,121.00,4.17,505,309309,308804),(114,0.00,1500.00,2000.00,0.00,0.00,0.00,16300.00,'2025-03-28 14:51:23.591278','2025-04-03 12:33:14.404334',1,1,1,NULL,NULL,1,10,0.00,16300.00,15,'2025-03-28','PAID',16300.00,0.00,0.00,0.00,NULL,'PIRANGUT + KHOPOLI','SHIKRAPUR','2025-04-03',NULL,NULL,NULL,NULL,3500.00,12800.00,0.00,0.00,0,63004,63004),(115,7250.00,0.00,0.00,0.00,0.00,0.00,9000.00,'2025-03-30 05:15:05.433107','2025-04-03 12:31:09.718316',1,1,1,NULL,NULL,1,6,7000.00,2000.00,11,'2025-03-29','PAID',9000.00,0.00,0.00,0.00,NULL,'CHAKAN','NAGOTHANE','2025-04-03','IMPS209316548518',NULL,NULL,NULL,7250.00,1750.00,80.00,7.05,564,86781,86217),(116,0.00,0.00,0.00,0.00,0.00,0.00,11000.00,'2025-03-30 05:17:06.023285','2025-04-03 12:31:26.829292',1,1,1,NULL,NULL,1,14,8000.00,3000.00,11,'2025-03-29','PAID',11000.00,0.00,0.00,0.00,'HAIR + ANOTHER UNLOADING','RANJNGAON','NAGOTHANE','2025-04-03','IMPS209316548518',NULL,NULL,NULL,0.00,11000.00,0.00,0.00,0,309309,309309),(117,11887.00,0.00,0.00,0.00,0.00,0.00,11000.00,'2025-03-30 05:21:37.517647','2025-04-03 12:31:40.157829',1,1,1,NULL,NULL,1,10,8000.00,3000.00,11,'2025-03-29','PAID',11000.00,0.00,0.00,0.00,'HAIR + ANOTHER UNLOADING','RANJNGAON','NAGOTHANE','2025-04-03','IMPS209316548518',NULL,NULL,NULL,0.00,11000.00,131.00,4.78,626,63630,63004),(118,11247.00,1500.00,1500.00,0.00,0.00,0.00,11000.00,'2025-04-01 04:37:08.543293','2025-04-03 12:32:32.320302',1,1,1,NULL,NULL,1,6,0.00,11000.00,9,'2025-03-31','PAID',11000.00,0.00,0.00,0.00,NULL,'JNPT','RAHU','2025-04-03',NULL,NULL,NULL,NULL,14247.00,-3247.00,124.00,0.97,120,86901,86781),(119,11249.00,1500.00,2000.00,0.00,0.00,0.00,11104.00,'2025-04-01 04:38:54.875742','2025-04-01 13:49:22.408946',1,1,1,NULL,NULL,1,14,9104.00,2000.00,7,'2025-03-31','PENDING',8500.00,0.00,2604.00,0.00,NULL,'PANVEL','RANJANGAON',NULL,NULL,NULL,NULL,'8319899',14749.00,-3645.00,124.00,2.79,346,309655,309309),(120,0.00,1500.00,2000.00,0.00,0.00,0.00,10000.00,'2025-04-01 13:53:04.640837','2025-04-03 12:32:43.957838',1,1,1,NULL,NULL,1,10,0.00,10000.00,9,'2025-04-01','PAID',10000.00,0.00,0.00,0.00,NULL,'JNPT','RAHU','2025-04-03',NULL,NULL,NULL,NULL,3500.00,6500.00,0.00,0.00,0,63630,63630),(121,0.00,0.00,0.00,0.00,0.00,0.00,11400.00,'2025-04-01 13:54:29.098137','2025-04-05 10:44:38.501103',1,1,1,NULL,NULL,1,14,0.00,11400.00,22,'2025-04-01','PAID',9000.00,0.00,2400.00,0.00,NULL,'RANJNGAON','TALOJA','2025-04-05','OK',NULL,NULL,NULL,0.00,11400.00,0.00,0.00,0,309655,309655),(122,0.00,0.00,0.00,0.00,0.00,0.00,6500.00,'2025-04-02 14:41:31.451360','2025-04-02 14:41:31.451381',1,1,1,NULL,NULL,NULL,6,0.00,6500.00,3,'2025-04-02','PENDING',6500.00,0.00,0.00,0.00,NULL,'RANJNGAON','JNPT',NULL,NULL,NULL,NULL,NULL,0.00,6500.00,0.00,0.00,0,86901,86901),(123,0.00,0.00,0.00,0.00,0.00,0.00,10000.00,'2025-04-02 14:42:15.183036','2025-04-02 14:42:15.183058',1,1,1,NULL,NULL,NULL,10,0.00,10000.00,10,'2025-04-02','PENDING',10000.00,0.00,0.00,0.00,NULL,'WAGHOLI','JNPT',NULL,NULL,NULL,NULL,NULL,0.00,10000.00,0.00,0.00,0,63630,63630),(124,9511.00,1500.00,1500.00,0.00,0.00,0.00,9000.00,'2025-04-04 03:46:55.497463','2025-04-05 12:27:41.614013',1,1,1,NULL,NULL,1,6,7000.00,2000.00,7,'2025-04-03','PENDING',9000.00,0.00,0.00,0.00,NULL,'BHIWANDI','RANJANGAON',NULL,NULL,NULL,NULL,'25000308',12511.00,-3511.00,105.00,4.27,448,87349,86901),(125,8590.00,2000.00,2000.00,0.00,0.00,0.00,9000.00,'2025-04-04 03:50:04.772218','2025-04-05 12:28:45.811372',1,1,1,NULL,NULL,1,14,7000.00,2000.00,7,'2025-04-03','PENDING',9000.00,0.00,0.00,NULL,NULL,'BHIWANDI','RANJANGAON',NULL,NULL,NULL,NULL,'25000309',12590.00,-3590.00,95.00,4.66,443,310098,309655),(126,10163.00,2000.00,2000.00,0.00,0.00,0.00,9000.00,'2025-04-04 03:51:23.814145','2025-04-05 05:01:28.794522',1,1,1,NULL,NULL,1,10,7000.00,2000.00,7,'2025-04-03','PENDING',9000.00,0.00,0.00,0.00,'0','BHIWANDI','RANJANGAON',NULL,NULL,NULL,NULL,NULL,14163.00,-5163.00,112.00,5.17,579,64209,63630),(127,0.00,0.00,0.00,0.00,0.00,0.00,10000.00,'2025-04-05 05:02:23.343903','2025-04-05 05:02:23.343925',1,1,1,NULL,NULL,NULL,14,0.00,10000.00,7,'2025-04-04','PENDING',10000.00,0.00,0.00,0.00,'0','RANJNGAON','BHIWANDI',NULL,NULL,NULL,NULL,NULL,0.00,10000.00,0.00,0.00,0,310098,310098),(128,0.00,0.00,0.00,0.00,0.00,0.00,10000.00,'2025-04-05 05:03:08.803377','2025-04-05 05:03:08.803399',1,1,1,NULL,NULL,NULL,6,0.00,10000.00,3,'2025-04-04','PENDING',10000.00,0.00,0.00,0.00,NULL,'CHAKAN','BHIWANDI',NULL,NULL,NULL,NULL,NULL,0.00,10000.00,0.00,0.00,0,87349,87349),(129,0.00,0.00,0.00,0.00,0.00,0.00,9500.00,'2025-04-05 10:45:53.528397','2025-04-05 10:45:53.528418',1,1,1,NULL,NULL,NULL,10,0.00,9500.00,3,'2025-04-05','PENDING',9500.00,0.00,0.00,0.00,NULL,'WAGHOLI','SHILPHATA',NULL,NULL,NULL,NULL,NULL,0.00,9500.00,0.00,0.00,0,0,64209),(130,7501.00,0.00,0.00,0.00,0.00,0.00,9000.00,'2025-04-05 15:16:13.984249','2025-04-06 07:30:40.459790',1,1,1,NULL,NULL,1,14,0.00,9000.00,7,'2025-04-05','PENDING',9000.00,0.00,0.00,0.00,NULL,'BHIWANDI','RANJANGAON',NULL,NULL,NULL,NULL,'25000368',0.00,9000.00,83.00,4.92,408,310506,310098),(131,8690.00,0.00,0.00,0.00,0.00,0.00,9000.00,'2025-04-05 15:16:42.710347','2025-04-06 07:30:19.540351',1,1,1,NULL,NULL,1,6,0.00,9000.00,7,'2025-04-05','PENDING',9000.00,0.00,0.00,0.00,NULL,'BHIWANDI','RANJANGAON',NULL,NULL,NULL,NULL,'25000369',0.00,9000.00,96.00,4.54,436,87785,87349);
/*!40000 ALTER TABLE `delivery_vehicleexpense` ENABLE KEYS */;
UNLOCK TABLES;

--
-- Table structure for table `delivery_vehicleprofit`
--

DROP TABLE IF EXISTS `delivery_vehicleprofit`;
/*!40101 SET @saved_cs_client     = @@character_set_client */;
/*!50503 SET character_set_client = utf8mb4 */;
CREATE TABLE `delivery_vehicleprofit` (
  `id` int NOT NULL AUTO_INCREMENT,
  `vehicle_no_id` int DEFAULT NULL,
  `diesel` decimal(10,2) DEFAULT '0.00',
  `toll` decimal(10,2) DEFAULT '0.00',
  `driver_advance` decimal(10,2) DEFAULT '0.00',
  `vehicle_fine` decimal(10,2) DEFAULT '0.00',
  `vehicle_maintenance` decimal(10,2) DEFAULT '0.00',
  `other_chrgs` decimal(10,2) DEFAULT '0.00',
  `total_amount` decimal(10,2) DEFAULT '0.00',
  `vehicle_hire` decimal(10,2) DEFAULT '0.00',
  `broker_advance` decimal(10,2) DEFAULT '0.00',
  `pay_status` enum('PENDING','PAID') DEFAULT 'PENDING',
  `payment_date` date DEFAULT NULL,
  `utr_no` varchar(255) DEFAULT NULL,
  `remark` varchar(100) DEFAULT NULL,
  `created_by_id` int NOT NULL DEFAULT '1',
  `created_at` datetime DEFAULT CURRENT_TIMESTAMP,
  `updated_by_id` int DEFAULT NULL,
  `updated_at` datetime DEFAULT CURRENT_TIMESTAMP ON UPDATE CURRENT_TIMESTAMP,
  `is_active` tinyint(1) DEFAULT '1',
  `flag` tinyint(1) DEFAULT '1',
  PRIMARY KEY (`id`),
  KEY `vehicle_no_id` (`vehicle_no_id`),
  KEY `created_by_id` (`created_by_id`),
  KEY `updated_by_id` (`updated_by_id`),
  CONSTRAINT `delivery_vehicleprofit_ibfk_1` FOREIGN KEY (`vehicle_no_id`) REFERENCES `vehical_master` (`id`) ON DELETE SET NULL,
  CONSTRAINT `delivery_vehicleprofit_ibfk_2` FOREIGN KEY (`created_by_id`) REFERENCES `auth_user` (`id`) ON DELETE SET DEFAULT,
  CONSTRAINT `delivery_vehicleprofit_ibfk_3` FOREIGN KEY (`updated_by_id`) REFERENCES `auth_user` (`id`) ON DELETE SET NULL
) ENGINE=InnoDB AUTO_INCREMENT=2 DEFAULT CHARSET=utf8mb4 COLLATE=utf8mb4_0900_ai_ci;
/*!40101 SET character_set_client = @saved_cs_client */;

--
-- Dumping data for table `delivery_vehicleprofit`
--

LOCK TABLES `delivery_vehicleprofit` WRITE;
/*!40000 ALTER TABLE `delivery_vehicleprofit` DISABLE KEYS */;
INSERT INTO `delivery_vehicleprofit` VALUES (1,18,45.00,45.00,45.00,45.00,45.00,0.00,725.00,500.00,0.00,'PENDING',NULL,NULL,'OK',1,'2025-03-03 09:05:18',NULL,'2025-03-03 09:05:18',1,1);
/*!40000 ALTER TABLE `delivery_vehicleprofit` ENABLE KEYS */;
UNLOCK TABLES;

--
-- Table structure for table `destination_master`
--

DROP TABLE IF EXISTS `destination_master`;
/*!40101 SET @saved_cs_client     = @@character_set_client */;
/*!50503 SET character_set_client = utf8mb4 */;
CREATE TABLE `destination_master` (
  `id` int NOT NULL AUTO_INCREMENT,
  `destination_name` varchar(255) NOT NULL,
  `pin_code` varchar(10) NOT NULL,
  `kilometer` int unsigned NOT NULL,
  `created_at` datetime(6) NOT NULL,
  `updated_at` datetime(6) NOT NULL,
  `is_active` tinyint(1) NOT NULL,
  `flag` tinyint(1) NOT NULL,
  `branch_id` int NOT NULL,
  `created_by_id` int NOT NULL,
  `updated_by_id` int DEFAULT NULL,
  PRIMARY KEY (`id`),
  UNIQUE KEY `destination_name` (`destination_name`),
  KEY `destination_master_branch_id_d138cdd0_fk_branch_master_id` (`branch_id`),
  KEY `destination_master_created_by_id_d5f1c339_fk_auth_user_id` (`created_by_id`),
  KEY `destination_master_updated_by_id_9ad08945_fk_auth_user_id` (`updated_by_id`),
  CONSTRAINT `destination_master_branch_id_d138cdd0_fk_branch_master_id` FOREIGN KEY (`branch_id`) REFERENCES `branch_master` (`id`),
  CONSTRAINT `destination_master_created_by_id_d5f1c339_fk_auth_user_id` FOREIGN KEY (`created_by_id`) REFERENCES `auth_user` (`id`),
  CONSTRAINT `destination_master_updated_by_id_9ad08945_fk_auth_user_id` FOREIGN KEY (`updated_by_id`) REFERENCES `auth_user` (`id`),
  CONSTRAINT `destination_master_chk_1` CHECK ((`kilometer` >= 0))
) ENGINE=InnoDB AUTO_INCREMENT=31 DEFAULT CHARSET=utf8mb4 COLLATE=utf8mb4_0900_ai_ci;
/*!40101 SET character_set_client = @saved_cs_client */;

--
-- Dumping data for table `destination_master`
--

LOCK TABLES `destination_master` WRITE;
/*!40000 ALTER TABLE `destination_master` DISABLE KEYS */;
INSERT INTO `destination_master` VALUES (1,'SHIKHARAPUR MIDC','412208',0,'2025-01-01 03:39:22.922494','2025-01-01 03:39:22.922517',1,1,1,1,NULL),(2,'MUM-MUMBAI','400009',5,'2025-01-02 07:29:03.712148','2025-01-02 07:29:03.712171',1,1,3,1,NULL),(3,'SUPA MIDC','414301',0,'2025-01-02 07:56:32.258630','2025-01-02 07:56:32.258654',1,1,4,1,NULL),(4,'JNPT','400707',5,'2025-01-07 14:10:56.811301','2025-01-07 14:14:15.330437',1,1,5,1,1),(5,'RANJANGAON MIDC','412209',3,'2025-01-07 14:18:41.130011','2025-01-07 14:18:41.130036',1,1,6,1,NULL),(6,'NAIGAON','400014',41,'2025-01-08 05:30:01.326863','2025-01-08 05:30:01.326889',1,1,3,1,NULL),(7,'MANDVI','400003',50,'2025-01-08 09:01:45.568175','2025-01-08 09:01:45.568199',1,1,3,1,NULL),(8,'SUPA PARNER INDUSTRIAL PARK','414301',11,'2025-01-10 15:02:25.620072','2025-01-10 15:02:25.620095',1,1,4,1,NULL),(9,'SAJGAON','410203',7,'2025-01-10 15:07:26.934659','2025-01-10 15:07:26.934684',1,1,7,1,NULL),(10,'PARNER','414301',15,'2025-01-13 08:13:53.078579','2025-01-13 08:13:53.078604',1,1,4,1,NULL),(11,'NERUL','400705',9,'2025-01-16 05:02:18.675074','2025-01-16 05:02:18.675097',1,1,8,1,NULL),(12,'KONDHWA','411048',5,'2025-01-17 08:44:46.785229','2025-01-17 08:44:46.785254',1,1,9,1,NULL),(13,'BHIWANDI REHNAL','400092',15,'2025-01-27 05:30:10.463720','2025-01-27 05:30:10.463744',1,1,3,1,NULL),(14,'KOLAD','402304',12,'2025-01-31 05:34:40.185861','2025-01-31 05:34:40.185887',1,1,10,1,NULL),(15,'MIRA ROAD','401107',5,'2025-02-13 13:00:59.565792','2025-02-13 13:00:59.565816',1,1,11,1,NULL),(16,'WALUJ MIDC','431136',7,'2025-02-14 13:07:07.245720','2025-02-14 13:07:07.245747',1,1,12,1,NULL),(17,'PATALGANAGA','410220',5,'2025-02-14 15:07:04.019049','2025-02-14 15:07:04.019074',1,1,13,1,NULL),(18,'WADKI','412308',4,'2025-03-03 15:02:05.211924','2025-03-03 15:02:05.211949',1,1,16,1,NULL),(19,'UDHYOG NAGAR','395003',6,'2025-03-03 15:09:40.630568','2025-03-03 15:09:40.630591',1,1,17,1,NULL),(20,'GAURAI PADA','401208',4,'2025-03-04 14:09:54.022723','2025-03-04 14:09:54.022746',1,1,18,1,NULL),(21,'BHIGWAN','413130',4,'2025-03-07 06:06:29.264749','2025-03-07 06:06:29.264800',1,1,19,1,NULL),(22,'PURNA','415408',5,'2025-03-12 13:35:15.445349','2025-03-12 13:35:15.445373',1,1,3,1,NULL),(23,'BIDKIN','431105',7,'2025-03-12 14:17:00.304547','2025-03-12 14:17:00.304572',1,1,20,1,NULL),(24,'TALOJA MIDC','410208',6,'2025-03-15 15:02:10.699063','2025-03-15 15:02:10.699088',1,1,21,1,NULL),(25,'MIDC TALOJA','410208',2,'2025-03-15 15:04:13.244170','2025-03-15 15:04:13.244195',1,1,21,1,NULL),(26,'TARAPUR INDUSTRIAL AREA','401506',7,'2025-03-17 06:58:47.775691','2025-03-17 06:58:47.775715',1,1,22,1,NULL),(27,'BELGAUM','590008',4,'2025-03-25 14:41:55.059697','2025-03-25 14:41:55.059723',1,1,23,1,NULL),(28,'BANGLORE','560099',0,'2025-03-28 11:20:31.290265','2025-03-28 11:20:31.290288',1,1,24,1,NULL),(29,'KHARADI','411014',4,'2025-03-28 11:23:55.671559','2025-03-28 11:23:55.671583',1,1,14,1,NULL),(30,'PIRANGUT','412115',7,'2025-03-28 12:03:26.121693','2025-03-28 12:03:26.121720',1,1,14,1,NULL);
/*!40000 ALTER TABLE `destination_master` ENABLE KEYS */;
UNLOCK TABLES;

--
-- Table structure for table `django_admin_log`
--

DROP TABLE IF EXISTS `django_admin_log`;
/*!40101 SET @saved_cs_client     = @@character_set_client */;
/*!50503 SET character_set_client = utf8mb4 */;
CREATE TABLE `django_admin_log` (
  `id` int NOT NULL AUTO_INCREMENT,
  `action_time` datetime(6) NOT NULL,
  `object_id` longtext,
  `object_repr` varchar(200) NOT NULL,
  `action_flag` smallint unsigned NOT NULL,
  `change_message` longtext NOT NULL,
  `content_type_id` int DEFAULT NULL,
  `user_id` int NOT NULL,
  PRIMARY KEY (`id`),
  KEY `django_admin_log_content_type_id_c4bce8eb_fk_django_co` (`content_type_id`),
  KEY `django_admin_log_user_id_c564eba6_fk_auth_user_id` (`user_id`),
  CONSTRAINT `django_admin_log_content_type_id_c4bce8eb_fk_django_co` FOREIGN KEY (`content_type_id`) REFERENCES `django_content_type` (`id`),
  CONSTRAINT `django_admin_log_user_id_c564eba6_fk_auth_user_id` FOREIGN KEY (`user_id`) REFERENCES `auth_user` (`id`),
  CONSTRAINT `django_admin_log_chk_1` CHECK ((`action_flag` >= 0))
) ENGINE=InnoDB DEFAULT CHARSET=utf8mb4 COLLATE=utf8mb4_0900_ai_ci;
/*!40101 SET character_set_client = @saved_cs_client */;

--
-- Dumping data for table `django_admin_log`
--

LOCK TABLES `django_admin_log` WRITE;
/*!40000 ALTER TABLE `django_admin_log` DISABLE KEYS */;
/*!40000 ALTER TABLE `django_admin_log` ENABLE KEYS */;
UNLOCK TABLES;

--
-- Table structure for table `django_content_type`
--

DROP TABLE IF EXISTS `django_content_type`;
/*!40101 SET @saved_cs_client     = @@character_set_client */;
/*!50503 SET character_set_client = utf8mb4 */;
CREATE TABLE `django_content_type` (
  `id` int NOT NULL AUTO_INCREMENT,
  `app_label` varchar(100) NOT NULL,
  `model` varchar(100) NOT NULL,
  PRIMARY KEY (`id`),
  UNIQUE KEY `django_content_type_app_label_model_76bd3d3b_uniq` (`app_label`,`model`)
) ENGINE=InnoDB AUTO_INCREMENT=69 DEFAULT CHARSET=utf8mb4 COLLATE=utf8mb4_0900_ai_ci;
/*!40101 SET character_set_client = @saved_cs_client */;

--
-- Dumping data for table `django_content_type`
--

LOCK TABLES `django_content_type` WRITE;
/*!40000 ALTER TABLE `django_content_type` DISABLE KEYS */;
INSERT INTO `django_content_type` VALUES (23,'account','billingsubmission'),(22,'account','cashbook'),(25,'account','deduction'),(24,'account','deductionreasontype'),(21,'account','gstmaster'),(20,'account','moneyreceipt'),(15,'account','partybilling'),(19,'account','voucherpaymentbranch'),(18,'account','voucherpaymenttype'),(17,'account','voucherreceiptbranch'),(16,'account','voucherreceipttype'),(42,'accounts','effecttypes'),(44,'accounts','paymenttypes'),(43,'accounts','receipttypes'),(4,'admin','logentry'),(1,'admin_interface','theme'),(6,'auth','group'),(5,'auth','permission'),(7,'auth','user'),(26,'branches','branchmaster'),(28,'branches','employeemaster'),(27,'branches','employeetype'),(54,'collection','bookingmemo'),(60,'collection','bookingmemolrs'),(62,'collection','brokermaster'),(61,'collection','brokermastertrips'),(59,'collection','collection'),(55,'collection','tripbokkingmemos'),(58,'collection','tripmemo'),(57,'collection','tripmode'),(56,'collection','vehicalhirecontract'),(14,'company','companymaster'),(13,'company','financialyears'),(12,'company','regionmaster'),(11,'company','statemaster'),(8,'contenttypes','contenttype'),(68,'delivery','customeroutstanding'),(67,'delivery','deliverystatement'),(66,'delivery','localmemodelivery'),(65,'delivery','truckunloadingreport'),(64,'delivery','truckunloadingreportdetails'),(63,'delivery','truckunloadingreportstatus'),(29,'destinations','destinationmaster'),(41,'items','itemdetailsmaster'),(40,'items','quotationtypes'),(53,'lr_booking','lr_bokking'),(52,'lr_booking','lr_bokking_description'),(51,'lr_booking','lr_other_charges'),(50,'lr_booking','standardrate'),(31,'parties','partymaster'),(30,'parties','partytypes'),(33,'routes','routemaster'),(32,'routes','routestations'),(34,'routes','slapmaster'),(9,'sessions','session'),(2,'token_blacklist','blacklistedtoken'),(3,'token_blacklist','outstandingtoken'),(49,'transactions','collectiontypes'),(48,'transactions','deliverytypes'),(47,'transactions','loadtypes'),(46,'transactions','paidtypes'),(45,'transactions','paytypes'),(10,'users','userprofile'),(39,'vehicals','drivermaster'),(35,'vehicals','ownermaster'),(38,'vehicals','vehicalmaster'),(37,'vehicals','vehicaltypes'),(36,'vehicals','vendortypes');
/*!40000 ALTER TABLE `django_content_type` ENABLE KEYS */;
UNLOCK TABLES;

--
-- Table structure for table `django_migrations`
--

DROP TABLE IF EXISTS `django_migrations`;
/*!40101 SET @saved_cs_client     = @@character_set_client */;
/*!50503 SET character_set_client = utf8mb4 */;
CREATE TABLE `django_migrations` (
  `id` bigint NOT NULL AUTO_INCREMENT,
  `app` varchar(255) NOT NULL,
  `name` varchar(255) NOT NULL,
  `applied` datetime(6) NOT NULL,
  PRIMARY KEY (`id`)
) ENGINE=InnoDB AUTO_INCREMENT=74 DEFAULT CHARSET=utf8mb4 COLLATE=utf8mb4_0900_ai_ci;
/*!40101 SET character_set_client = @saved_cs_client */;

--
-- Dumping data for table `django_migrations`
--

LOCK TABLES `django_migrations` WRITE;
/*!40000 ALTER TABLE `django_migrations` DISABLE KEYS */;
INSERT INTO `django_migrations` VALUES (1,'CONTENTTYPES','0001_INITIAL','2025-01-01 01:37:16.312254'),(2,'AUTH','0001_INITIAL','2025-01-01 01:37:42.484806'),(3,'VEHICALS','0001_INITIAL','2025-01-01 01:38:58.042689'),(4,'TRANSACTIONS','0001_INITIAL','2025-01-01 01:44:30.115027'),(5,'COMPANY','0001_INITIAL','2025-01-01 01:44:31.176025'),(6,'BRANCHES','0001_INITIAL','2025-01-01 01:44:32.091882'),(7,'DESTINATIONS','0001_INITIAL','2025-01-01 01:44:32.400029'),(8,'PARTIES','0001_INITIAL','2025-01-01 01:44:33.218244'),(9,'ITEMS','0001_INITIAL','2025-01-01 01:44:33.657527'),(10,'LR_BOOKING','0001_INITIAL','2025-01-01 01:44:37.581446'),(11,'ROUTES','0001_INITIAL','2025-01-01 01:44:38.729445'),(12,'COLLECTION','0001_INITIAL','2025-01-01 01:44:44.516016'),(13,'DELIVERY','0001_INITIAL','2025-01-01 01:44:47.640434'),(14,'ACCOUNT','0001_INITIAL','2025-01-01 01:44:53.993515'),(15,'ACCOUNTS','0001_INITIAL','2025-01-01 01:44:54.842093'),(16,'ADMIN','0001_INITIAL','2025-01-01 01:44:55.082784'),(17,'ADMIN','0002_LOGENTRY_REMOVE_AUTO_ADD','2025-01-01 01:44:55.235119'),(18,'ADMIN','0003_LOGENTRY_ADD_ACTION_FLAG_CHOICES','2025-01-01 01:44:55.298429'),(19,'ADMIN_INTERFACE','0001_INITIAL','2025-01-01 01:44:55.340006'),(20,'ADMIN_INTERFACE','0002_ADD_RELATED_MODAL','2025-01-01 01:44:55.507494'),(21,'ADMIN_INTERFACE','0003_ADD_LOGO_COLOR','2025-01-01 01:44:55.556150'),(22,'ADMIN_INTERFACE','0004_RENAME_TITLE_COLOR','2025-01-01 01:44:55.592355'),(23,'ADMIN_INTERFACE','0005_ADD_RECENT_ACTIONS_VISIBLE','2025-01-01 01:44:55.638190'),(24,'ADMIN_INTERFACE','0006_BYTES_TO_STR','2025-01-01 01:44:55.738445'),(25,'ADMIN_INTERFACE','0007_ADD_FAVICON','2025-01-01 01:44:55.787780'),(26,'ADMIN_INTERFACE','0008_CHANGE_RELATED_MODAL_BACKGROUND_OPACITY_TYPE','2025-01-01 01:44:55.861028'),(27,'ADMIN_INTERFACE','0009_ADD_ENVIROMENT','2025-01-01 01:44:55.972513'),(28,'ADMIN_INTERFACE','0010_ADD_LOCALIZATION','2025-01-01 01:44:56.002738'),(29,'ADMIN_INTERFACE','0011_ADD_ENVIRONMENT_OPTIONS','2025-01-01 01:44:56.145954'),(30,'ADMIN_INTERFACE','0012_UPDATE_VERBOSE_NAMES','2025-01-01 01:44:56.159928'),(31,'ADMIN_INTERFACE','0013_ADD_RELATED_MODAL_CLOSE_BUTTON','2025-01-01 01:44:56.209035'),(32,'ADMIN_INTERFACE','0014_NAME_UNIQUE','2025-01-01 01:44:56.243976'),(33,'ADMIN_INTERFACE','0015_ADD_LANGUAGE_CHOOSER_ACTIVE','2025-01-01 01:44:56.291795'),(34,'ADMIN_INTERFACE','0016_ADD_LANGUAGE_CHOOSER_DISPLAY','2025-01-01 01:44:56.343107'),(35,'ADMIN_INTERFACE','0017_CHANGE_LIST_FILTER_DROPDOWN','2025-01-01 01:44:56.354916'),(36,'ADMIN_INTERFACE','0018_THEME_LIST_FILTER_STICKY','2025-01-01 01:44:56.398446'),(37,'ADMIN_INTERFACE','0019_ADD_FORM_STICKY','2025-01-01 01:44:56.489651'),(38,'ADMIN_INTERFACE','0020_MODULE_SELECTED_COLORS','2025-01-01 01:44:56.654166'),(39,'ADMIN_INTERFACE','0021_FILE_EXTENSION_VALIDATOR','2025-01-01 01:44:56.670910'),(40,'ADMIN_INTERFACE','0022_ADD_LOGO_MAX_WIDTH_AND_HEIGHT','2025-01-01 01:44:56.864599'),(41,'ADMIN_INTERFACE','0023_THEME_FOLDABLE_APPS','2025-01-01 01:44:56.919355'),(42,'ADMIN_INTERFACE','0024_REMOVE_THEME_CSS','2025-01-01 01:44:56.951743'),(43,'ADMIN_INTERFACE','0025_THEME_LANGUAGE_CHOOSER_CONTROL','2025-01-01 01:44:57.002442'),(44,'ADMIN_INTERFACE','0026_THEME_LIST_FILTER_HIGHLIGHT','2025-01-01 01:44:57.058045'),(45,'ADMIN_INTERFACE','0027_THEME_LIST_FILTER_REMOVAL_LINKS','2025-01-01 01:44:57.111631'),(46,'ADMIN_INTERFACE','0028_THEME_SHOW_FIELDSETS_AS_TABS_AND_MORE','2025-01-01 01:44:57.212727'),(47,'ADMIN_INTERFACE','0029_THEME_CSS_GENERIC_LINK_ACTIVE_COLOR','2025-01-01 01:44:57.267827'),(48,'ADMIN_INTERFACE','0030_THEME_COLLAPSIBLE_STACKED_INLINES_AND_MORE','2025-01-01 01:44:57.471118'),(49,'CONTENTTYPES','0002_REMOVE_CONTENT_TYPE_NAME','2025-01-01 01:44:57.687261'),(50,'AUTH','0002_ALTER_PERMISSION_NAME_MAX_LENGTH','2025-01-01 01:44:57.827457'),(51,'AUTH','0003_ALTER_USER_EMAIL_MAX_LENGTH','2025-01-01 01:44:58.065511'),(52,'AUTH','0004_ALTER_USER_USERNAME_OPTS','2025-01-01 01:44:58.130565'),(53,'AUTH','0005_ALTER_USER_LAST_LOGIN_NULL','2025-01-01 01:44:58.410540'),(54,'AUTH','0006_REQUIRE_CONTENTTYPES_0002','2025-01-01 01:44:58.417914'),(55,'AUTH','0007_ALTER_VALIDATORS_ADD_ERROR_MESSAGES','2025-01-01 01:44:58.558974'),(56,'AUTH','0008_ALTER_USER_USERNAME_MAX_LENGTH','2025-01-01 01:44:58.920048'),(57,'AUTH','0009_ALTER_USER_LAST_NAME_MAX_LENGTH','2025-01-01 01:44:59.210549'),(58,'AUTH','0010_ALTER_GROUP_NAME_MAX_LENGTH','2025-01-01 01:44:59.298421'),(59,'AUTH','0011_UPDATE_PROXY_PERMISSIONS','2025-01-01 01:44:59.365641'),(60,'AUTH','0012_ALTER_USER_FIRST_NAME_MAX_LENGTH','2025-01-01 01:44:59.659250'),(61,'SESSIONS','0001_INITIAL','2025-01-01 01:44:59.715493'),(62,'TOKEN_BLACKLIST','0001_INITIAL','2025-01-01 01:45:00.154333'),(63,'TOKEN_BLACKLIST','0002_OUTSTANDINGTOKEN_JTI_HEX','2025-01-01 01:45:00.241317'),(64,'TOKEN_BLACKLIST','0003_AUTO_20171017_2007','2025-01-01 01:45:00.312673'),(65,'TOKEN_BLACKLIST','0004_AUTO_20171017_2013','2025-01-01 01:45:00.458730'),(66,'TOKEN_BLACKLIST','0005_REMOVE_OUTSTANDINGTOKEN_JTI','2025-01-01 01:45:00.579611'),(67,'TOKEN_BLACKLIST','0006_AUTO_20171017_2113','2025-01-01 01:45:00.745628'),(68,'TOKEN_BLACKLIST','0007_AUTO_20171017_2214','2025-01-01 01:45:01.119475'),(69,'TOKEN_BLACKLIST','0008_MIGRATE_TO_BIGAUTOFIELD','2025-01-01 01:45:01.478791'),(70,'TOKEN_BLACKLIST','0010_FIX_MIGRATE_TO_BIGAUTOFIELD','2025-01-01 01:45:01.553507'),(71,'TOKEN_BLACKLIST','0011_LINEARIZES_HISTORY','2025-01-01 01:45:01.561252'),(72,'TOKEN_BLACKLIST','0012_ALTER_OUTSTANDINGTOKEN_USER','2025-01-01 01:45:01.712291'),(73,'USERS','0001_INITIAL','2025-01-01 01:45:02.079143');
/*!40000 ALTER TABLE `django_migrations` ENABLE KEYS */;
UNLOCK TABLES;

--
-- Table structure for table `django_session`
--

DROP TABLE IF EXISTS `django_session`;
/*!40101 SET @saved_cs_client     = @@character_set_client */;
/*!50503 SET character_set_client = utf8mb4 */;
CREATE TABLE `django_session` (
  `session_key` varchar(40) NOT NULL,
  `session_data` longtext NOT NULL,
  `expire_date` datetime(6) NOT NULL,
  PRIMARY KEY (`session_key`),
  KEY `django_session_expire_date_a5c62663` (`expire_date`)
) ENGINE=InnoDB DEFAULT CHARSET=utf8mb4 COLLATE=utf8mb4_0900_ai_ci;
/*!40101 SET character_set_client = @saved_cs_client */;

--
-- Dumping data for table `django_session`
--

LOCK TABLES `django_session` WRITE;
/*!40000 ALTER TABLE `django_session` DISABLE KEYS */;
/*!40000 ALTER TABLE `django_session` ENABLE KEYS */;
UNLOCK TABLES;

--
-- Table structure for table `driver_master`
--

DROP TABLE IF EXISTS `driver_master`;
/*!40101 SET @saved_cs_client     = @@character_set_client */;
/*!50503 SET character_set_client = utf8mb4 */;
CREATE TABLE `driver_master` (
  `id` int NOT NULL AUTO_INCREMENT,
  `name` varchar(255) NOT NULL,
  `contact_no` longtext NOT NULL,
  `address` longtext,
  `license_no` varchar(20) DEFAULT NULL,
  `license_exp_date` date DEFAULT NULL,
  `aadhar_no` varchar(12) DEFAULT NULL,
  `created_at` datetime(6) NOT NULL,
  `updated_at` datetime(6) NOT NULL,
  `is_available` tinyint(1) NOT NULL,
  `is_active` tinyint(1) NOT NULL,
  `flag` tinyint(1) NOT NULL,
  `created_by_id` int NOT NULL,
  `updated_by_id` int DEFAULT NULL,
  PRIMARY KEY (`id`),
  UNIQUE KEY `license_no` (`license_no`),
  UNIQUE KEY `aadhar_no` (`aadhar_no`),
  KEY `driver_master_created_by_id_f11acba5_fk_auth_user_id` (`created_by_id`),
  KEY `driver_master_updated_by_id_818e41f0_fk_auth_user_id` (`updated_by_id`),
  CONSTRAINT `driver_master_created_by_id_f11acba5_fk_auth_user_id` FOREIGN KEY (`created_by_id`) REFERENCES `auth_user` (`id`),
  CONSTRAINT `driver_master_updated_by_id_818e41f0_fk_auth_user_id` FOREIGN KEY (`updated_by_id`) REFERENCES `auth_user` (`id`)
) ENGINE=InnoDB AUTO_INCREMENT=6 DEFAULT CHARSET=utf8mb4 COLLATE=utf8mb4_0900_ai_ci;
/*!40101 SET character_set_client = @saved_cs_client */;

--
-- Dumping data for table `driver_master`
--

LOCK TABLES `driver_master` WRITE;
/*!40000 ALTER TABLE `driver_master` DISABLE KEYS */;
INSERT INTO `driver_master` VALUES (2,'SURYA KEKAN','9767058687','SHIKRAPUR',NULL,NULL,NULL,'2025-01-02 11:34:01.438454','2025-01-02 11:34:01.438479',1,1,1,1,NULL),(3,'JAVLE MAMA','9767058687','SHIKRAPUR',NULL,NULL,NULL,'2025-01-16 05:16:18.860481','2025-01-16 05:16:18.860506',1,1,1,1,NULL),(4,'NITIN BHAPKAR','9767058687','PUNE',NULL,NULL,NULL,'2025-02-15 07:54:12.962838','2025-02-15 07:54:12.962863',1,1,1,1,NULL),(5,'PICK UP DRIVER','9767058687','ASAS',NULL,NULL,NULL,'2025-03-26 08:48:14.058422','2025-03-26 08:48:14.058447',1,1,1,1,NULL);
/*!40000 ALTER TABLE `driver_master` ENABLE KEYS */;
UNLOCK TABLES;

--
-- Table structure for table `effect_types`
--

DROP TABLE IF EXISTS `effect_types`;
/*!40101 SET @saved_cs_client     = @@character_set_client */;
/*!50503 SET character_set_client = utf8mb4 */;
CREATE TABLE `effect_types` (
  `id` int NOT NULL AUTO_INCREMENT,
  `type_name` varchar(255) NOT NULL,
  `created_at` datetime(6) NOT NULL,
  `updated_at` datetime(6) NOT NULL,
  `is_active` tinyint(1) NOT NULL,
  `flag` tinyint(1) NOT NULL,
  `created_by_id` int NOT NULL,
  `updated_by_id` int DEFAULT NULL,
  PRIMARY KEY (`id`),
  UNIQUE KEY `type_name` (`type_name`),
  KEY `effect_types_created_by_id_7de2e175_fk_auth_user_id` (`created_by_id`),
  KEY `effect_types_updated_by_id_fbbf8b78_fk_auth_user_id` (`updated_by_id`),
  CONSTRAINT `effect_types_created_by_id_7de2e175_fk_auth_user_id` FOREIGN KEY (`created_by_id`) REFERENCES `auth_user` (`id`),
  CONSTRAINT `effect_types_updated_by_id_fbbf8b78_fk_auth_user_id` FOREIGN KEY (`updated_by_id`) REFERENCES `auth_user` (`id`)
) ENGINE=InnoDB AUTO_INCREMENT=11 DEFAULT CHARSET=utf8mb4 COLLATE=utf8mb4_0900_ai_ci;
/*!40101 SET character_set_client = @saved_cs_client */;

--
-- Dumping data for table `effect_types`
--

LOCK TABLES `effect_types` WRITE;
/*!40000 ALTER TABLE `effect_types` DISABLE KEYS */;
INSERT INTO `effect_types` VALUES (1,'VEHICLE NO','2024-12-16 00:00:00.000000','2024-12-16 00:00:00.000000',1,1,1,NULL),(2,'LR NO','2024-12-16 00:00:00.000000','2024-12-16 00:00:00.000000',1,1,1,NULL),(3,'EMPLOYEE NAME','2024-12-16 00:00:00.000000','2024-12-16 00:00:00.000000',1,1,1,NULL),(4,'PARTY NAME','2024-12-16 00:00:00.000000','2024-12-16 00:00:00.000000',1,1,1,NULL),(5,'HIRE BILL NO','2024-12-16 00:00:00.000000','2024-12-16 00:00:00.000000',1,1,1,NULL),(6,'MEMO NO','2024-12-16 00:00:00.000000','2024-12-16 00:00:00.000000',1,1,1,NULL),(7,'DRIVER NAME','2024-12-16 00:00:00.000000','2024-12-16 00:00:00.000000',1,1,1,NULL),(8,'DELIVERY MEMO NO','2024-12-16 00:00:00.000000','2024-12-16 00:00:00.000000',1,1,1,NULL),(9,'TRIP NO','2024-12-16 00:00:00.000000','2024-12-16 00:00:00.000000',1,1,1,NULL),(10,'OTHER','2024-12-16 00:00:00.000000','2024-12-16 00:00:00.000000',1,1,1,NULL);
/*!40000 ALTER TABLE `effect_types` ENABLE KEYS */;
UNLOCK TABLES;

--
-- Table structure for table `employee_master`
--

DROP TABLE IF EXISTS `employee_master`;
/*!40101 SET @saved_cs_client     = @@character_set_client */;
/*!50503 SET character_set_client = utf8mb4 */;
CREATE TABLE `employee_master` (
  `id` int NOT NULL AUTO_INCREMENT,
  `name` varchar(255) NOT NULL,
  `contact_no` longtext NOT NULL,
  `email_id` longtext NOT NULL,
  `address` longtext,
  `created_at` datetime(6) NOT NULL,
  `updated_at` datetime(6) NOT NULL,
  `is_active` tinyint(1) NOT NULL,
  `flag` tinyint(1) NOT NULL,
  `branch_id` int NOT NULL,
  `created_by_id` int NOT NULL,
  `employee_type_id` int NOT NULL,
  `updated_by_id` int DEFAULT NULL,
  PRIMARY KEY (`id`),
  KEY `employee_master_branch_id_1f61ca91_fk_branch_master_id` (`branch_id`),
  KEY `employee_master_created_by_id_6ac1c648_fk_auth_user_id` (`created_by_id`),
  KEY `employee_master_employee_type_id_d1f537ca_fk_employee_type_id` (`employee_type_id`),
  KEY `employee_master_updated_by_id_0d408425_fk_auth_user_id` (`updated_by_id`),
  CONSTRAINT `employee_master_branch_id_1f61ca91_fk_branch_master_id` FOREIGN KEY (`branch_id`) REFERENCES `branch_master` (`id`),
  CONSTRAINT `employee_master_created_by_id_6ac1c648_fk_auth_user_id` FOREIGN KEY (`created_by_id`) REFERENCES `auth_user` (`id`),
  CONSTRAINT `employee_master_employee_type_id_d1f537ca_fk_employee_type_id` FOREIGN KEY (`employee_type_id`) REFERENCES `employee_type` (`id`),
  CONSTRAINT `employee_master_updated_by_id_0d408425_fk_auth_user_id` FOREIGN KEY (`updated_by_id`) REFERENCES `auth_user` (`id`)
) ENGINE=InnoDB DEFAULT CHARSET=utf8mb4 COLLATE=utf8mb4_0900_ai_ci;
/*!40101 SET character_set_client = @saved_cs_client */;

--
-- Dumping data for table `employee_master`
--

LOCK TABLES `employee_master` WRITE;
/*!40000 ALTER TABLE `employee_master` DISABLE KEYS */;
/*!40000 ALTER TABLE `employee_master` ENABLE KEYS */;
UNLOCK TABLES;

--
-- Table structure for table `employee_type`
--

DROP TABLE IF EXISTS `employee_type`;
/*!40101 SET @saved_cs_client     = @@character_set_client */;
/*!50503 SET character_set_client = utf8mb4 */;
CREATE TABLE `employee_type` (
  `id` int NOT NULL AUTO_INCREMENT,
  `type_name` varchar(255) NOT NULL,
  `description` longtext,
  `created_at` datetime(6) NOT NULL,
  `updated_at` datetime(6) NOT NULL,
  `is_active` tinyint(1) NOT NULL,
  `flag` tinyint(1) NOT NULL,
  `created_by_id` int NOT NULL,
  `updated_by_id` int DEFAULT NULL,
  PRIMARY KEY (`id`),
  UNIQUE KEY `type_name` (`type_name`),
  KEY `employee_type_created_by_id_4ce07aaa_fk_auth_user_id` (`created_by_id`),
  KEY `employee_type_updated_by_id_71b52460_fk_auth_user_id` (`updated_by_id`),
  CONSTRAINT `employee_type_created_by_id_4ce07aaa_fk_auth_user_id` FOREIGN KEY (`created_by_id`) REFERENCES `auth_user` (`id`),
  CONSTRAINT `employee_type_updated_by_id_71b52460_fk_auth_user_id` FOREIGN KEY (`updated_by_id`) REFERENCES `auth_user` (`id`)
) ENGINE=InnoDB AUTO_INCREMENT=4 DEFAULT CHARSET=utf8mb4 COLLATE=utf8mb4_0900_ai_ci;
/*!40101 SET character_set_client = @saved_cs_client */;

--
-- Dumping data for table `employee_type`
--

LOCK TABLES `employee_type` WRITE;
/*!40000 ALTER TABLE `employee_type` DISABLE KEYS */;
INSERT INTO `employee_type` VALUES (1,'HR MANAGER','HUMAN RESOURCES MANAGER','2024-12-16 00:00:00.000000','2024-12-16 00:00:00.000000',1,1,1,NULL),(2,'FINANCE MANAGER','FINANCE DEPARTMENT MANAGER','2024-12-16 00:00:00.000000','2024-12-16 00:00:00.000000',1,1,1,NULL),(3,'CUSTOMER SERVICE MANAGER','MANAGER FOR CUSTOMER SUPPORT','2024-12-16 00:00:00.000000','2024-12-16 00:00:00.000000',1,1,1,NULL);
/*!40000 ALTER TABLE `employee_type` ENABLE KEYS */;
UNLOCK TABLES;

--
-- Table structure for table `financial_years`
--

DROP TABLE IF EXISTS `financial_years`;
/*!40101 SET @saved_cs_client     = @@character_set_client */;
/*!50503 SET character_set_client = utf8mb4 */;
CREATE TABLE `financial_years` (
  `id` int NOT NULL AUTO_INCREMENT,
  `year_name` varchar(9) NOT NULL,
  `start_date` date NOT NULL,
  `end_date` date NOT NULL,
  `description` longtext,
  `is_current` tinyint(1) NOT NULL,
  `created_at` datetime(6) NOT NULL,
  `updated_at` datetime(6) NOT NULL,
  `is_active` tinyint(1) NOT NULL,
  `flag` tinyint(1) NOT NULL,
  `created_by_id` int NOT NULL,
  `updated_by_id` int DEFAULT NULL,
  PRIMARY KEY (`id`),
  UNIQUE KEY `year_name` (`year_name`),
  KEY `financial_years_created_by_id_098f7f3d_fk_auth_user_id` (`created_by_id`),
  KEY `financial_years_updated_by_id_424b2c5a_fk_auth_user_id` (`updated_by_id`),
  CONSTRAINT `financial_years_created_by_id_098f7f3d_fk_auth_user_id` FOREIGN KEY (`created_by_id`) REFERENCES `auth_user` (`id`),
  CONSTRAINT `financial_years_updated_by_id_424b2c5a_fk_auth_user_id` FOREIGN KEY (`updated_by_id`) REFERENCES `auth_user` (`id`)
) ENGINE=InnoDB AUTO_INCREMENT=3 DEFAULT CHARSET=utf8mb4 COLLATE=utf8mb4_0900_ai_ci;
/*!40101 SET character_set_client = @saved_cs_client */;

--
-- Dumping data for table `financial_years`
--

LOCK TABLES `financial_years` WRITE;
/*!40000 ALTER TABLE `financial_years` DISABLE KEYS */;
INSERT INTO `financial_years` VALUES (1,'2024-25','2024-04-01','2025-03-31','FINANCIAL YEAR FOR 2024-25',0,'2024-12-16 00:00:00.000000','2025-04-01 04:13:58.180876',0,1,1,1),(2,'2025-26','2025-04-01','2026-03-31',NULL,1,'2025-04-01 04:13:48.077141','2025-04-01 04:13:48.077164',1,1,1,NULL);
/*!40000 ALTER TABLE `financial_years` ENABLE KEYS */;
UNLOCK TABLES;

--
-- Table structure for table `gst_master`
--

DROP TABLE IF EXISTS `gst_master`;
/*!40101 SET @saved_cs_client     = @@character_set_client */;
/*!50503 SET character_set_client = utf8mb4 */;
CREATE TABLE `gst_master` (
  `id` int NOT NULL AUTO_INCREMENT,
  `type_name` varchar(255) NOT NULL,
  `percentage` decimal(10,2) NOT NULL,
  `created_at` datetime(6) NOT NULL,
  `updated_at` datetime(6) NOT NULL,
  `is_active` tinyint(1) NOT NULL,
  `flag` tinyint(1) NOT NULL,
  `created_by_id` int NOT NULL,
  `updated_by_id` int DEFAULT NULL,
  PRIMARY KEY (`id`),
  UNIQUE KEY `type_name` (`type_name`),
  KEY `gst_master_created_by_id_ea976330_fk_auth_user_id` (`created_by_id`),
  KEY `gst_master_updated_by_id_ba97562b_fk_auth_user_id` (`updated_by_id`),
  CONSTRAINT `gst_master_created_by_id_ea976330_fk_auth_user_id` FOREIGN KEY (`created_by_id`) REFERENCES `auth_user` (`id`),
  CONSTRAINT `gst_master_updated_by_id_ba97562b_fk_auth_user_id` FOREIGN KEY (`updated_by_id`) REFERENCES `auth_user` (`id`)
) ENGINE=InnoDB AUTO_INCREMENT=3 DEFAULT CHARSET=utf8mb4 COLLATE=utf8mb4_0900_ai_ci;
/*!40101 SET character_set_client = @saved_cs_client */;

--
-- Dumping data for table `gst_master`
--

LOCK TABLES `gst_master` WRITE;
/*!40000 ALTER TABLE `gst_master` DISABLE KEYS */;
INSERT INTO `gst_master` VALUES (1,'SGST',9.00,'2024-12-16 00:00:00.000000','2024-12-16 00:00:00.000000',1,1,1,NULL),(2,'CGST',9.00,'2024-12-16 00:00:00.000000','2024-12-16 00:00:00.000000',1,1,1,NULL);
/*!40000 ALTER TABLE `gst_master` ENABLE KEYS */;
UNLOCK TABLES;

--
-- Table structure for table `item_details_master`
--

DROP TABLE IF EXISTS `item_details_master`;
/*!40101 SET @saved_cs_client     = @@character_set_client */;
/*!50503 SET character_set_client = utf8mb4 */;
CREATE TABLE `item_details_master` (
  `id` int NOT NULL AUTO_INCREMENT,
  `item_name` varchar(255) NOT NULL,
  `description` longtext,
  `created_at` datetime(6) NOT NULL,
  `updated_at` datetime(6) NOT NULL,
  `is_active` tinyint(1) NOT NULL,
  `flag` tinyint(1) NOT NULL,
  `created_by_id` int NOT NULL,
  `updated_by_id` int DEFAULT NULL,
  PRIMARY KEY (`id`),
  UNIQUE KEY `item_name` (`item_name`),
  KEY `item_details_master_created_by_id_bcdc6dab_fk_auth_user_id` (`created_by_id`),
  KEY `item_details_master_updated_by_id_9b070b36_fk_auth_user_id` (`updated_by_id`),
  CONSTRAINT `item_details_master_created_by_id_bcdc6dab_fk_auth_user_id` FOREIGN KEY (`created_by_id`) REFERENCES `auth_user` (`id`),
  CONSTRAINT `item_details_master_updated_by_id_9b070b36_fk_auth_user_id` FOREIGN KEY (`updated_by_id`) REFERENCES `auth_user` (`id`)
) ENGINE=InnoDB AUTO_INCREMENT=88 DEFAULT CHARSET=utf8mb4 COLLATE=utf8mb4_0900_ai_ci;
/*!40101 SET character_set_client = @saved_cs_client */;

--
-- Dumping data for table `item_details_master`
--

LOCK TABLES `item_details_master` WRITE;
/*!40000 ALTER TABLE `item_details_master` DISABLE KEYS */;
INSERT INTO `item_details_master` VALUES (1,'ANGLE','','2024-12-16 00:00:00.000000','2024-12-16 00:00:00.000000',1,1,1,NULL),(2,'BAG','','2024-12-16 00:00:00.000000','2024-12-16 00:00:00.000000',1,1,1,NULL),(3,'BAR','','2024-12-16 00:00:00.000000','2024-12-16 00:00:00.000000',1,1,1,NULL),(4,'BARREL','','2024-12-16 00:00:00.000000','2024-12-16 00:00:00.000000',1,1,1,NULL),(5,'BATTERY','','2024-12-16 00:00:00.000000','2024-12-16 00:00:00.000000',1,1,1,NULL),(6,'BIG PATTERN','','2024-12-16 00:00:00.000000','2024-12-16 00:00:00.000000',1,1,1,NULL),(7,'BIN','','2024-12-16 00:00:00.000000','2024-12-16 00:00:00.000000',1,1,1,NULL),(8,'BLOCK','','2024-12-16 00:00:00.000000','2024-12-16 00:00:00.000000',1,1,1,NULL),(9,'BOX','','2024-12-16 00:00:00.000000','2024-12-16 00:00:00.000000',1,1,1,NULL),(10,'BUCKET','','2024-12-16 00:00:00.000000','2024-12-16 00:00:00.000000',1,1,1,NULL),(11,'BUMPER','','2024-12-16 00:00:00.000000','2024-12-16 00:00:00.000000',1,1,1,NULL),(12,'BUNDLE','','2024-12-16 00:00:00.000000','2024-12-16 00:00:00.000000',1,1,1,NULL),(13,'C/B','','2024-12-16 00:00:00.000000','2024-12-16 00:00:00.000000',1,1,1,NULL),(14,'CABINET','','2024-12-16 00:00:00.000000','2024-12-16 00:00:00.000000',1,1,1,NULL),(15,'CAN','','2024-12-16 00:00:00.000000','2024-12-16 00:00:00.000000',1,1,1,NULL),(16,'CARATES','','2024-12-16 00:00:00.000000','2024-12-16 00:00:00.000000',1,1,1,NULL),(17,'CARBOYS','','2024-12-16 00:00:00.000000','2024-12-16 00:00:00.000000',1,1,1,NULL),(18,'CASTING','','2024-12-16 00:00:00.000000','2024-12-16 00:00:00.000000',1,1,1,NULL),(19,'CHAIR','','2024-12-16 00:00:00.000000','2024-12-16 00:00:00.000000',1,1,1,NULL),(20,'COIL','','2024-12-16 00:00:00.000000','2024-12-16 00:00:00.000000',1,1,1,NULL),(21,'COMPRESSOR','','2024-12-16 00:00:00.000000','2024-12-16 00:00:00.000000',1,1,1,NULL),(22,'CONTAINER','','2024-12-16 00:00:00.000000','2024-12-16 00:00:00.000000',1,1,1,NULL),(23,'CRANK','','2024-12-16 00:00:00.000000','2024-12-16 00:00:00.000000',1,1,1,NULL),(24,'CRATES','','2024-12-16 00:00:00.000000','2024-12-16 00:00:00.000000',1,1,1,NULL),(25,'CYLINDER','','2024-12-16 00:00:00.000000','2024-12-16 00:00:00.000000',1,1,1,NULL),(26,'DIE','','2024-12-16 00:00:00.000000','2024-12-16 00:00:00.000000',1,1,1,NULL),(27,'DISH','','2024-12-16 00:00:00.000000','2024-12-16 00:00:00.000000',1,1,1,NULL),(28,'DOOR','','2024-12-16 00:00:00.000000','2024-12-16 00:00:00.000000',1,1,1,NULL),(29,'DRUM','','2024-12-16 00:00:00.000000','2024-12-16 00:00:00.000000',1,1,1,NULL),(30,'EMPTY W/B','','2024-12-16 00:00:00.000000','2024-12-16 00:00:00.000000',1,1,1,NULL),(31,'FOAM SHEET','','2024-12-16 00:00:00.000000','2024-12-16 00:00:00.000000',1,1,1,NULL),(32,'GENSETS','','2024-12-16 00:00:00.000000','2024-12-16 00:00:00.000000',1,1,1,NULL),(33,'GLASS','','2024-12-16 00:00:00.000000','2024-12-16 00:00:00.000000',1,1,1,NULL),(34,'GUNNY BAG','','2024-12-16 00:00:00.000000','2024-12-16 00:00:00.000000',1,1,1,NULL),(35,'GUNNY BUNDLE','','2024-12-16 00:00:00.000000','2024-12-16 00:00:00.000000',1,1,1,NULL),(36,'HOUSE HOLD ITEMS','','2024-12-16 00:00:00.000000','2024-12-16 00:00:00.000000',1,1,1,NULL),(37,'J BOX','','2024-12-16 00:00:00.000000','2024-12-16 00:00:00.000000',1,1,1,NULL),(38,'JOB WORKS','','2024-12-16 00:00:00.000000','2024-12-16 00:00:00.000000',1,1,1,NULL),(39,'JUMBO BAG','','2024-12-16 00:00:00.000000','2024-12-16 00:00:00.000000',1,1,1,NULL),(40,'JUMBO GUNNY BAG','','2024-12-16 00:00:00.000000','2024-12-16 00:00:00.000000',1,1,1,NULL),(41,'LOOSE','','2024-12-16 00:00:00.000000','2024-12-16 00:00:00.000000',1,1,1,NULL),(42,'LOOSE BAR','','2024-12-16 00:00:00.000000','2024-12-16 00:00:00.000000',1,1,1,NULL),(43,'LOOSE SPRING','','2024-12-16 00:00:00.000000','2024-12-16 00:00:00.000000',1,1,1,NULL),(44,'LOOSE/BOX','','2024-12-16 00:00:00.000000','2024-12-16 00:00:00.000000',1,1,1,NULL),(45,'MACHINE','','2024-12-16 00:00:00.000000','2024-12-16 00:00:00.000000',1,1,1,NULL),(46,'METAL PETI','','2024-12-16 00:00:00.000000','2024-12-16 00:00:00.000000',1,1,1,NULL),(47,'PACKET','','2024-12-16 00:00:00.000000','2024-12-16 00:00:00.000000',1,1,1,NULL),(48,'PALLET','','2024-12-16 00:00:00.000000','2024-12-16 00:00:00.000000',1,1,1,NULL),(49,'PANEL','','2024-12-16 00:00:00.000000','2024-12-16 00:00:00.000000',1,1,1,NULL),(50,'PATRA','','2024-12-16 00:00:00.000000','2024-12-16 00:00:00.000000',1,1,1,NULL),(51,'PATTERN','','2024-12-16 00:00:00.000000','2024-12-16 00:00:00.000000',1,1,1,NULL),(52,'PCS','','2024-12-16 00:00:00.000000','2024-12-16 00:00:00.000000',1,1,1,NULL),(53,'PIPE','','2024-12-16 00:00:00.000000','2024-12-16 00:00:00.000000',1,1,1,NULL),(54,'PIPE BUNDLE','','2024-12-16 00:00:00.000000','2024-12-16 00:00:00.000000',1,1,1,NULL),(55,'PLASTIC BAG','','2024-12-16 00:00:00.000000','2024-12-16 00:00:00.000000',1,1,1,NULL),(56,'PLASTIC DRUM','','2024-12-16 00:00:00.000000','2024-12-16 00:00:00.000000',1,1,1,NULL),(57,'PLATE','','2024-12-16 00:00:00.000000','2024-12-16 00:00:00.000000',1,1,1,NULL),(58,'POKET','','2024-12-16 00:00:00.000000','2024-12-16 00:00:00.000000',1,1,1,NULL),(59,'RACK','','2024-12-16 00:00:00.000000','2024-12-16 00:00:00.000000',1,1,1,NULL),(60,'RING','','2024-12-16 00:00:00.000000','2024-12-16 00:00:00.000000',1,1,1,NULL),(61,'ROD','','2024-12-16 00:00:00.000000','2024-12-16 00:00:00.000000',1,1,1,NULL),(62,'ROLL','','2024-12-16 00:00:00.000000','2024-12-16 00:00:00.000000',1,1,1,NULL),(63,'ROTOR','','2024-12-16 00:00:00.000000','2024-12-16 00:00:00.000000',1,1,1,NULL),(64,'SCRAP','','2024-12-16 00:00:00.000000','2024-12-16 00:00:00.000000',1,1,1,NULL),(65,'SHAFT','','2024-12-16 00:00:00.000000','2024-12-16 00:00:00.000000',1,1,1,NULL),(66,'SHEET','','2024-12-16 00:00:00.000000','2024-12-16 00:00:00.000000',1,1,1,NULL),(67,'SMALL PATTERN','','2024-12-16 00:00:00.000000','2024-12-16 00:00:00.000000',1,1,1,NULL),(68,'SPRAY','','2024-12-16 00:00:00.000000','2024-12-16 00:00:00.000000',1,1,1,NULL),(69,'SPRING','','2024-12-16 00:00:00.000000','2024-12-16 00:00:00.000000',1,1,1,NULL),(70,'TABLE','','2024-12-16 00:00:00.000000','2024-12-16 00:00:00.000000',1,1,1,NULL),(71,'TANK','','2024-12-16 00:00:00.000000','2024-12-16 00:00:00.000000',1,1,1,NULL),(72,'TRANK','','2024-12-16 00:00:00.000000','2024-12-16 00:00:00.000000',1,1,1,NULL),(73,'TRANSFORMER','','2024-12-16 00:00:00.000000','2024-12-16 00:00:00.000000',1,1,1,NULL),(74,'TRAY','','2024-12-16 00:00:00.000000','2024-12-16 00:00:00.000000',1,1,1,NULL),(75,'TROLLY','','2024-12-16 00:00:00.000000','2024-12-16 00:00:00.000000',1,1,1,NULL),(76,'TUBE','','2024-12-16 00:00:00.000000','2024-12-16 00:00:00.000000',1,1,1,NULL),(77,'TWO WHEELER','','2024-12-16 00:00:00.000000','2024-12-16 00:00:00.000000',1,1,1,NULL),(78,'TYRE','','2024-12-16 00:00:00.000000','2024-12-16 00:00:00.000000',1,1,1,NULL),(79,'UPS','','2024-12-16 00:00:00.000000','2024-12-16 00:00:00.000000',1,1,1,NULL),(80,'W/B','','2024-12-16 00:00:00.000000','2024-12-16 00:00:00.000000',1,1,1,NULL),(81,'W/C','','2024-12-16 00:00:00.000000','2024-12-16 00:00:00.000000',1,1,1,NULL),(82,'W/P','','2024-12-16 00:00:00.000000','2024-12-16 00:00:00.000000',1,1,1,NULL),(83,'WHEEL','','2024-12-16 00:00:00.000000','2024-12-16 00:00:00.000000',1,1,1,NULL),(84,'WIRE BUNDLE','','2024-12-16 00:00:00.000000','2024-12-16 00:00:00.000000',1,1,1,NULL),(85,'BOXES',NULL,'2025-03-03 15:14:18.106701','2025-03-03 15:14:18.106727',1,1,1,NULL),(86,'TANK JOB',NULL,'2025-03-18 06:34:55.954866','2025-03-18 06:34:55.954890',1,1,1,NULL),(87,'INDUSTRIAL GOODS',NULL,'2025-03-28 11:32:56.726499','2025-03-28 11:32:56.726524',1,1,1,NULL);
/*!40000 ALTER TABLE `item_details_master` ENABLE KEYS */;
UNLOCK TABLES;

--
-- Table structure for table `load_types`
--

DROP TABLE IF EXISTS `load_types`;
/*!40101 SET @saved_cs_client     = @@character_set_client */;
/*!50503 SET character_set_client = utf8mb4 */;
CREATE TABLE `load_types` (
  `id` int NOT NULL AUTO_INCREMENT,
  `type_name` varchar(255) NOT NULL,
  `created_at` datetime(6) NOT NULL,
  `updated_at` datetime(6) NOT NULL,
  `is_active` tinyint(1) NOT NULL,
  `flag` tinyint(1) NOT NULL,
  `created_by_id` int NOT NULL,
  `updated_by_id` int DEFAULT NULL,
  PRIMARY KEY (`id`),
  UNIQUE KEY `type_name` (`type_name`),
  KEY `load_types_created_by_id_95eabe1e_fk_auth_user_id` (`created_by_id`),
  KEY `load_types_updated_by_id_bb4718b2_fk_auth_user_id` (`updated_by_id`),
  CONSTRAINT `load_types_created_by_id_95eabe1e_fk_auth_user_id` FOREIGN KEY (`created_by_id`) REFERENCES `auth_user` (`id`),
  CONSTRAINT `load_types_updated_by_id_bb4718b2_fk_auth_user_id` FOREIGN KEY (`updated_by_id`) REFERENCES `auth_user` (`id`)
) ENGINE=InnoDB AUTO_INCREMENT=3 DEFAULT CHARSET=utf8mb4 COLLATE=utf8mb4_0900_ai_ci;
/*!40101 SET character_set_client = @saved_cs_client */;

--
-- Dumping data for table `load_types`
--

LOCK TABLES `load_types` WRITE;
/*!40000 ALTER TABLE `load_types` DISABLE KEYS */;
INSERT INTO `load_types` VALUES (1,'PART LOAD (PL)','2024-12-16 00:00:00.000000','2024-12-16 00:00:00.000000',1,1,1,NULL),(2,'FULL TRUCK LOAD (FTL)','2024-12-16 00:00:00.000000','2024-12-16 00:00:00.000000',1,1,1,NULL);
/*!40000 ALTER TABLE `load_types` ENABLE KEYS */;
UNLOCK TABLES;

--
-- Table structure for table `local_memo_delivery`
--

DROP TABLE IF EXISTS `local_memo_delivery`;
/*!40101 SET @saved_cs_client     = @@character_set_client */;
/*!50503 SET character_set_client = utf8mb4 */;
CREATE TABLE `local_memo_delivery` (
  `id` int NOT NULL AUTO_INCREMENT,
  `memo_no` varchar(10) NOT NULL,
  `date` date NOT NULL,
  `memo_status` varchar(50) NOT NULL,
  `memo_remarks` varchar(100) DEFAULT NULL,
  `total_weight` decimal(10,2) NOT NULL,
  `total_delivery` decimal(10,2) NOT NULL,
  `extra_amt` decimal(10,2) NOT NULL,
  `hamali` int NOT NULL,
  `union_charges` decimal(10,2) NOT NULL,
  `total_amt` int NOT NULL,
  `advance` decimal(10,2) NOT NULL,
  `balance` int NOT NULL,
  `created_at` datetime(6) NOT NULL,
  `updated_at` datetime(6) NOT NULL,
  `is_active` tinyint(1) NOT NULL,
  `flag` tinyint(1) NOT NULL,
  `printed_by_branch_manager` tinyint(1) NOT NULL,
  `branch_name_id` int DEFAULT NULL,
  `created_by_id` int NOT NULL,
  `driver_name_id` int DEFAULT NULL,
  `from_branch_id` int DEFAULT NULL,
  `to_branch_id` int DEFAULT NULL,
  `updated_by_id` int DEFAULT NULL,
  `vehical_no_id` int DEFAULT NULL,
  PRIMARY KEY (`id`),
  UNIQUE KEY `memo_no` (`memo_no`),
  KEY `local_memo_delivery_branch_name_id_fb2e5f6a_fk_branch_master_id` (`branch_name_id`),
  KEY `local_memo_delivery_created_by_id_632501a4_fk_auth_user_id` (`created_by_id`),
  KEY `local_memo_delivery_driver_name_id_65342cd2_fk_driver_master_id` (`driver_name_id`),
  KEY `local_memo_delivery_from_branch_id_6252f1b3_fk_branch_master_id` (`from_branch_id`),
  KEY `local_memo_delivery_to_branch_id_4958931d_fk_destinati` (`to_branch_id`),
  KEY `local_memo_delivery_updated_by_id_a4b6f9b4_fk_auth_user_id` (`updated_by_id`),
  KEY `local_memo_delivery_vehical_no_id_d6cf736c_fk_vehical_master_id` (`vehical_no_id`),
  CONSTRAINT `local_memo_delivery_branch_name_id_fb2e5f6a_fk_branch_master_id` FOREIGN KEY (`branch_name_id`) REFERENCES `branch_master` (`id`),
  CONSTRAINT `local_memo_delivery_created_by_id_632501a4_fk_auth_user_id` FOREIGN KEY (`created_by_id`) REFERENCES `auth_user` (`id`),
  CONSTRAINT `local_memo_delivery_driver_name_id_65342cd2_fk_driver_master_id` FOREIGN KEY (`driver_name_id`) REFERENCES `driver_master` (`id`),
  CONSTRAINT `local_memo_delivery_from_branch_id_6252f1b3_fk_branch_master_id` FOREIGN KEY (`from_branch_id`) REFERENCES `branch_master` (`id`),
  CONSTRAINT `local_memo_delivery_to_branch_id_4958931d_fk_destinati` FOREIGN KEY (`to_branch_id`) REFERENCES `destination_master` (`id`),
  CONSTRAINT `local_memo_delivery_updated_by_id_a4b6f9b4_fk_auth_user_id` FOREIGN KEY (`updated_by_id`) REFERENCES `auth_user` (`id`),
  CONSTRAINT `local_memo_delivery_vehical_no_id_d6cf736c_fk_vehical_master_id` FOREIGN KEY (`vehical_no_id`) REFERENCES `vehical_master` (`id`)
) ENGINE=InnoDB AUTO_INCREMENT=2 DEFAULT CHARSET=utf8mb4 COLLATE=utf8mb4_0900_ai_ci;
/*!40101 SET character_set_client = @saved_cs_client */;

--
-- Dumping data for table `local_memo_delivery`
--

LOCK TABLES `local_memo_delivery` WRITE;
/*!40000 ALTER TABLE `local_memo_delivery` DISABLE KEYS */;
/*!40000 ALTER TABLE `local_memo_delivery` ENABLE KEYS */;
UNLOCK TABLES;

--
-- Table structure for table `local_memo_delivery_lr_booking`
--

DROP TABLE IF EXISTS `local_memo_delivery_lr_booking`;
/*!40101 SET @saved_cs_client     = @@character_set_client */;
/*!50503 SET character_set_client = utf8mb4 */;
CREATE TABLE `local_memo_delivery_lr_booking` (
  `id` bigint NOT NULL AUTO_INCREMENT,
  `localmemodelivery_id` int NOT NULL,
  `lr_bokking_id` int NOT NULL,
  PRIMARY KEY (`id`),
  UNIQUE KEY `local_memo_delivery_lr_b_localmemodelivery_id_lr__86d34335_uniq` (`localmemodelivery_id`,`lr_bokking_id`),
  KEY `local_memo_delivery__lr_bokking_id_721e73ef_fk_lr_bokkin` (`lr_bokking_id`),
  CONSTRAINT `local_memo_delivery__localmemodelivery_id_b33955f0_fk_local_mem` FOREIGN KEY (`localmemodelivery_id`) REFERENCES `local_memo_delivery` (`id`),
  CONSTRAINT `local_memo_delivery__lr_bokking_id_721e73ef_fk_lr_bokkin` FOREIGN KEY (`lr_bokking_id`) REFERENCES `lr_bokking` (`lr_no`)
) ENGINE=InnoDB AUTO_INCREMENT=2 DEFAULT CHARSET=utf8mb4 COLLATE=utf8mb4_0900_ai_ci;
/*!40101 SET character_set_client = @saved_cs_client */;

--
-- Dumping data for table `local_memo_delivery_lr_booking`
--

LOCK TABLES `local_memo_delivery_lr_booking` WRITE;
/*!40000 ALTER TABLE `local_memo_delivery_lr_booking` DISABLE KEYS */;
/*!40000 ALTER TABLE `local_memo_delivery_lr_booking` ENABLE KEYS */;
UNLOCK TABLES;

--
-- Table structure for table `lr_bokking`
--

DROP TABLE IF EXISTS `lr_bokking`;
/*!40101 SET @saved_cs_client     = @@character_set_client */;
/*!50503 SET character_set_client = utf8mb4 */;
CREATE TABLE `lr_bokking` (
  `lr_no` int NOT NULL AUTO_INCREMENT,
  `lr_number` varchar(10) DEFAULT NULL,
  `date` date NOT NULL,
  `shedule_date` date DEFAULT NULL,
  `remark` varchar(100) DEFAULT NULL,
  `coll_km` double DEFAULT NULL,
  `del_km` double DEFAULT NULL,
  `freight` decimal(10,2) DEFAULT NULL,
  `e_way_bill_charges` decimal(10,2) DEFAULT NULL,
  `collection` decimal(10,2) DEFAULT NULL,
  `door_delivery` decimal(10,2) DEFAULT NULL,
  `toll_escort_total` decimal(10,2) DEFAULT NULL,
  `bilty_charges` decimal(10,2) DEFAULT NULL,
  `hamali` decimal(10,2) DEFAULT NULL,
  `godown_charges` decimal(10,2) DEFAULT NULL,
  `insurance_charges` decimal(10,2) DEFAULT NULL,
  `total` decimal(10,2) DEFAULT NULL,
  `other_charge_1_val` decimal(10,2) DEFAULT NULL,
  `other_charge_2_val` decimal(10,2) DEFAULT NULL,
  `fuel_surcharge` decimal(10,2) DEFAULT NULL,
  `grand_total` decimal(10,2) DEFAULT NULL,
  `tchargedwt` decimal(10,2) DEFAULT NULL,
  `tpackage` decimal(10,2) DEFAULT NULL,
  `okpackage` decimal(10,2) DEFAULT NULL,
  `created_at` datetime(6) NOT NULL,
  `updated_at` datetime(6) NOT NULL,
  `is_active` tinyint(1) NOT NULL,
  `flag` tinyint(1) NOT NULL,
  `printed_by_branch_manager` tinyint(1) NOT NULL,
  `billing_party_id` int DEFAULT NULL,
  `branch_id` int DEFAULT NULL,
  `coll_at_id` int DEFAULT NULL,
  `coll_type_id` int DEFAULT NULL,
  `coll_vehicle_id` int DEFAULT NULL,
  `consignee_id` int DEFAULT NULL,
  `consignor_id` int DEFAULT NULL,
  `created_by_id` int NOT NULL,
  `del_at_id` int DEFAULT NULL,
  `del_type_id` int DEFAULT NULL,
  `del_vehicle_id` int DEFAULT NULL,
  `from_branch_id` int DEFAULT NULL,
  `load_type_id` int DEFAULT NULL,
  `other_charge_1_id` int DEFAULT NULL,
  `other_charge_2_id` int DEFAULT NULL,
  `pay_type_id` int DEFAULT NULL,
  `to_branch_id` int DEFAULT NULL,
  `tran_vehicle_id` int DEFAULT NULL,
  `type_id` int DEFAULT NULL,
  `updated_by_id` int DEFAULT NULL,
  `detention_charges` decimal(10,2) DEFAULT NULL,
  `t_deduction` decimal(10,2) DEFAULT NULL,
  `tds` decimal(10,2) DEFAULT NULL,
  PRIMARY KEY (`lr_no`),
  UNIQUE KEY `lr_number` (`lr_number`),
  KEY `lr_bokking_billing_party_id_e631a1cd_fk_party_master_id` (`billing_party_id`),
  KEY `lr_bokking_branch_id_56016171_fk_branch_master_id` (`branch_id`),
  KEY `lr_bokking_coll_at_id_39fc2735_fk_destination_master_id` (`coll_at_id`),
  KEY `lr_bokking_coll_type_id_c06c0a7b_fk_collection_types_id` (`coll_type_id`),
  KEY `lr_bokking_coll_vehicle_id_075a2ad4_fk_vehical_master_id` (`coll_vehicle_id`),
  KEY `lr_bokking_consignee_id_4b368a1b_fk_party_master_id` (`consignee_id`),
  KEY `lr_bokking_consignor_id_6316b324_fk_party_master_id` (`consignor_id`),
  KEY `lr_bokking_created_by_id_cb6bc521_fk_auth_user_id` (`created_by_id`),
  KEY `lr_bokking_del_at_id_8a101241_fk_destination_master_id` (`del_at_id`),
  KEY `lr_bokking_del_type_id_355d5e05_fk_delivery_types_id` (`del_type_id`),
  KEY `lr_bokking_del_vehicle_id_d1d04bd8_fk_vehical_master_id` (`del_vehicle_id`),
  KEY `lr_bokking_from_branch_id_63c758e6_fk_branch_master_id` (`from_branch_id`),
  KEY `lr_bokking_load_type_id_3f3ed0b9_fk_load_types_id` (`load_type_id`),
  KEY `lr_bokking_other_charge_1_id_70837e40_fk_lr_other_charges_id` (`other_charge_1_id`),
  KEY `lr_bokking_other_charge_2_id_b1293a0a_fk_lr_other_charges_id` (`other_charge_2_id`),
  KEY `lr_bokking_pay_type_id_461200ba_fk_pay_types_id` (`pay_type_id`),
  KEY `lr_bokking_to_branch_id_1cdbc89a_fk_branch_master_id` (`to_branch_id`),
  KEY `lr_bokking_tran_vehicle_id_83d1dc5a_fk_vehical_master_id` (`tran_vehicle_id`),
  KEY `lr_bokking_type_id_84d759fe_fk_paid_types_id` (`type_id`),
  KEY `lr_bokking_updated_by_id_15d6399f_fk_auth_user_id` (`updated_by_id`),
  CONSTRAINT `lr_bokking_billing_party_id_e631a1cd_fk_party_master_id` FOREIGN KEY (`billing_party_id`) REFERENCES `party_master` (`id`),
  CONSTRAINT `lr_bokking_branch_id_56016171_fk_branch_master_id` FOREIGN KEY (`branch_id`) REFERENCES `branch_master` (`id`),
  CONSTRAINT `lr_bokking_coll_at_id_39fc2735_fk_destination_master_id` FOREIGN KEY (`coll_at_id`) REFERENCES `destination_master` (`id`),
  CONSTRAINT `lr_bokking_coll_type_id_c06c0a7b_fk_collection_types_id` FOREIGN KEY (`coll_type_id`) REFERENCES `collection_types` (`id`),
  CONSTRAINT `lr_bokking_coll_vehicle_id_075a2ad4_fk_vehical_master_id` FOREIGN KEY (`coll_vehicle_id`) REFERENCES `vehical_master` (`id`),
  CONSTRAINT `lr_bokking_consignee_id_4b368a1b_fk_party_master_id` FOREIGN KEY (`consignee_id`) REFERENCES `party_master` (`id`),
  CONSTRAINT `lr_bokking_consignor_id_6316b324_fk_party_master_id` FOREIGN KEY (`consignor_id`) REFERENCES `party_master` (`id`),
  CONSTRAINT `lr_bokking_created_by_id_cb6bc521_fk_auth_user_id` FOREIGN KEY (`created_by_id`) REFERENCES `auth_user` (`id`),
  CONSTRAINT `lr_bokking_del_at_id_8a101241_fk_destination_master_id` FOREIGN KEY (`del_at_id`) REFERENCES `destination_master` (`id`),
  CONSTRAINT `lr_bokking_del_type_id_355d5e05_fk_delivery_types_id` FOREIGN KEY (`del_type_id`) REFERENCES `delivery_types` (`id`),
  CONSTRAINT `lr_bokking_del_vehicle_id_d1d04bd8_fk_vehical_master_id` FOREIGN KEY (`del_vehicle_id`) REFERENCES `vehical_master` (`id`),
  CONSTRAINT `lr_bokking_from_branch_id_63c758e6_fk_branch_master_id` FOREIGN KEY (`from_branch_id`) REFERENCES `branch_master` (`id`),
  CONSTRAINT `lr_bokking_load_type_id_3f3ed0b9_fk_load_types_id` FOREIGN KEY (`load_type_id`) REFERENCES `load_types` (`id`),
  CONSTRAINT `lr_bokking_other_charge_1_id_70837e40_fk_lr_other_charges_id` FOREIGN KEY (`other_charge_1_id`) REFERENCES `lr_other_charges` (`id`),
  CONSTRAINT `lr_bokking_other_charge_2_id_b1293a0a_fk_lr_other_charges_id` FOREIGN KEY (`other_charge_2_id`) REFERENCES `lr_other_charges` (`id`),
  CONSTRAINT `lr_bokking_pay_type_id_461200ba_fk_pay_types_id` FOREIGN KEY (`pay_type_id`) REFERENCES `pay_types` (`id`),
  CONSTRAINT `lr_bokking_to_branch_id_1cdbc89a_fk_branch_master_id` FOREIGN KEY (`to_branch_id`) REFERENCES `branch_master` (`id`),
  CONSTRAINT `lr_bokking_tran_vehicle_id_83d1dc5a_fk_vehical_master_id` FOREIGN KEY (`tran_vehicle_id`) REFERENCES `vehical_master` (`id`),
  CONSTRAINT `lr_bokking_type_id_84d759fe_fk_paid_types_id` FOREIGN KEY (`type_id`) REFERENCES `paid_types` (`id`),
  CONSTRAINT `lr_bokking_updated_by_id_15d6399f_fk_auth_user_id` FOREIGN KEY (`updated_by_id`) REFERENCES `auth_user` (`id`)
) ENGINE=InnoDB AUTO_INCREMENT=60 DEFAULT CHARSET=utf8mb4 COLLATE=utf8mb4_0900_ai_ci;
/*!40101 SET character_set_client = @saved_cs_client */;

--
-- Dumping data for table `lr_bokking`
--

LOCK TABLES `lr_bokking` WRITE;
/*!40000 ALTER TABLE `lr_bokking` DISABLE KEYS */;
INSERT INTO `lr_bokking` VALUES (35,'2411500001','2025-03-03','2025-03-03',NULL,4,6,23000.00,0.00,NULL,NULL,NULL,100.00,NULL,NULL,NULL,23100.00,NULL,NULL,NULL,23100.00,10000.00,132.00,132.00,'2025-03-03 15:16:14.284236','2025-04-02 04:29:38.594446',1,1,1,30,16,18,3,20,31,30,1,19,3,NULL,16,2,NULL,NULL,1,17,NULL,2,1,NULL,NULL,NULL),(36,'2410500001','2025-03-04','2025-03-04',NULL,3,4,7000.00,0.00,NULL,NULL,NULL,100.00,300.00,NULL,3.00,7403.00,NULL,NULL,NULL,7403.00,1500.00,2.00,2.00,'2025-03-04 14:13:51.774872','2025-03-29 11:09:43.841721',1,1,0,32,6,5,3,3,32,15,1,20,3,NULL,6,2,NULL,NULL,2,18,NULL,2,1,NULL,NULL,NULL),(37,'2411800001','2025-03-07','2025-03-07',NULL,4,3,15000.00,0.00,NULL,NULL,NULL,100.00,NULL,NULL,NULL,15100.00,NULL,NULL,NULL,15100.00,10000.00,25.00,25.00,'2025-03-07 06:11:33.390336','2025-03-28 07:48:35.532324',1,1,0,15,19,21,3,7,15,33,1,5,3,NULL,19,2,NULL,NULL,3,6,NULL,2,1,NULL,NULL,NULL),(38,'2410800001','2025-03-07','2025-03-07',NULL,5,5,10500.00,0.00,NULL,NULL,NULL,100.00,NULL,NULL,NULL,10600.00,NULL,NULL,NULL,10600.00,8000.00,457.00,457.00,'2025-03-07 06:41:35.319597','2025-03-27 13:45:43.296578',1,1,0,22,9,12,3,21,23,22,1,4,3,NULL,9,2,NULL,NULL,1,5,NULL,2,1,NULL,NULL,NULL),(39,'2410800002','2025-03-07','2025-03-07',NULL,5,5,10500.00,0.00,NULL,NULL,NULL,100.00,NULL,NULL,NULL,10600.00,NULL,NULL,NULL,10600.00,8000.00,540.00,540.00,'2025-03-07 06:43:45.821184','2025-03-27 13:46:01.421750',1,1,0,22,9,12,3,22,23,22,1,4,3,NULL,9,2,NULL,NULL,1,5,NULL,2,1,NULL,NULL,NULL),(40,'2410100002','2025-03-12','2025-03-12',NULL,5,0,11000.00,0.00,NULL,NULL,NULL,NULL,NULL,NULL,NULL,11000.00,NULL,NULL,NULL,11000.00,5500.00,1.00,1.00,'2025-03-12 13:40:12.122820','2025-03-29 09:53:58.023099',1,1,0,34,1,22,3,23,35,34,1,3,3,NULL,1,2,NULL,NULL,1,4,NULL,2,1,NULL,NULL,NULL),(41,'2410400001','2025-03-12','2025-03-12',NULL,5,7,13500.00,NULL,NULL,NULL,NULL,NULL,NULL,NULL,NULL,13500.00,NULL,NULL,NULL,13500.00,5500.00,1.00,1.00,'2025-03-12 14:23:41.980026','2025-03-29 12:17:05.748593',1,1,0,36,5,4,3,24,37,36,1,23,3,NULL,5,2,NULL,NULL,3,20,NULL,2,1,NULL,NULL,NULL),(42,'2412000001','2025-03-15','2025-03-15','HAZARDOUS CHEMICAL',2,0,15500.00,NULL,NULL,NULL,NULL,100.00,NULL,NULL,NULL,15600.00,NULL,NULL,NULL,15600.00,10000.00,147.00,147.00,'2025-03-15 15:09:35.219001','2025-03-29 12:28:03.464059',1,1,0,11,21,25,3,14,11,38,1,3,3,NULL,21,2,NULL,NULL,3,4,NULL,2,1,NULL,NULL,NULL),(43,'2412100001','2025-03-17','2025-03-17',NULL,7,0,8500.00,0.00,NULL,NULL,NULL,100.00,NULL,NULL,NULL,8600.00,NULL,NULL,NULL,8600.00,5000.00,82.00,82.00,'2025-03-17 07:22:37.723303','2025-03-27 13:43:13.060834',1,1,0,11,22,26,3,25,11,39,1,3,3,NULL,22,2,NULL,NULL,3,4,NULL,2,1,NULL,NULL,NULL),(44,'2412100002','2025-03-17','2025-03-17',NULL,15,0,8500.00,0.00,NULL,NULL,NULL,100.00,NULL,NULL,NULL,8600.00,NULL,NULL,NULL,8600.00,5000.00,23.00,23.00,'2025-03-17 07:24:47.646456','2025-03-27 13:43:13.069610',1,1,0,11,22,13,3,25,11,40,1,3,3,NULL,22,2,NULL,NULL,3,4,NULL,2,1,NULL,NULL,NULL),(45,'2412000002','2025-03-18','2025-03-18',NULL,2,0,7500.00,NULL,NULL,NULL,NULL,100.00,NULL,NULL,NULL,7600.00,NULL,NULL,NULL,7600.00,5000.00,1.00,1.00,'2025-03-18 06:37:31.111747','2025-03-29 12:28:16.748009',1,1,0,11,21,25,3,27,11,42,1,3,3,NULL,21,2,NULL,NULL,3,4,NULL,2,1,NULL,NULL,NULL),(46,'2412000003','2025-03-18','2025-03-18',NULL,2,0,7500.00,0.00,NULL,NULL,NULL,100.00,NULL,NULL,NULL,7600.00,NULL,NULL,NULL,7600.00,5000.00,1.00,1.00,'2025-03-18 06:40:12.399771','2025-03-29 12:28:26.025489',1,1,0,11,21,25,3,27,11,41,1,3,3,NULL,21,2,NULL,NULL,3,4,NULL,2,1,NULL,NULL,NULL),(47,'2410200002','2025-03-18','2025-03-18',NULL,15,0,9000.00,NULL,NULL,NULL,NULL,100.00,NULL,NULL,NULL,9100.00,NULL,NULL,NULL,9100.00,5050.00,74.00,74.00,'2025-03-18 06:45:39.033740','2025-03-29 16:53:26.984215',1,1,0,11,3,13,3,26,11,40,1,3,3,NULL,3,2,NULL,NULL,3,4,NULL,2,1,NULL,NULL,NULL),(48,'2410100001','2025-03-21','2025-03-21',NULL,5,0,318.00,0.00,NULL,NULL,NULL,NULL,20.00,NULL,1.09,318.00,NULL,NULL,NULL,318.00,400.00,310.00,10.00,'2025-03-21 05:23:10.222548','2025-03-29 12:29:41.257348',1,1,0,11,1,17,3,27,11,29,1,3,3,NULL,1,2,NULL,NULL,2,4,NULL,2,1,NULL,NULL,NULL),(49,'2410800003','2025-03-22','2025-03-22',NULL,5,5,9500.00,0.00,NULL,NULL,NULL,NULL,NULL,NULL,NULL,9500.00,NULL,NULL,NULL,9500.00,5500.00,228.00,228.00,'2025-03-22 05:36:40.200905','2025-03-29 11:14:50.068428',1,1,0,22,9,12,3,28,23,22,1,4,3,NULL,9,2,NULL,NULL,1,5,NULL,2,1,NULL,NULL,NULL),(50,'2410400002','2025-03-25','2025-03-25','RATE INCLIDING UNION CHARGES',5,3,12000.00,NULL,NULL,NULL,NULL,100.00,NULL,NULL,NULL,12100.00,NULL,NULL,NULL,12100.00,8000.00,4.00,4.00,'2025-03-25 05:58:22.956298','2025-04-03 12:33:03.771493',1,1,0,15,5,4,3,29,15,14,1,5,3,NULL,5,2,NULL,NULL,3,6,NULL,2,1,NULL,NULL,NULL),(51,'2410300001','2025-03-25','2025-03-25',NULL,11,7,7300.00,NULL,NULL,NULL,NULL,NULL,NULL,NULL,NULL,7300.00,NULL,NULL,NULL,7300.00,2000.00,10.00,10.00,'2025-03-25 14:31:57.757591','2025-03-29 12:31:14.452214',1,1,0,17,4,8,3,30,17,16,1,9,3,NULL,4,2,NULL,NULL,3,7,NULL,2,1,NULL,NULL,NULL),(52,'2410300002','2025-03-25','2025-03-25',NULL,0,4,14500.00,0.00,NULL,NULL,NULL,100.00,NULL,NULL,NULL,14600.00,NULL,NULL,NULL,14600.00,1500.00,1.00,1.00,'2025-03-25 14:45:04.367417','2025-03-29 12:31:04.530383',1,1,0,43,4,3,3,31,44,43,1,27,3,NULL,4,2,NULL,NULL,3,23,NULL,2,1,NULL,NULL,NULL),(53,'2410300003','2025-03-27','2025-03-27',NULL,0,4,42000.00,0.00,NULL,NULL,0.00,100.00,NULL,NULL,NULL,42100.00,NULL,NULL,NULL,42100.00,10000.00,1.00,1.00,'2025-03-27 15:37:50.300256','2025-04-01 13:46:08.207685',1,1,0,46,4,3,3,32,46,45,1,27,3,NULL,4,2,NULL,NULL,2,23,NULL,2,1,NULL,NULL,NULL),(54,'2411300001','2025-03-28','2025-03-28',NULL,4,0,28000.00,0.00,NULL,NULL,NULL,100.00,NULL,NULL,NULL,28100.00,NULL,NULL,NULL,28100.00,1500.00,1.00,1.00,'2025-03-28 11:35:41.912251','2025-03-28 11:35:41.932739',1,1,0,47,14,29,3,33,48,47,1,28,3,NULL,14,2,NULL,NULL,1,24,NULL,2,NULL,NULL,NULL,NULL),(55,'2410300004','2025-03-28','2025-03-28',NULL,0,7,9000.00,NULL,NULL,NULL,NULL,100.00,NULL,NULL,NULL,9100.00,NULL,NULL,NULL,9100.00,5060.00,22.00,22.00,'2025-03-28 12:12:06.679098','2025-03-29 12:30:37.148103',1,1,0,50,4,3,3,7,50,49,1,30,3,NULL,4,2,1,NULL,2,14,NULL,2,1,NULL,NULL,NULL),(56,'2410300005','2025-03-28','2025-03-28',NULL,11,7,7300.00,NULL,NULL,NULL,NULL,NULL,NULL,NULL,NULL,7300.00,NULL,NULL,NULL,7300.00,2000.00,10.00,10.00,'2025-03-28 13:44:57.283059','2025-04-03 12:35:22.904388',1,1,0,17,4,8,3,7,17,16,1,9,3,NULL,4,2,NULL,NULL,3,7,NULL,2,1,NULL,NULL,NULL),(57,'2410200003','2025-03-29','2025-03-29',NULL,15,0,14000.00,NULL,NULL,NULL,NULL,100.00,1430.00,NULL,NULL,15530.00,NULL,NULL,NULL,15530.00,3500.00,17.00,17.00,'2025-03-29 16:58:29.354206','2025-04-02 04:28:49.312778',1,1,0,11,3,13,3,34,11,51,1,3,3,NULL,3,2,NULL,NULL,3,4,NULL,2,1,NULL,NULL,NULL),(58,'2511500001','2025-04-01','2025-04-01',NULL,4,6,23000.00,0.00,NULL,NULL,NULL,100.00,NULL,NULL,NULL,23100.00,NULL,NULL,NULL,23100.00,10000.00,125.00,125.00,'2025-04-01 04:44:40.792725','2025-04-05 12:29:47.331812',1,1,0,30,16,18,3,35,31,30,1,19,3,NULL,16,2,NULL,NULL,3,17,NULL,2,1,NULL,NULL,NULL),(59,'2510300001','2025-04-04','2025-04-04',NULL,11,7,7000.00,0.00,NULL,NULL,NULL,100.00,NULL,NULL,NULL,7100.00,NULL,NULL,NULL,7100.00,1600.00,8.00,8.00,'2025-04-04 13:01:54.229404','2025-04-05 05:41:33.392393',1,1,0,17,4,8,3,36,17,16,1,9,3,NULL,4,2,NULL,NULL,3,7,NULL,2,1,NULL,NULL,NULL);
/*!40000 ALTER TABLE `lr_bokking` ENABLE KEYS */;
UNLOCK TABLES;

--
-- Table structure for table `lr_bokking_description`
--

DROP TABLE IF EXISTS `lr_bokking_description`;
/*!40101 SET @saved_cs_client     = @@character_set_client */;
/*!50503 SET character_set_client = utf8mb4 */;
CREATE TABLE `lr_bokking_description` (
  `id` int NOT NULL AUTO_INCREMENT,
  `quantity` int NOT NULL,
  `actual_weight` decimal(10,2) NOT NULL,
  `charged_weight` decimal(10,2) NOT NULL,
  `rate` decimal(10,2) DEFAULT NULL,
  `challan_no` varchar(50) NOT NULL,
  `e_way_bill_no` varchar(50) DEFAULT NULL,
  `inv_value` int NOT NULL,
  `description_id` int DEFAULT NULL,
  `unit_type_id` int DEFAULT NULL,
  `sub_description_id` int DEFAULT NULL,
  PRIMARY KEY (`id`),
  KEY `lr_bokking_descripti_description_id_29c9dbeb_fk_item_deta` (`description_id`),
  KEY `lr_bokking_descripti_unit_type_id_98dffd23_fk_quotation` (`unit_type_id`),
  KEY `fk_sub_description` (`sub_description_id`),
  CONSTRAINT `fk_sub_description` FOREIGN KEY (`sub_description_id`) REFERENCES `sub_item_details_master` (`id`) ON DELETE SET NULL,
  CONSTRAINT `lr_bokking_descripti_description_id_29c9dbeb_fk_item_deta` FOREIGN KEY (`description_id`) REFERENCES `item_details_master` (`id`),
  CONSTRAINT `lr_bokking_descripti_unit_type_id_98dffd23_fk_quotation` FOREIGN KEY (`unit_type_id`) REFERENCES `quotation_types` (`id`)
) ENGINE=InnoDB AUTO_INCREMENT=135 DEFAULT CHARSET=utf8mb4 COLLATE=utf8mb4_0900_ai_ci;
/*!40101 SET character_set_client = @saved_cs_client */;

--
-- Dumping data for table `lr_bokking_description`
--

LOCK TABLES `lr_bokking_description` WRITE;
/*!40000 ALTER TABLE `lr_bokking_description` DISABLE KEYS */;
INSERT INTO `lr_bokking_description` VALUES (71,132,10000.00,10000.00,23000.00,'32011',NULL,12345,85,2,7),(72,2,1500.00,1500.00,7000.00,'203',NULL,15000,44,2,7),(73,25,10000.00,10000.00,15000.00,'12',NULL,14520,4,2,5),(74,457,8000.00,8000.00,10500.00,'MPX009/150.210',NULL,12345,85,2,7),(75,540,8000.00,8000.00,10500.00,'MPX009/7775',NULL,14567,85,2,7),(76,1,5500.00,5500.00,0.00,'12',NULL,1000,4,2,5),(77,1,1550.00,5500.00,13500.00,'8366298','271923887649',1831930,81,2,7),(78,147,8000.00,10000.00,15500.00,'U20485','211925971984',843016,81,2,5),(79,82,2450.00,5000.00,8500.00,'SFPL/T1816/24-25',NULL,36137,17,2,5),(80,23,690.00,5000.00,8500.00,'TVG/STP/24/246',NULL,77349,17,3,5),(81,1,3000.00,5000.00,7500.00,'DC/24-25/030','291926813031',365800,86,2,9),(82,1,3000.00,5000.00,7500.00,'104',NULL,88500,86,2,9),(83,73,1825.00,5000.00,8900.00,'TVG/STP/24/247',NULL,37147,17,2,5),(84,1,50.00,50.00,100.00,'CAT/24-25/585','231926364576',3318160,17,2,5),(85,10,100.00,100.00,3.00,'5566',NULL,5445,85,1,1),(105,228,5500.00,5500.00,9500.00,'MPEX09/150/210/7775',NULL,12345,85,3,7),(122,4,3520.00,8000.00,12000.00,'8993981','221931338262',618947,48,2,5),(123,10,2000.00,2000.00,7300.00,' SUP-SD/25/0349 ','281931643883',384680,4,2,5),(124,1,500.00,1500.00,14500.00,'502/503',NULL,25000,44,2,3),(125,1,10000.00,10000.00,42000.00,'125','201933575030',606048,86,2,8),(126,1,1500.00,1500.00,27000.00,'3250917246',NULL,10000,87,2,7),(127,22,5060.00,5060.00,9000.00,'380','251934023252',668729,4,2,5),(128,10,2000.00,2000.00,7300.00,'SUP-SD/25/0373','231934043478',384680,4,2,5),(129,100,100.00,100.00,5.00,'5624',NULL,5532,84,2,7),(130,100,100.00,100.00,8.00,'15521',NULL,5555,77,2,6),(131,100,100.00,100.00,5.00,'5221',NULL,1552,83,2,7),(132,17,3500.00,3500.00,14000.00,'7316/24-25','231934715113',288864,4,2,5),(133,125,10000.00,10000.00,23000.00,'31181 AND AS PER ALL LISTED ',NULL,1234,85,2,7),(134,8,1600.00,1600.00,7000.00,'SUP-SD/25/0389','271937921636',307744,4,2,5);
/*!40000 ALTER TABLE `lr_bokking_description` ENABLE KEYS */;
UNLOCK TABLES;

--
-- Table structure for table `lr_bokking_descriptions`
--

DROP TABLE IF EXISTS `lr_bokking_descriptions`;
/*!40101 SET @saved_cs_client     = @@character_set_client */;
/*!50503 SET character_set_client = utf8mb4 */;
CREATE TABLE `lr_bokking_descriptions` (
  `id` bigint NOT NULL AUTO_INCREMENT,
  `lr_bokking_id` int NOT NULL,
  `lr_bokking_description_id` int NOT NULL,
  PRIMARY KEY (`id`),
  UNIQUE KEY `lr_bokking_descriptions_lr_bokking_id_lr_bokking_27068acd_uniq` (`lr_bokking_id`,`lr_bokking_description_id`),
  KEY `lr_bokking_descripti_lr_bokking_descripti_76dce7fa_fk_lr_bokkin` (`lr_bokking_description_id`),
  CONSTRAINT `lr_bokking_descripti_lr_bokking_descripti_76dce7fa_fk_lr_bokkin` FOREIGN KEY (`lr_bokking_description_id`) REFERENCES `lr_bokking_description` (`id`),
  CONSTRAINT `lr_bokking_descripti_lr_bokking_id_852b653c_fk_lr_bokkin` FOREIGN KEY (`lr_bokking_id`) REFERENCES `lr_bokking` (`lr_no`)
) ENGINE=InnoDB AUTO_INCREMENT=135 DEFAULT CHARSET=utf8mb4 COLLATE=utf8mb4_0900_ai_ci;
/*!40101 SET character_set_client = @saved_cs_client */;

--
-- Dumping data for table `lr_bokking_descriptions`
--

LOCK TABLES `lr_bokking_descriptions` WRITE;
/*!40000 ALTER TABLE `lr_bokking_descriptions` DISABLE KEYS */;
INSERT INTO `lr_bokking_descriptions` VALUES (71,35,71),(72,36,72),(73,37,73),(74,38,74),(75,39,75),(76,40,76),(77,41,77),(78,42,78),(79,43,79),(80,44,80),(81,45,81),(82,46,82),(83,47,83),(84,47,84),(85,48,85),(129,48,129),(130,48,130),(131,48,131),(105,49,105),(122,50,122),(123,51,123),(124,52,124),(125,53,125),(126,54,126),(127,55,127),(128,56,128),(132,57,132),(133,58,133),(134,59,134);
/*!40000 ALTER TABLE `lr_bokking_descriptions` ENABLE KEYS */;
UNLOCK TABLES;

--
-- Table structure for table `lr_other_charges`
--

DROP TABLE IF EXISTS `lr_other_charges`;
/*!40101 SET @saved_cs_client     = @@character_set_client */;
/*!50503 SET character_set_client = utf8mb4 */;
CREATE TABLE `lr_other_charges` (
  `id` int NOT NULL AUTO_INCREMENT,
  `charges_name` varchar(100) NOT NULL,
  `created_at` datetime(6) NOT NULL,
  `updated_at` datetime(6) NOT NULL,
  `is_active` tinyint(1) NOT NULL,
  `flag` tinyint(1) NOT NULL,
  `created_by_id` int NOT NULL,
  `updated_by_id` int DEFAULT NULL,
  PRIMARY KEY (`id`),
  KEY `lr_other_charges_created_by_id_72402783_fk_auth_user_id` (`created_by_id`),
  KEY `lr_other_charges_updated_by_id_8284915f_fk_auth_user_id` (`updated_by_id`),
  CONSTRAINT `lr_other_charges_created_by_id_72402783_fk_auth_user_id` FOREIGN KEY (`created_by_id`) REFERENCES `auth_user` (`id`),
  CONSTRAINT `lr_other_charges_updated_by_id_8284915f_fk_auth_user_id` FOREIGN KEY (`updated_by_id`) REFERENCES `auth_user` (`id`)
) ENGINE=InnoDB AUTO_INCREMENT=2 DEFAULT CHARSET=utf8mb4 COLLATE=utf8mb4_0900_ai_ci;
/*!40101 SET character_set_client = @saved_cs_client */;

--
-- Dumping data for table `lr_other_charges`
--

LOCK TABLES `lr_other_charges` WRITE;
/*!40000 ALTER TABLE `lr_other_charges` DISABLE KEYS */;
INSERT INTO `lr_other_charges` VALUES (1,'detention_chrg','2025-03-28 11:46:28.000000','2025-03-28 11:46:28.000000',1,1,1,NULL);
/*!40000 ALTER TABLE `lr_other_charges` ENABLE KEYS */;
UNLOCK TABLES;

--
-- Table structure for table `money_receipt`
--

DROP TABLE IF EXISTS `money_receipt`;
/*!40101 SET @saved_cs_client     = @@character_set_client */;
/*!50503 SET character_set_client = utf8mb4 */;
CREATE TABLE `money_receipt` (
  `id` int NOT NULL AUTO_INCREMENT,
  `date` date NOT NULL,
  `pay_type` varchar(50) NOT NULL,
  `utr_no` varchar(100) DEFAULT NULL,
  `rtgs_no` varchar(100) DEFAULT NULL,
  `bank_name` varchar(255) DEFAULT NULL,
  `check_no` varchar(100) DEFAULT NULL,
  `check_date` date DEFAULT NULL,
  `remarks` varchar(100) DEFAULT NULL,
  `total_amt` decimal(10,2) NOT NULL,
  `created_at` datetime(6) NOT NULL,
  `updated_at` datetime(6) NOT NULL,
  `is_active` tinyint(1) NOT NULL,
  `flag` tinyint(1) NOT NULL,
  `branch_name_id` int DEFAULT NULL,
  `created_by_id` int NOT NULL,
  `receipt_type_id` int DEFAULT NULL,
  `updated_by_id` int DEFAULT NULL,
  `mr_no` varchar(10) DEFAULT NULL,
  PRIMARY KEY (`id`),
  UNIQUE KEY `mr_no` (`mr_no`),
  KEY `money_receipt_branch_name_id_ab50224b_fk_branch_master_id` (`branch_name_id`),
  KEY `money_receipt_created_by_id_da3da5e2_fk_auth_user_id` (`created_by_id`),
  KEY `money_receipt_receipt_type_id_8f8292b4_fk_voucher_r` (`receipt_type_id`),
  KEY `money_receipt_updated_by_id_7a8b0166_fk_auth_user_id` (`updated_by_id`),
  CONSTRAINT `money_receipt_branch_name_id_ab50224b_fk_branch_master_id` FOREIGN KEY (`branch_name_id`) REFERENCES `branch_master` (`id`),
  CONSTRAINT `money_receipt_created_by_id_da3da5e2_fk_auth_user_id` FOREIGN KEY (`created_by_id`) REFERENCES `auth_user` (`id`),
  CONSTRAINT `money_receipt_receipt_type_id_8f8292b4_fk_voucher_r` FOREIGN KEY (`receipt_type_id`) REFERENCES `voucher_receipt_type` (`id`),
  CONSTRAINT `money_receipt_updated_by_id_7a8b0166_fk_auth_user_id` FOREIGN KEY (`updated_by_id`) REFERENCES `auth_user` (`id`)
) ENGINE=InnoDB AUTO_INCREMENT=4 DEFAULT CHARSET=utf8mb4 COLLATE=utf8mb4_0900_ai_ci;
/*!40101 SET character_set_client = @saved_cs_client */;

--
-- Dumping data for table `money_receipt`
--

LOCK TABLES `money_receipt` WRITE;
/*!40000 ALTER TABLE `money_receipt` DISABLE KEYS */;
/*!40000 ALTER TABLE `money_receipt` ENABLE KEYS */;
UNLOCK TABLES;

--
-- Table structure for table `money_receipt_lr_booking`
--

DROP TABLE IF EXISTS `money_receipt_lr_booking`;
/*!40101 SET @saved_cs_client     = @@character_set_client */;
/*!50503 SET character_set_client = utf8mb4 */;
CREATE TABLE `money_receipt_lr_booking` (
  `id` bigint NOT NULL AUTO_INCREMENT,
  `moneyreceipt_id` int NOT NULL,
  `lr_bokking_id` int NOT NULL,
  PRIMARY KEY (`id`),
  UNIQUE KEY `money_receipt_lr_booking_moneyreceipt_id_lr_bokki_3e5d562c_uniq` (`moneyreceipt_id`,`lr_bokking_id`),
  KEY `money_receipt_lr_boo_lr_bokking_id_08e38abc_fk_lr_bokkin` (`lr_bokking_id`),
  CONSTRAINT `money_receipt_lr_boo_lr_bokking_id_08e38abc_fk_lr_bokkin` FOREIGN KEY (`lr_bokking_id`) REFERENCES `lr_bokking` (`lr_no`),
  CONSTRAINT `money_receipt_lr_boo_moneyreceipt_id_af2bd556_fk_money_rec` FOREIGN KEY (`moneyreceipt_id`) REFERENCES `money_receipt` (`id`)
) ENGINE=InnoDB AUTO_INCREMENT=3 DEFAULT CHARSET=utf8mb4 COLLATE=utf8mb4_0900_ai_ci;
/*!40101 SET character_set_client = @saved_cs_client */;

--
-- Dumping data for table `money_receipt_lr_booking`
--

LOCK TABLES `money_receipt_lr_booking` WRITE;
/*!40000 ALTER TABLE `money_receipt_lr_booking` DISABLE KEYS */;
/*!40000 ALTER TABLE `money_receipt_lr_booking` ENABLE KEYS */;
UNLOCK TABLES;

--
-- Table structure for table `money_receipt_party_billing`
--

DROP TABLE IF EXISTS `money_receipt_party_billing`;
/*!40101 SET @saved_cs_client     = @@character_set_client */;
/*!50503 SET character_set_client = utf8mb4 */;
CREATE TABLE `money_receipt_party_billing` (
  `id` bigint NOT NULL AUTO_INCREMENT,
  `moneyreceipt_id` int NOT NULL,
  `partybilling_id` int NOT NULL,
  PRIMARY KEY (`id`),
  UNIQUE KEY `money_receipt_party_bill_moneyreceipt_id_partybil_50452e3b_uniq` (`moneyreceipt_id`,`partybilling_id`),
  KEY `money_receipt_party__partybilling_id_96a0f9b1_fk_party_bil` (`partybilling_id`),
  CONSTRAINT `money_receipt_party__moneyreceipt_id_7fc95f2e_fk_money_rec` FOREIGN KEY (`moneyreceipt_id`) REFERENCES `money_receipt` (`id`),
  CONSTRAINT `money_receipt_party__partybilling_id_96a0f9b1_fk_party_bil` FOREIGN KEY (`partybilling_id`) REFERENCES `party_billing` (`id`)
) ENGINE=InnoDB AUTO_INCREMENT=2 DEFAULT CHARSET=utf8mb4 COLLATE=utf8mb4_0900_ai_ci;
/*!40101 SET character_set_client = @saved_cs_client */;

--
-- Dumping data for table `money_receipt_party_billing`
--

LOCK TABLES `money_receipt_party_billing` WRITE;
/*!40000 ALTER TABLE `money_receipt_party_billing` DISABLE KEYS */;
/*!40000 ALTER TABLE `money_receipt_party_billing` ENABLE KEYS */;
UNLOCK TABLES;

--
-- Table structure for table `owner_master`
--

DROP TABLE IF EXISTS `owner_master`;
/*!40101 SET @saved_cs_client     = @@character_set_client */;
/*!50503 SET character_set_client = utf8mb4 */;
CREATE TABLE `owner_master` (
  `id` int NOT NULL AUTO_INCREMENT,
  `name` varchar(255) NOT NULL,
  `contact_no` longtext NOT NULL,
  `email_id` longtext NOT NULL,
  `address` longtext,
  `bank_name` varchar(255) NOT NULL,
  `IFSC_code` varchar(11) NOT NULL,
  `account_no` varchar(20) NOT NULL,
  `UPI_id` varchar(255) DEFAULT NULL,
  `created_at` datetime(6) NOT NULL,
  `updated_at` datetime(6) NOT NULL,
  `is_active` tinyint(1) NOT NULL,
  `flag` tinyint(1) NOT NULL,
  `created_by_id` int NOT NULL,
  `updated_by_id` int DEFAULT NULL,
  PRIMARY KEY (`id`),
  KEY `owner_master_created_by_id_46625065_fk_auth_user_id` (`created_by_id`),
  KEY `owner_master_updated_by_id_04a247c6_fk_auth_user_id` (`updated_by_id`),
  CONSTRAINT `owner_master_created_by_id_46625065_fk_auth_user_id` FOREIGN KEY (`created_by_id`) REFERENCES `auth_user` (`id`),
  CONSTRAINT `owner_master_updated_by_id_04a247c6_fk_auth_user_id` FOREIGN KEY (`updated_by_id`) REFERENCES `auth_user` (`id`)
) ENGINE=InnoDB AUTO_INCREMENT=27 DEFAULT CHARSET=utf8mb4 COLLATE=utf8mb4_0900_ai_ci;
/*!40101 SET character_set_client = @saved_cs_client */;

--
-- Dumping data for table `owner_master`
--

LOCK TABLES `owner_master` WRITE;
/*!40000 ALTER TABLE `owner_master` DISABLE KEYS */;
INSERT INTO `owner_master` VALUES (3,'PRIYANSH TRANSPORT','9767058687','kharathr@gmail.com',NULL,'HDFC BANK LTD','HDFC0002872','07910805060',NULL,'2025-01-02 07:34:38.668626','2025-01-02 07:34:38.668651',1,1,1,NULL),(4,'ABC JSDHJSDH SAKSKJ','7777445544','add@gmail.com',NULL,'SDAAS BANK LTD','HDFC0002872','7777777777774656',NULL,'2025-01-06 10:54:01.318422','2025-03-01 13:57:47.589871',0,1,1,1),(5,'ASDAS ADAS ADSA','9767058684','khadsrathr@gmail.com',NULL,'HDFC BANK LTD','HDFC0020872','456789441225',NULL,'2025-01-07 14:40:44.913059','2025-03-01 13:57:54.989581',0,1,1,1),(6,'HANUMANT KHARAT','9767058687','kharathr@gmail.com',NULL,'HDFC BANK LTD','HDFC0002872','07901050006840',NULL,'2025-01-23 04:41:27.481008','2025-01-23 04:41:27.481034',1,1,1,NULL),(7,'NEWASKAR TRANSPORT','9767058687','kharathr@gmail.com',NULL,'HDFC BANK LTD','HDFC0002872','07901050006840',NULL,'2025-03-01 12:30:44.978199','2025-03-01 12:30:44.978224',1,1,1,NULL),(8,'VAIBHAV CHIRAG TRANSPORT','9767058687','kharathr@gmail.com',NULL,'HDFC BANK LTD','HDFC0002872','07901050006840',NULL,'2025-03-01 12:32:08.758841','2025-03-01 12:32:08.758868',1,1,1,NULL),(9,'DOMALE GANESH SETH TRANSPORT','9767058687','kharathr@gmail.com',NULL,'HDFC BANK LTD','HDFC0002872','07901050006840',NULL,'2025-03-01 12:40:08.647401','2025-03-01 12:40:08.647426',1,1,1,NULL),(10,'VIJAYLAXMI TRANSPORT','9767058687','kharathr@gmail.com',NULL,'HDFC BANK LTD','HDFC0002872','07901050006840',NULL,'2025-03-01 12:42:59.079830','2025-03-01 12:42:59.079855',1,1,1,NULL),(11,'SUPREME SAGAR SIR  MANISH TRANSPORT','9767058687','kharathr@gmail.com',NULL,'HDFC BANK LTD','HDFC0002872','07901050006840',NULL,'2025-03-01 12:46:36.339964','2025-03-01 13:57:29.498940',1,1,1,1),(12,'SANAS TRANSPORT','9767058687','kharathr@gmail.com',NULL,'HDFC BANK LTD','HDFC0002872','07901050006840',NULL,'2025-03-01 12:54:04.858218','2025-03-01 12:54:04.858243',1,1,1,NULL),(13,'SANGRAM SIR KHOPOLI TRANSPORT','9767058687','kharathr@gmail.com',NULL,'HDFC BANK LTD','HDFC0002872','07901050006840',NULL,'2025-03-01 13:11:36.432645','2025-03-01 13:57:11.464385',1,1,1,1),(14,'DATTAKRUPA TRANSPORT RANJANGAON','9767058687','kharathr@gmail.com',NULL,'HDFC BANK LTD','HDFC0002872','07901050006840',NULL,'2025-03-01 13:13:26.657680','2025-03-01 13:13:26.657705',1,1,1,NULL),(15,'J K ROADWAYS','9767058687','kharathr@gmail.com',NULL,'HDFC BANK LTD','HDFC0002872','07901050006840',NULL,'2025-03-01 13:16:20.005515','2025-03-01 13:16:20.005539',1,1,1,NULL),(16,'DATTA GAIKWAD TRANSPORT','9767058687','kharathr@gmail.com',NULL,'HDFC BANK LTD','HDFC0002872','07901050006840',NULL,'2025-03-01 13:29:24.538801','2025-03-01 13:29:24.538825',1,1,1,NULL),(17,'RAVI PISAL SIR  SAIRAM TRANSPORT','9767058687','kharathr@gmail.com',NULL,'HDFC BANK LTD','HDFC0002872','07901050006840',NULL,'2025-03-01 13:45:41.493057','2025-03-01 13:56:53.264598',1,1,1,1),(18,'SUPREME PRASHANT SIR TRANSPORT','9767058687','kharathr@gmail.com',NULL,'HDFC BANK LTD','HDFC0002872','07901050006840',NULL,'2025-03-01 13:55:23.673241','2025-03-01 13:56:42.699292',1,1,1,1),(19,'GGM TRANSPORT','9767058687','kharathr@gmail.com',NULL,'HDFC BANK LTD','HDFC0002872','07901050006840',NULL,'2025-03-01 14:00:25.925167','2025-03-01 14:00:25.925208',0,1,1,NULL),(20,'GGM TRANSPORT','9767058687','kharathr@gmail.com',NULL,'HDFC BANK LTD','HDFC0002872','07901050006840',NULL,'2025-03-01 14:01:11.996298','2025-03-01 14:01:11.996323',1,1,1,NULL),(21,'DHARMRAJ ROADLINES MURLI SIR TRANSPORT','9767058687','kharathr@gmail.com',NULL,'HDFC BANK LTD','HDFC0002872','07901050006840',NULL,'2025-03-01 14:26:32.330523','2025-03-01 14:26:32.330549',1,1,1,NULL),(22,'NANA TRANSPORT','9767058687','kharathr@gmail.com',NULL,'HDFC BANK LTD','HDFC0002872','07901050006840',NULL,'2025-03-10 04:24:21.699421','2025-03-10 04:24:21.699447',1,1,1,NULL),(23,'SANDESH CHAVRE 9172562419','9767058687','kharathr@gmail.com',NULL,'HDFC BANK LTD','HDFC0002872','07901050006840',NULL,'2025-03-10 04:27:15.124728','2025-03-10 04:27:15.124755',1,1,1,NULL),(24,'GALAXY SUPA MIDC BOOKING','9767058687','kharathr@gmail.com',NULL,'HDFC BANK LTD','HDFC0002872','07901050006840',NULL,'2025-03-12 05:22:13.333975','2025-03-12 05:22:13.333999',1,1,1,NULL),(25,'ISA LOGISTICS PVT LTD','8356842738','ftlprocurement@isalogistics.in',NULL,'HDFC BANK LTD','HDFC0002872','07901050006840',NULL,'2025-03-14 13:00:18.433176','2025-03-14 13:00:18.433203',1,1,1,NULL),(26,'AARYA ENTERPRISES KHOPOLI NARESH PATIL','9881277282','kharathr@gmail.com',NULL,'HDFC BANK LTD','HDFC0002872','07901050006840',NULL,'2025-03-15 14:42:54.128805','2025-03-15 14:42:54.128832',1,1,1,NULL);
/*!40000 ALTER TABLE `owner_master` ENABLE KEYS */;
UNLOCK TABLES;

--
-- Table structure for table `paid_types`
--

DROP TABLE IF EXISTS `paid_types`;
/*!40101 SET @saved_cs_client     = @@character_set_client */;
/*!50503 SET character_set_client = utf8mb4 */;
CREATE TABLE `paid_types` (
  `id` int NOT NULL AUTO_INCREMENT,
  `type_name` varchar(255) NOT NULL,
  `created_at` datetime(6) NOT NULL,
  `updated_at` datetime(6) NOT NULL,
  `is_active` tinyint(1) NOT NULL,
  `flag` tinyint(1) NOT NULL,
  `created_by_id` int NOT NULL,
  `updated_by_id` int DEFAULT NULL,
  PRIMARY KEY (`id`),
  UNIQUE KEY `type_name` (`type_name`),
  KEY `paid_types_created_by_id_254b71df_fk_auth_user_id` (`created_by_id`),
  KEY `paid_types_updated_by_id_93379c5e_fk_auth_user_id` (`updated_by_id`),
  CONSTRAINT `paid_types_created_by_id_254b71df_fk_auth_user_id` FOREIGN KEY (`created_by_id`) REFERENCES `auth_user` (`id`),
  CONSTRAINT `paid_types_updated_by_id_93379c5e_fk_auth_user_id` FOREIGN KEY (`updated_by_id`) REFERENCES `auth_user` (`id`)
) ENGINE=InnoDB AUTO_INCREMENT=4 DEFAULT CHARSET=utf8mb4 COLLATE=utf8mb4_0900_ai_ci;
/*!40101 SET character_set_client = @saved_cs_client */;

--
-- Dumping data for table `paid_types`
--

LOCK TABLES `paid_types` WRITE;
/*!40000 ALTER TABLE `paid_types` DISABLE KEYS */;
INSERT INTO `paid_types` VALUES (1,'PAID','2024-12-16 00:00:00.000000','2024-12-16 00:00:00.000000',1,1,1,NULL),(2,'UNPAID','2024-12-16 00:00:00.000000','2024-12-16 00:00:00.000000',1,1,1,NULL),(3,'CANCEL','2024-12-16 00:00:00.000000','2024-12-16 00:00:00.000000',1,1,1,NULL);
/*!40000 ALTER TABLE `paid_types` ENABLE KEYS */;
UNLOCK TABLES;

--
-- Table structure for table `party_billing`
--

DROP TABLE IF EXISTS `party_billing`;
/*!40101 SET @saved_cs_client     = @@character_set_client */;
/*!50503 SET character_set_client = utf8mb4 */;
CREATE TABLE `party_billing` (
  `id` int NOT NULL AUTO_INCREMENT,
  `bill_no` varchar(10) NOT NULL,
  `date` date NOT NULL,
  `bill_type` varchar(50) NOT NULL,
  `remarks` varchar(100) DEFAULT NULL,
  `gst` tinyint(1) NOT NULL,
  `totla_amt` decimal(10,2) NOT NULL,
  `sgst` decimal(10,2) DEFAULT NULL,
  `cgst` decimal(10,2) DEFAULT NULL,
  `created_at` datetime(6) NOT NULL,
  `updated_at` datetime(6) NOT NULL,
  `is_active` tinyint(1) NOT NULL,
  `flag` tinyint(1) NOT NULL,
  `billing_party_id` int DEFAULT NULL,
  `branch_name_id` int DEFAULT NULL,
  `created_by_id` int NOT NULL,
  `updated_by_id` int DEFAULT NULL,
  PRIMARY KEY (`id`),
  UNIQUE KEY `bill_no` (`bill_no`),
  KEY `party_billing_billing_party_id_62b18912_fk_party_master_id` (`billing_party_id`),
  KEY `party_billing_branch_name_id_4fdc74de_fk_branch_master_id` (`branch_name_id`),
  KEY `party_billing_created_by_id_c1761f0f_fk_auth_user_id` (`created_by_id`),
  KEY `party_billing_updated_by_id_7e379e87_fk_auth_user_id` (`updated_by_id`),
  CONSTRAINT `party_billing_billing_party_id_62b18912_fk_party_master_id` FOREIGN KEY (`billing_party_id`) REFERENCES `party_master` (`id`),
  CONSTRAINT `party_billing_branch_name_id_4fdc74de_fk_branch_master_id` FOREIGN KEY (`branch_name_id`) REFERENCES `branch_master` (`id`),
  CONSTRAINT `party_billing_created_by_id_c1761f0f_fk_auth_user_id` FOREIGN KEY (`created_by_id`) REFERENCES `auth_user` (`id`),
  CONSTRAINT `party_billing_updated_by_id_7e379e87_fk_auth_user_id` FOREIGN KEY (`updated_by_id`) REFERENCES `auth_user` (`id`)
) ENGINE=InnoDB AUTO_INCREMENT=21 DEFAULT CHARSET=utf8mb4 COLLATE=utf8mb4_0900_ai_ci;
/*!40101 SET character_set_client = @saved_cs_client */;

--
-- Dumping data for table `party_billing`
--

LOCK TABLES `party_billing` WRITE;
/*!40000 ALTER TABLE `party_billing` DISABLE KEYS */;
INSERT INTO `party_billing` VALUES (8,'2411800001','2025-03-07','UNPAID',NULL,0,15100.00,9.00,9.00,'2025-03-07 06:12:22.457852','2025-03-17 09:03:20.811754',1,1,15,6,1,1),(9,'2410400001','2025-03-12','UNPAID',NULL,0,13500.00,9.00,9.00,'2025-03-12 14:24:20.888879','2025-03-25 08:35:01.285637',1,1,36,5,1,1),(10,'2400000001','2025-03-17','UNPAID',NULL,0,15600.00,9.00,9.00,'2025-03-17 06:35:25.090652','2025-03-18 06:55:17.934720',1,1,11,4,1,1),(11,'2400000002','2025-03-17','UNPAID',NULL,0,17200.00,9.00,9.00,'2025-03-17 08:44:34.371028','2025-03-18 06:55:38.355170',1,1,11,4,1,1),(12,'2400000003','2025-03-18','UNPAID',NULL,0,15200.00,9.00,9.00,'2025-03-18 06:49:23.271872','2025-03-18 07:19:43.589912',1,1,11,4,1,1),(13,'2400000004','2025-03-18','UNPAID',NULL,0,9100.00,9.00,9.00,'2025-03-18 06:50:33.650486','2025-03-18 07:23:07.983146',1,1,11,4,1,1),(14,'2400000005','2025-03-25','UNPAID','RATE INCLUDING UNION CHARGES',0,12100.00,9.00,9.00,'2025-03-25 06:01:15.978417','2025-03-25 06:01:48.664941',1,1,15,6,1,1),(15,'2400000006','2025-03-27','UNPAID',NULL,0,7300.00,9.00,9.00,'2025-03-27 05:11:33.266830','2025-03-27 05:11:33.266851',1,1,17,7,1,NULL),(16,'2400000007','2025-03-27','UNPAID',NULL,0,14600.00,9.00,9.00,'2025-03-27 05:15:12.904303','2025-03-27 05:15:12.904323',1,1,43,4,1,NULL),(17,'2400000008','2025-03-29','UNPAID',NULL,0,7300.00,9.00,9.00,'2025-03-29 09:52:21.538150','2025-03-29 09:52:21.538170',1,1,17,7,1,NULL),(18,'2400000009','2025-03-30','UNPAID',NULL,0,15530.00,9.00,9.00,'2025-03-30 05:07:31.492207','2025-03-30 05:29:27.715136',1,1,11,4,1,1),(19,'2500000001','2025-04-05','UNPAID',NULL,0,7100.00,9.00,9.00,'2025-04-05 05:52:02.827702','2025-04-05 05:52:02.827723',1,1,17,7,1,NULL),(20,'2500000002','2025-04-05','UNPAID',NULL,0,23100.00,9.00,9.00,'2025-04-05 12:30:03.710965','2025-04-05 12:49:54.557078',1,1,30,16,1,1);
/*!40000 ALTER TABLE `party_billing` ENABLE KEYS */;
UNLOCK TABLES;

--
-- Table structure for table `party_billing_lr_booking`
--

DROP TABLE IF EXISTS `party_billing_lr_booking`;
/*!40101 SET @saved_cs_client     = @@character_set_client */;
/*!50503 SET character_set_client = utf8mb4 */;
CREATE TABLE `party_billing_lr_booking` (
  `id` bigint NOT NULL AUTO_INCREMENT,
  `partybilling_id` int NOT NULL,
  `lr_bokking_id` int NOT NULL,
  PRIMARY KEY (`id`),
  UNIQUE KEY `party_billing_lr_booking_partybilling_id_lr_bokki_8e260aae_uniq` (`partybilling_id`,`lr_bokking_id`),
  KEY `party_billing_lr_boo_lr_bokking_id_6a55d498_fk_lr_bokkin` (`lr_bokking_id`),
  CONSTRAINT `party_billing_lr_boo_lr_bokking_id_6a55d498_fk_lr_bokkin` FOREIGN KEY (`lr_bokking_id`) REFERENCES `lr_bokking` (`lr_no`),
  CONSTRAINT `party_billing_lr_boo_partybilling_id_391d29fd_fk_party_bil` FOREIGN KEY (`partybilling_id`) REFERENCES `party_billing` (`id`)
) ENGINE=InnoDB AUTO_INCREMENT=23 DEFAULT CHARSET=utf8mb4 COLLATE=utf8mb4_0900_ai_ci;
/*!40101 SET character_set_client = @saved_cs_client */;

--
-- Dumping data for table `party_billing_lr_booking`
--

LOCK TABLES `party_billing_lr_booking` WRITE;
/*!40000 ALTER TABLE `party_billing_lr_booking` DISABLE KEYS */;
INSERT INTO `party_billing_lr_booking` VALUES (8,8,37),(9,9,41),(10,10,42),(11,11,43),(12,11,44),(13,12,45),(14,12,46),(15,13,47),(16,14,50),(17,15,51),(18,16,52),(19,17,56),(20,18,57),(21,19,59),(22,20,58);
/*!40000 ALTER TABLE `party_billing_lr_booking` ENABLE KEYS */;
UNLOCK TABLES;

--
-- Table structure for table `party_master`
--

DROP TABLE IF EXISTS `party_master`;
/*!40101 SET @saved_cs_client     = @@character_set_client */;
/*!50503 SET character_set_client = utf8mb4 */;
CREATE TABLE `party_master` (
  `id` int NOT NULL AUTO_INCREMENT,
  `party_name` varchar(255) NOT NULL,
  `address` longtext,
  `contact_no` longtext NOT NULL,
  `email_id` longtext NOT NULL,
  `gst_no` varchar(255) DEFAULT NULL,
  `pincode` varchar(10) NOT NULL,
  `credit_period` int unsigned DEFAULT NULL,
  `credit_amount` int unsigned DEFAULT NULL,
  `po_no` varchar(50) DEFAULT NULL,
  `vendor_code` varchar(50) DEFAULT NULL,
  `quotation_number` varchar(50) DEFAULT NULL,
  `party_weekly_off` varchar(100) NOT NULL,
  `created_at` datetime(6) NOT NULL,
  `updated_at` datetime(6) NOT NULL,
  `is_active` tinyint(1) NOT NULL,
  `flag` tinyint(1) NOT NULL,
  `area_id` int NOT NULL,
  `branch_id` int NOT NULL,
  `created_by_id` int NOT NULL,
  `party_type_id` int DEFAULT NULL,
  `pay_type_id` int DEFAULT NULL,
  `updated_by_id` int DEFAULT NULL,
  PRIMARY KEY (`id`),
  KEY `party_master_area_id_f3ddcf1b_fk_destination_master_id` (`area_id`),
  KEY `party_master_branch_id_7adafbe7_fk_branch_master_id` (`branch_id`),
  KEY `party_master_created_by_id_07ef70c4_fk_auth_user_id` (`created_by_id`),
  KEY `party_master_party_type_id_9543c58d_fk_party_types_id` (`party_type_id`),
  KEY `party_master_pay_type_id_1b9a94d8_fk_pay_types_id` (`pay_type_id`),
  KEY `party_master_updated_by_id_5c5a70be_fk_auth_user_id` (`updated_by_id`),
  CONSTRAINT `party_master_area_id_f3ddcf1b_fk_destination_master_id` FOREIGN KEY (`area_id`) REFERENCES `destination_master` (`id`),
  CONSTRAINT `party_master_branch_id_7adafbe7_fk_branch_master_id` FOREIGN KEY (`branch_id`) REFERENCES `branch_master` (`id`),
  CONSTRAINT `party_master_created_by_id_07ef70c4_fk_auth_user_id` FOREIGN KEY (`created_by_id`) REFERENCES `auth_user` (`id`),
  CONSTRAINT `party_master_party_type_id_9543c58d_fk_party_types_id` FOREIGN KEY (`party_type_id`) REFERENCES `party_types` (`id`),
  CONSTRAINT `party_master_pay_type_id_1b9a94d8_fk_pay_types_id` FOREIGN KEY (`pay_type_id`) REFERENCES `pay_types` (`id`),
  CONSTRAINT `party_master_updated_by_id_5c5a70be_fk_auth_user_id` FOREIGN KEY (`updated_by_id`) REFERENCES `auth_user` (`id`),
  CONSTRAINT `party_master_chk_1` CHECK ((`credit_period` >= 0)),
  CONSTRAINT `party_master_chk_2` CHECK ((`credit_amount` >= 0))
) ENGINE=InnoDB AUTO_INCREMENT=52 DEFAULT CHARSET=utf8mb4 COLLATE=utf8mb4_0900_ai_ci;
/*!40101 SET character_set_client = @saved_cs_client */;

--
-- Dumping data for table `party_master`
--

LOCK TABLES `party_master` WRITE;
/*!40000 ALTER TABLE `party_master` DISABLE KEYS */;
INSERT INTO `party_master` VALUES (10,'SANJAY CHEMICALS INDIA PVT LTD','G 1 5 TH FL KANMOOR HOUSE CONDOMINIUM 281/287 N N STREET MUMBAI 400009','9767058687','info@sanjaychemindia.com','27AAFCS2929E1ZD','400009',0,NULL,'','','','SATURDAY','2025-01-02 07:30:55.212236','2025-01-02 07:30:55.212258',1,1,2,3,1,1,1,NULL),(11,'ATHARVA BIOPHARMA PVT LTD','A-1/B ADD SUPA PARNER INDUSTRIAL PARK VILLAGE PALVE SUPA AHMEDNAGAR 414301','9112136845','stores@atharvabiopharma.com',NULL,'414301',15,100000,'','','','SATURDAY','2025-01-02 07:57:03.058295','2025-03-17 07:11:56.955257',1,1,3,4,1,2,1,1),(12,'SHARP FOAM INDUSTRIES PVT LTD','E 35 MIDC SUPA TAL PARNER DIST AHMEDNAGAR','9767058687','kharathr@gmail.com','27ABGGCS1131G1ZM','414301',0,NULL,'','','','SUNDAY','2025-01-06 10:49:56.282137','2025-01-06 10:49:56.282162',1,1,3,4,1,1,1,NULL),(13,'NEXGEN DRYING SYSTEMS PVT LTD','166 BHIWANDI MUMBAI','9767058687','kharathr@gmail.com','27AACCN2120K1ZP','421302',0,NULL,'','','','SUNDAY','2025-01-06 10:51:49.588452','2025-01-06 10:51:49.588474',1,1,2,3,1,1,1,NULL),(14,'P N SHIPPING AGENCY','JNPT','9767058687','kharathra12s45@gmail.com',NULL,'400707',0,NULL,'','','','SUNDAY','2025-01-07 14:17:31.562399','2025-01-07 14:17:31.562425',1,1,4,5,1,1,1,NULL),(15,'AAYAN NANOTECH PVT LTD','E-59, MIDC, RANJANGAON, KAREGAON,TAL. SHIRUR, DIST. PUNE 412220','9190491327','aayaninds@gmail.com','27AAQCA7582G1Z5','412220',0,NULL,'','','','THURSDAY','2025-01-07 14:21:21.414601','2025-03-05 04:10:56.773932',1,1,5,6,1,2,1,1),(16,'DIC IDEAL PVT LTD','PLOT NO E 2 SUPA PARNER INDUSTRIAL PARK SUPA','9421176770','vikram@idealdic.co.in','27AABCI2293R2ZY','414301',0,NULL,'','','','SUNDAY','2025-01-10 15:03:05.972442','2025-01-16 12:26:15.426984',1,1,8,4,1,1,1,1),(17,'FABULA COATINGS INDIA PRIVATE LIMITED','AT VILLAGE TEMBEWADI HONAD SURVEY NO 34 KHALAPUR','9324838406','abc@gmail.com','27AADCF5301R1ZD','410203',0,NULL,'','','','SUNDAY','2025-01-10 15:07:58.538093','2025-03-27 05:10:40.793966',1,1,9,7,1,2,1,1),(18,'PULP MOULDING INDUSTRIES SUPA','SUPA MIDC','8669387273','nagareniraj29@gmail.com','27AAXFP5464A1ZW','414301',0,NULL,'','','','SATURDAY','2025-01-13 08:16:46.599895','2025-01-13 08:16:46.599919',1,1,10,4,1,1,1,NULL),(19,'MALLESH TRADERS','BHIWANDI','9767058687','jkroadways9593@gmail.com',NULL,'421302',0,NULL,'','','','SUNDAY','2025-01-13 08:18:19.247569','2025-01-13 08:18:19.247592',1,1,6,3,1,1,1,NULL),(20,'AZCOR TABLEWARE INDIA PVT LTD','E 59/60, SUPA MIDC, PARNER, SUPA MIDC, AHMEDNAGAR - 414301, DIST. AHMED NAGAR, SUPA-414301.','9768248937','zuber.sidhatar@azcor.co.in',NULL,'414301',0,NULL,'','','','SATURDAY','2025-01-16 04:59:29.074273','2025-01-16 04:59:29.074296',1,1,3,4,1,1,1,NULL),(21,'AL MANDINA EXPORTS','SURVEY NO. 15, HISSA1/2,NR,MUNCIPALITY BAWDI\nOPP. SHIRVANE VIDYALAYA,THANE BELAPUR RD,\nSECTOR 1 NERUL(EAST), NAVIMUMBAI-400705','9767058687','jkroadways9593@gmail.com',NULL,'400705',0,NULL,'','','','SUNDAY','2025-01-16 05:02:40.650161','2025-01-16 05:02:40.650186',1,1,11,8,1,1,1,NULL),(22,'AUTO WINGS','SR NO 11 GUGALE PATIL FARM KONDHWA BUDRUK -KATRAJ KONDHWA ROAD KHADI MACHINE CHOWK PUNE 411048','8237633990','autowingsindia@gmail.com','27ABAFA4749B1ZS','411048',0,NULL,'','','','SUNDAY','2025-01-17 08:50:09.851724','2025-01-17 08:50:09.851748',1,1,12,9,1,1,1,NULL),(23,'ARTHAH ENTERPRISES LLP','TOTAL LOGISTICS COMPOUND W.HOUSE NO 552 SR NO 82 , PALASPA PHATA OPP JAY MALHAR RESIDENCY TAL PANVEL 410206','9892367340','jkroadways9593@gmail.com','27ABOFA6047J1Z2','410206',0,NULL,'','','','SUNDAY','2025-01-17 08:53:47.455669','2025-01-17 08:53:47.455692',1,1,4,5,1,1,1,NULL),(24,'KETUL CHEM SPECIALITY PRIVATE LIMITED','UNIT NO.1007, CABIN 111, SURESHWARI TECHNO IT PARK,\nNEW LINK ROAD, BORIVALI (WEST), MUMBAI 400092','8655222555','sales@kcs.ind.in','27AAKCK1768L1ZY','400092',0,NULL,'','','','SUNDAY','2025-01-27 05:31:51.933116','2025-01-27 05:31:51.933141',1,1,13,3,1,1,1,NULL),(25,'PLASTICS ENGINEERING WORKS','AT AMBEWADI POST KOLAD TAL ROHA DIST RAIGAD 402304','9767058687','abcd@gmail.com','27BTAPP3888B1ZK','402304',0,NULL,'','','','SUNDAY','2025-01-31 05:39:37.533590','2025-01-31 05:39:37.533614',1,1,14,10,1,1,1,NULL),(26,'LAMITECH POLYMERS','D 7 MIDC SUPA TAL PARNER DIST AHMEDNAGAR','9422085806','lamitechpolymers@gmail.com','27AEPPC2120N1ZI','414301',0,NULL,'','','','SUNDAY','2025-01-31 05:42:17.601619','2025-01-31 05:42:17.601642',1,1,3,4,1,1,1,NULL),(27,'AZARCO INTERNATIONAL LLP','SHOP 033, 3B GROUND FLOOR, KIRTIKAR MARKET, M.C. JAWLE MARG,\nDADAR WEST, MUMBAI','9197682489','jkroadways9593@gmail.com','27ABVFA6646C1Z5','401107',0,NULL,'','','','SUNDAY','2025-02-13 13:01:40.531574','2025-02-13 13:01:40.531597',1,1,15,11,1,1,1,NULL),(28,'COSMO SPECIALITY CHEMICALS PRIVATE LIMITED','PLOT NO B 10 MIDC WALUJ AURANAGABAD','2228261195','jkroadways9593@gmail.com','27AAICC6706G1ZN','431136',0,NULL,'','','','FRIDAY','2025-02-14 13:10:29.868165','2025-02-14 13:10:29.868189',1,1,16,12,1,1,1,NULL),(29,'FENGYUAN INDIA PRIVATE LIMITED','PLOT NO N 3/1 ADD PATALGANAGA INDUSTRIAL AREA TAL PANVEL DIST RAIGAD 410220','9191121368','abc@gmail.com','27AACCF8832G1ZJ','410220',0,NULL,'','','','SUNDAY','2025-02-14 15:11:21.987106','2025-02-14 15:11:21.987130',1,1,17,13,1,1,1,NULL),(30,'SHAH AUTO COMPONENTS PRIVATE LIMITED','GAT NO 85 GODAWN NO 1/B SIDDHIVINAYAK SOCIETY ROAD WADKI PUNE 412308','9767058687','shahautoindia@gmail.com','27ABFCS7493G1ZU','412308',0,NULL,'','','','SUNDAY','2025-03-03 15:04:24.905426','2025-04-05 12:29:38.935755',1,1,18,16,1,2,1,1),(31,'CREATIVE MOTORS','PLOT NO 72 SOHAM IND ESTATE N H NO 8 OPP SHUBHAM HERO UDHYOG NAGAR KAMREJ CHAR RASTA KAILASH COMPLEX OPP TAPI HOTEL BELLOW PECIFIC INN SURAT 395003','9767058687','creativemotorskmj@yahoo.in','24AEGPV4176E1ZD','395003',0,NULL,'','','','SUNDAY','2025-03-03 15:11:51.888572','2025-03-03 15:11:51.889002',1,1,19,17,1,1,1,NULL),(32,'IMAGING TECHNOLOGY PRODUCTS','2750/1,2,3 & 4 SHUBH ESTATE SEC NO 2 NEXT TI AGOG PHARMA GAURAI PADA VASAI EAST DIST PALGHAR 401208','9767058687','itpvasai208@gmail.com','27AAIPG6318F1ZU','401208',0,NULL,'','','','SUNDAY','2025-03-04 14:11:27.256953','2025-03-04 14:11:27.256977',1,1,20,18,1,1,1,NULL),(33,'IMERYS NEWQUEST INDIA PVT LTD.','BHIGWAN','9767058687','jkroadways9593@gmail.com','27AABCI1740H1ZU','413130',0,NULL,'','','','SUNDAY','2025-03-07 06:07:17.931866','2025-03-17 08:25:15.586312',1,1,21,19,1,1,1,1),(34,'KRISHNA INDUSTRIES','PLOT NO C -53 MIDC SHIRALA SANGLI 415408','9767058687','rajendrasapkal10@gmail.com','27AATFK1342A1ZK','415508',0,NULL,'','','','SUNDAY','2025-03-12 13:36:15.656763','2025-03-12 13:36:15.656790',1,1,22,3,1,1,1,NULL),(35,'OPM LABORATORIES PVT LTD','X 22 SUPA MIDC AGMEDNAAGR','9767058687','jkroadways9593@gmail.com','27AACCO7524L1Z4','414301',0,NULL,'','','','SUNDAY','2025-03-12 13:37:26.585330','2025-03-12 13:37:26.585356',1,1,3,4,1,1,1,NULL),(36,'ISA LOGISTICS PVT LTD','OFFI CE NO 608, 609 6TH FLOOR, EWING, TOWER 2, L&T SEAWOODSGRAND CENTRAL, SECTOR -40SEAWOODS,NAVI MUMBAI,MAHARASHTRA, INDIA - 400706','8356842738','ftlprocurement@isalogistics.in','27AACCI7951F1ZG','400706',0,NULL,'','','','SUNDAY','2025-03-12 14:13:19.749443','2025-03-12 14:22:09.941702',1,1,4,5,1,2,1,1),(37,'TECHNOCRAFT EXTRUSIONS PVT LTD','GROUND FLOOR, SHED A & A1 GAT NO 751, ROAD VILLAGE, BIDKIN, AURANGABAD, MAHARASHTRA, 431105.,AURANGABAD,MAHARASHTRA,INDIA,431105','9767058687','jkroadways9593@gmail.com','27AAJCT2599K1ZL','431105',0,NULL,'','','','SUNDAY','2025-03-12 14:17:44.933576','2025-03-12 14:17:44.933600',1,1,23,20,1,1,1,NULL),(38,'MODY CHEMI PHARAM LIMITED','UNIT 2 PLOT -103/104 NEW CHEMICAL ZONE MIDC TALOJA 410208','9767058687','jkroadways9593@gmail.com','27AADCM1808L1Z','410208',0,NULL,'','','','SUNDAY','2025-03-15 15:06:34.607606','2025-03-15 15:06:34.607631',1,1,25,21,1,1,1,NULL),(39,'SKS FINECHEM PVT LTD','PLOT NO. T-1/1, TARAPUR INDUSTRIAL AREA\nNAVAPUR ROAD, NEAR VADILAL, BOISAR (W)\nTAL & DIST. PALGHAR 401506\nUDYAM NO-UDYAM-MH-17-0008637','9767058687','jkroadways9593@gmail.com','27ABACS7133C1ZM','401506',0,NULL,'','','','SUNDAY','2025-03-17 06:59:13.660832','2025-03-17 06:59:13.660856',1,1,26,22,1,1,1,NULL),(40,'TVG TRADELINK LLP','GROUND FLOOR, AMITA BUILDING,\nHINGWALA LANE, GHATKOPAR EAST,\nMUMBAI - 400077','9767058687','jkroadways9593@gmail.com','27AAPFT8330B1Z3','400077',0,NULL,'','','','SUNDAY','2025-03-17 07:13:35.921976','2025-03-18 06:26:29.636770',1,1,13,3,1,1,1,1),(41,'OM ENGINEERING WORKS','GALA NO 02 MUMBRA PANVEL ROAD NEAR EKTA KATTA DAHISAR MORI OPP VIPUL KATTA THANE 400612','9767058687','jkroadways9593@gmail.com','27CWEPM6942F1ZB','400612',0,NULL,'','','','SUNDAY','2025-03-18 06:31:10.989499','2025-03-18 06:31:10.989525',1,1,25,21,1,1,1,NULL),(42,'ARUSH ENGINEERING WORKS','HISSA NO 01 GUT NO 131 ADIVALI NAVI MUMBAI 410208','9767058687','jkroadways9593@gmail.com','27AOXPN4158H1Z9','410208',0,NULL,'','','','SUNDAY','2025-03-18 06:32:23.486390','2025-03-18 06:32:23.486415',1,1,25,21,1,1,1,NULL),(43,'SUPERFINE METALS PVT. LTD.','PLOT NO E-29,E-39SUPA MIDCSUPA','9767058687','purchase@superfineindia.com','27AAKCS6038H1Z2','414301',0,NULL,'','','','SUNDAY','2025-03-25 14:40:12.904138','2025-03-27 05:14:28.626159',1,1,3,4,1,2,1,1),(44,'FLOW CONTROL','A/124 K.S.S.I.D.C, ANGOL INDUSTRIAL ESTATE','9767058687','jkroadways9593@gmail.com','29ALAPC8983F1ZW','590008',0,NULL,'','','','SUNDAY','2025-03-25 14:43:29.401673','2025-03-25 14:43:29.401699',1,1,27,23,1,1,1,NULL),(45,'EAGLE PLASTICS','FACTORY : B - 9/2, M.I.D.C., SUPA PARNER, DIST. AHMEDNAGAR - 414 301. MAHARASHTRA (INDIA)','9422007289','arv.eagle@gmail.com','27ACPPV2648N1ZM','414301',0,NULL,'','','','SATURDAY','2025-03-27 15:34:14.085524','2025-03-27 15:34:14.085548',1,1,3,4,1,1,1,NULL),(46,'MAKPOWAR THCHNOLOGY','R. S. NO. 160/2, AGASGE-KADOLI ROAD, AGASGE VILLAGE, TALUK\nAND DISTRICT - BELAGAVI KARNATKA, 591143','9916592992','jkroadways9593@gmail.com','29ALKPN4378B1ZU','591143',0,NULL,'','','','SATURDAY','2025-03-27 15:35:33.537144','2025-03-27 15:35:33.537166',1,1,27,23,1,1,1,NULL),(47,'WIZERTECH INFORMATICS PVT LTD','UNIT 215 2 ND FLOOR LAXMI PLAZA LAXMI INDU ESTATE ANDHERI(W) 400053','9272014520','jkroadways9593@gmail.com','27AAACW5570G1Z7','400053',0,NULL,'','','','SATURDAY','2025-03-28 11:25:39.100825','2025-03-28 11:25:39.100848',1,1,29,14,1,1,1,NULL),(48,'VADAFONE INDIA SERVICES PVT LTD','10 TH FLOOR TOWER B GLOBAL TECHNOLOGY PARK MARATHAHALLI OUTER RING ROAD VARTHUR HOBALI BANGLORE 560103','9272014520','jkroadways9593@gmail.com','27AAACZ1849D1Z8','560103',0,NULL,'','','','SATURDAY','2025-03-28 11:30:31.727700','2025-03-28 11:30:31.727724',1,1,28,24,1,1,1,NULL),(49,'LAMITECH POLYMERS','PLOT NO D 7 SUPA MIDC TAL PARNER DIST AHMEDNAGAR','9194220858','lamitechpolymers@yahoo.com','27AEPPC2120N1ZI','414301',0,NULL,'','','','SATURDAY','2025-03-28 12:01:52.694883','2025-03-28 12:01:52.694908',1,1,3,4,1,1,1,NULL),(50,'ADVANCE COMPOSITE ENGINEERING SYSTEM','GAT NO.473,MOKAI VILLAGE,PIRANGUT,TALUKA MULASHI,PUNE-412115','9767058687','jkroadways9593@gmail.com','27ABVFA5451D1ZA','412115',0,NULL,'','','','SATURDAY','2025-03-28 12:05:15.002656','2025-03-28 12:05:15.002680',1,1,30,14,1,1,1,NULL),(51,'PRINITA CHEM','902, ONE LODHA PLACE,\nSENAPATI BAPAT MARG,LOWER PAREL,MUMBAI - 400013\nMAHARASHTRA - 400013','9767058687','prinitachem@gmail.com','27AARFP0194P1ZE','400013',0,NULL,'','','','SUNDAY','2025-03-29 16:44:12.720353','2025-03-29 16:44:12.720377',1,1,13,3,1,1,1,NULL);
/*!40000 ALTER TABLE `party_master` ENABLE KEYS */;
UNLOCK TABLES;

--
-- Table structure for table `party_types`
--

DROP TABLE IF EXISTS `party_types`;
/*!40101 SET @saved_cs_client     = @@character_set_client */;
/*!50503 SET character_set_client = utf8mb4 */;
CREATE TABLE `party_types` (
  `id` int NOT NULL AUTO_INCREMENT,
  `type_name` varchar(255) NOT NULL,
  `description` longtext,
  `created_at` datetime(6) NOT NULL,
  `updated_at` datetime(6) NOT NULL,
  `is_active` tinyint(1) NOT NULL,
  `flag` tinyint(1) NOT NULL,
  `created_by_id` int NOT NULL,
  `updated_by_id` int DEFAULT NULL,
  PRIMARY KEY (`id`),
  UNIQUE KEY `type_name` (`type_name`),
  KEY `party_types_created_by_id_937c97ed_fk_auth_user_id` (`created_by_id`),
  KEY `party_types_updated_by_id_a18f1929_fk_auth_user_id` (`updated_by_id`),
  CONSTRAINT `party_types_created_by_id_937c97ed_fk_auth_user_id` FOREIGN KEY (`created_by_id`) REFERENCES `auth_user` (`id`),
  CONSTRAINT `party_types_updated_by_id_a18f1929_fk_auth_user_id` FOREIGN KEY (`updated_by_id`) REFERENCES `auth_user` (`id`)
) ENGINE=InnoDB AUTO_INCREMENT=4 DEFAULT CHARSET=utf8mb4 COLLATE=utf8mb4_0900_ai_ci;
/*!40101 SET character_set_client = @saved_cs_client */;

--
-- Dumping data for table `party_types`
--

LOCK TABLES `party_types` WRITE;
/*!40000 ALTER TABLE `party_types` DISABLE KEYS */;
INSERT INTO `party_types` VALUES (1,'WALKING','WALK-IN PARTY','2024-12-16 00:00:00.000000','2024-12-16 00:00:00.000000',1,1,1,NULL),(2,'BILLING','BILLING PARTY','2024-12-16 00:00:00.000000','2024-12-16 00:00:00.000000',1,1,1,NULL),(3,'IS CONTRACTED','CONTRACTED PARTY','2024-12-16 00:00:00.000000','2024-12-16 00:00:00.000000',1,1,1,NULL);
/*!40000 ALTER TABLE `party_types` ENABLE KEYS */;
UNLOCK TABLES;

--
-- Table structure for table `pay_types`
--

DROP TABLE IF EXISTS `pay_types`;
/*!40101 SET @saved_cs_client     = @@character_set_client */;
/*!50503 SET character_set_client = utf8mb4 */;
CREATE TABLE `pay_types` (
  `id` int NOT NULL AUTO_INCREMENT,
  `type_name` varchar(255) NOT NULL,
  `created_at` datetime(6) NOT NULL,
  `updated_at` datetime(6) NOT NULL,
  `is_active` tinyint(1) NOT NULL,
  `flag` tinyint(1) NOT NULL,
  `created_by_id` int NOT NULL,
  `updated_by_id` int DEFAULT NULL,
  PRIMARY KEY (`id`),
  UNIQUE KEY `type_name` (`type_name`),
  KEY `pay_types_created_by_id_8358714a_fk_auth_user_id` (`created_by_id`),
  KEY `pay_types_updated_by_id_bf102e22_fk_auth_user_id` (`updated_by_id`),
  CONSTRAINT `pay_types_created_by_id_8358714a_fk_auth_user_id` FOREIGN KEY (`created_by_id`) REFERENCES `auth_user` (`id`),
  CONSTRAINT `pay_types_updated_by_id_bf102e22_fk_auth_user_id` FOREIGN KEY (`updated_by_id`) REFERENCES `auth_user` (`id`)
) ENGINE=InnoDB AUTO_INCREMENT=4 DEFAULT CHARSET=utf8mb4 COLLATE=utf8mb4_0900_ai_ci;
/*!40101 SET character_set_client = @saved_cs_client */;

--
-- Dumping data for table `pay_types`
--

LOCK TABLES `pay_types` WRITE;
/*!40000 ALTER TABLE `pay_types` DISABLE KEYS */;
INSERT INTO `pay_types` VALUES (1,'PAID','2024-12-16 00:00:00.000000','2024-12-16 00:00:00.000000',1,1,1,NULL),(2,'TOPAY','2024-12-16 00:00:00.000000','2024-12-16 00:00:00.000000',1,1,1,NULL),(3,'TBB','2024-12-16 00:00:00.000000','2024-12-16 00:00:00.000000',1,1,1,NULL);
/*!40000 ALTER TABLE `pay_types` ENABLE KEYS */;
UNLOCK TABLES;

--
-- Table structure for table `payment_types`
--

DROP TABLE IF EXISTS `payment_types`;
/*!40101 SET @saved_cs_client     = @@character_set_client */;
/*!50503 SET character_set_client = utf8mb4 */;
CREATE TABLE `payment_types` (
  `id` int NOT NULL AUTO_INCREMENT,
  `type_name` varchar(255) NOT NULL,
  `created_at` datetime(6) NOT NULL,
  `updated_at` datetime(6) NOT NULL,
  `is_active` tinyint(1) NOT NULL,
  `flag` tinyint(1) NOT NULL,
  `created_by_id` int NOT NULL,
  `effect_id` int DEFAULT NULL,
  `updated_by_id` int DEFAULT NULL,
  PRIMARY KEY (`id`),
  UNIQUE KEY `type_name` (`type_name`),
  KEY `payment_types_created_by_id_1f2571d9_fk_auth_user_id` (`created_by_id`),
  KEY `payment_types_effect_id_d3e4a170_fk_effect_types_id` (`effect_id`),
  KEY `payment_types_updated_by_id_06164ada_fk_auth_user_id` (`updated_by_id`),
  CONSTRAINT `payment_types_created_by_id_1f2571d9_fk_auth_user_id` FOREIGN KEY (`created_by_id`) REFERENCES `auth_user` (`id`),
  CONSTRAINT `payment_types_effect_id_d3e4a170_fk_effect_types_id` FOREIGN KEY (`effect_id`) REFERENCES `effect_types` (`id`),
  CONSTRAINT `payment_types_updated_by_id_06164ada_fk_auth_user_id` FOREIGN KEY (`updated_by_id`) REFERENCES `auth_user` (`id`)
) ENGINE=InnoDB AUTO_INCREMENT=11 DEFAULT CHARSET=utf8mb4 COLLATE=utf8mb4_0900_ai_ci;
/*!40101 SET character_set_client = @saved_cs_client */;

--
-- Dumping data for table `payment_types`
--

LOCK TABLES `payment_types` WRITE;
/*!40000 ALTER TABLE `payment_types` DISABLE KEYS */;
INSERT INTO `payment_types` VALUES (1,'PETROL EXPENSES','2024-12-16 00:00:00.000000','2024-12-16 00:00:00.000000',1,1,1,1,NULL),(2,'DIESEL EXPENSES','2024-12-16 00:00:00.000000','2024-12-16 00:00:00.000000',1,1,1,1,NULL),(3,'OFFICE EXPENSES','2024-12-16 00:00:00.000000','2024-12-16 00:00:00.000000',1,1,1,1,NULL),(4,'COMPUTER EXPENSES','2024-12-16 00:00:00.000000','2024-12-16 00:00:00.000000',1,1,1,1,NULL),(5,'STATIONERY EXPENSES','2024-12-16 00:00:00.000000','2024-12-16 00:00:00.000000',1,1,1,1,NULL),(6,'HOTEL EXPENSES','2024-12-16 00:00:00.000000','2024-12-16 00:00:00.000000',1,1,1,1,NULL),(7,'CRANE CHARGES','2024-12-16 00:00:00.000000','2024-12-16 00:00:00.000000',1,1,1,1,NULL),(8,'OTHERS','2024-12-16 00:00:00.000000','2024-12-16 00:00:00.000000',1,1,1,1,NULL),(9,'TOLL EXPENSES','2024-12-16 00:00:00.000000','2024-12-16 00:00:00.000000',1,1,1,1,NULL),(10,'LOADING CHARGES','2024-12-16 00:00:00.000000','2024-12-16 00:00:00.000000',1,1,1,1,NULL);
/*!40000 ALTER TABLE `payment_types` ENABLE KEYS */;
UNLOCK TABLES;

--
-- Table structure for table `quotation_types`
--

DROP TABLE IF EXISTS `quotation_types`;
/*!40101 SET @saved_cs_client     = @@character_set_client */;
/*!50503 SET character_set_client = utf8mb4 */;
CREATE TABLE `quotation_types` (
  `id` int NOT NULL AUTO_INCREMENT,
  `type_name` varchar(255) NOT NULL,
  `created_at` datetime(6) NOT NULL,
  `updated_at` datetime(6) NOT NULL,
  `is_active` tinyint(1) NOT NULL,
  `flag` tinyint(1) NOT NULL,
  `created_by_id` int NOT NULL,
  `updated_by_id` int DEFAULT NULL,
  PRIMARY KEY (`id`),
  UNIQUE KEY `type_name` (`type_name`),
  KEY `quotation_types_created_by_id_795eaa93_fk_auth_user_id` (`created_by_id`),
  KEY `quotation_types_updated_by_id_24f7f7e3_fk_auth_user_id` (`updated_by_id`),
  CONSTRAINT `quotation_types_created_by_id_795eaa93_fk_auth_user_id` FOREIGN KEY (`created_by_id`) REFERENCES `auth_user` (`id`),
  CONSTRAINT `quotation_types_updated_by_id_24f7f7e3_fk_auth_user_id` FOREIGN KEY (`updated_by_id`) REFERENCES `auth_user` (`id`)
) ENGINE=InnoDB AUTO_INCREMENT=5 DEFAULT CHARSET=utf8mb4 COLLATE=utf8mb4_0900_ai_ci;
/*!40101 SET character_set_client = @saved_cs_client */;

--
-- Dumping data for table `quotation_types`
--

LOCK TABLES `quotation_types` WRITE;
/*!40000 ALTER TABLE `quotation_types` DISABLE KEYS */;
INSERT INTO `quotation_types` VALUES (1,'PER KG','2024-12-16 00:00:00.000000','2024-12-16 00:00:00.000000',1,1,1,NULL),(2,'FIXED','2024-12-16 00:00:00.000000','2024-12-16 00:00:00.000000',1,1,1,NULL),(3,'SPECIAL','2024-12-16 00:00:00.000000','2024-12-16 00:00:00.000000',1,1,1,NULL),(4,'PER/MULTIPLE','2024-12-16 00:00:00.000000','2024-12-16 00:00:00.000000',1,1,1,NULL);
/*!40000 ALTER TABLE `quotation_types` ENABLE KEYS */;
UNLOCK TABLES;

--
-- Table structure for table `receipt_types`
--

DROP TABLE IF EXISTS `receipt_types`;
/*!40101 SET @saved_cs_client     = @@character_set_client */;
/*!50503 SET character_set_client = utf8mb4 */;
CREATE TABLE `receipt_types` (
  `id` int NOT NULL AUTO_INCREMENT,
  `type_name` varchar(255) NOT NULL,
  `created_at` datetime(6) NOT NULL,
  `updated_at` datetime(6) NOT NULL,
  `is_active` tinyint(1) NOT NULL,
  `flag` tinyint(1) NOT NULL,
  `created_by_id` int NOT NULL,
  `updated_by_id` int DEFAULT NULL,
  PRIMARY KEY (`id`),
  UNIQUE KEY `type_name` (`type_name`),
  KEY `receipt_types_created_by_id_a232aa64_fk_auth_user_id` (`created_by_id`),
  KEY `receipt_types_updated_by_id_ac068a3a_fk_auth_user_id` (`updated_by_id`),
  CONSTRAINT `receipt_types_created_by_id_a232aa64_fk_auth_user_id` FOREIGN KEY (`created_by_id`) REFERENCES `auth_user` (`id`),
  CONSTRAINT `receipt_types_updated_by_id_ac068a3a_fk_auth_user_id` FOREIGN KEY (`updated_by_id`) REFERENCES `auth_user` (`id`)
) ENGINE=InnoDB DEFAULT CHARSET=utf8mb4 COLLATE=utf8mb4_0900_ai_ci;
/*!40101 SET character_set_client = @saved_cs_client */;

--
-- Dumping data for table `receipt_types`
--

LOCK TABLES `receipt_types` WRITE;
/*!40000 ALTER TABLE `receipt_types` DISABLE KEYS */;
/*!40000 ALTER TABLE `receipt_types` ENABLE KEYS */;
UNLOCK TABLES;

--
-- Table structure for table `region_master`
--

DROP TABLE IF EXISTS `region_master`;
/*!40101 SET @saved_cs_client     = @@character_set_client */;
/*!50503 SET character_set_client = utf8mb4 */;
CREATE TABLE `region_master` (
  `id` int NOT NULL AUTO_INCREMENT,
  `region_name` varchar(100) NOT NULL,
  `region_code` varchar(10) DEFAULT NULL,
  `created_at` datetime(6) NOT NULL,
  `updated_at` datetime(6) NOT NULL,
  `is_active` tinyint(1) NOT NULL,
  `flag` tinyint(1) NOT NULL,
  `created_by_id` int NOT NULL,
  `state_id` int NOT NULL,
  `updated_by_id` int DEFAULT NULL,
  PRIMARY KEY (`id`),
  UNIQUE KEY `region_name` (`region_name`),
  UNIQUE KEY `region_code` (`region_code`),
  KEY `region_master_created_by_id_01f6ab6f_fk_auth_user_id` (`created_by_id`),
  KEY `region_master_state_id_a4fa2d89_fk_state_master_id` (`state_id`),
  KEY `region_master_updated_by_id_e4d305f9_fk_auth_user_id` (`updated_by_id`),
  CONSTRAINT `region_master_created_by_id_01f6ab6f_fk_auth_user_id` FOREIGN KEY (`created_by_id`) REFERENCES `auth_user` (`id`),
  CONSTRAINT `region_master_state_id_a4fa2d89_fk_state_master_id` FOREIGN KEY (`state_id`) REFERENCES `state_master` (`id`),
  CONSTRAINT `region_master_updated_by_id_e4d305f9_fk_auth_user_id` FOREIGN KEY (`updated_by_id`) REFERENCES `auth_user` (`id`)
) ENGINE=InnoDB AUTO_INCREMENT=11 DEFAULT CHARSET=utf8mb4 COLLATE=utf8mb4_0900_ai_ci;
/*!40101 SET character_set_client = @saved_cs_client */;

--
-- Dumping data for table `region_master`
--

LOCK TABLES `region_master` WRITE;
/*!40000 ALTER TABLE `region_master` DISABLE KEYS */;
INSERT INTO `region_master` VALUES (1,'PUNE REGION','24101','2024-12-16 00:00:00.000000','2024-12-16 00:00:00.000000',1,1,1,1,NULL),(2,'MUM-BHIWANDI',NULL,'2025-01-02 07:19:05.205124','2025-01-02 07:19:05.205148',1,1,1,1,NULL),(3,'ANR-AHMEDNAGAR',NULL,'2025-01-02 07:24:09.840041','2025-01-02 07:24:09.840064',1,1,1,1,NULL),(4,'MUMBAI',NULL,'2025-01-07 13:43:38.089621','2025-01-07 13:43:38.089648',1,1,1,1,NULL),(5,'RAIGAD',NULL,'2025-01-10 15:04:31.906164','2025-01-10 15:04:31.906189',1,1,1,1,NULL),(6,'PUNE',NULL,'2025-01-17 08:42:31.848143','2025-01-17 08:42:31.848166',1,1,1,1,NULL),(7,'SAMBHAJINAGAR',NULL,'2025-02-14 13:03:49.591437','2025-02-14 13:03:49.591462',1,1,1,1,NULL),(8,'SURAT',NULL,'2025-03-03 15:05:51.029310','2025-03-03 15:05:51.029336',1,1,1,25,NULL),(9,'BELGAUM',NULL,'2025-03-25 14:38:25.741281','2025-03-25 14:38:25.741307',1,1,1,28,NULL),(10,'BANGLORE',NULL,'2025-03-28 11:19:34.146678','2025-03-28 11:19:34.146702',1,1,1,28,NULL);
/*!40000 ALTER TABLE `region_master` ENABLE KEYS */;
UNLOCK TABLES;

--
-- Table structure for table `route_master`
--

DROP TABLE IF EXISTS `route_master`;
/*!40101 SET @saved_cs_client     = @@character_set_client */;
/*!50503 SET character_set_client = utf8mb4 */;
CREATE TABLE `route_master` (
  `id` int NOT NULL AUTO_INCREMENT,
  `route_name` varchar(255) NOT NULL,
  `created_at` datetime(6) NOT NULL,
  `updated_at` datetime(6) NOT NULL,
  `is_active` tinyint(1) NOT NULL,
  `flag` tinyint(1) NOT NULL,
  `created_by_id` int NOT NULL,
  `from_branch_id` int DEFAULT NULL,
  `to_branch_id` int DEFAULT NULL,
  `updated_by_id` int DEFAULT NULL,
  PRIMARY KEY (`id`),
  UNIQUE KEY `route_name` (`route_name`),
  KEY `route_master_created_by_id_fac491e2_fk_auth_user_id` (`created_by_id`),
  KEY `route_master_from_branch_id_f8c59e04_fk_branch_master_id` (`from_branch_id`),
  KEY `route_master_to_branch_id_28ebb450_fk_branch_master_id` (`to_branch_id`),
  KEY `route_master_updated_by_id_0d78526a_fk_auth_user_id` (`updated_by_id`),
  CONSTRAINT `route_master_created_by_id_fac491e2_fk_auth_user_id` FOREIGN KEY (`created_by_id`) REFERENCES `auth_user` (`id`),
  CONSTRAINT `route_master_from_branch_id_f8c59e04_fk_branch_master_id` FOREIGN KEY (`from_branch_id`) REFERENCES `branch_master` (`id`),
  CONSTRAINT `route_master_to_branch_id_28ebb450_fk_branch_master_id` FOREIGN KEY (`to_branch_id`) REFERENCES `branch_master` (`id`),
  CONSTRAINT `route_master_updated_by_id_0d78526a_fk_auth_user_id` FOREIGN KEY (`updated_by_id`) REFERENCES `auth_user` (`id`)
) ENGINE=InnoDB AUTO_INCREMENT=20 DEFAULT CHARSET=utf8mb4 COLLATE=utf8mb4_0900_ai_ci;
/*!40101 SET character_set_client = @saved_cs_client */;

--
-- Dumping data for table `route_master`
--

LOCK TABLES `route_master` WRITE;
/*!40000 ALTER TABLE `route_master` DISABLE KEYS */;
INSERT INTO `route_master` VALUES (2,'MUM-BHIWANDI TO ANR-SUPA','2025-01-02 11:32:55.143139','2025-01-02 11:32:55.177236',1,1,1,3,4,NULL),(3,'MUM-JNPT TO PUN-RANJGAON','2025-01-07 14:37:34.868155','2025-01-07 14:38:20.932788',1,1,1,5,6,1),(4,'ANR-SUPA TO MUM-BHIWANDI','2025-01-13 08:36:50.191410','2025-01-13 08:36:50.197651',1,1,1,4,3,NULL),(5,'ANR-SUPA TO MUM-NERUL','2025-01-16 05:12:26.936877','2025-01-16 05:22:09.322566',1,1,1,4,8,1),(6,'PUN-KONDHWA TO MUM-JNPT','2025-01-17 09:07:59.856673','2025-01-17 09:10:02.447013',1,1,1,9,5,1),(7,'ANR-SUPA TO RGD-KHOPOLI','2025-01-17 09:21:15.293793','2025-03-29 05:26:11.668486',1,1,1,4,7,1),(8,'ANR-SUPA TO RGD-ROHA','2025-01-31 09:27:36.078682','2025-01-31 09:28:30.460439',1,1,1,4,10,1),(9,'ANR-SUPA TO MUM-MIRA ROAD','2025-02-14 14:00:46.320068','2025-02-14 14:00:46.330992',1,1,1,11,4,NULL),(10,'PUN-RANJANGAON TO ABD-WALUJ','2025-02-14 14:13:13.408513','2025-02-14 14:13:13.419368',1,1,1,12,6,NULL),(11,'ANR -SUPA TO RGD-PATALGANGA','2025-02-15 07:53:34.374994','2025-02-15 07:53:34.384247',1,1,1,13,4,NULL),(12,'PUN-RANJANGAON TO MUM-VASAI','2025-03-04 14:18:18.193059','2025-03-04 14:18:18.200133',1,1,1,18,6,NULL),(13,'PUN-BHIGWAN TO PUN-RANJANGAON','2025-03-12 05:43:17.171855','2025-03-12 05:43:17.181936',1,1,1,6,19,NULL),(14,'MUM-JNPT TO ABD-AURANGABAD','2025-03-14 06:03:39.261168','2025-03-14 06:03:39.268005',1,1,1,20,5,NULL),(15,'MUM-TALOJA TO ANR-SUPA','2025-03-15 15:10:55.566082','2025-03-15 15:11:22.446820',1,1,1,21,4,1),(16,'PUN-WADKI FURSUNGI TO SRT-SURAT','2025-03-16 10:44:34.146677','2025-03-16 10:44:34.154183',1,1,1,17,16,NULL),(17,'MUM-TARAPUR BOISAR TO ANR-SUPA','2025-03-17 07:26:11.090251','2025-03-17 07:26:11.096835',1,1,1,4,22,NULL),(18,'ANR-SUPA TO BGM-BELGAUM','2025-03-26 09:03:57.332695','2025-03-26 09:04:58.076084',1,1,1,23,4,1),(19,'PUN-PUNE TO BNG-BANGLORE','2025-04-06 07:54:29.874195','2025-04-06 07:54:29.883614',1,1,1,24,14,NULL);
/*!40000 ALTER TABLE `route_master` ENABLE KEYS */;
UNLOCK TABLES;

--
-- Table structure for table `route_master_route_stations`
--

DROP TABLE IF EXISTS `route_master_route_stations`;
/*!40101 SET @saved_cs_client     = @@character_set_client */;
/*!50503 SET character_set_client = utf8mb4 */;
CREATE TABLE `route_master_route_stations` (
  `id` bigint NOT NULL AUTO_INCREMENT,
  `routemaster_id` int NOT NULL,
  `routestations_id` int NOT NULL,
  PRIMARY KEY (`id`),
  UNIQUE KEY `route_master_route_stati_routemaster_id_routestat_b35aaf4c_uniq` (`routemaster_id`,`routestations_id`),
  KEY `route_master_route_s_routestations_id_766ffbcf_fk_route_sta` (`routestations_id`),
  CONSTRAINT `route_master_route_s_routemaster_id_cb47e98f_fk_route_mas` FOREIGN KEY (`routemaster_id`) REFERENCES `route_master` (`id`),
  CONSTRAINT `route_master_route_s_routestations_id_766ffbcf_fk_route_sta` FOREIGN KEY (`routestations_id`) REFERENCES `route_stations` (`id`)
) ENGINE=InnoDB AUTO_INCREMENT=56 DEFAULT CHARSET=utf8mb4 COLLATE=utf8mb4_0900_ai_ci;
/*!40101 SET character_set_client = @saved_cs_client */;

--
-- Dumping data for table `route_master_route_stations`
--

LOCK TABLES `route_master_route_stations` WRITE;
/*!40000 ALTER TABLE `route_master_route_stations` DISABLE KEYS */;
INSERT INTO `route_master_route_stations` VALUES (3,2,3),(4,2,4),(5,2,5),(6,3,6),(7,3,7),(8,4,8),(9,4,9),(10,5,10),(11,5,11),(12,6,12),(13,6,13),(14,6,14),(15,7,15),(16,7,16),(48,7,47),(47,7,48),(51,7,51),(52,7,52),(17,8,17),(18,8,18),(19,8,19),(20,8,20),(21,8,21),(24,9,22),(25,9,23),(22,9,24),(23,9,25),(26,10,26),(27,10,27),(28,10,28),(29,10,29),(32,11,30),(33,11,31),(30,11,32),(31,11,33),(34,12,34),(35,12,35),(36,13,36),(37,13,37),(38,13,38),(40,14,39),(39,14,40),(41,15,41),(42,15,42),(43,16,43),(44,16,44),(45,17,45),(46,17,46),(49,18,49),(50,18,50),(53,19,53),(54,19,54),(55,19,55);
/*!40000 ALTER TABLE `route_master_route_stations` ENABLE KEYS */;
UNLOCK TABLES;

--
-- Table structure for table `route_stations`
--

DROP TABLE IF EXISTS `route_stations`;
/*!40101 SET @saved_cs_client     = @@character_set_client */;
/*!50503 SET character_set_client = utf8mb4 */;
CREATE TABLE `route_stations` (
  `id` int NOT NULL AUTO_INCREMENT,
  `km` double DEFAULT NULL,
  `created_at` datetime(6) NOT NULL,
  `updated_at` datetime(6) NOT NULL,
  `is_active` tinyint(1) NOT NULL,
  `flag` tinyint(1) NOT NULL,
  `created_by_id` int NOT NULL,
  `route_station_id` int DEFAULT NULL,
  `updated_by_id` int DEFAULT NULL,
  PRIMARY KEY (`id`),
  KEY `route_stations_created_by_id_34776b2a_fk_auth_user_id` (`created_by_id`),
  KEY `route_stations_route_station_id_aedeedb5_fk_branch_master_id` (`route_station_id`),
  KEY `route_stations_updated_by_id_c2469d73_fk_auth_user_id` (`updated_by_id`),
  CONSTRAINT `route_stations_created_by_id_34776b2a_fk_auth_user_id` FOREIGN KEY (`created_by_id`) REFERENCES `auth_user` (`id`),
  CONSTRAINT `route_stations_route_station_id_aedeedb5_fk_branch_master_id` FOREIGN KEY (`route_station_id`) REFERENCES `branch_master` (`id`),
  CONSTRAINT `route_stations_updated_by_id_c2469d73_fk_auth_user_id` FOREIGN KEY (`updated_by_id`) REFERENCES `auth_user` (`id`)
) ENGINE=InnoDB AUTO_INCREMENT=56 DEFAULT CHARSET=utf8mb4 COLLATE=utf8mb4_0900_ai_ci;
/*!40101 SET character_set_client = @saved_cs_client */;

--
-- Dumping data for table `route_stations`
--

LOCK TABLES `route_stations` WRITE;
/*!40000 ALTER TABLE `route_stations` DISABLE KEYS */;
INSERT INTO `route_stations` VALUES (3,0,'2025-01-02 11:32:55.167791','2025-01-02 11:32:55.167817',1,1,1,3,NULL),(4,185,'2025-01-02 11:32:55.171072','2025-01-02 11:32:55.171092',1,1,1,1,NULL),(5,231,'2025-01-02 11:32:55.173457','2025-01-02 11:32:55.173476',1,1,1,4,NULL),(6,200,'2025-01-07 14:37:34.872486','2025-01-07 14:38:20.937226',1,1,1,5,NULL),(7,182,'2025-01-07 14:38:20.939218','2025-01-07 14:38:20.939237',1,1,1,6,NULL),(8,250,'2025-01-13 08:36:50.193452','2025-01-13 08:36:50.193475',1,1,1,3,NULL),(9,250,'2025-01-13 08:36:50.195638','2025-01-13 08:36:50.195657',1,1,1,4,NULL),(10,225,'2025-01-16 05:12:26.938798','2025-01-16 05:22:09.327667',1,1,1,4,NULL),(11,210,'2025-01-16 05:22:09.330021','2025-01-16 05:22:09.330040',1,1,1,8,NULL),(12,0,'2025-01-17 09:07:59.859100','2025-01-17 09:10:02.451277',1,1,1,9,NULL),(13,0,'2025-01-17 09:09:05.935813','2025-01-17 09:10:02.453652',1,1,1,9,NULL),(14,149,'2025-01-17 09:10:02.458680','2025-01-17 09:10:02.458700',1,1,1,5,NULL),(15,170,'2025-01-17 09:21:15.296235','2025-03-29 05:26:11.675674',1,1,1,7,NULL),(16,0,'2025-01-17 09:21:58.739380','2025-03-29 05:26:11.679132',1,1,1,4,NULL),(17,51,'2025-01-31 09:27:36.082760','2025-01-31 09:28:30.465051',1,1,1,1,NULL),(18,0,'2025-01-31 09:27:36.085965','2025-01-31 09:28:30.468324',1,1,1,4,NULL),(19,42,'2025-01-31 09:27:36.087256','2025-01-31 09:28:30.470735',1,1,1,6,NULL),(20,170,'2025-01-31 09:27:36.089197','2025-01-31 09:28:30.473061',1,1,1,7,NULL),(21,229,'2025-01-31 09:28:30.475281','2025-01-31 09:28:30.475300',1,1,1,10,NULL),(22,250,'2025-02-14 14:00:46.321557','2025-02-14 14:00:46.321576',1,1,1,4,NULL),(23,250,'2025-02-14 14:00:46.323773','2025-02-14 14:00:46.323791',1,1,1,11,NULL),(24,0,'2025-02-14 14:00:46.325865','2025-02-14 14:00:46.325883',1,1,1,11,NULL),(25,251,'2025-02-14 14:00:46.327708','2025-02-14 14:00:46.327726',1,1,1,4,NULL),(26,175,'2025-02-14 14:13:13.410668','2025-02-14 14:13:13.410689',1,1,1,6,NULL),(27,178,'2025-02-14 14:13:13.413559','2025-02-14 14:13:13.413580',1,1,1,12,NULL),(28,175,'2025-02-14 14:13:13.415121','2025-02-14 14:13:13.415140',1,1,1,12,NULL),(29,179,'2025-02-14 14:13:13.416613','2025-02-14 14:13:13.416630',1,1,1,6,NULL),(30,185,'2025-02-15 07:53:34.377306','2025-02-15 07:53:34.377327',1,1,1,4,NULL),(31,175,'2025-02-15 07:53:34.379468','2025-02-15 07:53:34.379486',1,1,1,13,NULL),(32,185,'2025-02-15 07:53:34.380933','2025-02-15 07:53:34.380951',1,1,1,13,NULL),(33,186,'2025-02-15 07:53:34.382333','2025-02-15 07:53:34.382350',1,1,1,4,NULL),(34,218,'2025-03-04 14:18:18.194980','2025-03-04 14:18:18.195002',1,1,1,18,NULL),(35,218,'2025-03-04 14:18:18.196777','2025-03-04 14:18:18.196793',1,1,1,6,NULL),(36,92,'2025-03-12 05:43:17.174136','2025-03-12 05:43:17.174156',1,1,1,6,NULL),(37,95,'2025-03-12 05:43:17.176642','2025-03-12 05:43:17.176662',1,1,1,6,NULL),(38,92,'2025-03-12 05:43:17.178567','2025-03-12 05:43:17.178584',1,1,1,19,NULL),(39,354,'2025-03-14 06:03:39.262679','2025-03-14 06:03:39.262699',1,1,1,20,NULL),(40,355,'2025-03-14 06:03:39.263981','2025-03-14 06:03:39.263999',1,1,1,5,NULL),(41,205,'2025-03-15 15:10:55.567581','2025-03-15 15:11:22.454296',1,1,1,21,NULL),(42,211,'2025-03-15 15:10:55.569753','2025-03-15 15:11:22.457016',1,1,1,4,NULL),(43,0,'2025-03-16 10:44:34.149090','2025-03-16 10:44:34.149112',1,1,1,16,NULL),(44,0,'2025-03-16 10:44:34.151126','2025-03-16 10:44:34.151145',1,1,1,17,NULL),(45,316,'2025-03-17 07:26:11.091820','2025-03-17 07:26:11.091841',1,1,1,4,NULL),(46,319,'2025-03-17 07:26:11.093152','2025-03-17 07:26:11.093171',1,1,1,22,NULL),(47,0,'2025-03-26 08:50:32.187163','2025-03-29 05:26:11.681970',1,1,1,7,NULL),(48,0,'2025-03-26 08:50:32.189965','2025-03-29 05:26:11.684348',1,1,1,4,NULL),(49,405,'2025-03-26 09:03:57.335022','2025-03-26 09:04:58.080032',1,1,1,23,NULL),(50,406,'2025-03-26 09:04:58.081890','2025-03-26 09:04:58.081909',1,1,1,4,NULL),(51,0,'2025-03-29 05:26:11.686083','2025-03-29 05:26:11.686101',1,1,1,14,NULL),(52,0,'2025-03-29 05:26:11.687312','2025-03-29 05:26:11.687329',1,1,1,14,NULL),(53,0,'2025-04-06 07:54:29.876916','2025-04-06 07:54:29.876939',1,1,1,14,NULL),(54,0,'2025-04-06 07:54:29.878411','2025-04-06 07:54:29.878429',1,1,1,24,NULL),(55,0,'2025-04-06 07:54:29.879651','2025-04-06 07:54:29.879668',1,1,1,24,NULL);
/*!40000 ALTER TABLE `route_stations` ENABLE KEYS */;
UNLOCK TABLES;

--
-- Table structure for table `slap_master`
--

DROP TABLE IF EXISTS `slap_master`;
/*!40101 SET @saved_cs_client     = @@character_set_client */;
/*!50503 SET character_set_client = utf8mb4 */;
CREATE TABLE `slap_master` (
  `id` int NOT NULL AUTO_INCREMENT,
  `up_km` int NOT NULL,
  `to_km` int NOT NULL,
  `no_day` int NOT NULL,
  `time` int NOT NULL,
  `created_at` datetime(6) NOT NULL,
  `updated_at` datetime(6) NOT NULL,
  `is_active` tinyint(1) NOT NULL,
  `flag` tinyint(1) NOT NULL,
  `created_by_id` int NOT NULL,
  `updated_by_id` int DEFAULT NULL,
  PRIMARY KEY (`id`),
  KEY `slap_master_created_by_id_a3d6334c_fk_auth_user_id` (`created_by_id`),
  KEY `slap_master_updated_by_id_67c3a015_fk_auth_user_id` (`updated_by_id`),
  CONSTRAINT `slap_master_created_by_id_a3d6334c_fk_auth_user_id` FOREIGN KEY (`created_by_id`) REFERENCES `auth_user` (`id`),
  CONSTRAINT `slap_master_updated_by_id_67c3a015_fk_auth_user_id` FOREIGN KEY (`updated_by_id`) REFERENCES `auth_user` (`id`)
) ENGINE=InnoDB DEFAULT CHARSET=utf8mb4 COLLATE=utf8mb4_0900_ai_ci;
/*!40101 SET character_set_client = @saved_cs_client */;

--
-- Dumping data for table `slap_master`
--

LOCK TABLES `slap_master` WRITE;
/*!40000 ALTER TABLE `slap_master` DISABLE KEYS */;
/*!40000 ALTER TABLE `slap_master` ENABLE KEYS */;
UNLOCK TABLES;

--
-- Table structure for table `standard_rate`
--

DROP TABLE IF EXISTS `standard_rate`;
/*!40101 SET @saved_cs_client     = @@character_set_client */;
/*!50503 SET character_set_client = utf8mb4 */;
CREATE TABLE `standard_rate` (
  `id` int NOT NULL AUTO_INCREMENT,
  `quotation_date` date NOT NULL,
  `diesel_rate` decimal(10,2) DEFAULT NULL,
  `approve_date` date DEFAULT NULL,
  `expiry_date` date DEFAULT NULL,
  `up` double NOT NULL,
  `to` double NOT NULL,
  `rate` decimal(10,2) NOT NULL,
  `coll_charges` decimal(10,2) DEFAULT NULL,
  `del_charges` decimal(10,2) DEFAULT NULL,
  `hamali_charges` decimal(10,2) NOT NULL,
  `godown_charges` decimal(10,2) NOT NULL,
  `insurance_charges` decimal(10,2) DEFAULT NULL,
  `eway_bill_charges` decimal(10,2) NOT NULL,
  `bilty_charges` decimal(10,2) NOT NULL,
  `created_at` datetime(6) NOT NULL,
  `updated_at` datetime(6) NOT NULL,
  `is_active` tinyint(1) NOT NULL,
  `flag` tinyint(1) NOT NULL,
  `created_by_id` int NOT NULL,
  `from_branch_id` int NOT NULL,
  `measurement_type_id` int NOT NULL,
  `party_id` int DEFAULT NULL,
  `to_branch_id` int NOT NULL,
  `updated_by_id` int DEFAULT NULL,
  PRIMARY KEY (`id`),
  KEY `standard_rate_created_by_id_97038925_fk_auth_user_id` (`created_by_id`),
  KEY `standard_rate_from_branch_id_bf77f400_fk_branch_master_id` (`from_branch_id`),
  KEY `standard_rate_measurement_type_id_bfcda81c_fk_quotation_types_id` (`measurement_type_id`),
  KEY `standard_rate_party_id_99196ee3_fk_party_master_id` (`party_id`),
  KEY `standard_rate_to_branch_id_4de837e0_fk_branch_master_id` (`to_branch_id`),
  KEY `standard_rate_updated_by_id_e44ca234_fk_auth_user_id` (`updated_by_id`),
  CONSTRAINT `standard_rate_created_by_id_97038925_fk_auth_user_id` FOREIGN KEY (`created_by_id`) REFERENCES `auth_user` (`id`),
  CONSTRAINT `standard_rate_from_branch_id_bf77f400_fk_branch_master_id` FOREIGN KEY (`from_branch_id`) REFERENCES `branch_master` (`id`),
  CONSTRAINT `standard_rate_measurement_type_id_bfcda81c_fk_quotation_types_id` FOREIGN KEY (`measurement_type_id`) REFERENCES `quotation_types` (`id`),
  CONSTRAINT `standard_rate_party_id_99196ee3_fk_party_master_id` FOREIGN KEY (`party_id`) REFERENCES `party_master` (`id`),
  CONSTRAINT `standard_rate_to_branch_id_4de837e0_fk_branch_master_id` FOREIGN KEY (`to_branch_id`) REFERENCES `branch_master` (`id`),
  CONSTRAINT `standard_rate_updated_by_id_e44ca234_fk_auth_user_id` FOREIGN KEY (`updated_by_id`) REFERENCES `auth_user` (`id`)
) ENGINE=InnoDB AUTO_INCREMENT=4 DEFAULT CHARSET=utf8mb4 COLLATE=utf8mb4_0900_ai_ci;
/*!40101 SET character_set_client = @saved_cs_client */;

--
-- Dumping data for table `standard_rate`
--

LOCK TABLES `standard_rate` WRITE;
/*!40000 ALTER TABLE `standard_rate` DISABLE KEYS */;
INSERT INTO `standard_rate` VALUES (1,'2025-01-19',NULL,'2025-01-19','2025-03-31',12345,123,18000.00,NULL,NULL,15.00,20.00,NULL,5.00,70.00,'2025-01-19 11:49:41.807142','2025-01-19 11:49:41.807162',1,1,1,3,2,11,4,NULL),(2,'2025-01-23',NULL,'2025-01-23','2025-03-31',12,12,12.00,12.00,12.00,15.00,20.00,12.00,5.00,70.00,'2025-01-23 04:45:42.971984','2025-01-23 04:45:42.972005',1,1,1,5,2,15,6,NULL),(3,'2025-03-12',NULL,'2025-03-12','2025-03-31',50000,100000,1.00,1.00,1.00,15.00,20.00,1.00,5.00,70.00,'2025-03-12 14:19:28.957721','2025-03-12 14:19:28.957742',1,1,1,5,2,36,20,NULL);
/*!40000 ALTER TABLE `standard_rate` ENABLE KEYS */;
UNLOCK TABLES;

--
-- Table structure for table `state_master`
--

DROP TABLE IF EXISTS `state_master`;
/*!40101 SET @saved_cs_client     = @@character_set_client */;
/*!50503 SET character_set_client = utf8mb4 */;
CREATE TABLE `state_master` (
  `id` int NOT NULL AUTO_INCREMENT,
  `state_name` varchar(100) NOT NULL,
  `state_code` varchar(10) NOT NULL,
  `created_at` datetime(6) NOT NULL,
  `updated_at` datetime(6) NOT NULL,
  `is_active` tinyint(1) NOT NULL,
  `flag` tinyint(1) NOT NULL,
  `created_by_id` int NOT NULL,
  `updated_by_id` int DEFAULT NULL,
  PRIMARY KEY (`id`),
  UNIQUE KEY `state_name` (`state_name`),
  UNIQUE KEY `state_code` (`state_code`),
  KEY `state_master_created_by_id_fd36f9f6_fk_auth_user_id` (`created_by_id`),
  KEY `state_master_updated_by_id_9aadf771_fk_auth_user_id` (`updated_by_id`),
  CONSTRAINT `state_master_created_by_id_fd36f9f6_fk_auth_user_id` FOREIGN KEY (`created_by_id`) REFERENCES `auth_user` (`id`),
  CONSTRAINT `state_master_updated_by_id_9aadf771_fk_auth_user_id` FOREIGN KEY (`updated_by_id`) REFERENCES `auth_user` (`id`)
) ENGINE=InnoDB AUTO_INCREMENT=37 DEFAULT CHARSET=utf8mb4 COLLATE=utf8mb4_0900_ai_ci;
/*!40101 SET character_set_client = @saved_cs_client */;

--
-- Dumping data for table `state_master`
--

LOCK TABLES `state_master` WRITE;
/*!40000 ALTER TABLE `state_master` DISABLE KEYS */;
INSERT INTO `state_master` VALUES (1,'MAHARASHTRA','27','2024-12-16 00:00:00.000000','2024-12-16 00:00:00.000000',1,1,1,NULL),(2,'JAMMU AND KASHMIR','1','2024-12-16 00:00:00.000000','2024-12-16 00:00:00.000000',1,1,1,NULL),(3,'HIMACHAL PRADESH','2','2024-12-16 00:00:00.000000','2024-12-16 00:00:00.000000',1,1,1,NULL),(4,'PUNJAB','3','2024-12-16 00:00:00.000000','2024-12-16 00:00:00.000000',1,1,1,NULL),(5,'CHANDIGARH','4','2024-12-16 00:00:00.000000','2024-12-16 00:00:00.000000',1,1,1,NULL),(6,'UTTARAKHAND','5','2024-12-16 00:00:00.000000','2024-12-16 00:00:00.000000',1,1,1,NULL),(7,'HARYANA','6','2024-12-16 00:00:00.000000','2024-12-16 00:00:00.000000',1,1,1,NULL),(8,'DELHI','7','2024-12-16 00:00:00.000000','2024-12-16 00:00:00.000000',1,1,1,NULL),(9,'RAJASTHAN','8','2024-12-16 00:00:00.000000','2024-12-16 00:00:00.000000',1,1,1,NULL),(10,'UTTAR PRADESH','9','2024-12-16 00:00:00.000000','2024-12-16 00:00:00.000000',1,1,1,NULL),(11,'BIHAR','10','2024-12-16 00:00:00.000000','2024-12-16 00:00:00.000000',1,1,1,NULL),(12,'SIKKIM','11','2024-12-16 00:00:00.000000','2024-12-16 00:00:00.000000',1,1,1,NULL),(13,'ARUNACHAL PRADESH','12','2024-12-16 00:00:00.000000','2024-12-16 00:00:00.000000',1,1,1,NULL),(14,'NAGALAND','13','2024-12-16 00:00:00.000000','2024-12-16 00:00:00.000000',1,1,1,NULL),(15,'MANIPUR','14','2024-12-16 00:00:00.000000','2024-12-16 00:00:00.000000',1,1,1,NULL),(16,'MIZORAM','15','2024-12-16 00:00:00.000000','2024-12-16 00:00:00.000000',1,1,1,NULL),(17,'TRIPURA','16','2024-12-16 00:00:00.000000','2024-12-16 00:00:00.000000',1,1,1,NULL),(18,'MEGHALAYA','17','2024-12-16 00:00:00.000000','2024-12-16 00:00:00.000000',1,1,1,NULL),(19,'ASSAM','18','2024-12-16 00:00:00.000000','2024-12-16 00:00:00.000000',1,1,1,NULL),(20,'WEST BENGAL','19','2024-12-16 00:00:00.000000','2024-12-16 00:00:00.000000',1,1,1,NULL),(21,'JHARKHAND','20','2024-12-16 00:00:00.000000','2024-12-16 00:00:00.000000',1,1,1,NULL),(22,'ORISSA','21','2024-12-16 00:00:00.000000','2024-12-16 00:00:00.000000',1,1,1,NULL),(23,'CHHATTISGARH','22','2024-12-16 00:00:00.000000','2024-12-16 00:00:00.000000',1,1,1,NULL),(24,'MADHYA PRADESH','23','2024-12-16 00:00:00.000000','2024-12-16 00:00:00.000000',1,1,1,NULL),(25,'GUJARAT','24','2024-12-16 00:00:00.000000','2024-12-16 00:00:00.000000',1,1,1,NULL),(26,'DAMAN AND DIU','25','2024-12-16 00:00:00.000000','2024-12-16 00:00:00.000000',1,1,1,NULL),(27,'DADAR AND NAGAR HAVELI','26','2024-12-16 00:00:00.000000','2024-12-16 00:00:00.000000',1,1,1,NULL),(28,'KARNATAKA','28','2024-12-16 00:00:00.000000','2024-12-16 00:00:00.000000',1,1,1,NULL),(29,'GOA','29','2024-12-16 00:00:00.000000','2024-12-16 00:00:00.000000',1,1,1,NULL),(30,'LAKSHADWEEP','30','2024-12-16 00:00:00.000000','2024-12-16 00:00:00.000000',1,1,1,NULL),(31,'KERALA','31','2024-12-16 00:00:00.000000','2024-12-16 00:00:00.000000',1,1,1,NULL),(32,'TAMIL NADU','32','2024-12-16 00:00:00.000000','2024-12-16 00:00:00.000000',1,1,1,NULL),(33,'PUDUCHERRY','33','2024-12-16 00:00:00.000000','2024-12-16 00:00:00.000000',1,1,1,NULL),(34,'ANDAMAN AND NICOBAR','34','2024-12-16 00:00:00.000000','2024-12-16 00:00:00.000000',1,1,1,NULL),(35,'TELANGANA','35','2024-12-16 00:00:00.000000','2024-12-16 00:00:00.000000',1,1,1,NULL),(36,'ANDHRA PRADESH','36','2024-12-16 00:00:00.000000','2024-12-16 00:00:00.000000',1,1,1,NULL);
/*!40000 ALTER TABLE `state_master` ENABLE KEYS */;
UNLOCK TABLES;

--
-- Table structure for table `sub_item_details_master`
--

DROP TABLE IF EXISTS `sub_item_details_master`;
/*!40101 SET @saved_cs_client     = @@character_set_client */;
/*!50503 SET character_set_client = utf8mb4 */;
CREATE TABLE `sub_item_details_master` (
  `id` int NOT NULL AUTO_INCREMENT,
  `item_name` varchar(255) NOT NULL,
  `created_at` datetime(6) DEFAULT CURRENT_TIMESTAMP(6),
  `updated_at` datetime(6) DEFAULT CURRENT_TIMESTAMP(6) ON UPDATE CURRENT_TIMESTAMP(6),
  `is_active` tinyint(1) DEFAULT '1',
  `flag` tinyint(1) DEFAULT '1',
  `created_by_id` int DEFAULT '1',
  `updated_by_id` int DEFAULT NULL,
  PRIMARY KEY (`id`),
  UNIQUE KEY `item_name` (`item_name`),
  KEY `created_by_id` (`created_by_id`),
  KEY `updated_by_id` (`updated_by_id`),
  CONSTRAINT `sub_item_details_master_ibfk_1` FOREIGN KEY (`created_by_id`) REFERENCES `auth_user` (`id`) ON DELETE SET DEFAULT,
  CONSTRAINT `sub_item_details_master_ibfk_2` FOREIGN KEY (`updated_by_id`) REFERENCES `auth_user` (`id`) ON DELETE SET NULL
) ENGINE=InnoDB AUTO_INCREMENT=10 DEFAULT CHARSET=utf8mb4 COLLATE=utf8mb4_0900_ai_ci;
/*!40101 SET character_set_client = @saved_cs_client */;

--
-- Dumping data for table `sub_item_details_master`
--

LOCK TABLES `sub_item_details_master` WRITE;
/*!40000 ALTER TABLE `sub_item_details_master` DISABLE KEYS */;
INSERT INTO `sub_item_details_master` VALUES (1,'POWDER','2025-01-03 17:22:19.721800','2025-01-03 17:27:42.628194',1,1,1,1),(2,'PLASTIC GOODS','2025-01-06 11:22:16.627371','2025-01-06 11:22:16.627395',1,1,1,NULL),(3,'INRON MATERIAL','2025-01-06 11:22:49.449417','2025-01-06 11:22:49.449458',1,1,1,NULL),(4,'CHEMIVAL','2025-01-07 14:23:45.600992','2025-01-07 14:23:45.601017',1,1,1,NULL),(5,'CHEMICAL','2025-01-07 14:24:18.848192','2025-01-07 14:24:18.848217',1,1,1,NULL),(6,'GROCERY ITEMS','2025-01-16 05:04:57.885524','2025-01-16 05:04:57.885551',1,1,1,NULL),(7,'AUTO PARTS','2025-01-17 08:55:16.056499','2025-01-17 08:55:16.056524',1,1,1,NULL),(8,'TANK JOB','2025-03-18 06:35:20.174880','2025-03-18 06:35:20.174907',1,1,1,NULL),(9,'TANK JOB LOSE','2025-03-18 06:35:29.122358','2025-03-18 06:35:29.122383',1,1,1,NULL);
/*!40000 ALTER TABLE `sub_item_details_master` ENABLE KEYS */;
UNLOCK TABLES;

--
-- Table structure for table `token_blacklist_blacklistedtoken`
--

DROP TABLE IF EXISTS `token_blacklist_blacklistedtoken`;
/*!40101 SET @saved_cs_client     = @@character_set_client */;
/*!50503 SET character_set_client = utf8mb4 */;
CREATE TABLE `token_blacklist_blacklistedtoken` (
  `id` bigint NOT NULL AUTO_INCREMENT,
  `blacklisted_at` datetime(6) NOT NULL,
  `token_id` bigint NOT NULL,
  PRIMARY KEY (`id`),
  UNIQUE KEY `token_id` (`token_id`),
  CONSTRAINT `token_blacklist_blacklistedtoken_token_id_3cc7fe56_fk` FOREIGN KEY (`token_id`) REFERENCES `token_blacklist_outstandingtoken` (`id`)
) ENGINE=InnoDB DEFAULT CHARSET=utf8mb4 COLLATE=utf8mb4_0900_ai_ci;
/*!40101 SET character_set_client = @saved_cs_client */;

--
-- Dumping data for table `token_blacklist_blacklistedtoken`
--

LOCK TABLES `token_blacklist_blacklistedtoken` WRITE;
/*!40000 ALTER TABLE `token_blacklist_blacklistedtoken` DISABLE KEYS */;
/*!40000 ALTER TABLE `token_blacklist_blacklistedtoken` ENABLE KEYS */;
UNLOCK TABLES;

--
-- Table structure for table `token_blacklist_outstandingtoken`
--

DROP TABLE IF EXISTS `token_blacklist_outstandingtoken`;
/*!40101 SET @saved_cs_client     = @@character_set_client */;
/*!50503 SET character_set_client = utf8mb4 */;
CREATE TABLE `token_blacklist_outstandingtoken` (
  `id` bigint NOT NULL AUTO_INCREMENT,
  `token` longtext NOT NULL,
  `created_at` datetime(6) DEFAULT NULL,
  `expires_at` datetime(6) NOT NULL,
  `user_id` int DEFAULT NULL,
  `jti` varchar(255) NOT NULL,
  PRIMARY KEY (`id`),
  UNIQUE KEY `token_blacklist_outstandingtoken_jti_hex_d9bdf6f7_uniq` (`jti`),
  KEY `token_blacklist_outs_user_id_83bc629a_fk_auth_user` (`user_id`),
  CONSTRAINT `token_blacklist_outs_user_id_83bc629a_fk_auth_user` FOREIGN KEY (`user_id`) REFERENCES `auth_user` (`id`)
) ENGINE=InnoDB AUTO_INCREMENT=2102 DEFAULT CHARSET=utf8mb4 COLLATE=utf8mb4_0900_ai_ci;
/*!40101 SET character_set_client = @saved_cs_client */;

--
-- Dumping data for table `token_blacklist_outstandingtoken`
--

LOCK TABLES `token_blacklist_outstandingtoken` WRITE;
/*!40000 ALTER TABLE `token_blacklist_outstandingtoken` DISABLE KEYS */;
INSERT INTO `token_blacklist_outstandingtoken` VALUES (1,'EYJHBGCIOIJIUZI1NIISINR5CCI6IKPXVCJ9.EYJ0B2TLBL90EXBLIJOICMVMCMVZACISIMV4CCI6MTCZNTC4MZE0OCWIAWF0IJOXNZM1NJK2NZQ4LCJQDGKIOII5MJU3MDRIMMQ5Y2Q0ZTM2OGMWZMMZMJVJMTBMOGI3MCISINVZZXJFAWQIOJF9.AOCKCTSVK_THNXOSECIW5_Y0-0ARF3J1VGHKQRUZWLC','2025-01-01 01:59:08.808670','2025-01-02 01:59:08.000000',1,'925704B2D9CD4E368C0FC325C10F8B70'),(2,'EYJHBGCIOIJIUZI1NIISINR5CCI6IKPXVCJ9.EYJ0B2TLBL90EXBLIJOIC2XPZGLUZYISIMV4CCI6MTCZNTCWMDM1MIWIAWF0IJOXNZM1NJK2NZUYLCJQDGKIOIIYM2JLZDCYOWFLNJY0MTLIODKZMDCXMMY5YJC1ZGM3NIISINJLZNJLC2HFZXHWIJOXNZM1NZGZMTUYLCJ1C2VYX2LKIJOXFQ.ASSY4EK6MTSRVGRDKQ3CCCUL84W2SOEADSF-MM8KDPI','2025-01-01 01:59:12.332977','2025-01-01 02:59:12.000000',1,'23BED729AE66419B8930712F9B75DC76'),(3,'EYJHBGCIOIJIUZI1NIISINR5CCI6IKPXVCJ9.EYJ0B2TLBL90EXBLIJOICMVMCMVZACISIMV4CCI6MTCZNTC4ODGXNSWIAWF0IJOXNZM1NZAYNDE1LCJQDGKIOII0YZI2MZJIMWM0YTM0MJYXYJC4NJNJMDK3NMVJNTY0MIISINVZZXJFAWQIOJF9.1-7HEZVGUHP3ZMPBWYHMSQR_AWXW1KR6IXQNIZWGE3E','2025-01-01 03:33:35.171432','2025-01-02 03:33:35.000000',1,'4C2632B1C4A34261B7863C0976EC5642'),(4,'EYJHBGCIOIJIUZI1NIISINR5CCI6IKPXVCJ9.EYJ0B2TLBL90EXBLIJOIC2XPZGLUZYISIMV4CCI6MTCZNTCWNJAXOCWIAWF0IJOXNZM1NZAYNDE4LCJQDGKIOII3YTU1NDHLNJI4YZK0ZWQ4YJKYNTI2MJKZM2IWNTRJNIISINJLZNJLC2HFZXHWIJOXNZM1NZG4ODE4LCJ1C2VYX2LKIJOXFQ.DCOBE3WEFWAT9OLWRA3TRY_0B0UX7YOBO3AYVLMQQP0','2025-01-01 03:33:38.550816','2025-01-01 04:33:38.000000',1,'7A5548E628C94ED8B925262933B054C6'),(5,'EYJHBGCIOIJIUZI1NIISINR5CCI6IKPXVCJ9.EYJ0B2TLBL90EXBLIJOICMVMCMVZACISIMV4CCI6MTCZNTC5MDMYNSWIAWF0IJOXNZM1NZAZOTI1LCJQDGKIOIIWZMYWMTI5YZIZY2E0NWJHOWFKOWQ5OWRLZGMXNJRMMIISINVZZXJFAWQIOJF9.MDJDV8XAQTVUGBXCU07R5X4NPFLSIBTI1XNRNCGIONU','2025-01-01 03:58:45.384830','2025-01-02 03:58:45.000000',1,'0FF0129C23CA45BA9AD9D99DEDC164F2'),(6,'EYJHBGCIOIJIUZI1NIISINR5CCI6IKPXVCJ9.EYJ0B2TLBL90EXBLIJOIC2XPZGLUZYISIMV4CCI6MTCZNTCWNZUYNYWIAWF0IJOXNZM1NZAZOTI3LCJQDGKIOII0NJMWMMJKNJU1ODA0Y2EYOWZJNDMXYME5YJJIYTM0YYISINJLZNJLC2HFZXHWIJOXNZM1NZKWMZI3LCJ1C2VYX2LKIJOXFQ.XDPW8UQCPA43ZIZGHM6TM2A_AUPR5CNUUPZU-4ICZ4A','2025-01-01 03:58:47.432323','2025-01-01 04:58:47.000000',1,'46302BD655804CA29FC431BA9B2BA34C'),(7,'EYJHBGCIOIJIUZI1NIISINR5CCI6IKPXVCJ9.EYJ0B2TLBL90EXBLIJOICMVMCMVZACISIMV4CCI6MTCZNTC5MDM2NYWIAWF0IJOXNZM1NZAZOTY3LCJQDGKIOIIZYWZLNWU5MTE2YTY0YZY1YJEYNZIWNJE3YJK2M2FJNIISINVZZXJFAWQIOJF9.VGERB79ZIB05SHCRCKEMEDEDXT_SXYKEJUIKOAUASGE','2025-01-01 03:59:27.027749','2025-01-02 03:59:27.000000',1,'3AFE5E9116A64C65B12720617B963AC6'),(8,'EYJHBGCIOIJIUZI1NIISINR5CCI6IKPXVCJ9.EYJ0B2TLBL90EXBLIJOIC2XPZGLUZYISIMV4CCI6MTCZNTCWNZU3MCWIAWF0IJOXNZM1NZAZOTCWLCJQDGKIOIJIZDU3N2UZMWFKNGY0YWQ3OWEZMTYZMDY4NJQ0ZGU0MCISINJLZNJLC2HFZXHWIJOXNZM1NZKWMZCWLCJ1C2VYX2LKIJOXFQ.CK3RPFLZ3VKBHBWLQ2POUX1USDFGLGTA-BHCOXOZRN4','2025-01-01 03:59:30.300411','2025-01-01 04:59:30.000000',1,'BD577E31AD4F4AD79A3163068644DE40'),(9,'EYJHBGCIOIJIUZI1NIISINR5CCI6IKPXVCJ9.EYJ0B2TLBL90EXBLIJOIC2XPZGLUZYISIMV4CCI6MTCZNTCXMDI0MCWIAWF0IJOXNZM1NZA2NJQWLCJQDGKIOIJHMJIZODG5YJI3MJE0MTQ2YWUYMDI2YJQWYJC0MDBJNCISINJLZNJLC2HFZXHWIJOXNZM1NZKZMDQWLCJ1C2VYX2LKIJOXFQ.CYZWIJSIUY9LDJ-UULGCJAXNG6TSQ50BI34E5I-XNZI','2025-01-01 04:44:00.376970','2025-01-01 05:44:00.000000',1,'A223889B27214146AE2026B40B7400C4'),(10,'EYJHBGCIOIJIUZI1NIISINR5CCI6IKPXVCJ9.EYJ0B2TLBL90EXBLIJOICMVMCMVZACISIMV4CCI6MTCZNTC5MZM3MYWIAWF0IJOXNZM1NZA2OTCZLCJQDGKIOII1OGY5MZVJZWZKMTM0NZG4YJLKNMVLMZQXZDLLNTG4ZSISINVZZXJFAWQIOJF9.WVW3MD7HIYDHFB3BUSMTVZCF9MWNZOE4HLOMWDEYSYG','2025-01-01 04:49:33.740289','2025-01-02 04:49:33.000000',1,'58F935CEFD134788B9D6EE341D9E588E'),(11,'EYJHBGCIOIJIUZI1NIISINR5CCI6IKPXVCJ9.EYJ0B2TLBL90EXBLIJOIC2XPZGLUZYISIMV4CCI6MTCZNTCXMDU3NYWIAWF0IJOXNZM1NZA2OTC3LCJQDGKIOIIXZJM3NGM0YMJJMJI0ZJAWODRMZTU2ZTRMNDVJNZI1OCISINJLZNJLC2HFZXHWIJOXNZM1NZKZMZC3LCJ1C2VYX2LKIJOXFQ.CKZUJ2AFUF-_QXRTXCUPEPGLCNB9ZJCSGQNVCQPQ_XI','2025-01-01 04:49:37.209761','2025-01-01 05:49:37.000000',1,'1F374C4BBC224F0084FE56E4F45C7258'),(12,'EYJHBGCIOIJIUZI1NIISINR5CCI6IKPXVCJ9.EYJ0B2TLBL90EXBLIJOIC2XPZGLUZYISIMV4CCI6MTCZNTCXMTA0MIWIAWF0IJOXNZM1NZA3NDQYLCJQDGKIOII2Y2VKMDI0ZGEWMJG0MZFKOWI0MJLJNWIYMTZHNZNIYYISINJLZNJLC2HFZXHWIJOXNZM1NZKZODQYLCJ1C2VYX2LKIJOXFQ.2BFIRMN8LTBTG5SVYUK3H6LQUZS_JYMTRU5QVRWRIR0','2025-01-01 04:57:22.627230','2025-01-01 05:57:22.000000',1,'6CED024DA028431D9B429C5B216A73BC'),(13,'EYJHBGCIOIJIUZI1NIISINR5CCI6IKPXVCJ9.EYJ0B2TLBL90EXBLIJOIC2XPZGLUZYISIMV4CCI6MTCZNTCXMTA0MIWIAWF0IJOXNZM1NZA3NDQYLCJQDGKIOII5Y2YXY2UZYJFKYME0MDI0ODZIY2MXMTU2NTJINWRLYSISINJLZNJLC2HFZXHWIJOXNZM1NZKZODQYLCJ1C2VYX2LKIJOXFQ.SAIN3QA_KL4YBJQOM1I4YKJCTKZELPZSKYLPQMN3CPC','2025-01-01 04:57:22.664258','2025-01-01 05:57:22.000000',1,'9CF1CE3B1DBA402486BCC115652B5DEA'),(14,'EYJHBGCIOIJIUZI1NIISINR5CCI6IKPXVCJ9.EYJ0B2TLBL90EXBLIJOIC2XPZGLUZYISIMV4CCI6MTCZNTCXMTA0MIWIAWF0IJOXNZM1NZA3NDQYLCJQDGKIOII1NZRKMGZLNDY5NME0NDYYYJNMZDZKZJQ4ZTU5MDI2NCISINJLZNJLC2HFZXHWIJOXNZM1NZKZODQYLCJ1C2VYX2LKIJOXFQ.O70E3VS9SVTG1HZXPL0LDEYTMB3MAB2VKKWXGTXLYFQ','2025-01-01 04:57:22.716833','2025-01-01 05:57:22.000000',1,'574D0FE4696A4462B3FD6DF48E590264'),(15,'EYJHBGCIOIJIUZI1NIISINR5CCI6IKPXVCJ9.EYJ0B2TLBL90EXBLIJOIC2XPZGLUZYISIMV4CCI6MTCZNTCXMTA0MIWIAWF0IJOXNZM1NZA3NDQYLCJQDGKIOII5MWFLZDKZNMYYZMM0NDZKYTCWMMJKZTLJMZY3NJHIOSISINJLZNJLC2HFZXHWIJOXNZM1NZKZODQYLCJ1C2VYX2LKIJOXFQ.N-EVS-3WX9_QL2QDAXX30HRB16WTO9MYWCXMH1YLLEC','2025-01-01 04:57:22.730448','2025-01-01 05:57:22.000000',1,'91AED936F2FC446DA702BDE9C36768B9'),(16,'EYJHBGCIOIJIUZI1NIISINR5CCI6IKPXVCJ9.EYJ0B2TLBL90EXBLIJOIC2XPZGLUZYISIMV4CCI6MTCZNTCXMTA0MIWIAWF0IJOXNZM1NZA3NDQYLCJQDGKIOII4ZDFLOWQ4ZJDMZJC0YWRIYTA0MJK1MZIYZTY5MZYXNCISINJLZNJLC2HFZXHWIJOXNZM1NZKZODQYLCJ1C2VYX2LKIJOXFQ.ERMOE2L88Y6DDMHRG-6RGNWSLJLXFSR2ZK5ASXXY2MQ','2025-01-01 04:57:22.744528','2025-01-01 05:57:22.000000',1,'8D1E9D8F7FF74ADBA04295322E693614'),(17,'EYJHBGCIOIJIUZI1NIISINR5CCI6IKPXVCJ9.EYJ0B2TLBL90EXBLIJOIC2XPZGLUZYISIMV4CCI6MTCZNTCXMTA0MIWIAWF0IJOXNZM1NZA3NDQYLCJQDGKIOII3ZGEXMJUYYJRHNZE0MGVJYJNLMGRIODRIOTMWYZCYYYISINJLZNJLC2HFZXHWIJOXNZM1NZKZODQYLCJ1C2VYX2LKIJOXFQ.6P2GW9B2EF6QX5R9PYXQSCWU0QAQP9JWRSFFND-AHDM','2025-01-01 04:57:22.759250','2025-01-01 05:57:22.000000',1,'7DA1252B4A7140ECB3E0DB84B930C72C'),(18,'EYJHBGCIOIJIUZI1NIISINR5CCI6IKPXVCJ9.EYJ0B2TLBL90EXBLIJOIC2XPZGLUZYISIMV4CCI6MTCZNTCXMTA0MIWIAWF0IJOXNZM1NZA3NDQYLCJQDGKIOIIXNJI3N2UYY2U5YTK0MGFMYTKWZWM2NMU1MJE2MDFHNCISINJLZNJLC2HFZXHWIJOXNZM1NZKZODQYLCJ1C2VYX2LKIJOXFQ.ZJQCGPQXS3KGZTAO3BBNOZWEMPWU2OWMTAVFVCCT7IC','2025-01-01 04:57:22.773101','2025-01-01 05:57:22.000000',1,'16277E2CE9A940AFA90EC66E521601A4'),(19,'EYJHBGCIOIJIUZI1NIISINR5CCI6IKPXVCJ9.EYJ0B2TLBL90EXBLIJOIC2XPZGLUZYISIMV4CCI6MTCZNTCXMTA0MIWIAWF0IJOXNZM1NZA3NDQYLCJQDGKIOIJHMMRINGI1OTU3YTQ0NTGXYWNMN2M2N2I4Y2M5MZLJYIISINJLZNJLC2HFZXHWIJOXNZM1NZKZODQYLCJ1C2VYX2LKIJOXFQ.2L_MVHGMJ8HPIHPDW73UQBW3ZKYTINF6QZY9R-0L2MS','2025-01-01 04:57:22.786623','2025-01-01 05:57:22.000000',1,'A2DB4B5957A44581ACF7C67B8CC939CB'),(20,'EYJHBGCIOIJIUZI1NIISINR5CCI6IKPXVCJ9.EYJ0B2TLBL90EXBLIJOIC2XPZGLUZYISIMV4CCI6MTCZNTCXMTA0MIWIAWF0IJOXNZM1NZA3NDQYLCJQDGKIOIJMYTEXNGFHN2I2MTY0ZWU0OTFIYWEYNZC2YZKZODVHMCISINJLZNJLC2HFZXHWIJOXNZM1NZKZODQYLCJ1C2VYX2LKIJOXFQ.4-_1SF4_UAQ83QQKXW5PFECKT45RS0V5CQCCMEEBIIU','2025-01-01 04:57:22.798018','2025-01-01 05:57:22.000000',1,'FA114AA7B6164EE491BAA2776C9385A0'),(21,'EYJHBGCIOIJIUZI1NIISINR5CCI6IKPXVCJ9.EYJ0B2TLBL90EXBLIJOIC2XPZGLUZYISIMV4CCI6MTCZNTCXMTA0MIWIAWF0IJOXNZM1NZA3NDQYLCJQDGKIOIJKNMNHZTYWM2VHZJI0NJCYODUZNGVLYJM1YZAWMWEWZCISINJLZNJLC2HFZXHWIJOXNZM1NZKZODQYLCJ1C2VYX2LKIJOXFQ.X8IGSPV7PSQDBZQZNRH4J98E2Y-C852B4YFZWLO768C','2025-01-01 04:57:22.810188','2025-01-01 05:57:22.000000',1,'D6CAE603EAF246728534EEB35C001A0D'),(22,'EYJHBGCIOIJIUZI1NIISINR5CCI6IKPXVCJ9.EYJ0B2TLBL90EXBLIJOIC2XPZGLUZYISIMV4CCI6MTCZNTCXMTA0MIWIAWF0IJOXNZM1NZA3NDQYLCJQDGKIOIJMZMNJZDLIMDY2Y2Y0OGRJYTKYZWJLOGJIOTBJY2FKZIISINJLZNJLC2HFZXHWIJOXNZM1NZKZODQYLCJ1C2VYX2LKIJOXFQ.LTPZCWRWUKPTN_QXEHZO9THVBRB36TZLAVKT49ZJVH0','2025-01-01 04:57:22.823134','2025-01-01 05:57:22.000000',1,'FFCCD9B066CF48DCA92EBE8BB90CCADF'),(23,'EYJHBGCIOIJIUZI1NIISINR5CCI6IKPXVCJ9.EYJ0B2TLBL90EXBLIJOIC2XPZGLUZYISIMV4CCI6MTCZNTCXMTA0MIWIAWF0IJOXNZM1NZA3NDQYLCJQDGKIOIIYYZYZOGIZZMVKMME0NGEXYJY4NTUWODBHMDA3ZDGXYSISINJLZNJLC2HFZXHWIJOXNZM1NZKZODQYLCJ1C2VYX2LKIJOXFQ.CKWZOW5QINZCG6-UJLIHOJSQKYCRDCKHOSMMZMZHJQO','2025-01-01 04:57:22.842698','2025-01-01 05:57:22.000000',1,'2C638B3FED2A44A1B6855080A007D81A'),(24,'EYJHBGCIOIJIUZI1NIISINR5CCI6IKPXVCJ9.EYJ0B2TLBL90EXBLIJOIC2XPZGLUZYISIMV4CCI6MTCZNTCXMTA0MIWIAWF0IJOXNZM1NZA3NDQYLCJQDGKIOIIWODQWOTC4MDNIZJA0YZVMODLMMWJLMJKWMDEWZGM1NYISINJLZNJLC2HFZXHWIJOXNZM1NZKZODQYLCJ1C2VYX2LKIJOXFQ.ZVQSIUFJMK6YV7HL_BUEKJKQGNJIZEHZL5-UGEC0C_Q','2025-01-01 04:57:22.856049','2025-01-01 05:57:22.000000',1,'084097803BF04C5F89F1BE290010DC57'),(25,'EYJHBGCIOIJIUZI1NIISINR5CCI6IKPXVCJ9.EYJ0B2TLBL90EXBLIJOIC2XPZGLUZYISIMV4CCI6MTCZNTCXMTA0MIWIAWF0IJOXNZM1NZA3NDQYLCJQDGKIOII0NTI2YJM4NTKZZMY0YTZJYJE5OGEWZTU0ZTBJNZZJNIISINJLZNJLC2HFZXHWIJOXNZM1NZKZODQYLCJ1C2VYX2LKIJOXFQ.HEKVSKERXFE4DGYIQ_TULOK56NHRDA4XN1J5YNT0U5E','2025-01-01 04:57:22.870669','2025-01-01 05:57:22.000000',1,'4526B38593FF4A6CB198A0E54E0C76C6'),(26,'EYJHBGCIOIJIUZI1NIISINR5CCI6IKPXVCJ9.EYJ0B2TLBL90EXBLIJOIC2XPZGLUZYISIMV4CCI6MTCZNTCXMTA0MIWIAWF0IJOXNZM1NZA3NDQYLCJQDGKIOIIZNDAZZDBINJDHYZQ0YJG2OTQ2ZGQ5NDA0OGY4N2EYZIISINJLZNJLC2HFZXHWIJOXNZM1NZKZODQYLCJ1C2VYX2LKIJOXFQ.GKAUNELQE1SHKEAS9N0VARWA6EQ2DHAFHHNPLAOOFLK','2025-01-01 04:57:22.885558','2025-01-01 05:57:22.000000',1,'3403D0B67AC44B86946DD94048F87A2F'),(27,'EYJHBGCIOIJIUZI1NIISINR5CCI6IKPXVCJ9.EYJ0B2TLBL90EXBLIJOIC2XPZGLUZYISIMV4CCI6MTCZNTCXMTA0MIWIAWF0IJOXNZM1NZA3NDQYLCJQDGKIOII5NJI2MJHJMDLIOWY0NTQ5OTJHNDFKN2Q1NJY2NDU1MSISINJLZNJLC2HFZXHWIJOXNZM1NZKZODQYLCJ1C2VYX2LKIJOXFQ.GKKVKHNEDBH9VEY2RGJVLM7IJ8JTPHAWILCPMOAWZ08','2025-01-01 04:57:22.902032','2025-01-01 05:57:22.000000',1,'962628C09B9F454992A41D7D56664551'),(28,'EYJHBGCIOIJIUZI1NIISINR5CCI6IKPXVCJ9.EYJ0B2TLBL90EXBLIJOIC2XPZGLUZYISIMV4CCI6MTCZNTCXMTA0MIWIAWF0IJOXNZM1NZA3NDQYLCJQDGKIOIIWNJI2MGFIMMFJN2M0MZU5YMIYZDFHM2U3YTK3Y2FMZIISINJLZNJLC2HFZXHWIJOXNZM1NZKZODQYLCJ1C2VYX2LKIJOXFQ.2H3LW5GKB_XXD0Z9TGMJPM1V6LO1BBJ2MNX4LZVTICQ','2025-01-01 04:57:22.927541','2025-01-01 05:57:22.000000',1,'06260AB2AC7C4359BB2D1A3E7A97CAFF'),(29,'EYJHBGCIOIJIUZI1NIISINR5CCI6IKPXVCJ9.EYJ0B2TLBL90EXBLIJOIC2XPZGLUZYISIMV4CCI6MTCZNTCXMTA0MIWIAWF0IJOXNZM1NZA3NDQYLCJQDGKIOII3MTC5MJGYMZLMZWU0MMFHOTAWZDC0ZWIXMDJHMJVHZCISINJLZNJLC2HFZXHWIJOXNZM1NZKZODQYLCJ1C2VYX2LKIJOXFQ.N6GZBDEGN0XJ5W0IYFTFN5JUA62HW0EKNCADPKSDHV4','2025-01-01 04:57:22.946627','2025-01-01 05:57:22.000000',1,'717928239FEE42AA900D74EB102A25AD'),(30,'EYJHBGCIOIJIUZI1NIISINR5CCI6IKPXVCJ9.EYJ0B2TLBL90EXBLIJOIC2XPZGLUZYISIMV4CCI6MTCZNTCXMTA0MYWIAWF0IJOXNZM1NZA3NDQZLCJQDGKIOIJINJVHMME3YTK2MTG0YJCYOTY2MJE3ZMM3ZJIYN2VMMSISINJLZNJLC2HFZXHWIJOXNZM1NZKZODQZLCJ1C2VYX2LKIJOXFQ.MBJWXPVK61Q0EYGV7HVB7BKLUYXUBO_WOFORAKDTFCY','2025-01-01 04:57:23.017798','2025-01-01 05:57:23.000000',1,'B65A2A7A96184B72966217FC7F227EF1'),(31,'EYJHBGCIOIJIUZI1NIISINR5CCI6IKPXVCJ9.EYJ0B2TLBL90EXBLIJOIC2XPZGLUZYISIMV4CCI6MTCZNTCXMTA0MYWIAWF0IJOXNZM1NZA3NDQZLCJQDGKIOIIZNDDIOWQYZMU4ZGM0MDA1YTE3ZTFMZTE4OWFMMTU4ZIISINJLZNJLC2HFZXHWIJOXNZM1NZKZODQZLCJ1C2VYX2LKIJOXFQ.CWL1YM59UYJ2IUMHG5C5VJAJRTEXSTYO8LCLAV8Z53K','2025-01-01 04:57:23.090619','2025-01-01 05:57:23.000000',1,'347B9D2FE8DC4005A17E1FE189AF158F'),(32,'EYJHBGCIOIJIUZI1NIISINR5CCI6IKPXVCJ9.EYJ0B2TLBL90EXBLIJOICMVMCMVZACISIMV4CCI6MTCZNTC5NTAXMCWIAWF0IJOXNZM1NZA4NJEWLCJQDGKIOIJMNJRJOTZINTY3YJQ0OWMWOTNMZGMYNTI4OTA5NGE4YIISINVZZXJFAWQIOJF9.ELJXXLFLV9T-RYXCCRLJD65YL_28IVMYLRLPONU5QDY','2025-01-01 05:16:50.288916','2025-01-02 05:16:50.000000',1,'F64C96B567B449C093FDC25289094A8B'),(33,'EYJHBGCIOIJIUZI1NIISINR5CCI6IKPXVCJ9.EYJ0B2TLBL90EXBLIJOIC2XPZGLUZYISIMV4CCI6MTCZNTCXMJIXMYWIAWF0IJOXNZM1NZA4NJEZLCJQDGKIOII0NWRJNGUXOGUYOTA0ZTA1OTI3NME5N2E1NZJLZJFIMYISINJLZNJLC2HFZXHWIJOXNZM1NZK1MDEZLCJ1C2VYX2LKIJOXFQ.HDEKGAI6IQMJNTUJ0V9ZG6U5RX9ZOVSWFQWTZIQCE1M','2025-01-01 05:16:53.187747','2025-01-01 06:16:53.000000',1,'45DC4E18E2904E059276A97A572EF1B3'),(34,'EYJHBGCIOIJIUZI1NIISINR5CCI6IKPXVCJ9.EYJ0B2TLBL90EXBLIJOICMVMCMVZACISIMV4CCI6MTCZNTC5NJC0NIWIAWF0IJOXNZM1NZEWMZQ2LCJQDGKIOIJMNJHHMWE2NTIWNZA0YTVJYTM0YWQ5MZLHZGRMYZK5YIISINVZZXJFAWQIOJF9.IGWX_KUHRJOOVOWKZRY3C_AKTTHE3HWCCBUSP6_DABO','2025-01-01 05:45:46.251157','2025-01-02 05:45:46.000000',1,'F68A1A6520704A5CA34AD939ADDFC99B'),(35,'EYJHBGCIOIJIUZI1NIISINR5CCI6IKPXVCJ9.EYJ0B2TLBL90EXBLIJOIC2XPZGLUZYISIMV4CCI6MTCZNTCXMZK1MIWIAWF0IJOXNZM1NZEWMZUYLCJQDGKIOII3MGJMNDHIMDCZNWU0MMMWYTA3YMFMZTG5NZJIOTM1ZIISINJLZNJLC2HFZXHWIJOXNZM1NZK2NZUYLCJ1C2VYX2LKIJOXFQ.AXIS8LRRHU0C1QJNVU1ZGCIURVGOOI7DHWHD7GKVDHC','2025-01-01 05:45:52.081003','2025-01-01 06:45:52.000000',1,'70BF48B0735E42C0A07BAFE8972B935F'),(36,'EYJHBGCIOIJIUZI1NIISINR5CCI6IKPXVCJ9.EYJ0B2TLBL90EXBLIJOICMVMCMVZACISIMV4CCI6MTCZNTC5NZE0OCWIAWF0IJOXNZM1NZEWNZQ4LCJQDGKIOIIZM2NIOTQ4YTE3NTK0ZJC4OWE2YJU5ZGZMNDDIMZZIMCISINVZZXJFAWQIOJF9.K4Z2MHICR4CHWUJQLI3DBHFNLMIVGAYTECNZFYUJKSA','2025-01-01 05:52:28.688789','2025-01-02 05:52:28.000000',1,'33CB948A17594F789A6B59DFF47B36B0'),(37,'EYJHBGCIOIJIUZI1NIISINR5CCI6IKPXVCJ9.EYJ0B2TLBL90EXBLIJOIC2XPZGLUZYISIMV4CCI6MTCZNTCXNDM1MCWIAWF0IJOXNZM1NZEWNZUWLCJQDGKIOIJLNGRHMTE2YTVIZDY0NJVLYJMZNDNJZJQ2YTJMN2Q3MYISINJLZNJLC2HFZXHWIJOXNZM1NZK3MTUWLCJ1C2VYX2LKIJOXFQ.62NEIEVJQHSFFLRX-AIZ4YR0VNC8YII4LNOQKREM0KE','2025-01-01 05:52:30.841780','2025-01-01 06:52:30.000000',1,'E4DA116A5BD6465EB3343CF46A2F7D73'),(38,'EYJHBGCIOIJIUZI1NIISINR5CCI6IKPXVCJ9.EYJ0B2TLBL90EXBLIJOIC2XPZGLUZYISIMV4CCI6MTCZNTCXNDM2NSWIAWF0IJOXNZM1NZEWNZY1LCJQDGKIOIJJMDJJZTAYYMMYZTE0OTE1YWFHNZVKYZM1NTYXZJNJOCISINJLZNJLC2HFZXHWIJOXNZM1NZK3MTY1LCJ1C2VYX2LKIJOXFQ.9VOKH1I8_SWNWY54NTKLFBYI0RFDSK-SQO0D19YZPLG','2025-01-01 05:52:45.940585','2025-01-01 06:52:45.000000',1,'C02CE02BC2E14915AAA75DC35561F3C8'),(39,'EYJHBGCIOIJIUZI1NIISINR5CCI6IKPXVCJ9.EYJ0B2TLBL90EXBLIJOIC2XPZGLUZYISIMV4CCI6MTCZNTCXNDM2NIWIAWF0IJOXNZM1NZEWNZY2LCJQDGKIOII2OGI1NZRMODYXZJY0NZMXOTRKNDMZNGJKZDY3YZVLOCISINJLZNJLC2HFZXHWIJOXNZM1NZK3MTY2LCJ1C2VYX2LKIJOXFQ.BBMGUQTIMEF_1M8J49X1JURHM9JTEFBEHUZJPPCU-9Y','2025-01-01 05:52:46.057790','2025-01-01 06:52:46.000000',1,'68B574F861F6473194D4334BDD67C5E8'),(40,'EYJHBGCIOIJIUZI1NIISINR5CCI6IKPXVCJ9.EYJ0B2TLBL90EXBLIJOIC2XPZGLUZYISIMV4CCI6MTCZNTCXNDM2NIWIAWF0IJOXNZM1NZEWNZY2LCJQDGKIOIJIMDVMMWNKZDNJOTU0ZTC0ODNKNDJMZGQ2NJU1ZMQ2NCISINJLZNJLC2HFZXHWIJOXNZM1NZK3MTY2LCJ1C2VYX2LKIJOXFQ.ASM8MXT7OSWEEQZ-ZMCAGRCLODMOXKWMZ9UBIGKPKSA','2025-01-01 05:52:46.071142','2025-01-01 06:52:46.000000',1,'B05F1CDD3C954E7483D42FDD6655FD64'),(41,'EYJHBGCIOIJIUZI1NIISINR5CCI6IKPXVCJ9.EYJ0B2TLBL90EXBLIJOIC2XPZGLUZYISIMV4CCI6MTCZNTCXNDM2NIWIAWF0IJOXNZM1NZEWNZY2LCJQDGKIOIJMYTCWNTQ3ZGYXOGM0NTHMOTY0NDDKNDY1NJGXNGM4MIISINJLZNJLC2HFZXHWIJOXNZM1NZK3MTY2LCJ1C2VYX2LKIJOXFQ.CYI98XGLRCUGSZT59J_CGQI67BFEM11TUGGI3RMYI2C','2025-01-01 05:52:46.116212','2025-01-01 06:52:46.000000',1,'FA70547DF18C458F96447D4656814C82'),(42,'EYJHBGCIOIJIUZI1NIISINR5CCI6IKPXVCJ9.EYJ0B2TLBL90EXBLIJOICMVMCMVZACISIMV4CCI6MTCZNTC5NZKWMSWIAWF0IJOXNZM1NZEXNTAXLCJQDGKIOIJHYTBIMTM1MDQXZDE0NJKZOGNKZMYWYZC4YZY2OGEXZCISINVZZXJFAWQIOJF9._HA2452FZQVAPIGTKCB5-PC1SZLFC1HPZUGLXSDJWYM','2025-01-01 06:05:01.294286','2025-01-02 06:05:01.000000',1,'AA0B135041D146938CDFF0C78C668A1D'),(43,'EYJHBGCIOIJIUZI1NIISINR5CCI6IKPXVCJ9.EYJ0B2TLBL90EXBLIJOIC2XPZGLUZYISIMV4CCI6MTCZNTCXNTEWNCWIAWF0IJOXNZM1NZEXNTA0LCJQDGKIOIIXN2UZYZIWMMZHZWU0M2E1YTAXM2ZMYMMYODZKYMJJYYISINJLZNJLC2HFZXHWIJOXNZM1NZK3OTA0LCJ1C2VYX2LKIJOXFQ.2BRFKEYY6VD_O_ZZHC2U9T83SQGZXS0PJ6W9USFBJDK','2025-01-01 06:05:04.697143','2025-01-01 07:05:04.000000',1,'17E3C202FAEE43A5A013FFBC286DBBCC'),(44,'EYJHBGCIOIJIUZI1NIISINR5CCI6IKPXVCJ9.EYJ0B2TLBL90EXBLIJOICMVMCMVZACISIMV4CCI6MTCZNTC5ODK3NCWIAWF0IJOXNZM1NZEYNTC0LCJQDGKIOII1ZDVHNDFLZMJLNGY0NMVLODU1MWJLYTDMMJEXOTYYNSISINVZZXJFAWQIOJF9.MNDKG4AXNW0JOFHIKTJNRRQYEKGV69EJH0HMFIRR8_A','2025-01-01 06:22:54.574127','2025-01-02 06:22:54.000000',1,'5D5A41EFBE4F46EE8551BEA7F2119625'),(45,'EYJHBGCIOIJIUZI1NIISINR5CCI6IKPXVCJ9.EYJ0B2TLBL90EXBLIJOIC2XPZGLUZYISIMV4CCI6MTCZNTCXNJE3OCWIAWF0IJOXNZM1NZEYNTC4LCJQDGKIOIJMOGVLNMJLNMFHNDI0ZGE2ODIXYWZKZDYXNMMXYJJLMSISINJLZNJLC2HFZXHWIJOXNZM1NZK4OTC4LCJ1C2VYX2LKIJOXFQ.QQUC1SJHQNXNWBBTA-KHOYZO4FVDUPQPXS5EYBUBRCM','2025-01-01 06:22:58.112079','2025-01-01 07:22:58.000000',1,'F8EE6BE6AA424DA6821AFDD616C1B2E1'),(46,'EYJHBGCIOIJIUZI1NIISINR5CCI6IKPXVCJ9.EYJ0B2TLBL90EXBLIJOICMVMCMVZACISIMV4CCI6MTCZNTC5OTA1NCWIAWF0IJOXNZM1NZEYNJU0LCJQDGKIOII3M2VIZWZIMMI4MWQ0ZJY2OWRMMJDIMZY3MTG0ODVHMIISINVZZXJFAWQIOJF9.K5SGBLVCVMYYD2VFPZM5IM8NL5SQYGGVIBNWSFWDNN4','2025-01-01 06:24:14.635281','2025-01-02 06:24:14.000000',1,'73EBEFB2B81D4F669DF27B36718485A2'),(47,'EYJHBGCIOIJIUZI1NIISINR5CCI6IKPXVCJ9.EYJ0B2TLBL90EXBLIJOIC2XPZGLUZYISIMV4CCI6MTCZNTCXNJI1NIWIAWF0IJOXNZM1NZEYNJU2LCJQDGKIOIJMYZBMMGJHNZIYNZG0NMFHYJZKNTU3NDK0NWRJMMUXOSISINJLZNJLC2HFZXHWIJOXNZM1NZK5MDU2LCJ1C2VYX2LKIJOXFQ.GBVXYZ7DA_SBUMD9FTY3SI1MWCRIBGRGF1E3WSBMXYS','2025-01-01 06:24:16.419814','2025-01-01 07:24:16.000000',1,'FC0F0BA7227846AAB6D5574945DC2E19'),(48,'EYJHBGCIOIJIUZI1NIISINR5CCI6IKPXVCJ9.EYJ0B2TLBL90EXBLIJOICMVMCMVZACISIMV4CCI6MTCZNTC5OTCYNCWIAWF0IJOXNZM1NZEZMZI0LCJQDGKIOII0MMY5ZMY3OWI4N2Q0ZWMXOGE3YMIXZTI5NDVKODE1ZCISINVZZXJFAWQIOJF9.XIKVDAU8XXIMJUERGHMKGDJOICFPHYLBSQFHVCGKC3K','2025-01-01 06:35:24.329025','2025-01-02 06:35:24.000000',1,'42F9FF79B87D4EC18A7BB1E2945D815D'),(49,'EYJHBGCIOIJIUZI1NIISINR5CCI6IKPXVCJ9.EYJ0B2TLBL90EXBLIJOIC2XPZGLUZYISIMV4CCI6MTCZNTCXNJKYNIWIAWF0IJOXNZM1NZEZMZI2LCJQDGKIOIJIOWFHNZUZNTC1ODA0ZDCZODQ2ZJVHODGZZTI5MTU0OSISINJLZNJLC2HFZXHWIJOXNZM1NZK5NZI2LCJ1C2VYX2LKIJOXFQ.RWJ-B-PK4FC9DHBUSTJJUDZ30DXVUN4UPBYUNUYYN5Q','2025-01-01 06:35:26.103335','2025-01-01 07:35:26.000000',1,'B9AA753575804D73846F5A883E291549'),(50,'EYJHBGCIOIJIUZI1NIISINR5CCI6IKPXVCJ9.EYJ0B2TLBL90EXBLIJOICMVMCMVZACISIMV4CCI6MTCZNTC5OTC2NCWIAWF0IJOXNZM1NZEZMZY0LCJQDGKIOIJKZGUYZDG2MDHJYWE0MGY2YMYZNMUYYWNIOWY5NJGWYIISINVZZXJFAWQIOJF9.DCNV-Q4JJHGSQIFL5UFMZJ-LME_H6PO4XCOY47C4BEA','2025-01-01 06:36:04.698747','2025-01-02 06:36:04.000000',1,'DDE2D8608CAA40F6BF36E2ACB9F9680B'),(51,'EYJHBGCIOIJIUZI1NIISINR5CCI6IKPXVCJ9.EYJ0B2TLBL90EXBLIJOICMVMCMVZACISIMV4CCI6MTCZNTC5OTC2NYWIAWF0IJOXNZM1NZEZMZY3LCJQDGKIOII0MWI3MTHHNTYYNZU0M2Y2YWNHNDI5ZTY0ZME0MDJJMCISINVZZXJFAWQIOJF9.7USMRMTN5UAFRWEPV4SZZEDXIZSYOZXDIRTIWYLQ8PA','2025-01-01 06:36:07.534662','2025-01-02 06:36:07.000000',1,'41B718A5627543F6ACA429E64FA402C0'),(52,'EYJHBGCIOIJIUZI1NIISINR5CCI6IKPXVCJ9.EYJ0B2TLBL90EXBLIJOIC2XPZGLUZYISIMV4CCI6MTCZNTCXNJK2OSWIAWF0IJOXNZM1NZEZMZY5LCJQDGKIOII5OGYXMZDJYJU1NDM0MZG1YJIYNTNKYTA4MJZKMDKWNYISINJLZNJLC2HFZXHWIJOXNZM1NZK5NZY5LCJ1C2VYX2LKIJOXFQ.MRY0J0XB_GVUXWWDOSOQEAZJXQU-7ZU_LWP9NDSPZP8','2025-01-01 06:36:09.456539','2025-01-01 07:36:09.000000',1,'98F137CB55434385B2253DA0826D0907'),(53,'EYJHBGCIOIJIUZI1NIISINR5CCI6IKPXVCJ9.EYJ0B2TLBL90EXBLIJOICMVMCMVZACISIMV4CCI6MTCZNTGWMJA0NYWIAWF0IJOXNZM1NZE1NJQ3LCJQDGKIOII1MGNMODU0ODBKNJQ0NWM0YMZMNDEYZWNJYWJIMZQ0NSISINVZZXJFAWQIOJF9.I8JHJT7NXKK6A3SRNWDQ_SNFZPWKVIZXH4MGT1TAUKS','2025-01-01 07:14:07.380206','2025-01-02 07:14:07.000000',1,'50CF85480D6445C4BFF412ECCABB3445'),(54,'EYJHBGCIOIJIUZI1NIISINR5CCI6IKPXVCJ9.EYJ0B2TLBL90EXBLIJOIC2XPZGLUZYISIMV4CCI6MTCZNTCXOTI0OSWIAWF0IJOXNZM1NZE1NJQ5LCJQDGKIOIJIMWU4NTY4MDNIOGY0YJVKODZJYMM2ZMY2MZNKOWU5OSISINJLZNJLC2HFZXHWIJOXNZM1ODAYMDQ5LCJ1C2VYX2LKIJOXFQ.ZFPML-UQ6OI3YDLKK6LQN3WMFNDMWLGH-63JOFYRQ9O','2025-01-01 07:14:09.912503','2025-01-01 08:14:09.000000',1,'B1E856803B8F4B5D86CBC6FF633D9E99'),(55,'EYJHBGCIOIJIUZI1NIISINR5CCI6IKPXVCJ9.EYJ0B2TLBL90EXBLIJOICMVMCMVZACISIMV4CCI6MTCZNTGWMJKZMYWIAWF0IJOXNZM1NZE2NTMZLCJQDGKIOII1YTQYNGRIZJC3OGQ0ZJU3OTAYN2JHOTRMZTC0MZQZZIISINVZZXJFAWQIOJF9.OXFYSEK8UF4S80HRYR_TCFXRPQDHHEPM1MRNBU6KHKW','2025-01-01 07:28:53.498450','2025-01-02 07:28:53.000000',1,'5A424DBF778D4F579027BA94FE74343F'),(56,'EYJHBGCIOIJIUZI1NIISINR5CCI6IKPXVCJ9.EYJ0B2TLBL90EXBLIJOIC2XPZGLUZYISIMV4CCI6MTCZNTCYMDE0MCWIAWF0IJOXNZM1NZE2NTQWLCJQDGKIOII3MDI5ZWM1ZMIWNZC0ZGE0OGI1NMYXNTCYODJKMDM1NCISINJLZNJLC2HFZXHWIJOXNZM1ODAYOTQWLCJ1C2VYX2LKIJOXFQ.C3GJBB4KVQUXYEPYO_XQFB-84YIRVVZN4TVCW8FWSWI','2025-01-01 07:29:00.379329','2025-01-01 08:29:00.000000',1,'7029EC5FB0774DA48B56F157282D0354'),(57,'EYJHBGCIOIJIUZI1NIISINR5CCI6IKPXVCJ9.EYJ0B2TLBL90EXBLIJOICMVMCMVZACISIMV4CCI6MTCZNTGWMZAWNIWIAWF0IJOXNZM1NZE2NJA2LCJQDGKIOII3ZGM2NWMZNZUWMZQ0ZDG1OTZKMTU5NJDJYZC3YMQ1YSISINVZZXJFAWQIOJF9.8JZJBHWNQPRCQMQAUCZ8WLLA-UGMH9PJXFBIL5EWQNG','2025-01-01 07:30:06.425027','2025-01-02 07:30:06.000000',1,'7DC65C3750344D8596D15967CC77BD5A'),(58,'EYJHBGCIOIJIUZI1NIISINR5CCI6IKPXVCJ9.EYJ0B2TLBL90EXBLIJOIC2XPZGLUZYISIMV4CCI6MTCZNTCYMDIXMYWIAWF0IJOXNZM1NZE2NJEZLCJQDGKIOIIWMJM3ZWFIZWU0MDY0MJG1YMZLNMEXMMY5MJC1MJLMZCISINJLZNJLC2HFZXHWIJOXNZM1ODAZMDEZLCJ1C2VYX2LKIJOXFQ.20A96UZXNVVPVVOTCEROD23COPLSQBMBQJ4CBKM59LK','2025-01-01 07:30:13.453900','2025-01-01 08:30:13.000000',1,'0237EABEE4064285BFE6A12F927529FD'),(59,'EYJHBGCIOIJIUZI1NIISINR5CCI6IKPXVCJ9.EYJ0B2TLBL90EXBLIJOICMVMCMVZACISIMV4CCI6MTCZNTGWMZEZMCWIAWF0IJOXNZM1NZE2NZMWLCJQDGKIOIIYYJK1YTU5MDYZMDQ0ZJNJYJG2NZLIYMYXNJY4YTI5MSISINVZZXJFAWQIOJF9.BQA2LFSJWW9BUFN9E9FHWHSC7MQV5OCSRBEWW-QDADA','2025-01-01 07:32:10.794403','2025-01-02 07:32:10.000000',1,'2B95A59063044F3CB8679BBF1668A291'),(60,'EYJHBGCIOIJIUZI1NIISINR5CCI6IKPXVCJ9.EYJ0B2TLBL90EXBLIJOIC2XPZGLUZYISIMV4CCI6MTCZNTCYMDMZMIWIAWF0IJOXNZM1NZE2NZMYLCJQDGKIOIJLNDJKZGI0MJI5ZTQ0NTM1OWFIMMY0YWU5ZMFMZDCYOCISINJLZNJLC2HFZXHWIJOXNZM1ODAZMTMYLCJ1C2VYX2LKIJOXFQ.CYJS5MKAC6QCW6W32Y3OKO5GMAUB3ARSAJPDFJHTLHY','2025-01-01 07:32:12.784142','2025-01-01 08:32:12.000000',1,'E42DDB4229E445359AB2F4AE9FAFD728'),(61,'EYJHBGCIOIJIUZI1NIISINR5CCI6IKPXVCJ9.EYJ0B2TLBL90EXBLIJOICMVMCMVZACISIMV4CCI6MTCZNTGWMZMYNCWIAWF0IJOXNZM1NZE2OTI0LCJQDGKIOIJLODJHYJVLYJBLZJA0MMI0OTQXODKYZWFJNJY1OTY2ZIISINVZZXJFAWQIOJF9.KIDNNJOAT6HGS6OBFSK0L_JRSEVHHDCKWO4GJP3KPEC','2025-01-01 07:35:24.466370','2025-01-02 07:35:24.000000',1,'E82AB5EB0EF042B4941892EAC665966F'),(62,'EYJHBGCIOIJIUZI1NIISINR5CCI6IKPXVCJ9.EYJ0B2TLBL90EXBLIJOIC2XPZGLUZYISIMV4CCI6MTCZNTCYMDUYNIWIAWF0IJOXNZM1NZE2OTI2LCJQDGKIOIIZNZUYMDAZNTHLNTU0YWJMOWI3MTG4ZMJMM2QYY2M2ZIISINJLZNJLC2HFZXHWIJOXNZM1ODAZMZI2LCJ1C2VYX2LKIJOXFQ.XE2IFEQJQ64J1F4U1EAT30IAGIINZYBHB5IEL4SJS6O','2025-01-01 07:35:26.595815','2025-01-01 08:35:26.000000',1,'375200358E554ABF9B7188FBF3D2CC6F'),(63,'EYJHBGCIOIJIUZI1NIISINR5CCI6IKPXVCJ9.EYJ0B2TLBL90EXBLIJOICMVMCMVZACISIMV4CCI6MTCZNTGWMZM0MYWIAWF0IJOXNZM1NZE2OTQZLCJQDGKIOIJKZDNLZTYZZMZJZJU0OGU4ODLMMJKZMGM4ZDK2MMVMYIISINVZZXJFAWQIOJF9.HV-THWC9IY0C4SAQZXUZEHSCALFZFLRHH0JRM-Y4NP0','2025-01-01 07:35:43.545902','2025-01-02 07:35:43.000000',1,'DD3EE63FFCF548E889F2930C8D962EFB'),(64,'EYJHBGCIOIJIUZI1NIISINR5CCI6IKPXVCJ9.EYJ0B2TLBL90EXBLIJOIC2XPZGLUZYISIMV4CCI6MTCZNTCYMDU0NSWIAWF0IJOXNZM1NZE2OTQ1LCJQDGKIOIJMMZIWNZGXYWU3OGE0ZJUZYTRHMJUYZMFIYJIXODLINIISINJLZNJLC2HFZXHWIJOXNZM1ODAZMZQ1LCJ1C2VYX2LKIJOXFQ.E3_MKX7UD2_RN_Q2WSWWSFI7RSLJZDJTCDVD-MY4BNI','2025-01-01 07:35:45.223863','2025-01-01 08:35:45.000000',1,'F320781AE78A4F53A4A252FABB2189B6'),(65,'EYJHBGCIOIJIUZI1NIISINR5CCI6IKPXVCJ9.EYJ0B2TLBL90EXBLIJOICMVMCMVZACISIMV4CCI6MTCZNTGWMZQZOSWIAWF0IJOXNZM1NZE3MDM5LCJQDGKIOIJIMZU2YTQZZJYWMMU0OWFMOWMWN2NKMDU0MZVLMME1YSISINVZZXJFAWQIOJF9.P07IQJTVXLWYLI5DPOXG1ND7ZTGWVCLHMOTVXFN6V7W','2025-01-01 07:37:19.850960','2025-01-02 07:37:19.000000',1,'B356A43F602E49AF9C07CD05435E2A5A'),(66,'EYJHBGCIOIJIUZI1NIISINR5CCI6IKPXVCJ9.EYJ0B2TLBL90EXBLIJOICMVMCMVZACISIMV4CCI6MTCZNTGWMZQ1OSWIAWF0IJOXNZM1NZE3MDU5LCJQDGKIOIIWOTY5MJGXOWY1MZE0YJM5YTG5NTC1ZMQXZDDMZTU4NIISINVZZXJFAWQIOJF9.X9M29ST4SXVTCKP9VHNQMJVVGKBSMTMZ8OC6ICDUPV0','2025-01-01 07:37:39.811823','2025-01-02 07:37:39.000000',1,'09692819F5314B39A89575FD1D7FE586'),(67,'EYJHBGCIOIJIUZI1NIISINR5CCI6IKPXVCJ9.EYJ0B2TLBL90EXBLIJOICMVMCMVZACISIMV4CCI6MTCZNTGWMZQ2MIWIAWF0IJOXNZM1NZE3MDYYLCJQDGKIOII2ZTVLZTRJMJEZODK0MMMZYWZLNDAWYJLHMDA0YMVJZCISINVZZXJFAWQIOJF9.HYIDR62XPAM7UVSI5JPAXOXI_6UBWYUI5EJ8ASF7V3I','2025-01-01 07:37:42.771974','2025-01-02 07:37:42.000000',1,'6E5EE4C2138942C3AFE400B9A004BECD'),(68,'EYJHBGCIOIJIUZI1NIISINR5CCI6IKPXVCJ9.EYJ0B2TLBL90EXBLIJOIC2XPZGLUZYISIMV4CCI6MTCZNTCYMDY2NYWIAWF0IJOXNZM1NZE3MDY3LCJQDGKIOIJKNTJJNTQXYWVKODE0YMU0ODA3YWQ3YJDHMDA2NZGZNIISINJLZNJLC2HFZXHWIJOXNZM1ODAZNDY3LCJ1C2VYX2LKIJOXFQ.Z_OTSINXLR381YNZWJFL6HGAYYQFCX0WUZND_Q0HIRQ','2025-01-01 07:37:47.283912','2025-01-01 08:37:47.000000',1,'D52C541AED814BE4807AD7B7A0067836'),(69,'EYJHBGCIOIJIUZI1NIISINR5CCI6IKPXVCJ9.EYJ0B2TLBL90EXBLIJOICMVMCMVZACISIMV4CCI6MTCZNTGWMZYZMYWIAWF0IJOXNZM1NZE3MJMZLCJQDGKIOII5NZM3NJVKMJVIMWY0ODRLYMJIZJG2ZGQWMMZHZMY4ZSISINVZZXJFAWQIOJF9.CCXKWVNSG87NR2FXRNXKXYR4XWNV5PFCKCXP9VJ6TPI','2025-01-01 07:40:33.294651','2025-01-02 07:40:33.000000',1,'973765D25B1F484EBBBF86DD02FAFF8E'),(70,'EYJHBGCIOIJIUZI1NIISINR5CCI6IKPXVCJ9.EYJ0B2TLBL90EXBLIJOIC2XPZGLUZYISIMV4CCI6MTCZNTCYMDGZNIWIAWF0IJOXNZM1NZE3MJM2LCJQDGKIOII0YJVHYZQ4YWVHMZQ0ZTHKODFLNTZKMZK2NJA5MDI0NIISINJLZNJLC2HFZXHWIJOXNZM1ODAZNJM2LCJ1C2VYX2LKIJOXFQ.K7XPGZZATELN6ZG9S4HDCBULLBJ7XCAPBJQ3IO5HFKI','2025-01-01 07:40:36.890094','2025-01-01 08:40:36.000000',1,'4B5AC48AEA344E8D81E56D3966090246'),(71,'EYJHBGCIOIJIUZI1NIISINR5CCI6IKPXVCJ9.EYJ0B2TLBL90EXBLIJOICMVMCMVZACISIMV4CCI6MTCZNTGWMZK4NCWIAWF0IJOXNZM1NZE3NTG0LCJQDGKIOIIZZDRHZJZKM2ZKMGE0MZVLYTKXNZVMYWJHNTC2N2UWNCISINVZZXJFAWQIOJF9.VPHFBS5R4V6U5JZBGVZ80DQKET_TIY6JKIGS5QVAX80','2025-01-01 07:46:24.888128','2025-01-02 07:46:24.000000',1,'3D4AF6D3FD0A435EA9175FABA5767E04'),(72,'EYJHBGCIOIJIUZI1NIISINR5CCI6IKPXVCJ9.EYJ0B2TLBL90EXBLIJOIC2XPZGLUZYISIMV4CCI6MTCZNTCYMTE4OCWIAWF0IJOXNZM1NZE3NTG4LCJQDGKIOIJKMMMYNJBINMMWMZK0NMRJYJG4MMM3MZG0ZJJHMZE1YSISINJLZNJLC2HFZXHWIJOXNZM1ODAZOTG4LCJ1C2VYX2LKIJOXFQ.XLKHQPDET-VUDODNHTEA3OEVFTDUZXZGQEL3CLKSL8Y','2025-01-01 07:46:28.748461','2025-01-01 08:46:28.000000',1,'D2C260B6C03946DCB882C7384F2A315A'),(73,'EYJHBGCIOIJIUZI1NIISINR5CCI6IKPXVCJ9.EYJ0B2TLBL90EXBLIJOICMVMCMVZACISIMV4CCI6MTCZNTGWNDI3NSWIAWF0IJOXNZM1NZE3ODC1LCJQDGKIOIIZNGY1NZQ1MGZKMZQ0OGQ5OTMZYWJJZTG5YTK5NTYXOCISINVZZXJFAWQIOJF9.A_REOGBBPG5N541DKVICFB6UNAQJ6LAMASSVPZBC5SM','2025-01-01 07:51:15.370828','2025-01-02 07:51:15.000000',1,'34F57450FD3448D9933ABCE89A995618'),(74,'EYJHBGCIOIJIUZI1NIISINR5CCI6IKPXVCJ9.EYJ0B2TLBL90EXBLIJOICMVMCMVZACISIMV4CCI6MTCZNTGWNDI3OSWIAWF0IJOXNZM1NZE3ODC5LCJQDGKIOIJKYTKWZTU0MJU1YJE0NGZMODC1N2E4YMFINZNMZDJMYSISINVZZXJFAWQIOJF9.2ROFHEP_JZ1USGHSCC4DXTMEZVNVI1D-CRJDX_JZCY8','2025-01-01 07:51:19.298554','2025-01-02 07:51:19.000000',1,'DA90E54255B144FF8757A8BAB73FD2FA'),(75,'EYJHBGCIOIJIUZI1NIISINR5CCI6IKPXVCJ9.EYJ0B2TLBL90EXBLIJOIC2XPZGLUZYISIMV4CCI6MTCZNTCYMTQ4MCWIAWF0IJOXNZM1NZE3ODGWLCJQDGKIOII5YZE1YZZHYTI2MMY0ZTDJYJJMNZNHNDE4MDY2ZTCXNSISINJLZNJLC2HFZXHWIJOXNZM1ODA0MJGWLCJ1C2VYX2LKIJOXFQ.LLTBYS-IKLVVJOSRRPD4DJH0KRRSHZJCW6I6XV_NXA0','2025-01-01 07:51:20.632307','2025-01-01 08:51:20.000000',1,'9C15C6AA262F4E7CB2F73A418066E715'),(76,'EYJHBGCIOIJIUZI1NIISINR5CCI6IKPXVCJ9.EYJ0B2TLBL90EXBLIJOICMVMCMVZACISIMV4CCI6MTCZNTGWNDM4NCWIAWF0IJOXNZM1NZE3OTG0LCJQDGKIOIJMNZRHM2JKYTGYMME0YMQ0YWRJNZHLMWRIYJLIYJK3YIISINVZZXJFAWQIOJF9.DZGIVZELLGKLO-ZCSJDNUUQB8NT9ATJYZOIYH-EGNFM','2025-01-01 07:53:04.467831','2025-01-02 07:53:04.000000',1,'F74A3BDA822A4BD4ADC78E1DBB9BB97B'),(77,'EYJHBGCIOIJIUZI1NIISINR5CCI6IKPXVCJ9.EYJ0B2TLBL90EXBLIJOIC2XPZGLUZYISIMV4CCI6MTCZNTCYMTU4NIWIAWF0IJOXNZM1NZE3OTG2LCJQDGKIOIJLMJBKY2JMNZM5ODU0OTGYYWQZMGI3NZVJNJEWNWEWYSISINJLZNJLC2HFZXHWIJOXNZM1ODA0MZG2LCJ1C2VYX2LKIJOXFQ.4NGTTS84GB8WOIOGZOHYGBNOR5ORFY1VAWYETKCUZ8O','2025-01-01 07:53:06.641023','2025-01-01 08:53:06.000000',1,'E20DCBF739854982AD30B775C6105A0A'),(78,'EYJHBGCIOIJIUZI1NIISINR5CCI6IKPXVCJ9.EYJ0B2TLBL90EXBLIJOICMVMCMVZACISIMV4CCI6MTCZNTGWNTQ0MYWIAWF0IJOXNZM1NZE5MDQZLCJQDGKIOII3NGFKMMZINDUWOTY0ZWNIYWEZMZI4ZWNMMDGYYZYWOCISINVZZXJFAWQIOJF9.T10MNT7LQ9PJCH8A1FH_QWA6NMO9FT4T8J4JUEEBWCA','2025-01-01 08:10:43.602392','2025-01-02 08:10:43.000000',1,'74AD2FB450964ECBAA3328ECF082C608'),(79,'EYJHBGCIOIJIUZI1NIISINR5CCI6IKPXVCJ9.EYJ0B2TLBL90EXBLIJOIC2XPZGLUZYISIMV4CCI6MTCZNTCYMJY0NYWIAWF0IJOXNZM1NZE5MDQ3LCJQDGKIOIJLNZE2YWJKMWI1NTC0Y2ZIODI0ZMRLMWRMZTCYOWUWZCISINJLZNJLC2HFZXHWIJOXNZM1ODA1NDQ3LCJ1C2VYX2LKIJOXFQ.VVOOOM3KJXFA9QDPFXS5SX56WW5ZBLBAAXHRCETSYOU','2025-01-01 08:10:47.690718','2025-01-01 09:10:47.000000',1,'E716ABD1B5574CFB824FDE1DFE729E0D'),(80,'EYJHBGCIOIJIUZI1NIISINR5CCI6IKPXVCJ9.EYJ0B2TLBL90EXBLIJOIC2XPZGLUZYISIMV4CCI6MTCZNTCYNDK4MSWIAWF0IJOXNZM1NZIXMZGXLCJQDGKIOIJHM2UWNGNMMZMZNZK0NMM3YWFLZTE4ODAWMDQZYJQYYYISINJLZNJLC2HFZXHWIJOXNZM1ODA3NZGXLCJ1C2VYX2LKIJOXFQ.R3OROI6EBNDDEV1GLLPVUPYD8P-DECDU5-OI_0IT_VS','2025-01-01 08:49:41.910281','2025-01-01 09:49:41.000000',1,'A3E04CF3337946C7AAEE18800043B42C'),(81,'EYJHBGCIOIJIUZI1NIISINR5CCI6IKPXVCJ9.EYJ0B2TLBL90EXBLIJOICMVMCMVZACISIMV4CCI6MTCZNTGWODUYOCWIAWF0IJOXNZM1NZIYMTI4LCJQDGKIOIJJYZDJZGRIYJNIMZG0YZMZYWNLMDQYZDLJZJI0ZTLIZIISINVZZXJFAWQIOJF9.6JSEYNN7QQFGQ1ZY9BCCIY_MK10KH8A1ACO26CCYOHI','2025-01-01 09:02:08.303369','2025-01-02 09:02:08.000000',1,'CC7CDDBB3B384C33ACE042D9CF24E9BF'),(82,'EYJHBGCIOIJIUZI1NIISINR5CCI6IKPXVCJ9.EYJ0B2TLBL90EXBLIJOIC2XPZGLUZYISIMV4CCI6MTCZNTCYNTCYOSWIAWF0IJOXNZM1NZIYMTI5LCJQDGKIOII5NWEXNJU4MJZLNGU0YTHMYWE1MWJLZJQ3NWNMZTQWMIISINJLZNJLC2HFZXHWIJOXNZM1ODA4NTI5LCJ1C2VYX2LKIJOXFQ.5_-DGO4XN88TYI_NWOS7K7LX2QRJJCJNPAQDEEEV-BM','2025-01-01 09:02:09.761235','2025-01-01 10:02:09.000000',1,'95A165826E4E4A8FAA51BEF475CFE402'),(83,'EYJHBGCIOIJIUZI1NIISINR5CCI6IKPXVCJ9.EYJ0B2TLBL90EXBLIJOICMVMCMVZACISIMV4CCI6MTCZNTGWODY4OCWIAWF0IJOXNZM1NZIYMJG4LCJQDGKIOIJLMDHIYJKXM2NIZGE0ZMEYYJAXOTM4MTNMNJFJNDVMYYISINVZZXJFAWQIOJF9.GVMD5XAH8QFVOLJDVUPDUUEUINYDFMAETLX10OSEQ2Q','2025-01-01 09:04:48.614407','2025-01-02 09:04:48.000000',1,'E08BB913CBDA4FA2B0193813F61C45FC'),(84,'EYJHBGCIOIJIUZI1NIISINR5CCI6IKPXVCJ9.EYJ0B2TLBL90EXBLIJOIC2XPZGLUZYISIMV4CCI6MTCZNTCYNTG5MCWIAWF0IJOXNZM1NZIYMJKWLCJQDGKIOIIYOTYXNZKYMWMWZGY0NWZKYWE1ZGU2ZGZHNTRJZWQXOSISINJLZNJLC2HFZXHWIJOXNZM1ODA4NJKWLCJ1C2VYX2LKIJOXFQ.YO9M7GSXQ3HEQQ0CP5OV84C99Y_RGAJSI6EQPFKMKBG','2025-01-01 09:04:50.034495','2025-01-01 10:04:50.000000',1,'29617921C0DF45FDAA5DE6DFA54CED19'),(85,'EYJHBGCIOIJIUZI1NIISINR5CCI6IKPXVCJ9.EYJ0B2TLBL90EXBLIJOIC2XPZGLUZYISIMV4CCI6MTCZNTCYODQ2NCWIAWF0IJOXNZM1NZI0ODY0LCJQDGKIOII4MTEZZGZKMTLINDA0ZGUYOTE4ZTQ4YTC5OWI3NZG0ZSISINJLZNJLC2HFZXHWIJOXNZM1ODEXMJY0LCJ1C2VYX2LKIJOXFQ.HJ9UE1HWUZ42NABWGT378LFX2UUNGA_LYTDK8BSKFHK','2025-01-01 09:47:44.965956','2025-01-01 10:47:44.000000',1,'8113DFD19B404DE2918E48A799B7784E'),(86,'EYJHBGCIOIJIUZI1NIISINR5CCI6IKPXVCJ9.EYJ0B2TLBL90EXBLIJOIC2XPZGLUZYISIMV4CCI6MTCZNTCYODQ2NSWIAWF0IJOXNZM1NZI0ODY1LCJQDGKIOII5ODKWZWQXYJG3NJK0YMVHOGM2YZDLMWYZZDZLNZHKMIISINJLZNJLC2HFZXHWIJOXNZM1ODEXMJY1LCJ1C2VYX2LKIJOXFQ.CVCEO7XG76RBD_H9MTLD7FRYSRSZIBORAQB9HLVKBKY','2025-01-01 09:47:45.000013','2025-01-01 10:47:45.000000',1,'9890ED1B87694BEA8C6C7E1F3D6E78D2'),(87,'EYJHBGCIOIJIUZI1NIISINR5CCI6IKPXVCJ9.EYJ0B2TLBL90EXBLIJOIC2XPZGLUZYISIMV4CCI6MTCZNTCYODQ2NSWIAWF0IJOXNZM1NZI0ODY1LCJQDGKIOIJJOGNIYWE5MTQ3ZGE0ZGM1YJVLMTMXYWUYNDQ3YJC0ZSISINJLZNJLC2HFZXHWIJOXNZM1ODEXMJY1LCJ1C2VYX2LKIJOXFQ.H0RXBD5U3OLIIZZANJYQM53WS9NLT1I96JGWMKNG4L0','2025-01-01 09:47:45.017139','2025-01-01 10:47:45.000000',1,'C8CBAA9147DA4DC5B5E131AE2447B74E'),(88,'EYJHBGCIOIJIUZI1NIISINR5CCI6IKPXVCJ9.EYJ0B2TLBL90EXBLIJOIC2XPZGLUZYISIMV4CCI6MTCZNTCYODQ2NSWIAWF0IJOXNZM1NZI0ODY1LCJQDGKIOIIXZGE4Y2E1ZDEZODA0ZTG0OTHJNGRKZTG3Y2QYOGNLMIISINJLZNJLC2HFZXHWIJOXNZM1ODEXMJY1LCJ1C2VYX2LKIJOXFQ.6HKRS2R9K_QBZ_EQOLSFQ41C_INQXM6TJVJGQ76WDZ4','2025-01-01 09:47:45.032558','2025-01-01 10:47:45.000000',1,'1DA8CA5D13804E8498C4DDE87CD28CE2'),(89,'EYJHBGCIOIJIUZI1NIISINR5CCI6IKPXVCJ9.EYJ0B2TLBL90EXBLIJOIC2XPZGLUZYISIMV4CCI6MTCZNTCYODQ2NSWIAWF0IJOXNZM1NZI0ODY1LCJQDGKIOII1ZGEWMGIWNDQ0NJU0ZTDKYWFHODU1YTY2NJMWMMM4NYISINJLZNJLC2HFZXHWIJOXNZM1ODEXMJY1LCJ1C2VYX2LKIJOXFQ.ZJQKJF_DUATVMKJHEABFCII7DQQGPGURA35AFNHBAI0','2025-01-01 09:47:45.050041','2025-01-01 10:47:45.000000',1,'5DA00B0444654E7DAAA855A666302C87'),(90,'EYJHBGCIOIJIUZI1NIISINR5CCI6IKPXVCJ9.EYJ0B2TLBL90EXBLIJOIC2XPZGLUZYISIMV4CCI6MTCZNTCYODQ2NSWIAWF0IJOXNZM1NZI0ODY1LCJQDGKIOIIZYJQ2ZWM2Y2Y3ZDC0NTVHYWNIMJAZMTHMZMI5MTU5NIISINJLZNJLC2HFZXHWIJOXNZM1ODEXMJY1LCJ1C2VYX2LKIJOXFQ.ZSFIGHRNCEOGSTO0H4L9ULGMASQEVA8EV20_2J3V-NI','2025-01-01 09:47:45.064173','2025-01-01 10:47:45.000000',1,'3B46EC6CF7D7455AACB20318FFB91596'),(91,'EYJHBGCIOIJIUZI1NIISINR5CCI6IKPXVCJ9.EYJ0B2TLBL90EXBLIJOIC2XPZGLUZYISIMV4CCI6MTCZNTCYODQ2NSWIAWF0IJOXNZM1NZI0ODY1LCJQDGKIOIIXM2Y3MJCYOTI0YZU0OGZJYWY3OTIYYZG4ZDK2MDA3MCISINJLZNJLC2HFZXHWIJOXNZM1ODEXMJY1LCJ1C2VYX2LKIJOXFQ.KDOLNNAUKUITWXMDMNVHGYMTGCDGZRXVHBRCXY25L-O','2025-01-01 09:47:45.100812','2025-01-01 10:47:45.000000',1,'13F7272924C548FCAF7922C88D960070'),(92,'EYJHBGCIOIJIUZI1NIISINR5CCI6IKPXVCJ9.EYJ0B2TLBL90EXBLIJOIC2XPZGLUZYISIMV4CCI6MTCZNTCYODQ2NSWIAWF0IJOXNZM1NZI0ODY1LCJQDGKIOIJJMZLKMZJKMGUXNMY0NDDMYJUYYMU5MDY0ZJIYMDG2YIISINJLZNJLC2HFZXHWIJOXNZM1ODEXMJY1LCJ1C2VYX2LKIJOXFQ.4AE4OSYJIIVTF1T53AONU3YBCSADUEH4A3UYQ60CQEA','2025-01-01 09:47:45.117031','2025-01-01 10:47:45.000000',1,'C39D32D0E16F447FB52BE9064F22086B'),(93,'EYJHBGCIOIJIUZI1NIISINR5CCI6IKPXVCJ9.EYJ0B2TLBL90EXBLIJOIC2XPZGLUZYISIMV4CCI6MTCZNTCYODQ2NSWIAWF0IJOXNZM1NZI0ODY1LCJQDGKIOIJHZTBMZGJIOTC3MTI0MGIZYMU3MMU3MJHKNJQZY2EXOCISINJLZNJLC2HFZXHWIJOXNZM1ODEXMJY1LCJ1C2VYX2LKIJOXFQ.WFUSPNWM3R2S9XTV4LOKTPKNBOWSGW3FA1TUGPZLXSC','2025-01-01 09:47:45.134262','2025-01-01 10:47:45.000000',1,'AE0FDBB9771240B3BE72E728D643CA18'),(94,'EYJHBGCIOIJIUZI1NIISINR5CCI6IKPXVCJ9.EYJ0B2TLBL90EXBLIJOIC2XPZGLUZYISIMV4CCI6MTCZNTCYODQ2NSWIAWF0IJOXNZM1NZI0ODY1LCJQDGKIOIIZZDK4ZWJIZTY0OTU0MZNHOTLMNDU3NWE4NJE4MZC2MIISINJLZNJLC2HFZXHWIJOXNZM1ODEXMJY1LCJ1C2VYX2LKIJOXFQ.DZ3JGHGLRAJHDGGJRNNMBN9DYGNHXI8MAHIOB6QQ66A','2025-01-01 09:47:45.161208','2025-01-01 10:47:45.000000',1,'3D98EBBE6495433A99F4575A86183762'),(95,'EYJHBGCIOIJIUZI1NIISINR5CCI6IKPXVCJ9.EYJ0B2TLBL90EXBLIJOIC2XPZGLUZYISIMV4CCI6MTCZNTCYODQ2NSWIAWF0IJOXNZM1NZI0ODY1LCJQDGKIOIJHYZG2OGMYMMU3NDY0M2U1YJE4MTC2YJE2MWNHNDC3NSISINJLZNJLC2HFZXHWIJOXNZM1ODEXMJY1LCJ1C2VYX2LKIJOXFQ.HTMRIQP_YKF-CBKM0ALGNO9KM5-H783SIF-XVJGQZSE','2025-01-01 09:47:45.176709','2025-01-01 10:47:45.000000',1,'AC868C22E74643E5B18176B161CA4775'),(96,'EYJHBGCIOIJIUZI1NIISINR5CCI6IKPXVCJ9.EYJ0B2TLBL90EXBLIJOIC2XPZGLUZYISIMV4CCI6MTCZNTCYODQ2NSWIAWF0IJOXNZM1NZI0ODY1LCJQDGKIOIJHODRJYTK5ZTHKMZA0NZBHOTY5YJHKZTJMMJRIYMMWNYISINJLZNJLC2HFZXHWIJOXNZM1ODEXMJY1LCJ1C2VYX2LKIJOXFQ.V7IUA4MR5HS7OOF8ACP63023ZYOJPLVMWJXZRIPDX7Y','2025-01-01 09:47:45.191753','2025-01-01 10:47:45.000000',1,'A84CA99E8D30470A969B8DE2F24BBC07'),(97,'EYJHBGCIOIJIUZI1NIISINR5CCI6IKPXVCJ9.EYJ0B2TLBL90EXBLIJOIC2XPZGLUZYISIMV4CCI6MTCZNTCYODQ2NSWIAWF0IJOXNZM1NZI0ODY1LCJQDGKIOII4NWRMOTE4Y2ZMMGM0NWFIYTE0OGNKYTK5MMEWN2VHNYISINJLZNJLC2HFZXHWIJOXNZM1ODEXMJY1LCJ1C2VYX2LKIJOXFQ.CM57AQ1VTOBBFBSF1M9DWPHXZHSCTSBWRZOMI8R1GQA','2025-01-01 09:47:45.209487','2025-01-01 10:47:45.000000',1,'85DF918CFF0C45ABA148CDA992A07EA7'),(98,'EYJHBGCIOIJIUZI1NIISINR5CCI6IKPXVCJ9.EYJ0B2TLBL90EXBLIJOIC2XPZGLUZYISIMV4CCI6MTCZNTCYODQ2NSWIAWF0IJOXNZM1NZI0ODY1LCJQDGKIOIJHMZU5NZU4ODEYYZA0N2U2YMI4YZE5NTQYZWIWNWIZMYISINJLZNJLC2HFZXHWIJOXNZM1ODEXMJY1LCJ1C2VYX2LKIJOXFQ.WEOEDCZPHKLLQISIJ0GKM1A3HVSQJNPGOG5ZYNWLTAM','2025-01-01 09:47:45.224292','2025-01-01 10:47:45.000000',1,'A359758812C047E6BB8C19542EB05B33'),(99,'EYJHBGCIOIJIUZI1NIISINR5CCI6IKPXVCJ9.EYJ0B2TLBL90EXBLIJOIC2XPZGLUZYISIMV4CCI6MTCZNTCYODQ2NSWIAWF0IJOXNZM1NZI0ODY1LCJQDGKIOII3ODYWZTYYNWQ5NJK0OWNMOTYXMZBIMWRMOTFMM2M3ZSISINJLZNJLC2HFZXHWIJOXNZM1ODEXMJY1LCJ1C2VYX2LKIJOXFQ.KIOQZEKAEWTPEH_RXI_1EYJ_NVAIVU5YOUBMMFWZTYA','2025-01-01 09:47:45.240001','2025-01-01 10:47:45.000000',1,'7860E625D96949CF96130B1DF91F3C7E'),(100,'EYJHBGCIOIJIUZI1NIISINR5CCI6IKPXVCJ9.EYJ0B2TLBL90EXBLIJOIC2XPZGLUZYISIMV4CCI6MTCZNTCYODQ2NSWIAWF0IJOXNZM1NZI0ODY1LCJQDGKIOII0YWNJYZCYNJEXODK0ZTE3YTQ5MMU5MJHMMZCWMTFLNCISINJLZNJLC2HFZXHWIJOXNZM1ODEXMJY1LCJ1C2VYX2LKIJOXFQ.LZ6DI52CEOVLAUOQOCM-AK62DVDQB8DAVLLZHKW7QDS','2025-01-01 09:47:45.252515','2025-01-01 10:47:45.000000',1,'4ACCC72611894E17A492E928F37011E4'),(101,'EYJHBGCIOIJIUZI1NIISINR5CCI6IKPXVCJ9.EYJ0B2TLBL90EXBLIJOIC2XPZGLUZYISIMV4CCI6MTCZNTCYODQ2NSWIAWF0IJOXNZM1NZI0ODY1LCJQDGKIOII1YWVHMWRINGNINJQ0ODY3YJI1Y2E3NJG5NDLJNGQ4MYISINJLZNJLC2HFZXHWIJOXNZM1ODEXMJY1LCJ1C2VYX2LKIJOXFQ.MHH6ATEYYLNDK_VIVDG_ULXDFI6GKFTGL3TJTSAZOZC','2025-01-01 09:47:45.266371','2025-01-01 10:47:45.000000',1,'5AEA1DB4CB644867B25CA768949C4D83'),(102,'EYJHBGCIOIJIUZI1NIISINR5CCI6IKPXVCJ9.EYJ0B2TLBL90EXBLIJOIC2XPZGLUZYISIMV4CCI6MTCZNTCYODQ2NSWIAWF0IJOXNZM1NZI0ODY1LCJQDGKIOII3OTA2MTBMYTJLNDM0YTC4ODRMNJE2ZMZHZJVLM2Q5NSISINJLZNJLC2HFZXHWIJOXNZM1ODEXMJY1LCJ1C2VYX2LKIJOXFQ.MR6PIPVGWFPOSZ96RAWLDNM5QCXEJ5GSXCTH7DBQ3XQ','2025-01-01 09:47:45.279707','2025-01-01 10:47:45.000000',1,'790610FA2E434A7884F616FFAF5E3D95'),(103,'EYJHBGCIOIJIUZI1NIISINR5CCI6IKPXVCJ9.EYJ0B2TLBL90EXBLIJOIC2XPZGLUZYISIMV4CCI6MTCZNTCYODQ2NSWIAWF0IJOXNZM1NZI0ODY1LCJQDGKIOII4M2NIMGQ2MWFMYWI0YJAXYTKXYWQ2NTFIYTDHOTHLMSISINJLZNJLC2HFZXHWIJOXNZM1ODEXMJY1LCJ1C2VYX2LKIJOXFQ.THTA_8YSLQ7XZ11-LT-VN6JNWBHIMHCYECBHAHNFTFY','2025-01-01 09:47:45.293356','2025-01-01 10:47:45.000000',1,'83CB0D61AFAB4B01A91AD651BA7A98E1'),(104,'EYJHBGCIOIJIUZI1NIISINR5CCI6IKPXVCJ9.EYJ0B2TLBL90EXBLIJOIC2XPZGLUZYISIMV4CCI6MTCZNTCYODQ2NSWIAWF0IJOXNZM1NZI0ODY1LCJQDGKIOII2MWQ1OTUXMGIXMTM0N2M2OWYZYWIWODQ2YME4N2JJYIISINJLZNJLC2HFZXHWIJOXNZM1ODEXMJY1LCJ1C2VYX2LKIJOXFQ.XA5EUVOTI2MXZROPEPRSKX8XOIWTSHK3FGP_TPUSQ7O','2025-01-01 09:47:45.308325','2025-01-01 10:47:45.000000',1,'61D59510B11347C69F3AB0846BA87BCB'),(105,'EYJHBGCIOIJIUZI1NIISINR5CCI6IKPXVCJ9.EYJ0B2TLBL90EXBLIJOIC2XPZGLUZYISIMV4CCI6MTCZNTCYODQ2NSWIAWF0IJOXNZM1NZI0ODY1LCJQDGKIOIJMMDY2YMYZNJZLNGI0NMRJOWU5YTBMNDJMNGEXNGNMZSISINJLZNJLC2HFZXHWIJOXNZM1ODEXMJY1LCJ1C2VYX2LKIJOXFQ.SYUY_YG_OGNYMOQLRSUMCGLZAZOGX98MXMU0KDFAUHY','2025-01-01 09:47:45.328997','2025-01-01 10:47:45.000000',1,'F066BF366E4B46DC9E9A0F42F4A14CFE'),(106,'EYJHBGCIOIJIUZI1NIISINR5CCI6IKPXVCJ9.EYJ0B2TLBL90EXBLIJOIC2XPZGLUZYISIMV4CCI6MTCZNTCYODQ2NSWIAWF0IJOXNZM1NZI0ODY1LCJQDGKIOII4MTIXYZM1ODQYYZA0MZDHOTAWN2E4YJFMOWRMYTMWZCISINJLZNJLC2HFZXHWIJOXNZM1ODEXMJY1LCJ1C2VYX2LKIJOXFQ.WSLC8BFZMEIITI2JAY2XLMR80W68F81LAPML3WPJ2HC','2025-01-01 09:47:45.343827','2025-01-01 10:47:45.000000',1,'8121C35842C0437A9007A8B1F9DFA30D'),(107,'EYJHBGCIOIJIUZI1NIISINR5CCI6IKPXVCJ9.EYJ0B2TLBL90EXBLIJOIC2XPZGLUZYISIMV4CCI6MTCZNTCYODQ2NSWIAWF0IJOXNZM1NZI0ODY1LCJQDGKIOIJLMWNINGNMZJY4ZDA0Y2M5YWFJMGRLODMXYZQ3ZTEWNCISINJLZNJLC2HFZXHWIJOXNZM1ODEXMJY1LCJ1C2VYX2LKIJOXFQ.I6XSO78M_-ZQ_IB-3MMIJ_9AX5ZH1QOASXCWUDMKQLA','2025-01-01 09:47:45.359754','2025-01-01 10:47:45.000000',1,'E1CB4CFF68D04CC9AAC0DE831C47E104'),(108,'EYJHBGCIOIJIUZI1NIISINR5CCI6IKPXVCJ9.EYJ0B2TLBL90EXBLIJOIC2XPZGLUZYISIMV4CCI6MTCZNTCYODQ2NSWIAWF0IJOXNZM1NZI0ODY1LCJQDGKIOIJKZJC3NMJINJU5MZU0OTG5YWZKZWI0ZMRMNDBIOGNHOSISINJLZNJLC2HFZXHWIJOXNZM1ODEXMJY1LCJ1C2VYX2LKIJOXFQ.ZNKEM3_A9Q6LKPEJRS_6TIRGOCFG9A4_4QZZEXAW90E','2025-01-01 09:47:45.385281','2025-01-01 10:47:45.000000',1,'DF776BB659354989AFDEB4FDF40B8CA9'),(109,'EYJHBGCIOIJIUZI1NIISINR5CCI6IKPXVCJ9.EYJ0B2TLBL90EXBLIJOIC2XPZGLUZYISIMV4CCI6MTCZNTCYODQ2NSWIAWF0IJOXNZM1NZI0ODY1LCJQDGKIOII1NWRMNWEWNTQ0MWY0M2Y2OWE2ZWUWN2E1OWNIMTQZNSISINJLZNJLC2HFZXHWIJOXNZM1ODEXMJY1LCJ1C2VYX2LKIJOXFQ.MAMFZY2ITJDP8JXQKVJ4NMJWKXRO8DKO9_JWEVSHXOS','2025-01-01 09:47:45.395148','2025-01-01 10:47:45.000000',1,'55DF5A05441F43F69A6EE07A59CB1435'),(110,'EYJHBGCIOIJIUZI1NIISINR5CCI6IKPXVCJ9.EYJ0B2TLBL90EXBLIJOIC2XPZGLUZYISIMV4CCI6MTCZNTCYODQ2NSWIAWF0IJOXNZM1NZI0ODY1LCJQDGKIOIJMYMY3ZTNMNZLIZMM0ZGEXOTDKYJVHNZM3MTIXZJE4ZSISINJLZNJLC2HFZXHWIJOXNZM1ODEXMJY1LCJ1C2VYX2LKIJOXFQ.MQ9IP4ERRZ7CZAFGNIDILVGQZ2THKGINOEML7HHJ0FG','2025-01-01 09:47:45.409603','2025-01-01 10:47:45.000000',1,'FBF7E3F79BFC4DA197DB5A737121F18E'),(111,'EYJHBGCIOIJIUZI1NIISINR5CCI6IKPXVCJ9.EYJ0B2TLBL90EXBLIJOIC2XPZGLUZYISIMV4CCI6MTCZNTCYODQ2NSWIAWF0IJOXNZM1NZI0ODY1LCJQDGKIOII4MWVMOTDLZDVLOGE0OGYWYTCWMWNLMZRMYTYWNMUZMYISINJLZNJLC2HFZXHWIJOXNZM1ODEXMJY1LCJ1C2VYX2LKIJOXFQ.QWIQ-K-VFN5EIPBY_PIV81XTGQB6JUX771TEI9FQ27K','2025-01-01 09:47:45.423795','2025-01-01 10:47:45.000000',1,'81EF97ED5E8A48F0A701CE34FA606E33'),(112,'EYJHBGCIOIJIUZI1NIISINR5CCI6IKPXVCJ9.EYJ0B2TLBL90EXBLIJOIC2XPZGLUZYISIMV4CCI6MTCZNTCYODQ2NSWIAWF0IJOXNZM1NZI0ODY1LCJQDGKIOIJLMDA3M2EYZWIXYJG0YWU5YJFIYTMXM2QXODVHOGQWMCISINJLZNJLC2HFZXHWIJOXNZM1ODEXMJY1LCJ1C2VYX2LKIJOXFQ.HSFZVWAATW25EQ0S0KJJ0LQYK8DAUES6AWE0NA0OFCW','2025-01-01 09:47:45.485835','2025-01-01 10:47:45.000000',1,'E0073A2EB1B84AE9B1BA313D185A8D00'),(113,'EYJHBGCIOIJIUZI1NIISINR5CCI6IKPXVCJ9.EYJ0B2TLBL90EXBLIJOIC2XPZGLUZYISIMV4CCI6MTCZNTCYODQ2NSWIAWF0IJOXNZM1NZI0ODY1LCJQDGKIOIJMZJIWNWNKZJMXOWI0YZFIYJBLZTUZNGU2MDC1NDQ4OCISINJLZNJLC2HFZXHWIJOXNZM1ODEXMJY1LCJ1C2VYX2LKIJOXFQ.2IOWJA3WS5VPWIRR-5SLD-OKMRGVEJ4JDRT6GT3Z6DW','2025-01-01 09:47:45.554043','2025-01-01 10:47:45.000000',1,'FF205CDF319B4C1BB0EE534E60754488'),(114,'EYJHBGCIOIJIUZI1NIISINR5CCI6IKPXVCJ9.EYJ0B2TLBL90EXBLIJOIC2XPZGLUZYISIMV4CCI6MTCZNTCZMTC2NIWIAWF0IJOXNZM1NZI4MTY2LCJQDGKIOIJMNGRHMJNMYWQYM2U0NDI5OWZMYWQ0NJQ4YMVLZJHKYYISINJLZNJLC2HFZXHWIJOXNZM1ODE0NTY2LCJ1C2VYX2LKIJOXFQ.YD59WI51NQA_4VCOLYKUY9DQPR2K_KIJZKC-MUSHDIG','2025-01-01 10:42:46.256160','2025-01-01 11:42:46.000000',1,'F4DA23FAD23E44299FFAD4648BEEF8DC'),(115,'EYJHBGCIOIJIUZI1NIISINR5CCI6IKPXVCJ9.EYJ0B2TLBL90EXBLIJOICMVMCMVZACISIMV4CCI6MTCZNTGXNJI5NYWIAWF0IJOXNZM1NZI5ODK3LCJQDGKIOII0ZJYZZGY4NGFKOGM0ZDAZYJE2ODJJYWU5MTY4NMM3ZCISINVZZXJFAWQIOJF9.VVJWND3EIRUQEMHVIVZEN_HNCXIWYNZ2DN8ZD0AXF2C','2025-01-01 11:11:37.126457','2025-01-02 11:11:37.000000',1,'4F63DF84AD8C4D03B1682CAE91686C7D'),(116,'EYJHBGCIOIJIUZI1NIISINR5CCI6IKPXVCJ9.EYJ0B2TLBL90EXBLIJOIC2XPZGLUZYISIMV4CCI6MTCZNTCZMZQ5OSWIAWF0IJOXNZM1NZI5ODK5LCJQDGKIOIIZYZY0MTE5MMQYMJY0MZE1YJG2NZY0ZGM1MJRINZY0OCISINJLZNJLC2HFZXHWIJOXNZM1ODE2MJK5LCJ1C2VYX2LKIJOXFQ.YUH06LQWWEMLFDEOHOKLDSWQQ0ILZU9TTOLZ5QDBAAA','2025-01-01 11:11:39.151175','2025-01-01 12:11:39.000000',1,'3C641192D2264315B86764DC524B7648'),(117,'EYJHBGCIOIJIUZI1NIISINR5CCI6IKPXVCJ9.EYJ0B2TLBL90EXBLIJOICMVMCMVZACISIMV4CCI6MTCZNTGXNZQ4OCWIAWF0IJOXNZM1NZMXMDG4LCJQDGKIOII2NJG4NZBHNJZIMGU0YWZLYJQYOGI2N2JLMGRLYZHKZSISINVZZXJFAWQIOJF9._YL006-IZXUGIN7RCJ-F0COP4QTUIUYBWYH5WPK6ITU','2025-01-01 11:31:28.331543','2025-01-02 11:31:28.000000',1,'668870A66B0E4AFEB428B67BE0DEC8DE'),(118,'EYJHBGCIOIJIUZI1NIISINR5CCI6IKPXVCJ9.EYJ0B2TLBL90EXBLIJOIC2XPZGLUZYISIMV4CCI6MTCZNTCZNDY5MSWIAWF0IJOXNZM1NZMXMDKXLCJQDGKIOIIXY2ZLNDKXNWI1OTY0MJEXOTM1NDC2ZDYXMDBMNMU3NIISINJLZNJLC2HFZXHWIJOXNZM1ODE3NDKXLCJ1C2VYX2LKIJOXFQ.MX8TS9PXAW4QDSIUQFRA-DDEJQHHAERRPZWBWGHCZZQ','2025-01-01 11:31:31.300077','2025-01-01 12:31:31.000000',1,'1CFE4915B5964211935476D6100F6E76'),(119,'EYJHBGCIOIJIUZI1NIISINR5CCI6IKPXVCJ9.EYJ0B2TLBL90EXBLIJOIC2XPZGLUZYISIMV4CCI6MTCZNTCZNTIZMCWIAWF0IJOXNZM1NZMXNJMWLCJQDGKIOIIWMJG1NMRMNGM0NTK0Y2Y4YTJHYWYXNWI0NTMXMGE5NIISINJLZNJLC2HFZXHWIJOXNZM1ODE4MDMWLCJ1C2VYX2LKIJOXFQ.RUYQOSDE9VWQB1UMC_BFVDXUDWPS6DL-ST7UP5ZCXYQ','2025-01-01 11:40:30.907152','2025-01-01 12:40:30.000000',1,'02856DF4C4594CF8A2AAF15B45310A96'),(120,'EYJHBGCIOIJIUZI1NIISINR5CCI6IKPXVCJ9.EYJ0B2TLBL90EXBLIJOIC2XPZGLUZYISIMV4CCI6MTCZNTCZNTIZMCWIAWF0IJOXNZM1NZMXNJMWLCJQDGKIOII0Y2FJNDLLZGRJMDM0MTVIYWYYNDE2MMMXYWY0MJMZOSISINJLZNJLC2HFZXHWIJOXNZM1ODE4MDMWLCJ1C2VYX2LKIJOXFQ.YPZPBB2PC9S7VZSD1EK40HDI2VVYXM9_UQAASNBTLHQ','2025-01-01 11:40:30.943456','2025-01-01 12:40:30.000000',1,'4CAC49EDDC03415BAF24162C1AF42339'),(121,'EYJHBGCIOIJIUZI1NIISINR5CCI6IKPXVCJ9.EYJ0B2TLBL90EXBLIJOIC2XPZGLUZYISIMV4CCI6MTCZNTCZNTIZMCWIAWF0IJOXNZM1NZMXNJMWLCJQDGKIOIJLZDAZNMI5MWQ0NZY0ZWVHYWY2M2Y3NGE4ZWYXZJU5YYISINJLZNJLC2HFZXHWIJOXNZM1ODE4MDMWLCJ1C2VYX2LKIJOXFQ.NZCPALD1ZAS_BNU1FDCHCTNTRE9WJAFUGZC6SLAKPQA','2025-01-01 11:40:30.958874','2025-01-01 12:40:30.000000',1,'ED036B91D4764EEAAF63F74A8EF1F59C'),(122,'EYJHBGCIOIJIUZI1NIISINR5CCI6IKPXVCJ9.EYJ0B2TLBL90EXBLIJOIC2XPZGLUZYISIMV4CCI6MTCZNTCZNTIZMCWIAWF0IJOXNZM1NZMXNJMWLCJQDGKIOIIZYWRHZWZKYJE0NZU0ODRIYJIXOWVMYWFIZJA4MJLIYIISINJLZNJLC2HFZXHWIJOXNZM1ODE4MDMWLCJ1C2VYX2LKIJOXFQ.KV3L2HTJUREZ-CZIQCC-SWR50E0GPOUUELPMMHS-JSS','2025-01-01 11:40:30.974692','2025-01-01 12:40:30.000000',1,'3ADAEFDB1475484BB219EFAABF0829BB'),(123,'EYJHBGCIOIJIUZI1NIISINR5CCI6IKPXVCJ9.EYJ0B2TLBL90EXBLIJOIC2XPZGLUZYISIMV4CCI6MTCZNTCZNTIZMCWIAWF0IJOXNZM1NZMXNJMWLCJQDGKIOII1NTLKNGE3ODI3MJU0MJKWYJHMZDAXODAWMJUYOTKYMCISINJLZNJLC2HFZXHWIJOXNZM1ODE4MDMWLCJ1C2VYX2LKIJOXFQ.UJMJXUL55LTC3IJTMAXZDHAHPBLCDNYYERI8ABLS1CE','2025-01-01 11:40:30.994899','2025-01-01 12:40:30.000000',1,'559D4A7827254290B8FD018002529920'),(124,'EYJHBGCIOIJIUZI1NIISINR5CCI6IKPXVCJ9.EYJ0B2TLBL90EXBLIJOIC2XPZGLUZYISIMV4CCI6MTCZNTCZNTIZMSWIAWF0IJOXNZM1NZMXNJMXLCJQDGKIOIJKZTM0MJI0NTHKMZA0ODJKODRHM2E5YME4M2U3NJRHMCISINJLZNJLC2HFZXHWIJOXNZM1ODE4MDMXLCJ1C2VYX2LKIJOXFQ.GN7TYZZDCHBF5CNHARHCFQ6NLBFYH_LPXYE1HEEFXAY','2025-01-01 11:40:31.009467','2025-01-01 12:40:31.000000',1,'DE3422458D30482D84A3A9BA83E764A0'),(125,'EYJHBGCIOIJIUZI1NIISINR5CCI6IKPXVCJ9.EYJ0B2TLBL90EXBLIJOIC2XPZGLUZYISIMV4CCI6MTCZNTCZNTIZMSWIAWF0IJOXNZM1NZMXNJMXLCJQDGKIOII1MMUWMMUXZJBJZGQ0MJIYYTUXMMIXMDQ3NDJKZWVKZIISINJLZNJLC2HFZXHWIJOXNZM1ODE4MDMXLCJ1C2VYX2LKIJOXFQ.4NZHPX0OKLPMSBAPSZ53CIXDIOSF3F9EZ1Y2_PX8CGE','2025-01-01 11:40:31.058042','2025-01-01 12:40:31.000000',1,'52E02E1F0CDD4222A512B104742DEEDF'),(126,'EYJHBGCIOIJIUZI1NIISINR5CCI6IKPXVCJ9.EYJ0B2TLBL90EXBLIJOIC2XPZGLUZYISIMV4CCI6MTCZNTCZNTIZMSWIAWF0IJOXNZM1NZMXNJMXLCJQDGKIOIIWMGE4M2Q5NGI1ODG0NZRKYJKXNZC3ZMEZNJM1OGRKMIISINJLZNJLC2HFZXHWIJOXNZM1ODE4MDMXLCJ1C2VYX2LKIJOXFQ.P1CYA_C_L9J3-W7AVNAG9VXCQFDQ3TCAXWNSO349BVS','2025-01-01 11:40:31.075742','2025-01-01 12:40:31.000000',1,'00A83D94B588474DB91777FA36358DD2'),(127,'EYJHBGCIOIJIUZI1NIISINR5CCI6IKPXVCJ9.EYJ0B2TLBL90EXBLIJOIC2XPZGLUZYISIMV4CCI6MTCZNTCZNTIZMSWIAWF0IJOXNZM1NZMXNJMXLCJQDGKIOII1YZE5MDFLMDU2MMQ0ZJBMODGZNJA0ZJEYNTU2MTAXZCISINJLZNJLC2HFZXHWIJOXNZM1ODE4MDMXLCJ1C2VYX2LKIJOXFQ.IESA-P_GEVKTDJ_ZX00Q1T00R46UE0DB7YTA70YCGNC','2025-01-01 11:40:31.089569','2025-01-01 12:40:31.000000',1,'5C1901E0562D4F0F883604F12556101D'),(128,'EYJHBGCIOIJIUZI1NIISINR5CCI6IKPXVCJ9.EYJ0B2TLBL90EXBLIJOIC2XPZGLUZYISIMV4CCI6MTCZNTCZNTIZMSWIAWF0IJOXNZM1NZMXNJMXLCJQDGKIOIIYMMQWMZC5OTCWYWI0YTCWYMQZMTCZMMNKZWUWNTHLZIISINJLZNJLC2HFZXHWIJOXNZM1ODE4MDMXLCJ1C2VYX2LKIJOXFQ.-EPQDPTIZNPCHNFOWV_FZ4QKBD8QUUR3VPN2GOPHZWW','2025-01-01 11:40:31.113025','2025-01-01 12:40:31.000000',1,'22D0379970AB4A70BD31732CDEE058EF'),(129,'EYJHBGCIOIJIUZI1NIISINR5CCI6IKPXVCJ9.EYJ0B2TLBL90EXBLIJOIC2XPZGLUZYISIMV4CCI6MTCZNTCZNTIZMSWIAWF0IJOXNZM1NZMXNJMXLCJQDGKIOIJIODNINDE5MZG2ZGU0N2Q2YMRJOWI4M2VLMMEYMTG3ZIISINJLZNJLC2HFZXHWIJOXNZM1ODE4MDMXLCJ1C2VYX2LKIJOXFQ.AVEUGAT_8ZTRF2FAJ6LMQQNTGDF3BDBP1RSTFBGPK6M','2025-01-01 11:40:31.125483','2025-01-01 12:40:31.000000',1,'B83B419386DE47D6BDC9B83EE2A2187F'),(130,'EYJHBGCIOIJIUZI1NIISINR5CCI6IKPXVCJ9.EYJ0B2TLBL90EXBLIJOIC2XPZGLUZYISIMV4CCI6MTCZNTCZNTIZMSWIAWF0IJOXNZM1NZMXNJMXLCJQDGKIOIJIMWMZYME1OTBLNGE0YZRJYWQ1ZDM3YJFKZTDHZDZIYIISINJLZNJLC2HFZXHWIJOXNZM1ODE4MDMXLCJ1C2VYX2LKIJOXFQ.TOJ7ZSV5UIIPVF1DBSASUDIX8XWE35YJLSGVHOXU7AU','2025-01-01 11:40:31.138408','2025-01-01 12:40:31.000000',1,'B1C3BA590E4A4C4CAD5D37B1DE7AD6BB'),(131,'EYJHBGCIOIJIUZI1NIISINR5CCI6IKPXVCJ9.EYJ0B2TLBL90EXBLIJOIC2XPZGLUZYISIMV4CCI6MTCZNTCZNTIZMSWIAWF0IJOXNZM1NZMXNJMXLCJQDGKIOIIWNDQYYTBKOGE3OWU0MZQWOWRLMZBLZJEZMZRLNJY5OSISINJLZNJLC2HFZXHWIJOXNZM1ODE4MDMXLCJ1C2VYX2LKIJOXFQ.9ZWFJBWCUIWIBFAUMYD7X8B_OJ1CH3P3EMIC89IAVIO','2025-01-01 11:40:31.155789','2025-01-01 12:40:31.000000',1,'0442A0D8A79E43409DE30EF1334E6699'),(132,'EYJHBGCIOIJIUZI1NIISINR5CCI6IKPXVCJ9.EYJ0B2TLBL90EXBLIJOIC2XPZGLUZYISIMV4CCI6MTCZNTCZNTIZMSWIAWF0IJOXNZM1NZMXNJMXLCJQDGKIOII5YTHMZGMWNJLIMZG0NMMYYJIXZTK4NMJKNWY2MTZLZCISINJLZNJLC2HFZXHWIJOXNZM1ODE4MDMXLCJ1C2VYX2LKIJOXFQ.-W6O9SRIYN0X4-8KSX_AEB4HY8HNW2G_EXJF45ILYPA','2025-01-01 11:40:31.169012','2025-01-01 12:40:31.000000',1,'9A8FDC069B3846C2B21E986BD5F616ED'),(133,'EYJHBGCIOIJIUZI1NIISINR5CCI6IKPXVCJ9.EYJ0B2TLBL90EXBLIJOIC2XPZGLUZYISIMV4CCI6MTCZNTCZNTIZMSWIAWF0IJOXNZM1NZMXNJMXLCJQDGKIOII5YZCZNZCYYZKYMZA0NTZKYJK5NZDJNTKWYJIYZMZJMYISINJLZNJLC2HFZXHWIJOXNZM1ODE4MDMXLCJ1C2VYX2LKIJOXFQ.RYDL2R8EO5405N8GDDQCG0JZPUQDA7WUYTVEDI6IRPS','2025-01-01 11:40:31.181377','2025-01-01 12:40:31.000000',1,'9C73772C9230456DB9977C590B22FFC3'),(134,'EYJHBGCIOIJIUZI1NIISINR5CCI6IKPXVCJ9.EYJ0B2TLBL90EXBLIJOIC2XPZGLUZYISIMV4CCI6MTCZNTCZNTIZMSWIAWF0IJOXNZM1NZMXNJMXLCJQDGKIOIIWYZI4OTQZNZM2OWM0NGE3OGVKZMQ5NJEZOWRHZJNIYYISINJLZNJLC2HFZXHWIJOXNZM1ODE4MDMXLCJ1C2VYX2LKIJOXFQ.805AMUKYY1WCIUAN9NZVOXT_X7K_LBJQ-6UA66VDC4G','2025-01-01 11:40:31.195755','2025-01-01 12:40:31.000000',1,'0C289437369C44A78EDFD96139DAF3BC'),(135,'EYJHBGCIOIJIUZI1NIISINR5CCI6IKPXVCJ9.EYJ0B2TLBL90EXBLIJOIC2XPZGLUZYISIMV4CCI6MTCZNTCZNTIZMSWIAWF0IJOXNZM1NZMXNJMXLCJQDGKIOIJKYJI5ZGRMZGU3OWU0OTKWYTGYMJLHM2VKOTI0Y2ZHMIISINJLZNJLC2HFZXHWIJOXNZM1ODE4MDMXLCJ1C2VYX2LKIJOXFQ.459-CKK5BYPNKZUZH_3M8OXKAOWLFGBNDBZ9TZBXJ4S','2025-01-01 11:40:31.207430','2025-01-01 12:40:31.000000',1,'DB29DDFDE79E4990A8229A3ED924CFA2'),(136,'EYJHBGCIOIJIUZI1NIISINR5CCI6IKPXVCJ9.EYJ0B2TLBL90EXBLIJOIC2XPZGLUZYISIMV4CCI6MTCZNTCZNTIZMSWIAWF0IJOXNZM1NZMXNJMXLCJQDGKIOIJKZTHKYZJLNDQWOTM0NZYXOTG2NTCZNWEWOTBIN2RJZCISINJLZNJLC2HFZXHWIJOXNZM1ODE4MDMXLCJ1C2VYX2LKIJOXFQ.QCACEWZ7WFX0X3Q6KXSMMO-16UDGBKXJYNPVLQZIPPO','2025-01-01 11:40:31.218849','2025-01-01 12:40:31.000000',1,'DE8DC2E4409347619865735A090B7DCD'),(137,'EYJHBGCIOIJIUZI1NIISINR5CCI6IKPXVCJ9.EYJ0B2TLBL90EXBLIJOIC2XPZGLUZYISIMV4CCI6MTCZNTCZNTIZMSWIAWF0IJOXNZM1NZMXNJMXLCJQDGKIOIJIMME5MJK0YWVIOTK0ZJDHYJHJYTKZMZKZY2RINWMZYYISINJLZNJLC2HFZXHWIJOXNZM1ODE4MDMXLCJ1C2VYX2LKIJOXFQ.RAC-D_JTHARCD0SF3CH0FGEEHHKWWMRXG8X8D8G_GXG','2025-01-01 11:40:31.230905','2025-01-01 12:40:31.000000',1,'B2A9294AEB994F7AB8CA93393CDB5C3C'),(138,'EYJHBGCIOIJIUZI1NIISINR5CCI6IKPXVCJ9.EYJ0B2TLBL90EXBLIJOIC2XPZGLUZYISIMV4CCI6MTCZNTCZNTIZMSWIAWF0IJOXNZM1NZMXNJMXLCJQDGKIOIJKMMFKOTEZMJI5MJA0M2EXOGU4YMIYODBLZMYXOGUYYIISINJLZNJLC2HFZXHWIJOXNZM1ODE4MDMXLCJ1C2VYX2LKIJOXFQ.10KE2A7Y0ZXMHMBBYCNVOBHZY0BMOQKWZXFSLPQUQMG','2025-01-01 11:40:31.245081','2025-01-01 12:40:31.000000',1,'D2AD9132292043A18E8BB280EFF18E2B'),(139,'EYJHBGCIOIJIUZI1NIISINR5CCI6IKPXVCJ9.EYJ0B2TLBL90EXBLIJOIC2XPZGLUZYISIMV4CCI6MTCZNTCZNTIZMSWIAWF0IJOXNZM1NZMXNJMXLCJQDGKIOII0YJA3ODIYMWFHNJC0OTMYODY5ODBMMTKYOWU5NGIZZCISINJLZNJLC2HFZXHWIJOXNZM1ODE4MDMXLCJ1C2VYX2LKIJOXFQ.WHW_DNIWSOPZGCD3H1G7MXQ20EY4I_2WZE5MV1EVJ5I','2025-01-01 11:40:31.264047','2025-01-01 12:40:31.000000',1,'4B078221AA67493286980F1929E94B3D'),(140,'EYJHBGCIOIJIUZI1NIISINR5CCI6IKPXVCJ9.EYJ0B2TLBL90EXBLIJOIC2XPZGLUZYISIMV4CCI6MTCZNTCZNTIZMSWIAWF0IJOXNZM1NZMXNJMXLCJQDGKIOIJMNZQ4MTU2OWYXN2Y0MWU0YJY0ZDZMNGJLYJQ5OGY4ZSISINJLZNJLC2HFZXHWIJOXNZM1ODE4MDMXLCJ1C2VYX2LKIJOXFQ.XCSXYOUQBZ_6IKGATIAO3UGXKKBB3YE2SCSWP2ILG44','2025-01-01 11:40:31.275847','2025-01-01 12:40:31.000000',1,'F7481569F17F41E4B64D6F4BEB498F8E'),(141,'EYJHBGCIOIJIUZI1NIISINR5CCI6IKPXVCJ9.EYJ0B2TLBL90EXBLIJOIC2XPZGLUZYISIMV4CCI6MTCZNTCZNTIZMSWIAWF0IJOXNZM1NZMXNJMXLCJQDGKIOII5NMNHMJDJMJM1NJI0MDIYOTK2MJU0ZWI5NDBMNGFMNYISINJLZNJLC2HFZXHWIJOXNZM1ODE4MDMXLCJ1C2VYX2LKIJOXFQ.FPV0XRAYHWFIY7FNCAKHXVCIUHSG2NFMB2PJCBXARQE','2025-01-01 11:40:31.286175','2025-01-01 12:40:31.000000',1,'96CA27C235624022996254EB940F4AF7'),(142,'EYJHBGCIOIJIUZI1NIISINR5CCI6IKPXVCJ9.EYJ0B2TLBL90EXBLIJOIC2XPZGLUZYISIMV4CCI6MTCZNTCZNTIZMSWIAWF0IJOXNZM1NZMXNJMXLCJQDGKIOIJKMGNHMGU5MME1ODK0MTDKYTQYZGRHMMJJODAWZTEZNYISINJLZNJLC2HFZXHWIJOXNZM1ODE4MDMXLCJ1C2VYX2LKIJOXFQ.YDRTOOHEIC7BIV8QRE5_M548W8MU06NA4ZAVVEEN4W0','2025-01-01 11:40:31.310544','2025-01-01 12:40:31.000000',1,'D0CA0E92A589417DA42DDA2BC800E137'),(143,'EYJHBGCIOIJIUZI1NIISINR5CCI6IKPXVCJ9.EYJ0B2TLBL90EXBLIJOIC2XPZGLUZYISIMV4CCI6MTCZNTCZNTIZMSWIAWF0IJOXNZM1NZMXNJMXLCJQDGKIOII2YZJMMTG3NDI1YTC0MZHHOTCXODE4MZVMMMEWYTQXMCISINJLZNJLC2HFZXHWIJOXNZM1ODE4MDMXLCJ1C2VYX2LKIJOXFQ.UT9QUVA0FBAAJZHW0BMDTWCOXSCKJ4JFGDQFHTPIFCY','2025-01-01 11:40:31.321654','2025-01-01 12:40:31.000000',1,'6C2F187425A7438A97181835F2A0A410'),(144,'EYJHBGCIOIJIUZI1NIISINR5CCI6IKPXVCJ9.EYJ0B2TLBL90EXBLIJOIC2XPZGLUZYISIMV4CCI6MTCZNTCZNTIZMSWIAWF0IJOXNZM1NZMXNJMXLCJQDGKIOII5ZMZLNJDKM2YXYZY0OTJMYMZIMJEXZTUXZJJLYTHKNCISINJLZNJLC2HFZXHWIJOXNZM1ODE4MDMXLCJ1C2VYX2LKIJOXFQ.EQVGY_IHXSOE6ERBNPBIUZGPHXDPACWU75LBTAKW5QS','2025-01-01 11:40:31.338520','2025-01-01 12:40:31.000000',1,'9FFE67D3F1C6492FBFB211E51F2EA8D4'),(145,'EYJHBGCIOIJIUZI1NIISINR5CCI6IKPXVCJ9.EYJ0B2TLBL90EXBLIJOICMVMCMVZACISIMV4CCI6MTCZNTGXODC3MYWIAWF0IJOXNZM1NZMYMZCZLCJQDGKIOII4MDMYNGZKMZA1ZDQ0MJQWODK2YJBLNGJKYWI2MJK2NSISINVZZXJFAWQIOJF9.J6HZYEVQD6K1CYL8-BWDT_P1HZLNHR6OW7HJO5FSON0','2025-01-01 11:52:53.410434','2025-01-02 11:52:53.000000',1,'80324FD305D44240896B0E4BDAB62965'),(146,'EYJHBGCIOIJIUZI1NIISINR5CCI6IKPXVCJ9.EYJ0B2TLBL90EXBLIJOIC2XPZGLUZYISIMV4CCI6MTCZNTCZNTK3NIWIAWF0IJOXNZM1NZMYMZC2LCJQDGKIOII4YMRJMGQ1NDDJN2Q0MZI2YMY2YWVLNZHINTBINTCYYYISINJLZNJLC2HFZXHWIJOXNZM1ODE4NZC2LCJ1C2VYX2LKIJOXFQ.D5HDATMFZZWFFOZRWNIJQVLTWD2MTHJYGEJCF_COCBY','2025-01-01 11:52:56.723718','2025-01-01 12:52:56.000000',1,'8BDC0D547C7D4326BF6AEE78B50B572C'),(147,'EYJHBGCIOIJIUZI1NIISINR5CCI6IKPXVCJ9.EYJ0B2TLBL90EXBLIJOICMVMCMVZACISIMV4CCI6MTCZNTGXODKXNCWIAWF0IJOXNZM1NZMYNTE0LCJQDGKIOIJKYTM5MTI1ZTAYOTU0ZJHIOTG2MTNLZMRKZGM3MJK1MIISINVZZXJFAWQIOJF9.LUMTHTF0FYOE9SSJZ-PE8IQYPH5AM2JHACICN_66FO0','2025-01-01 11:55:14.550055','2025-01-02 11:55:14.000000',1,'DA39125E02954F8B98613EFDDDC72952'),(148,'EYJHBGCIOIJIUZI1NIISINR5CCI6IKPXVCJ9.EYJ0B2TLBL90EXBLIJOICMVMCMVZACISIMV4CCI6MTCZNTGXODKXNSWIAWF0IJOXNZM1NZMYNTE1LCJQDGKIOII0ZTM4ZTVHNTKWZWE0ZWQYOGY4ZWRIMWJKOWVJMDI3NIISINVZZXJFAWQIOJF9.CKBSVCBDEN7IPJLCUYHG71_LG7URE5XGXZSCI6G_3KM','2025-01-01 11:55:15.442500','2025-01-02 11:55:15.000000',1,'4E38E5A590EA4ED28F8EDB1BD9EC0276'),(149,'EYJHBGCIOIJIUZI1NIISINR5CCI6IKPXVCJ9.EYJ0B2TLBL90EXBLIJOIC2XPZGLUZYISIMV4CCI6MTCZNTCZNJEXOCWIAWF0IJOXNZM1NZMYNTE4LCJQDGKIOIIWOGY1NWZHNGQXYTC0MTIYYJY5NMFIMJBKNDC3NDZMNIISINJLZNJLC2HFZXHWIJOXNZM1ODE4OTE4LCJ1C2VYX2LKIJOXFQ.1JN3JGP-H18NNT1H4GRO75GT-XHKHJ9YRZEIJWCBDX0','2025-01-01 11:55:18.802492','2025-01-01 12:55:18.000000',1,'08F55FA4D1A74122B696AB20D47746F6'),(150,'EYJHBGCIOIJIUZI1NIISINR5CCI6IKPXVCJ9.EYJ0B2TLBL90EXBLIJOICMVMCMVZACISIMV4CCI6MTCZNTGYODY5NCWIAWF0IJOXNZM1NZQYMJK0LCJQDGKIOII5Y2NLZDU4YZHKYJU0NJJKYTA3MGJHNDJIOTK2ZMM2YYISINVZZXJFAWQIOJF9.GYVLFGIVVTJOHXS8EBKVISAPP_F17SDMTPEOLSHVI9K','2025-01-01 14:38:14.354482','2025-01-02 14:38:14.000000',1,'9CCED58C8DB5462DA070BA42B996FC6C'),(151,'EYJHBGCIOIJIUZI1NIISINR5CCI6IKPXVCJ9.EYJ0B2TLBL90EXBLIJOICMVMCMVZACISIMV4CCI6MTCZNTGYODC5MSWIAWF0IJOXNZM1NZQYMZKXLCJQDGKIOII5ZDE1ZGIZNMY1Y2I0MGZJYJAZMDQZNMYYZJE3MGY0MCISINVZZXJFAWQIOJF9.H9TYXOWBFM6NCISOH0WOAQUYG5GKHCRLYBUJKIE9HTA','2025-01-01 14:39:51.361916','2025-01-02 14:39:51.000000',1,'9D15DB36F5CB40FCB030436F2F170F40'),(152,'EYJHBGCIOIJIUZI1NIISINR5CCI6IKPXVCJ9.EYJ0B2TLBL90EXBLIJOICMVMCMVZACISIMV4CCI6MTCZNTGYODG3NCWIAWF0IJOXNZM1NZQYNDC0LCJQDGKIOII3NTIWMZI1NZK4MMU0MZRKYJQ5ZGRHMZFKNTG0MTE5MSISINVZZXJFAWQIOJF9.7ZYYLXJQSCAC85ZENUAXRRHU2VHWI8CNC2LUSQ-EXLW','2025-01-01 14:41:14.423204','2025-01-02 14:41:14.000000',1,'75203257982E434DB49DDA31D5841191'),(153,'EYJHBGCIOIJIUZI1NIISINR5CCI6IKPXVCJ9.EYJ0B2TLBL90EXBLIJOICMVMCMVZACISIMV4CCI6MTCZNTG3NTQ3OSWIAWF0IJOXNZM1NZG5MDC5LCJQDGKIOIJJYJLLZWE3MZVLYMM0N2ZHOTFJMDE1NTIYMTGYZGU4ZSISINVZZXJFAWQIOJF9.-R5YXRBZSXOCE6RZPH0LHABVAHZZMX5AUIJ6SOAOO20','2025-01-02 03:37:59.190389','2025-01-03 03:37:59.000000',1,'CB9EEA735EBC47FA91C015522182DE8E'),(154,'EYJHBGCIOIJIUZI1NIISINR5CCI6IKPXVCJ9.EYJ0B2TLBL90EXBLIJOIC2XPZGLUZYISIMV4CCI6MTCZNTC5MJY4MSWIAWF0IJOXNZM1NZG5MDGXLCJQDGKIOIIWODVHZGU0MTC3MTU0NWE5YTM1ZMU4MTNLZTLLM2JIYIISINJLZNJLC2HFZXHWIJOXNZM1ODC1NDGXLCJ1C2VYX2LKIJOXFQ.HUPBTFFVCYUQFHGWMPGYNWCWTYTOFZHWUMH72G_CPKU','2025-01-02 03:38:01.477180','2025-01-02 04:38:01.000000',1,'085ADE41771545A9A35FE813EE9E3BBB'),(155,'EYJHBGCIOIJIUZI1NIISINR5CCI6IKPXVCJ9.EYJ0B2TLBL90EXBLIJOICMVMCMVZACISIMV4CCI6MTCZNTG3NJCYMCWIAWF0IJOXNZM1NZKWMZIWLCJQDGKIOII1MTA0YMI4ODI2MGE0MDUYYJVHYTDINDY1M2MYZTA3YYISINVZZXJFAWQIOJF9.A0HGO6SRSW8-ZIFKGTFDJRE8X1QG4TS1N46NGCIXOE0','2025-01-02 03:58:40.686775','2025-01-03 03:58:40.000000',1,'5104BB88260A4052B5AA7B4653C2E07C'),(156,'EYJHBGCIOIJIUZI1NIISINR5CCI6IKPXVCJ9.EYJ0B2TLBL90EXBLIJOIC2XPZGLUZYISIMV4CCI6MTCZNTC5MZKYMYWIAWF0IJOXNZM1NZKWMZIZLCJQDGKIOIJIZWZHZMYWMJY5OGU0MDYZYJVIY2MZNTGXNZJLMTG2NCISINJLZNJLC2HFZXHWIJOXNZM1ODC2NZIZLCJ1C2VYX2LKIJOXFQ.TF77MXZIRYFEVI5_1G9D-Z2YAAK4XEQ77LPLG0A4DYQ','2025-01-02 03:58:43.087352','2025-01-02 04:58:43.000000',1,'BEFAFF02698E4063B5BCC358172E1864'),(157,'EYJHBGCIOIJIUZI1NIISINR5CCI6IKPXVCJ9.EYJ0B2TLBL90EXBLIJOICMVMCMVZACISIMV4CCI6MTCZNTG3NJC0NYWIAWF0IJOXNZM1NZKWMZQ3LCJQDGKIOIJKOTRKNZI5ZGRKMDI0OGJIYTVIMWFJZJY4MGRIMWY2YSISINVZZXJFAWQIOJF9.SAOBVZGNZOAPFRMSVI6YO2Q-KUE1XQ0YOY-T1AOHAUE','2025-01-02 03:59:07.847772','2025-01-03 03:59:07.000000',1,'D94D729DDD0248BBA5B1ACF680DB1F6A'),(158,'EYJHBGCIOIJIUZI1NIISINR5CCI6IKPXVCJ9.EYJ0B2TLBL90EXBLIJOIC2XPZGLUZYISIMV4CCI6MTCZNTC5MZK0OSWIAWF0IJOXNZM1NZKWMZQ5LCJQDGKIOII5MWZKZJNHY2Y4NJQ0MJE4ODEXYJG4ZJRJMMY4MJDLNYISINJLZNJLC2HFZXHWIJOXNZM1ODC2NZQ5LCJ1C2VYX2LKIJOXFQ.Q9KEUR7SSMYNYUCENPBFWTKA5BL0MLBYZ-VEOH9TRF8','2025-01-02 03:59:09.432241','2025-01-02 04:59:09.000000',1,'91FDF3ACF8644218811B88F4C2F827E7'),(159,'EYJHBGCIOIJIUZI1NIISINR5CCI6IKPXVCJ9.EYJ0B2TLBL90EXBLIJOICMVMCMVZACISIMV4CCI6MTCZNTG3NJKYNCWIAWF0IJOXNZM1NZKWNTI0LCJQDGKIOII1YZLLYWFJY2ZHODE0MDK3ODC5YZK5ZWE4MMRJOTA0MYISINVZZXJFAWQIOJF9.FY0CKFEBBCEBZTVVNPQSVSGPO4SWU7EBBHUPZR5_2UC','2025-01-02 04:02:04.600605','2025-01-03 04:02:04.000000',1,'5C9EAACCFA814097879C99EA82DC9043'),(160,'EYJHBGCIOIJIUZI1NIISINR5CCI6IKPXVCJ9.EYJ0B2TLBL90EXBLIJOIC2XPZGLUZYISIMV4CCI6MTCZNTC5NDEYNIWIAWF0IJOXNZM1NZKWNTI2LCJQDGKIOIJJYWRJZMRKMDLIYZU0ODGZYJG0MDJHNZJKYZFLZWYZMIISINJLZNJLC2HFZXHWIJOXNZM1ODC2OTI2LCJ1C2VYX2LKIJOXFQ.C2NCXG3UQVZONV7KF-APVWL9AFBBHCKZOGVPTVVB8-I','2025-01-02 04:02:06.068307','2025-01-02 05:02:06.000000',1,'CADCFDD09BC54883B8402A72DC1EEF32'),(161,'EYJHBGCIOIJIUZI1NIISINR5CCI6IKPXVCJ9.EYJ0B2TLBL90EXBLIJOICMVMCMVZACISIMV4CCI6MTCZNTG3NJK0NCWIAWF0IJOXNZM1NZKWNTQ0LCJQDGKIOIJLY2E5OTAWODA4ZTG0NMZHODA0MWVKNMM3MWVJMDK0ZSISINVZZXJFAWQIOJF9.MOBEGMZVINDEK2XCS9IBMZ22QBHBUTAUXVBGYPT9WG8','2025-01-02 04:02:24.495053','2025-01-03 04:02:24.000000',1,'ECA9900808E846FA8041ED6C71EC094E'),(162,'EYJHBGCIOIJIUZI1NIISINR5CCI6IKPXVCJ9.EYJ0B2TLBL90EXBLIJOIC2XPZGLUZYISIMV4CCI6MTCZNTC5NDE1MSWIAWF0IJOXNZM1NZKWNTUXLCJQDGKIOIJIYJQ2NJY2MJE5NDI0ZDNLODNMMGFMZDM4YWVJM2M4NYISINJLZNJLC2HFZXHWIJOXNZM1ODC2OTUXLCJ1C2VYX2LKIJOXFQ.9GGGZR4T9TDE95O58Z0NUBRNAHE4IPAIU0JMK522-KA','2025-01-02 04:02:31.761673','2025-01-02 05:02:31.000000',1,'BB46666219424D3E83F0AFD38AEC3C87'),(163,'EYJHBGCIOIJIUZI1NIISINR5CCI6IKPXVCJ9.EYJ0B2TLBL90EXBLIJOICMVMCMVZACISIMV4CCI6MTCZNTG3NZMZNSWIAWF0IJOXNZM1NZKWOTM1LCJQDGKIOIIXYJHHZTZKNDCYZJE0OTU1OGJJNWEYYJVKMWM3ZGZHMIISINVZZXJFAWQIOJF9.ZGPBVCPNDIAQY5IJCONSLB9OS0YML_RNH7KC8A6M45U','2025-01-02 04:08:55.231848','2025-01-03 04:08:55.000000',1,'1B8AE6D472F149558BC5A2B5D1C7DFA2'),(164,'EYJHBGCIOIJIUZI1NIISINR5CCI6IKPXVCJ9.EYJ0B2TLBL90EXBLIJOIC2XPZGLUZYISIMV4CCI6MTCZNTC5NDUZNYWIAWF0IJOXNZM1NZKWOTM3LCJQDGKIOII1ZTRKOTU1NWIXOTQ0NTGWOTA3YTDLZDI1MZKWYTY1NYISINJLZNJLC2HFZXHWIJOXNZM1ODC3MZM3LCJ1C2VYX2LKIJOXFQ.QSYMVDL-S8RAKNXHCFR_SRA2WOT-QMIGAIKAYCI3BES','2025-01-02 04:08:57.076828','2025-01-02 05:08:57.000000',1,'5E4D9555B1944580907A7ED25390A657'),(165,'EYJHBGCIOIJIUZI1NIISINR5CCI6IKPXVCJ9.EYJ0B2TLBL90EXBLIJOIC2XPZGLUZYISIMV4CCI6MTCZNTC5NTCWMCWIAWF0IJOXNZM1NZKYMTAWLCJQDGKIOII5NMIWZJQWNJDJYTG0OTK3YTLIZDM0ZTFHOWY1Y2ZJNCISINJLZNJLC2HFZXHWIJOXNZM1ODC4NTAWLCJ1C2VYX2LKIJOXFQ.VSGB4RMMA3VP2Z_NSRIANLPZB1ZYLW1DRQVQP7MFJMS','2025-01-02 04:28:20.095880','2025-01-02 05:28:20.000000',1,'96B0F4067CA84997A9BD34E1A9F5CFC4'),(166,'EYJHBGCIOIJIUZI1NIISINR5CCI6IKPXVCJ9.EYJ0B2TLBL90EXBLIJOICMVMCMVZACISIMV4CCI6MTCZNTG3ODU3NIWIAWF0IJOXNZM1NZKYMTC2LCJQDGKIOII2ZJRJNJKWMMU3NGQ0MMQWOTA5NJA0MDQXZWZKNMVLOCISINVZZXJFAWQIOJF9.JDROAGPTVWGTSM9GO0IFCCXASWTW3FBEQZH0O4FTNXQ','2025-01-02 04:29:36.479113','2025-01-03 04:29:36.000000',1,'6F4C6902E74D42D0909604041EFD6EE8'),(167,'EYJHBGCIOIJIUZI1NIISINR5CCI6IKPXVCJ9.EYJ0B2TLBL90EXBLIJOIC2XPZGLUZYISIMV4CCI6MTCZNTC5NTC3OSWIAWF0IJOXNZM1NZKYMTC5LCJQDGKIOIIZYZM0NTY4YZA4YZK0MWM2OTNMMMRKZDNHYZBMNWVJMYISINJLZNJLC2HFZXHWIJOXNZM1ODC4NTC5LCJ1C2VYX2LKIJOXFQ.G20DHWB27T0EBIQP2RXQPN6MECC4ABDLK1NE5HXDXS8','2025-01-02 04:29:39.609471','2025-01-02 05:29:39.000000',1,'3C34568C08C941C693F2DDD3AC0F5EC3'),(168,'EYJHBGCIOIJIUZI1NIISINR5CCI6IKPXVCJ9.EYJ0B2TLBL90EXBLIJOICMVMCMVZACISIMV4CCI6MTCZNTG4ODQZOCWIAWF0IJOXNZM1ODAYMDM4LCJQDGKIOIIXZGQ5MWE3MDUYOTY0ZWQ0YMJJNJM3NDIZMZI4MGFMNIISINVZZXJFAWQIOJF9.RGJZE9RVO1W9ZOLCD6DHKNOQJFJLO_AGJM_OUC5D5US','2025-01-02 07:13:58.944104','2025-01-03 07:13:58.000000',1,'1DD91A7052964ED4BBC6374233280AF6'),(169,'EYJHBGCIOIJIUZI1NIISINR5CCI6IKPXVCJ9.EYJ0B2TLBL90EXBLIJOIC2XPZGLUZYISIMV4CCI6MTCZNTGWNTY0MIWIAWF0IJOXNZM1ODAYMDQYLCJQDGKIOIJMMTI5MDFHNWQ4MGQ0YMFIODE5ZJLHMJVHMGRLYTNKMIISINJLZNJLC2HFZXHWIJOXNZM1ODG4NDQYLCJ1C2VYX2LKIJOXFQ.LHPAU7TB5SVNDGOGZ87UTSDI-I1H-KOI0DQVSAMQSFS','2025-01-02 07:14:02.012188','2025-01-02 08:14:02.000000',1,'F12901A5D80D4BAB819F9A25A0DEA3D2'),(170,'EYJHBGCIOIJIUZI1NIISINR5CCI6IKPXVCJ9.EYJ0B2TLBL90EXBLIJOICMVMCMVZACISIMV4CCI6MTCZNTG5MDAZOCWIAWF0IJOXNZM1ODAZNJM4LCJQDGKIOIJKNTE3NWVJYMNHNJK0NTQZYWE2MWQ2MTG2Y2Y5ZDCXNYISINVZZXJFAWQIOJF9.BDSROVPJPKW4Z6D1XNH-1WI_ZAG03EGOIMYWVUJR5F4','2025-01-02 07:40:38.513967','2025-01-03 07:40:38.000000',1,'D5175ECBCA694543AA61D6186CF9D717'),(171,'EYJHBGCIOIJIUZI1NIISINR5CCI6IKPXVCJ9.EYJ0B2TLBL90EXBLIJOIC2XPZGLUZYISIMV4CCI6MTCZNTGWNZI0MCWIAWF0IJOXNZM1ODAZNJQWLCJQDGKIOII3ODK2NDM4N2RKNDY0OWU0OTZKYTKZMWE4MWUZMJK0ZIISINJLZNJLC2HFZXHWIJOXNZM1ODKWMDQWLCJ1C2VYX2LKIJOXFQ.9CLIINNUPQSGWWRWIJNHA915YIXWS3W-NJ4X5CKOKCI','2025-01-02 07:40:40.776766','2025-01-02 08:40:40.000000',1,'78964387DD4649E496DA931A81E3294F'),(172,'EYJHBGCIOIJIUZI1NIISINR5CCI6IKPXVCJ9.EYJ0B2TLBL90EXBLIJOICMVMCMVZACISIMV4CCI6MTCZNTG5MDEYNIWIAWF0IJOXNZM1ODAZNZI2LCJQDGKIOII2ZTGYYWQ5Y2ZLNMQ0N2UWYMVIOTQ3NZUZOWU1Y2UWZSISINVZZXJFAWQIOJF9.3_CP1HCBYYJ6CPUYCZ5CFEXUF1E8MAL49VLLRTIAXFO','2025-01-02 07:42:06.388657','2025-01-03 07:42:06.000000',1,'6E82AD9CFE6D47E0BEB9477539E5CE0E'),(173,'EYJHBGCIOIJIUZI1NIISINR5CCI6IKPXVCJ9.EYJ0B2TLBL90EXBLIJOICMVMCMVZACISIMV4CCI6MTCZNTG5MDEZMYWIAWF0IJOXNZM1ODAZNZMZLCJQDGKIOII3ZJK2OGRHOGE2M2I0MGZIYWZLZMVLNGYXYZVLZMMZOSISINVZZXJFAWQIOJF9.O-H6MBF2LRFPBDDSIXNO0WI8HTSVU84T3AHIODOTVKS','2025-01-02 07:42:13.233308','2025-01-03 07:42:13.000000',1,'7F968DA8A63B40FBAFEFEE4F1C5EFC39'),(174,'EYJHBGCIOIJIUZI1NIISINR5CCI6IKPXVCJ9.EYJ0B2TLBL90EXBLIJOIC2XPZGLUZYISIMV4CCI6MTCZNTGWNZMZOSWIAWF0IJOXNZM1ODAZNZM5LCJQDGKIOIJIYZA2MJFJODBHMTE0ZTQ2OWE2ZTYZNTDJMZE3MJDMNIISINJLZNJLC2HFZXHWIJOXNZM1ODKWMTM5LCJ1C2VYX2LKIJOXFQ.W_SFEJ8X4KLGDXRMIRJUL6HSUBAYWH1DJQQGNFW0Q8C','2025-01-02 07:42:19.235618','2025-01-02 08:42:19.000000',1,'BC0621C80A114E469A6E6357C31727F6'),(175,'EYJHBGCIOIJIUZI1NIISINR5CCI6IKPXVCJ9.EYJ0B2TLBL90EXBLIJOICMVMCMVZACISIMV4CCI6MTCZNTG5MDE1NSWIAWF0IJOXNZM1ODAZNZU1LCJQDGKIOII2OWU5OWQ2OWFINMQ0ZWNLYTRHZTM5NZNKOWEXOTK2YSISINVZZXJFAWQIOJF9.-WDXHTRBMSHY75TKQFP3PPYXIB3BS_UHH6ROE3OAZAG','2025-01-02 07:42:35.794550','2025-01-03 07:42:35.000000',1,'69E99D69AB6D4ECEA4AE3973D9A1996A'),(176,'EYJHBGCIOIJIUZI1NIISINR5CCI6IKPXVCJ9.EYJ0B2TLBL90EXBLIJOIC2XPZGLUZYISIMV4CCI6MTCZNTGWNZM1OSWIAWF0IJOXNZM1ODAZNZU5LCJQDGKIOIIXZJBHOGY1NDA3NDY0MWNMODJKNMU5ZWRJNTRKNDDJNCISINJLZNJLC2HFZXHWIJOXNZM1ODKWMTU5LCJ1C2VYX2LKIJOXFQ.O15RHNMGNCNQ7WDGOXOSKBHGVWJSKTN_UZZAI0H94DU','2025-01-02 07:42:39.631966','2025-01-02 08:42:39.000000',1,'1F0A8F54074641CF82D6E9EDC54D47C4'),(177,'EYJHBGCIOIJIUZI1NIISINR5CCI6IKPXVCJ9.EYJ0B2TLBL90EXBLIJOICMVMCMVZACISIMV4CCI6MTCZNTG5MDI2OCWIAWF0IJOXNZM1ODAZODY4LCJQDGKIOIJJMWJHZWNIZJVHMJA0ZJUWOWIWZTE0MWQ3ZDU0MMNMMIISINVZZXJFAWQIOJF9.YW5VHZACSSS2-K0IZOMPQKC1JP0UME1BDWTHQXOFK8U','2025-01-02 07:44:28.917029','2025-01-03 07:44:28.000000',1,'C1BAECBF5A204F509B0E141D7D542CF2'),(178,'EYJHBGCIOIJIUZI1NIISINR5CCI6IKPXVCJ9.EYJ0B2TLBL90EXBLIJOIC2XPZGLUZYISIMV4CCI6MTCZNTGWNZQ3MYWIAWF0IJOXNZM1ODAZODCZLCJQDGKIOIJKNDQYNZFMMTIWOTG0YJG2ODY1MZRMOGFLMDZLZTZHMIISINJLZNJLC2HFZXHWIJOXNZM1ODKWMJCZLCJ1C2VYX2LKIJOXFQ.WJ-KMM5IYXODJJW8UOXWKS0PRUW0TAPRGF3EOV3JFV8','2025-01-02 07:44:33.048356','2025-01-02 08:44:33.000000',1,'D44271F120984B8686534F8AE06EE6A2'),(179,'EYJHBGCIOIJIUZI1NIISINR5CCI6IKPXVCJ9.EYJ0B2TLBL90EXBLIJOICMVMCMVZACISIMV4CCI6MTCZNTG5MDM0MYWIAWF0IJOXNZM1ODAZOTQZLCJQDGKIOII5ZGM5MDC2NZQXNGE0NTYXYME5MMRMNJQXNMNJY2JIZCISINVZZXJFAWQIOJF9.F2S-TM9PSECBNVPD06VS_RWAAD-T28H-HU_5MLUKMFU','2025-01-02 07:45:43.732073','2025-01-03 07:45:43.000000',1,'9DC90767414A4561BA92DF6416CCCBBD'),(180,'EYJHBGCIOIJIUZI1NIISINR5CCI6IKPXVCJ9.EYJ0B2TLBL90EXBLIJOIC2XPZGLUZYISIMV4CCI6MTCZNTGWNZU0NSWIAWF0IJOXNZM1ODAZOTQ1LCJQDGKIOIJHNZKZOGQ5YZUYMDQ0OGVHYMFJODK2ZDU2OTVMNJC3YIISINJLZNJLC2HFZXHWIJOXNZM1ODKWMZQ1LCJ1C2VYX2LKIJOXFQ.RCAQBVMNGALO8LI1FHQKO1OWGTQJ8USZYMFT-CSVUPM','2025-01-02 07:45:45.836511','2025-01-02 08:45:45.000000',1,'A7938D9C520448EABAC896D5695F677B'),(181,'EYJHBGCIOIJIUZI1NIISINR5CCI6IKPXVCJ9.EYJ0B2TLBL90EXBLIJOICMVMCMVZACISIMV4CCI6MTCZNTG5MDQ0OCWIAWF0IJOXNZM1ODA0MDQ4LCJQDGKIOII2YJBLYZE3YZU1MDE0YMFJODCXNMJMNTAZZMM2OTKZZSISINVZZXJFAWQIOJF9.QKPT6FIMY9FAOCP1VYV_-QFRF_SJJ8AS8-KT9N6ZWW0','2025-01-02 07:47:28.991247','2025-01-03 07:47:28.000000',1,'6B0EC17C55014BAC8716BF503FC6993E'),(182,'EYJHBGCIOIJIUZI1NIISINR5CCI6IKPXVCJ9.EYJ0B2TLBL90EXBLIJOICMVMCMVZACISIMV4CCI6MTCZNTG5MDQ3OSWIAWF0IJOXNZM1ODA0MDC5LCJQDGKIOII3OGMWZJY0NZDLYWM0ZWU5OWM2MZAZN2E2ZWEYYTKZMCISINVZZXJFAWQIOJF9.0ZL8BQEYWAFLZL0JHQO2RJFF0DKNAWV9E2EUCG6MPAO','2025-01-02 07:47:59.118355','2025-01-03 07:47:59.000000',1,'78C0F6477EAC4EE99C63037A6EA2A930'),(183,'EYJHBGCIOIJIUZI1NIISINR5CCI6IKPXVCJ9.EYJ0B2TLBL90EXBLIJOICMVMCMVZACISIMV4CCI6MTCZNTG5MDQ4MCWIAWF0IJOXNZM1ODA0MDGWLCJQDGKIOII1MDYZY2ZLYTBHOWI0NDRIOGRIOGUYZTC2ZDI2ZGQ1NSISINVZZXJFAWQIOJF9.TI1N4AR2PV5FQZHRNXSDCZP-LPUHRDVS-TUOWKKNRSO','2025-01-02 07:48:00.714388','2025-01-03 07:48:00.000000',1,'5063CFEA0A9B444B8DB8E2E76D26DD55'),(184,'EYJHBGCIOIJIUZI1NIISINR5CCI6IKPXVCJ9.EYJ0B2TLBL90EXBLIJOIC2XPZGLUZYISIMV4CCI6MTCZNTGWNZY4OCWIAWF0IJOXNZM1ODA0MDG4LCJQDGKIOII0MJVLY2I1MMU2OTM0OTFHOWE4OWQ4NGNHYJEWMJAYNIISINJLZNJLC2HFZXHWIJOXNZM1ODKWNDG4LCJ1C2VYX2LKIJOXFQ.OSSGAJPPESFFWVCDNVCQ8PV3Z7-TUKAXFYOIIWRLHP4','2025-01-02 07:48:08.787866','2025-01-02 08:48:08.000000',1,'425ECB52E693491A9A89D84CAB102026'),(185,'EYJHBGCIOIJIUZI1NIISINR5CCI6IKPXVCJ9.EYJ0B2TLBL90EXBLIJOIC2XPZGLUZYISIMV4CCI6MTCZNTGWNZCWOSWIAWF0IJOXNZM1ODA0MTA5LCJQDGKIOIJMNGY1MTY4NTE4ZDI0NZNMOGFIYJC0YMM3NJNJMGIXYSISINJLZNJLC2HFZXHWIJOXNZM1ODKWNTA5LCJ1C2VYX2LKIJOXFQ.BB46R3DEO34OEW4HEL2SJ9TRJADIVBYXZPYCTOHVGW0','2025-01-02 07:48:29.121471','2025-01-02 08:48:29.000000',1,'F4F5168518D2473F8ABB74BC763C0B1A'),(186,'EYJHBGCIOIJIUZI1NIISINR5CCI6IKPXVCJ9.EYJ0B2TLBL90EXBLIJOICMVMCMVZACISIMV4CCI6MTCZNTG5MTYWNSWIAWF0IJOXNZM1ODA1MJA1LCJQDGKIOIJLZTG1NTCWMDBJZTU0MME1YWMXNJK5NJLINMQWNJRJZIISINVZZXJFAWQIOJF9.H3O3Z4HDAOZFVX_Y0SLA7QNGLDXH2GCXLQHJMTG0LO8','2025-01-02 08:06:45.188828','2025-01-03 08:06:45.000000',1,'EE8557000CE542A5AC169969B6D064CF'),(187,'EYJHBGCIOIJIUZI1NIISINR5CCI6IKPXVCJ9.EYJ0B2TLBL90EXBLIJOIC2XPZGLUZYISIMV4CCI6MTCZNTGWODGWNYWIAWF0IJOXNZM1ODA1MJA3LCJQDGKIOIIXMWYYYJZKMGZKOWI0MDBIYTGXZTU2ZWU4OTC5MMFHOCISINJLZNJLC2HFZXHWIJOXNZM1ODKXNJA3LCJ1C2VYX2LKIJOXFQ.TUNGENAMGUH1YH2XRN2WX1-RK_AVHWKOD_CPVV2POQS','2025-01-02 08:06:47.741321','2025-01-02 09:06:47.000000',1,'11F2B6D0FD9B400BA81E56EE89792AA8'),(188,'EYJHBGCIOIJIUZI1NIISINR5CCI6IKPXVCJ9.EYJ0B2TLBL90EXBLIJOICMVMCMVZACISIMV4CCI6MTCZNTG5MJGYOCWIAWF0IJOXNZM1ODA2NDI4LCJQDGKIOIJHYMVINDJMOWE4ODA0NTC0ODCWMWFIYJG0ZMUWZJZMMSISINVZZXJFAWQIOJF9.JQAOW4Q33WCPVGBPCNYXQYBGLEL2UFWSHFIOHIVILO4','2025-01-02 08:27:08.790029','2025-01-03 08:27:08.000000',1,'ABEB42F9A88045748701ABB84FE0F6F1'),(189,'EYJHBGCIOIJIUZI1NIISINR5CCI6IKPXVCJ9.EYJ0B2TLBL90EXBLIJOIC2XPZGLUZYISIMV4CCI6MTCZNTGXMDAZMIWIAWF0IJOXNZM1ODA2NDMYLCJQDGKIOII0ZDBINJDHZMQ1NDU0MJKXYMJKOTE0MDQWOGJJYMEXNCISINJLZNJLC2HFZXHWIJOXNZM1ODKYODMYLCJ1C2VYX2LKIJOXFQ.KRERWBHGXRGTDGLHJHXF_VGL6J6L1BLVM7SB1P1H0TW','2025-01-02 08:27:12.548281','2025-01-02 09:27:12.000000',1,'4D0B67AFD5454291BBD9140408BCBA14'),(190,'EYJHBGCIOIJIUZI1NIISINR5CCI6IKPXVCJ9.EYJ0B2TLBL90EXBLIJOICMVMCMVZACISIMV4CCI6MTCZNTG5NDA2MCWIAWF0IJOXNZM1ODA3NJYWLCJQDGKIOII2NDY4ZDG5NJHKYMQ0NTKZODG0ODY4ZTJKODM5Y2RJNCISINVZZXJFAWQIOJF9.3PD1JMXQ9M5ZCGERICZYH8T0UTGX7BMMUI6SAANVH3I','2025-01-02 08:47:40.381168','2025-01-03 08:47:40.000000',1,'6468D8968DBD4593884868E2D839CDC4'),(191,'EYJHBGCIOIJIUZI1NIISINR5CCI6IKPXVCJ9.EYJ0B2TLBL90EXBLIJOIC2XPZGLUZYISIMV4CCI6MTCZNTGXMTI2NCWIAWF0IJOXNZM1ODA3NJY0LCJQDGKIOIJHNZE3OWNJMJEYNDA0MTK3YTCXNJQ2MJDMZMY2MZFJNCISINJLZNJLC2HFZXHWIJOXNZM1ODK0MDY0LCJ1C2VYX2LKIJOXFQ.JZXBYZXTZBDETX2VAVS9RR0WBZMYPGTQK336N3EROFK','2025-01-02 08:47:44.438584','2025-01-02 09:47:44.000000',1,'A7179CC212404197A7164627FFF631C4'),(192,'EYJHBGCIOIJIUZI1NIISINR5CCI6IKPXVCJ9.EYJ0B2TLBL90EXBLIJOICMVMCMVZACISIMV4CCI6MTCZNTG5NTY4NYWIAWF0IJOXNZM1ODA5MJG3LCJQDGKIOIIZZJQ3NJQ5MJQYYZQ0NJU4OGU0YWM4ZMQYOWQ0NJA4MCISINVZZXJFAWQIOJF9.B5SFHFI_RERYRL6CVTX7PJI_1BJ9OP3BYSY5YUE7MBM','2025-01-02 09:14:47.812694','2025-01-03 09:14:47.000000',1,'3F47649242C446588E4AC8FD29D46080'),(193,'EYJHBGCIOIJIUZI1NIISINR5CCI6IKPXVCJ9.EYJ0B2TLBL90EXBLIJOIC2XPZGLUZYISIMV4CCI6MTCZNTGXMJG5MSWIAWF0IJOXNZM1ODA5MJKXLCJQDGKIOIIXNZJJM2U0NGNMNTU0YJQ5OTVLZJVJZJFJZMQ0YJJJZSISINJLZNJLC2HFZXHWIJOXNZM1ODK1NJKXLCJ1C2VYX2LKIJOXFQ.S6PF-OT-MOQYYNC5FWYRAYSS39SPUE3CL8HJ1K7C3YO','2025-01-02 09:14:51.418442','2025-01-02 10:14:51.000000',1,'172C3E44CF554B4995EF5CF1CFD4B2CE'),(194,'EYJHBGCIOIJIUZI1NIISINR5CCI6IKPXVCJ9.EYJ0B2TLBL90EXBLIJOICMVMCMVZACISIMV4CCI6MTCZNTG5NJQ3NSWIAWF0IJOXNZM1ODEWMDC1LCJQDGKIOIIXZGY5NWFHMDG5NJE0NMQXYJUWOGI0ODVLZJNKMJKXYSISINVZZXJFAWQIOJF9.ZYM_NQ_BLZAJ5NLKV5S_GXEMZY4FBVSSFE-NFJQ7UR8','2025-01-02 09:27:55.772475','2025-01-03 09:27:55.000000',1,'1DF95AA0896146D1B508B485EF3D291A'),(195,'EYJHBGCIOIJIUZI1NIISINR5CCI6IKPXVCJ9.EYJ0B2TLBL90EXBLIJOICMVMCMVZACISIMV4CCI6MTCZNTG5NJQ3NYWIAWF0IJOXNZM1ODEWMDC3LCJQDGKIOII0YZQ1ODHHZJYXYTK0OTCZOWU0OGQYNDEZMDBJMZG2ZSISINVZZXJFAWQIOJF9.IY7U8SNEUED7Y616GBG-QPBW4PFGE31OIYRUJDXSBHS','2025-01-02 09:27:57.753820','2025-01-03 09:27:57.000000',1,'4C4588AF61A949739E48D241300C386E'),(196,'EYJHBGCIOIJIUZI1NIISINR5CCI6IKPXVCJ9.EYJ0B2TLBL90EXBLIJOICMVMCMVZACISIMV4CCI6MTCZNTG5NJQ3OCWIAWF0IJOXNZM1ODEWMDC4LCJQDGKIOII3NJBMNTIYNZQ3NMY0YMNMOTG3ZDMXZGY0ZTHMNTIWNIISINVZZXJFAWQIOJF9.XXWQXB2BALI94JTIBQMOUFX9RSS4ZZGQRKQUMK7WBHC','2025-01-02 09:27:58.482173','2025-01-03 09:27:58.000000',1,'760F5227476F4BCF987D31DF4E8F5206'),(197,'EYJHBGCIOIJIUZI1NIISINR5CCI6IKPXVCJ9.EYJ0B2TLBL90EXBLIJOIC2XPZGLUZYISIMV4CCI6MTCZNTGXMZY4NSWIAWF0IJOXNZM1ODEWMDG1LCJQDGKIOIIXMZJJOTMYOTUYNTC0MZDHYWEZNMY0ZMYZNJM2MTM5YSISINJLZNJLC2HFZXHWIJOXNZM1ODK2NDG1LCJ1C2VYX2LKIJOXFQ.UCTUGT_TCIL6CPKIL7BCVYVYZHQT7PBZZJLZRCAMPWS','2025-01-02 09:28:05.431067','2025-01-02 10:28:05.000000',1,'132C93295257437AAA36F4FF3636139A'),(198,'EYJHBGCIOIJIUZI1NIISINR5CCI6IKPXVCJ9.EYJ0B2TLBL90EXBLIJOICMVMCMVZACISIMV4CCI6MTCZNTG5NZQ5NSWIAWF0IJOXNZM1ODEXMDK1LCJQDGKIOIIXYJEYNZIXZJIZZME0ZWEWYJQ4MZHLN2Y4OTU4ODQ1ZCISINVZZXJFAWQIOJF9.RE02NTGV9YB77XKW639ZGKJRCSEZSMDHTWLUXCICYUM','2025-01-02 09:44:55.967374','2025-01-03 09:44:55.000000',1,'1B12721F23FA4EA0B4838E7F8958845D'),(199,'EYJHBGCIOIJIUZI1NIISINR5CCI6IKPXVCJ9.EYJ0B2TLBL90EXBLIJOIC2XPZGLUZYISIMV4CCI6MTCZNTGXNDCWMCWIAWF0IJOXNZM1ODEXMTAWLCJQDGKIOII1MDEWYME4NJM4OTA0NDFJYMI2YZA5MMQ4Y2M0N2RLMSISINJLZNJLC2HFZXHWIJOXNZM1ODK3NTAWLCJ1C2VYX2LKIJOXFQ.WSZGMD7XNGZYRYVBPCE3XDQ2QRSCDSXXOCWIBZLNQXQ','2025-01-02 09:45:00.045301','2025-01-02 10:45:00.000000',1,'5010BA863890441CBB6C092D8CC47DE1'),(200,'EYJHBGCIOIJIUZI1NIISINR5CCI6IKPXVCJ9.EYJ0B2TLBL90EXBLIJOICMVMCMVZACISIMV4CCI6MTCZNTG5ODIWNCWIAWF0IJOXNZM1ODEXODA0LCJQDGKIOIIZMTMXNMQ4MZDINMM0YJI1OTC3NGY0MJM2NGJHODI2MIISINVZZXJFAWQIOJF9.AWGAG5R_RZLAHMUJDFT5CO6NMWKMOBCK-5_JDAGTIHS','2025-01-02 09:56:44.385805','2025-01-03 09:56:44.000000',1,'31316D837B6C4B259774F42364BA8262'),(201,'EYJHBGCIOIJIUZI1NIISINR5CCI6IKPXVCJ9.EYJ0B2TLBL90EXBLIJOIC2XPZGLUZYISIMV4CCI6MTCZNTGXNTQWNIWIAWF0IJOXNZM1ODEXODA2LCJQDGKIOII2NMU0Y2EWMZK3NDU0MWQ2YTNIM2EWYTNMMMU0YTRLMCISINJLZNJLC2HFZXHWIJOXNZM1ODK4MJA2LCJ1C2VYX2LKIJOXFQ.3TCKOYE4E86R8S3FDPRXQRLUUTIVJWS2CALD7FRVL3O','2025-01-02 09:56:46.119643','2025-01-02 10:56:46.000000',1,'66E4CA03974541D6A3B3A0A3F2E4A4E0'),(202,'EYJHBGCIOIJIUZI1NIISINR5CCI6IKPXVCJ9.EYJ0B2TLBL90EXBLIJOICMVMCMVZACISIMV4CCI6MTCZNTG5ODI4NYWIAWF0IJOXNZM1ODEXODG3LCJQDGKIOIJJMJDINMJIYTY0MJG0NWQ3OGVIYJU5MWNMMDY4NDE4YYISINVZZXJFAWQIOJF9.WFDH8FAAIFMZLI_I-W9KXHBCNTKAYIAUXQ-3OG0NWQQ','2025-01-02 09:58:07.084487','2025-01-03 09:58:07.000000',1,'C27B6BBA642845D78EBB591CF068418C'),(203,'EYJHBGCIOIJIUZI1NIISINR5CCI6IKPXVCJ9.EYJ0B2TLBL90EXBLIJOIC2XPZGLUZYISIMV4CCI6MTCZNTGXNTQ5NCWIAWF0IJOXNZM1ODEXODK0LCJQDGKIOII5N2E5OTIYNZG3YTQ0ZWZMOTI2ODG5YJZIZJGWOWQ5NCISINJLZNJLC2HFZXHWIJOXNZM1ODK4MJK0LCJ1C2VYX2LKIJOXFQ.K_KVPVZIJR1RITMWLL5URUJ-NX4CA-S1HFZTYXH75CA','2025-01-02 09:58:14.179403','2025-01-02 10:58:14.000000',1,'97A9922787A44EFF926889B6BF809D94'),(204,'EYJHBGCIOIJIUZI1NIISINR5CCI6IKPXVCJ9.EYJ0B2TLBL90EXBLIJOICMVMCMVZACISIMV4CCI6MTCZNTG5ODM2OCWIAWF0IJOXNZM1ODEXOTY4LCJQDGKIOII2MGFLMJMXOGU2MDC0MMJJYJG2NGQ0NDQYMTA2ZJM4OSISINVZZXJFAWQIOJF9.WLC3C_GXLKB8UMXQ22X6AECG_F0EUD754QQTWQ0DKEE','2025-01-02 09:59:28.712106','2025-01-03 09:59:28.000000',1,'60AE2318E60742BCB864D4442106F389'),(205,'EYJHBGCIOIJIUZI1NIISINR5CCI6IKPXVCJ9.EYJ0B2TLBL90EXBLIJOIC2XPZGLUZYISIMV4CCI6MTCZNTGXNTU3MYWIAWF0IJOXNZM1ODEXOTCZLCJQDGKIOII0M2NHMZNIODY1OGY0NJDJODRHODUWYZRIMDC1YZI4OCISINJLZNJLC2HFZXHWIJOXNZM1ODK4MZCZLCJ1C2VYX2LKIJOXFQ.Z_VEUZNN-FEXIKOVVVIMXH1JH0F_7Q8FYDF8_TTFXUA','2025-01-02 09:59:33.550680','2025-01-02 10:59:33.000000',1,'43CA33B8658F467C84A850C4B075C288'),(206,'EYJHBGCIOIJIUZI1NIISINR5CCI6IKPXVCJ9.EYJ0B2TLBL90EXBLIJOICMVMCMVZACISIMV4CCI6MTCZNTG5ODY0OSWIAWF0IJOXNZM1ODEYMJQ5LCJQDGKIOIIZNGVLNZG1ZJM5ZJK0ZDFJOGY3ZDYXY2FIOWM1NDGWZCISINVZZXJFAWQIOJF9.KVVX_4QESGABXU1PL_DGPHKUER7YIEKY1DNAGDMQ56A','2025-01-02 10:04:09.790217','2025-01-03 10:04:09.000000',1,'34EE785F39F94D1C8F7D61CAB9C5480D'),(207,'EYJHBGCIOIJIUZI1NIISINR5CCI6IKPXVCJ9.EYJ0B2TLBL90EXBLIJOIC2XPZGLUZYISIMV4CCI6MTCZNTGXNTG1NYWIAWF0IJOXNZM1ODEYMJU3LCJQDGKIOII3NGZLZWM3MDC4MZC0YJFMOTUWMMI1ZWIXZGQ0NGYWYIISINJLZNJLC2HFZXHWIJOXNZM1ODK4NJU3LCJ1C2VYX2LKIJOXFQ.AT0MQNWLZS1OWPBD0CRGOS886GRP5IINQGIY_HCW9TS','2025-01-02 10:04:17.805282','2025-01-02 11:04:17.000000',1,'74FEEC7078374B1F9502B5EB1DD44F0B'),(208,'EYJHBGCIOIJIUZI1NIISINR5CCI6IKPXVCJ9.EYJ0B2TLBL90EXBLIJOICMVMCMVZACISIMV4CCI6MTCZNTG5OTQ1MIWIAWF0IJOXNZM1ODEZMDUYLCJQDGKIOIJHNMM4ZTI1ZJLIYZY0NGNMYJJHODY2ZWIZMZCXOTQYZIISINVZZXJFAWQIOJF9.V0Q9P0FLHE0KXODYH5EXCP47KMDQMBHLA8IYGOZ8134','2025-01-02 10:17:32.832273','2025-01-03 10:17:32.000000',1,'A6C8E25F9BC644CFB2A866EB3371942F'),(209,'EYJHBGCIOIJIUZI1NIISINR5CCI6IKPXVCJ9.EYJ0B2TLBL90EXBLIJOIC2XPZGLUZYISIMV4CCI6MTCZNTGXNJY1NYWIAWF0IJOXNZM1ODEZMDU3LCJQDGKIOIIXNDE1MZAXNZNIYJE0MDQ3YTCXZTM4NWI4YMFIODU1OCISINJLZNJLC2HFZXHWIJOXNZM1ODK5NDU3LCJ1C2VYX2LKIJOXFQ.VMOLTGJMGEYBGSIWYYJQHBUYMNX7642DMS_VP8IRIXM','2025-01-02 10:17:37.342986','2025-01-02 11:17:37.000000',1,'141530173BB14047A71E385B8BAB8558'),(210,'EYJHBGCIOIJIUZI1NIISINR5CCI6IKPXVCJ9.EYJ0B2TLBL90EXBLIJOICMVMCMVZACISIMV4CCI6MTCZNTKWMDQYOCWIAWF0IJOXNZM1ODE0MDI4LCJQDGKIOII1NDBKNGM4ZTJKMTG0MTG3OTQ5ODE2NMNKOTG2NTU2NSISINVZZXJFAWQIOJF9.QX_FUZKZO4PDZMWRTVF3AP3LLEF2-D3H44_DTXZ4Q_W','2025-01-02 10:33:48.838120','2025-01-03 10:33:48.000000',1,'540D4C8E2D1841879498166CD9865565'),(211,'EYJHBGCIOIJIUZI1NIISINR5CCI6IKPXVCJ9.EYJ0B2TLBL90EXBLIJOIC2XPZGLUZYISIMV4CCI6MTCZNTGXNZYZMCWIAWF0IJOXNZM1ODE0MDMWLCJQDGKIOIJKNZY4YTAZMMEWZJM0ODFLODI1MJBLOTLJMMI1ZJRHZIISINJLZNJLC2HFZXHWIJOXNZM1OTAWNDMWLCJ1C2VYX2LKIJOXFQ.28AMGUUDA72QGIW83PHDJZ_6ZXE_HM0WXXJ0FASNUWY','2025-01-02 10:33:50.509217','2025-01-02 11:33:50.000000',1,'D768A032A0F3481E82520E99C2B5F4AF'),(212,'EYJHBGCIOIJIUZI1NIISINR5CCI6IKPXVCJ9.EYJ0B2TLBL90EXBLIJOICMVMCMVZACISIMV4CCI6MTCZNTKWMDCYNIWIAWF0IJOXNZM1ODE0MZI2LCJQDGKIOIIWNZQ2ZTNHNGU3ZJY0NZLLYMNIMMY0OWQ1OWJKYJMXZIISINVZZXJFAWQIOJF9.0G0AJPMZEZIT6VQ24DAE_NATKDROESDWCTMTZTD84BY','2025-01-02 10:38:46.600383','2025-01-03 10:38:46.000000',1,'0746E3A4E7F6479EBCB2F49D59BDB31F'),(213,'EYJHBGCIOIJIUZI1NIISINR5CCI6IKPXVCJ9.EYJ0B2TLBL90EXBLIJOIC2XPZGLUZYISIMV4CCI6MTCZNTGXNZKZMIWIAWF0IJOXNZM1ODE0MZMYLCJQDGKIOII5M2U4NGY3MZRMNZA0NJHLYTIZOGZIYWUYMTGZMTAZNYISINJLZNJLC2HFZXHWIJOXNZM1OTAWNZMYLCJ1C2VYX2LKIJOXFQ.0DPUJ_XFMYICPSEP2KHODKDTLIS1FHE_OGLLXC4BL7A','2025-01-02 10:38:52.345254','2025-01-02 11:38:52.000000',1,'93E84F734F70468EA238FBAE21831037'),(214,'EYJHBGCIOIJIUZI1NIISINR5CCI6IKPXVCJ9.EYJ0B2TLBL90EXBLIJOICMVMCMVZACISIMV4CCI6MTCZNTKWMJMYNCWIAWF0IJOXNZM1ODE1OTI0LCJQDGKIOIIXMWEWYTA0ZDM5OTY0OTJJYMVKNJC1MDKYYMNJY2FMMIISINVZZXJFAWQIOJF9.IOHMBXTWY_6HXMOU05CEAWEULFWXFX3MOOFPTF7ONYK','2025-01-02 11:05:24.637377','2025-01-03 11:05:24.000000',1,'11A0A04D3996492CBED675092BCCCAF2'),(215,'EYJHBGCIOIJIUZI1NIISINR5CCI6IKPXVCJ9.EYJ0B2TLBL90EXBLIJOIC2XPZGLUZYISIMV4CCI6MTCZNTGXOTUYNIWIAWF0IJOXNZM1ODE1OTI2LCJQDGKIOII3OWY5YMMYNTNKZDC0ZMEXOTLLMMZHMTFMOWVKMJM1NSISINJLZNJLC2HFZXHWIJOXNZM1OTAYMZI2LCJ1C2VYX2LKIJOXFQ.0C__ATA7DGNUAS121FE17EWCLCJURL0XR6GXHREMUAI','2025-01-02 11:05:26.899779','2025-01-02 12:05:26.000000',1,'79F9BC253DD74FA199E2FA11F9ED2355'),(216,'EYJHBGCIOIJIUZI1NIISINR5CCI6IKPXVCJ9.EYJ0B2TLBL90EXBLIJOICMVMCMVZACISIMV4CCI6MTCZNTKWMJM3MYWIAWF0IJOXNZM1ODE1OTCZLCJQDGKIOIIWZWVINMQ2ZMY0NZI0NZK0OTFJMZA1ZTBIOWI4OTHMMCISINVZZXJFAWQIOJF9.WJX7JQGN1U_RE82OZIDLEI8AWK_ZCKOLO4-URB9E3KS','2025-01-02 11:06:13.104657','2025-01-03 11:06:13.000000',1,'0EEB6D6FF472479491C305E0B9B898F0'),(217,'EYJHBGCIOIJIUZI1NIISINR5CCI6IKPXVCJ9.EYJ0B2TLBL90EXBLIJOIC2XPZGLUZYISIMV4CCI6MTCZNTGXOTU3OCWIAWF0IJOXNZM1ODE1OTC4LCJQDGKIOII5OTG0OWVLNGEZYJQ0NTBJYJI4NTNKOTAXMGE3MGVKNIISINJLZNJLC2HFZXHWIJOXNZM1OTAYMZC4LCJ1C2VYX2LKIJOXFQ.XWVWJEKYU4PGGHX9JLVYWXUI3PA7TWBCMCWVMYJSVB0','2025-01-02 11:06:18.236045','2025-01-02 12:06:18.000000',1,'99849EE4A3B4450CB2853D9010A70ED6'),(218,'EYJHBGCIOIJIUZI1NIISINR5CCI6IKPXVCJ9.EYJ0B2TLBL90EXBLIJOICMVMCMVZACISIMV4CCI6MTCZNTKWMJU5NIWIAWF0IJOXNZM1ODE2MTK2LCJQDGKIOIJINTFJZDUZZJQWYZE0NWU3YTI0MMFLNJE1ODQYOTBHZCISINVZZXJFAWQIOJF9.COWVYRYDAM3_LE_TTNTWBL-ATY67H2YNT-GGGOYARSM','2025-01-02 11:09:56.486486','2025-01-03 11:09:56.000000',1,'B51CD53F40C145E7A242AE61584290AD'),(219,'EYJHBGCIOIJIUZI1NIISINR5CCI6IKPXVCJ9.EYJ0B2TLBL90EXBLIJOIC2XPZGLUZYISIMV4CCI6MTCZNTGXOTC5OCWIAWF0IJOXNZM1ODE2MTK4LCJQDGKIOIJLMJLJOGM2NMRIYZY0NTQ1ODC1OTU3OTC2NDK3NJK1NCISINJLZNJLC2HFZXHWIJOXNZM1OTAYNTK4LCJ1C2VYX2LKIJOXFQ.JHAQGOG9HDVVDQMN20NTVFCOLPS9MQ8-6LPVLDIOHMK','2025-01-02 11:09:58.163707','2025-01-02 12:09:58.000000',1,'E29C8C66DBC645458759579764976954'),(220,'EYJHBGCIOIJIUZI1NIISINR5CCI6IKPXVCJ9.EYJ0B2TLBL90EXBLIJOICMVMCMVZACISIMV4CCI6MTCZNTKWMJY1MIWIAWF0IJOXNZM1ODE2MJUYLCJQDGKIOIJIYMQ1ZGNJYJQ4YMM0MJRHOTC5YZQ4YTK5ZJAYZDBLYYISINVZZXJFAWQIOJF9.IWPQ3HTWER1FWSMZHZSGD4BVRAO3SSIQMJH1SLKFOUA','2025-01-02 11:10:52.260987','2025-01-03 11:10:52.000000',1,'BBD5DCCB48BC424A979C48A99F02D0EC'),(221,'EYJHBGCIOIJIUZI1NIISINR5CCI6IKPXVCJ9.EYJ0B2TLBL90EXBLIJOIC2XPZGLUZYISIMV4CCI6MTCZNTGXOTG1MYWIAWF0IJOXNZM1ODE2MJUZLCJQDGKIOIJLNTVJNMNIOTNIOWU0MTI0YJFIOGY5ZWE3NDEWNZUXYYISINJLZNJLC2HFZXHWIJOXNZM1OTAYNJUZLCJ1C2VYX2LKIJOXFQ.CL470R7GSZMJN-OMURNDI7MPGIKDLLQYYKYPNOALAEM','2025-01-02 11:10:53.862294','2025-01-02 12:10:53.000000',1,'E55C6CB93B9E4124B1B8F9EA7410751C'),(222,'EYJHBGCIOIJIUZI1NIISINR5CCI6IKPXVCJ9.EYJ0B2TLBL90EXBLIJOICMVMCMVZACISIMV4CCI6MTCZNTKWMJC2MSWIAWF0IJOXNZM1ODE2MZYXLCJQDGKIOIIWMTLIYZY5NJQ2OTK0OWJKOWU1NZK5OTA5MMFMN2U5OSISINVZZXJFAWQIOJF9.J2JQQFE6ZYBPP6KHCPEDCZW4A-PCX_X68DXPJDH0YD8','2025-01-02 11:12:41.548830','2025-01-03 11:12:41.000000',1,'019BC696469949BD9E57999092AF7E99'),(223,'EYJHBGCIOIJIUZI1NIISINR5CCI6IKPXVCJ9.EYJ0B2TLBL90EXBLIJOIC2XPZGLUZYISIMV4CCI6MTCZNTGXOTK2NCWIAWF0IJOXNZM1ODE2MZY0LCJQDGKIOIJIYZJINTE3NGUZNDQ0ZJI4YTJKNJUYNJAYNTZIYWM3ZIISINJLZNJLC2HFZXHWIJOXNZM1OTAYNZY0LCJ1C2VYX2LKIJOXFQ.OOSDNZQASMZO1OLB_CE811LQ3GRXLXAN8KAKV5ZSPUI','2025-01-02 11:12:44.791643','2025-01-02 12:12:44.000000',1,'BC2B5174E3444F28A2D65260256BAC7F'),(224,'EYJHBGCIOIJIUZI1NIISINR5CCI6IKPXVCJ9.EYJ0B2TLBL90EXBLIJOICMVMCMVZACISIMV4CCI6MTCZNTKWMZY4MIWIAWF0IJOXNZM1ODE3MJGYLCJQDGKIOIJLMWFJZJGWYJKYM2M0NDLLYWI5YMQ3ZJGWOTK4YWI1YIISINVZZXJFAWQIOJF9.IOCQSBYD2AEOGEZNGGG9E_XEDABJACSE-UAQGHOSNSC','2025-01-02 11:28:02.003475','2025-01-03 11:28:02.000000',1,'E1ACF80B923C449EAB9BD7F80998AB5B'),(225,'EYJHBGCIOIJIUZI1NIISINR5CCI6IKPXVCJ9.EYJ0B2TLBL90EXBLIJOIC2XPZGLUZYISIMV4CCI6MTCZNTGYMDG4NCWIAWF0IJOXNZM1ODE3MJG0LCJQDGKIOII3ZMYWMTKZMWFJMGU0MGI3ODY4N2QYYTJINDRKMMJKOSISINJLZNJLC2HFZXHWIJOXNZM1OTAZNJG0LCJ1C2VYX2LKIJOXFQ.XP2-KPI_Y3GEEYKQ8GVOEOKHYGD_FOBJUU27DTZ9WNU','2025-01-02 11:28:04.536436','2025-01-02 12:28:04.000000',1,'7FF01931AC0E40B78687D2A2B44D2BD9'),(226,'EYJHBGCIOIJIUZI1NIISINR5CCI6IKPXVCJ9.EYJ0B2TLBL90EXBLIJOICMVMCMVZACISIMV4CCI6MTCZNTKWNDEWMIWIAWF0IJOXNZM1ODE3NZAYLCJQDGKIOII4ODZIYZLHMJBHYMY0OWZJYWUXNZK3YZC4YZC5ZJAYNYISINVZZXJFAWQIOJF9.2MAVKWK3LAIM8J0JS-YVB6NHGQBNQUT8XUUSJMOR6NA','2025-01-02 11:35:02.492698','2025-01-03 11:35:02.000000',1,'886BC9A20ABF49FCAE1797C78C79F027'),(227,'EYJHBGCIOIJIUZI1NIISINR5CCI6IKPXVCJ9.EYJ0B2TLBL90EXBLIJOIC2XPZGLUZYISIMV4CCI6MTCZNTGYMTMWNCWIAWF0IJOXNZM1ODE3NZA0LCJQDGKIOIJJMTA3MJJIMGQ2M2U0N2FJYJFLOWMXZMQZOWFMNWQ2NIISINJLZNJLC2HFZXHWIJOXNZM1OTA0MTA0LCJ1C2VYX2LKIJOXFQ.8FFAGLBUPP45YGFUE1NRF_CRO6ZNHY5OJOEIP7HLCYM','2025-01-02 11:35:04.312534','2025-01-02 12:35:04.000000',1,'C10722B0D63E47ACB1E9C1FD39AF5D66'),(228,'EYJHBGCIOIJIUZI1NIISINR5CCI6IKPXVCJ9.EYJ0B2TLBL90EXBLIJOICMVMCMVZACISIMV4CCI6MTCZNTKWNTQYNIWIAWF0IJOXNZM1ODE5MDI2LCJQDGKIOIIXZMQ0YMNKOTLINJY0MDFMOWJMMTA4MTDIZTRIZWUYNCISINVZZXJFAWQIOJF9.O-WUD5PZUJUJFMA_Q4MMMA3NEJGC2I7LUXXICO2EOVG','2025-01-02 11:57:06.470580','2025-01-03 11:57:06.000000',1,'1FD4BCD99B66401F9BF10817BE4BEE24'),(229,'EYJHBGCIOIJIUZI1NIISINR5CCI6IKPXVCJ9.EYJ0B2TLBL90EXBLIJOIC2XPZGLUZYISIMV4CCI6MTCZNTGYMJYYOCWIAWF0IJOXNZM1ODE5MDI4LCJQDGKIOII1ODU0MJYXYWIZN2M0YJEXODYZNTQZZGU2ZJI1YZC1NIISINJLZNJLC2HFZXHWIJOXNZM1OTA1NDI4LCJ1C2VYX2LKIJOXFQ.FX60SU3T8WW4URXHPW-B3TAUZO1CWYUUNT2T5AEAFSO','2025-01-02 11:57:08.898955','2025-01-02 12:57:08.000000',1,'5854261AB37C4B11863543DE6F25C756'),(230,'EYJHBGCIOIJIUZI1NIISINR5CCI6IKPXVCJ9.EYJ0B2TLBL90EXBLIJOIC2XPZGLUZYISIMV4CCI6MTCZNTGYMJC5MIWIAWF0IJOXNZM1ODE5MTKYLCJQDGKIOIJMNWM5OWQ5NWVLMTM0MDVMYJCXZJG1ZTDKZTU2MTFLZSISINJLZNJLC2HFZXHWIJOXNZM1OTA1NTKYLCJ1C2VYX2LKIJOXFQ.VNLMOWUYXH35KPRNO8EXUAIWUFBQ6KW0IV0NN0KTHJ8','2025-01-02 11:59:52.404423','2025-01-02 12:59:52.000000',1,'F5C99D95EE13405FB71F85E7DE5611EE'),(231,'EYJHBGCIOIJIUZI1NIISINR5CCI6IKPXVCJ9.EYJ0B2TLBL90EXBLIJOICMVMCMVZACISIMV4CCI6MTCZNTKWNTC1NCWIAWF0IJOXNZM1ODE5MZU0LCJQDGKIOIJIMMUYYTVJNWNMODC0NJG2YMVMMWY5ZDY1ZTE0YZC1NSISINVZZXJFAWQIOJF9.OPDLRZCRHJN2OEBXXPB7FRO4ZMHXZNUGKZREVNKMK-Y','2025-01-02 12:02:34.995762','2025-01-03 12:02:34.000000',1,'B2E2A5C5CF874686BEF1F9D65E14C755'),(232,'EYJHBGCIOIJIUZI1NIISINR5CCI6IKPXVCJ9.EYJ0B2TLBL90EXBLIJOIC2XPZGLUZYISIMV4CCI6MTCZNTGYMJK1OCWIAWF0IJOXNZM1ODE5MZU4LCJQDGKIOII5NMNLMGRLOTJLNWQ0NJMWYTDHNJVLM2FLMZLLZDY1MCISINJLZNJLC2HFZXHWIJOXNZM1OTA1NZU4LCJ1C2VYX2LKIJOXFQ.HWQFQKCVZZYLJHT_WZYF_B4RHVZ_1TUMFNFJOLNWWA0','2025-01-02 12:02:38.152706','2025-01-02 13:02:38.000000',1,'96CE0DE92E5D4630A7A65E3AE39ED650'),(233,'EYJHBGCIOIJIUZI1NIISINR5CCI6IKPXVCJ9.EYJ0B2TLBL90EXBLIJOIC2XPZGLUZYISIMV4CCI6MTCZNTGYMZA2MIWIAWF0IJOXNZM1ODE5NDYYLCJQDGKIOIJJMZK2ZTNLOGNIMTG0OWM1ODJLNDC2OWI1MWFHZGI3ZSISINJLZNJLC2HFZXHWIJOXNZM1OTA1ODYYLCJ1C2VYX2LKIJOXFQ.1PMMIHOBDF8MOJK76VMM8E3CSD5YBRYPCXTOUYIO6RE','2025-01-02 12:04:22.926297','2025-01-02 13:04:22.000000',1,'C396E3E8CB1849C582E4769B51AADB7E'),(234,'EYJHBGCIOIJIUZI1NIISINR5CCI6IKPXVCJ9.EYJ0B2TLBL90EXBLIJOIC2XPZGLUZYISIMV4CCI6MTCZNTGYMZA2MIWIAWF0IJOXNZM1ODE5NDYYLCJQDGKIOIJJYTM1YZDIZDK4MDG0MGE5YMZHODE2ZJFLZTQ2ZJDLNIISINJLZNJLC2HFZXHWIJOXNZM1OTA1ODYYLCJ1C2VYX2LKIJOXFQ.K98RNIUL228ZYJBPASUI4JVSVSX2BSHD32QUPW5XQFA','2025-01-02 12:04:22.998053','2025-01-02 13:04:22.000000',1,'CA35C7BD980840A9BFA816F1EE46F7E6'),(235,'EYJHBGCIOIJIUZI1NIISINR5CCI6IKPXVCJ9.EYJ0B2TLBL90EXBLIJOIC2XPZGLUZYISIMV4CCI6MTCZNTGYMZA2MYWIAWF0IJOXNZM1ODE5NDYZLCJQDGKIOIIZNJI4NWI2NZUXYTA0MGZLYJLMZGU4YJQ5ZWI4NJNIZIISINJLZNJLC2HFZXHWIJOXNZM1OTA1ODYZLCJ1C2VYX2LKIJOXFQ.7FCUIV27SCC8OC2UGTJQD5P79WNHZC7Z7PGJ8KG4OEU','2025-01-02 12:04:23.016769','2025-01-02 13:04:23.000000',1,'36285B6751A040FEB9FDE8B49EB863BF'),(236,'EYJHBGCIOIJIUZI1NIISINR5CCI6IKPXVCJ9.EYJ0B2TLBL90EXBLIJOIC2XPZGLUZYISIMV4CCI6MTCZNTGYMZA2MYWIAWF0IJOXNZM1ODE5NDYZLCJQDGKIOII1OGVJZTNHNTY5N2I0MGVHYJI3ZJY0NTEZMZG4NWMZZCISINJLZNJLC2HFZXHWIJOXNZM1OTA1ODYZLCJ1C2VYX2LKIJOXFQ.S_9S0-9G2PDF4NNFO5BO1KZPK2N9QN1R8JQ9KX1OWTQ','2025-01-02 12:04:23.031966','2025-01-02 13:04:23.000000',1,'58ECE3A5697B40EAB27F645133885C3D'),(237,'EYJHBGCIOIJIUZI1NIISINR5CCI6IKPXVCJ9.EYJ0B2TLBL90EXBLIJOIC2XPZGLUZYISIMV4CCI6MTCZNTGYMZA2MYWIAWF0IJOXNZM1ODE5NDYZLCJQDGKIOIJLYMFHZDC2NTA3YZM0YMI3YTK5MDA4NGQ1MZE5ZDQ1ZSISINJLZNJLC2HFZXHWIJOXNZM1OTA1ODYZLCJ1C2VYX2LKIJOXFQ.BE5QFAPRRVPQROWQZCUHQEMOFSH3XOXKF3EY_CYQZEE','2025-01-02 12:04:23.046226','2025-01-02 13:04:23.000000',1,'EBAAD76507C34BB7A990084D5319D45E'),(238,'EYJHBGCIOIJIUZI1NIISINR5CCI6IKPXVCJ9.EYJ0B2TLBL90EXBLIJOIC2XPZGLUZYISIMV4CCI6MTCZNTGYMZA2MYWIAWF0IJOXNZM1ODE5NDYZLCJQDGKIOII4YJU1NTQ1N2ZIMJK0MGRIOWU0ODA5ZTFJYTU0MTC1MIISINJLZNJLC2HFZXHWIJOXNZM1OTA1ODYZLCJ1C2VYX2LKIJOXFQ.J8QPNC_ZUVKAEL5MUAXIDNQUHYYTMYEQAPI4-OPWUDG','2025-01-02 12:04:23.063801','2025-01-02 13:04:23.000000',1,'8B555457FB2940DB9E4809E1CA541752'),(239,'EYJHBGCIOIJIUZI1NIISINR5CCI6IKPXVCJ9.EYJ0B2TLBL90EXBLIJOIC2XPZGLUZYISIMV4CCI6MTCZNTGYMZA2MYWIAWF0IJOXNZM1ODE5NDYZLCJQDGKIOII5MDLMN2UWZMEXODQ0MMQ3OGM4NZQ2MWY0OTAYMTA5MCISINJLZNJLC2HFZXHWIJOXNZM1OTA1ODYZLCJ1C2VYX2LKIJOXFQ.H21IGR6ESSEIQJLT-LMHOWLJXXONYLZUEQHI3PYTGY0','2025-01-02 12:04:23.078356','2025-01-02 13:04:23.000000',1,'909F7E0FA18442D78C87461F49021090'),(240,'EYJHBGCIOIJIUZI1NIISINR5CCI6IKPXVCJ9.EYJ0B2TLBL90EXBLIJOIC2XPZGLUZYISIMV4CCI6MTCZNTGYMZA2MYWIAWF0IJOXNZM1ODE5NDYZLCJQDGKIOII2OTI0MMQWN2JJM2Q0NJUWYJKYNZRIZJA3MZZHM2ZLMCISINJLZNJLC2HFZXHWIJOXNZM1OTA1ODYZLCJ1C2VYX2LKIJOXFQ.P03OF2H9TZTRJKGINFMRUPCC9XIRXCC0H0119YCLZIQ','2025-01-02 12:04:23.094173','2025-01-02 13:04:23.000000',1,'69242D07BC3D4650B9274BF0736A3FE0'),(241,'EYJHBGCIOIJIUZI1NIISINR5CCI6IKPXVCJ9.EYJ0B2TLBL90EXBLIJOIC2XPZGLUZYISIMV4CCI6MTCZNTGYMZA2MYWIAWF0IJOXNZM1ODE5NDYZLCJQDGKIOIIYZMI1MTDINZU2MJQ0YJNLOGQ1NGYWNTMZZDK2YTY5YYISINJLZNJLC2HFZXHWIJOXNZM1OTA1ODYZLCJ1C2VYX2LKIJOXFQ.J77YFNHRR6_XUWYVSPXIGUDZ_ROU65WFJ2202E_0ALM','2025-01-02 12:04:23.111597','2025-01-02 13:04:23.000000',1,'2FB517B756244B3E8D54F0533D96A69C'),(242,'EYJHBGCIOIJIUZI1NIISINR5CCI6IKPXVCJ9.EYJ0B2TLBL90EXBLIJOIC2XPZGLUZYISIMV4CCI6MTCZNTGYMZA2MYWIAWF0IJOXNZM1ODE5NDYZLCJQDGKIOII0OTC4OTI1YJGWNJY0MZDIYTKWYJK5OWJHYWMXZJFJYIISINJLZNJLC2HFZXHWIJOXNZM1OTA1ODYZLCJ1C2VYX2LKIJOXFQ.-MJOGR2CCTOSSLDJFZYPE6RNTKHXOSJB0OQCP26T-LU','2025-01-02 12:04:23.124834','2025-01-02 13:04:23.000000',1,'4978925B8066437BA90B999BAAC1F1CB'),(243,'EYJHBGCIOIJIUZI1NIISINR5CCI6IKPXVCJ9.EYJ0B2TLBL90EXBLIJOIC2XPZGLUZYISIMV4CCI6MTCZNTGYMZA2MYWIAWF0IJOXNZM1ODE5NDYZLCJQDGKIOIJHMME0ZDRINMJKYJK0NWQ2YTQ1NMVMZGE3NJVIMMY4OSISINJLZNJLC2HFZXHWIJOXNZM1OTA1ODYZLCJ1C2VYX2LKIJOXFQ.LV3JEXXIZ8Y1HYOB-XQ40WY5ADC01I3MDXHSNYGWM58','2025-01-02 12:04:23.137062','2025-01-02 13:04:23.000000',1,'A2A4D4B6BDB945D6A456EFDA765B2F89'),(244,'EYJHBGCIOIJIUZI1NIISINR5CCI6IKPXVCJ9.EYJ0B2TLBL90EXBLIJOIC2XPZGLUZYISIMV4CCI6MTCZNTGYMZA2MYWIAWF0IJOXNZM1ODE5NDYZLCJQDGKIOIIXZJI4NZKYNDJMY2U0NWU1ODGZNZC2ZTU5ZMY4OTJJNSISINJLZNJLC2HFZXHWIJOXNZM1OTA1ODYZLCJ1C2VYX2LKIJOXFQ.DD24IYNXGTEXELTNPEUNRN7MQ3YFTTEE-YWK_PJ6IU4','2025-01-02 12:04:23.150715','2025-01-02 13:04:23.000000',1,'1F2879242FCE45E5883776E59FF892C5'),(245,'EYJHBGCIOIJIUZI1NIISINR5CCI6IKPXVCJ9.EYJ0B2TLBL90EXBLIJOIC2XPZGLUZYISIMV4CCI6MTCZNTGYMZA2MYWIAWF0IJOXNZM1ODE5NDYZLCJQDGKIOIJJMZRHNJIZZWI1ODC0ZDIYYMIYMDGWYJNHZTDHNTZHMCISINJLZNJLC2HFZXHWIJOXNZM1OTA1ODYZLCJ1C2VYX2LKIJOXFQ.T1IUTV8JFBTSAFEDM5L5IUWLTDINS13AN-H7JATDMSU','2025-01-02 12:04:23.164551','2025-01-02 13:04:23.000000',1,'C34A623EB5874D22BB2080B3AE7A56A0'),(246,'EYJHBGCIOIJIUZI1NIISINR5CCI6IKPXVCJ9.EYJ0B2TLBL90EXBLIJOIC2XPZGLUZYISIMV4CCI6MTCZNTGYMZA2MYWIAWF0IJOXNZM1ODE5NDYZLCJQDGKIOIJHODAZMZYYNWEWMMI0ZDQ2OTY3NWU5ZGIWMZIWOTQZNCISINJLZNJLC2HFZXHWIJOXNZM1OTA1ODYZLCJ1C2VYX2LKIJOXFQ.PAHEWY67VIXMKI7RAOSF6Q7S4XB6YAIF7QG6TTJDPUM','2025-01-02 12:04:23.177713','2025-01-02 13:04:23.000000',1,'A8033625A02B4D469675E9DB03209434'),(247,'EYJHBGCIOIJIUZI1NIISINR5CCI6IKPXVCJ9.EYJ0B2TLBL90EXBLIJOIC2XPZGLUZYISIMV4CCI6MTCZNTGYMZA2MYWIAWF0IJOXNZM1ODE5NDYZLCJQDGKIOII0MTRKYTQ1MTLLNWI0NJVKODAYM2YWODFMZJIWZDQ0YIISINJLZNJLC2HFZXHWIJOXNZM1OTA1ODYZLCJ1C2VYX2LKIJOXFQ.QYJPC5-EQZ_COPT4FAGNPUJTENCTR0I1ZNAVVBWSZLC','2025-01-02 12:04:23.190633','2025-01-02 13:04:23.000000',1,'414DA4519E5B465D8023F081FF20D44B'),(248,'EYJHBGCIOIJIUZI1NIISINR5CCI6IKPXVCJ9.EYJ0B2TLBL90EXBLIJOIC2XPZGLUZYISIMV4CCI6MTCZNTGYMZA2MYWIAWF0IJOXNZM1ODE5NDYZLCJQDGKIOII2MWVIYWFMYMVIYJC0NJY0OWQ0ZDFHNDKWMDM4MTNLZCISINJLZNJLC2HFZXHWIJOXNZM1OTA1ODYZLCJ1C2VYX2LKIJOXFQ.QWJT6FWB2ZBCGIU8VMBDQDPBWNYO93EKSZR-N4V9EPO','2025-01-02 12:04:23.203934','2025-01-02 13:04:23.000000',1,'61EBAAFBEBB746649D4D1A49003813ED'),(249,'EYJHBGCIOIJIUZI1NIISINR5CCI6IKPXVCJ9.EYJ0B2TLBL90EXBLIJOIC2XPZGLUZYISIMV4CCI6MTCZNTGYMZA2MYWIAWF0IJOXNZM1ODE5NDYZLCJQDGKIOIJMMJIXZTQ2ZDU2NGQ0ZWE2ODQZZWQ2Y2Y0MTHMMZDMZSISINJLZNJLC2HFZXHWIJOXNZM1OTA1ODYZLCJ1C2VYX2LKIJOXFQ.7T8XFHVA-Q3EDHSAQX7-FCZ6HL_VD_XCGNERZKS7UT8','2025-01-02 12:04:23.229485','2025-01-02 13:04:23.000000',1,'F221E46D564D4EA6843ED6CF418F37FE'),(250,'EYJHBGCIOIJIUZI1NIISINR5CCI6IKPXVCJ9.EYJ0B2TLBL90EXBLIJOIC2XPZGLUZYISIMV4CCI6MTCZNTGYMZA2MYWIAWF0IJOXNZM1ODE5NDYZLCJQDGKIOII3ZWFHYWYZY2M1NTU0MWJJODA0M2E3NWZIOTG0M2Y0MCISINJLZNJLC2HFZXHWIJOXNZM1OTA1ODYZLCJ1C2VYX2LKIJOXFQ.IKGW2FPMOUYHGM6KZSGURQTGUFXSWQNBRNREHLBA_QM','2025-01-02 12:04:23.243959','2025-01-02 13:04:23.000000',1,'7EAAAF3CC55541BC8043A75FB9843F40'),(251,'EYJHBGCIOIJIUZI1NIISINR5CCI6IKPXVCJ9.EYJ0B2TLBL90EXBLIJOIC2XPZGLUZYISIMV4CCI6MTCZNTGYMZA2MYWIAWF0IJOXNZM1ODE5NDYZLCJQDGKIOII1ZJLMODRMMZNHYZQ0YJUZYTUYYMFHNTLMOGRIYZFJZSISINJLZNJLC2HFZXHWIJOXNZM1OTA1ODYZLCJ1C2VYX2LKIJOXFQ.V8TKIJNB1X6W__N6HKDAR9O16CHARVAP8MQB82TKNVM','2025-01-02 12:04:23.263219','2025-01-02 13:04:23.000000',1,'5F9F84F33AC44B53A52BAA59F8DBC1CE'),(252,'EYJHBGCIOIJIUZI1NIISINR5CCI6IKPXVCJ9.EYJ0B2TLBL90EXBLIJOIC2XPZGLUZYISIMV4CCI6MTCZNTGYMZA2MYWIAWF0IJOXNZM1ODE5NDYZLCJQDGKIOIJLMWFIZDVMZGJHNTI0NJRIYTLMODCYOWZHNTNKMZCWYSISINJLZNJLC2HFZXHWIJOXNZM1OTA1ODYZLCJ1C2VYX2LKIJOXFQ.WLUHMHMTRBRWAHCLK2IJNY7VEKJMFAN9L-7FMTA2LWO','2025-01-02 12:04:23.327276','2025-01-02 13:04:23.000000',1,'E1ABD5FDBA52464BA9F8729FA53D370A'),(253,'EYJHBGCIOIJIUZI1NIISINR5CCI6IKPXVCJ9.EYJ0B2TLBL90EXBLIJOIC2XPZGLUZYISIMV4CCI6MTCZNTGYMZA2MYWIAWF0IJOXNZM1ODE5NDYZLCJQDGKIOIJJZMYXNDDJMDRJZWU0OWIWOTE5MTKWMDY4ODLKNGMZYIISINJLZNJLC2HFZXHWIJOXNZM1OTA1ODYZLCJ1C2VYX2LKIJOXFQ.JLSWMZCOMNSSNILPHPF3C0BE7UDBLE6WSV9PKLRD4B8','2025-01-02 12:04:23.390267','2025-01-02 13:04:23.000000',1,'CFF147C04CEE49B091919006889D4C3B'),(254,'EYJHBGCIOIJIUZI1NIISINR5CCI6IKPXVCJ9.EYJ0B2TLBL90EXBLIJOICMVMCMVZACISIMV4CCI6MTCZNTKWNTG3MYWIAWF0IJOXNZM1ODE5NDCZLCJQDGKIOIJJMJKWNTVHZJU2NTU0YZU2YWM3NTBKMGU2YZNHMTQXZCISINVZZXJFAWQIOJF9.HE_KBVO4YSHAUBGRBVPXKTFCA0ZACZM1OSVAWRQAGWY','2025-01-02 12:04:33.759531','2025-01-03 12:04:33.000000',1,'C29055AF56554C56AC750D0E6C3A141D'),(255,'EYJHBGCIOIJIUZI1NIISINR5CCI6IKPXVCJ9.EYJ0B2TLBL90EXBLIJOIC2XPZGLUZYISIMV4CCI6MTCZNTGYMZA3OCWIAWF0IJOXNZM1ODE5NDC4LCJQDGKIOIIZYJNIMDJJZDQ3OTK0YTE5YMNMZJY1OTM5MTK5YTLMNIISINJLZNJLC2HFZXHWIJOXNZM1OTA1ODC4LCJ1C2VYX2LKIJOXFQ.CLRUFGGZJCONFX0MM-_3JPT-Y7PS6UBDTRVL7EZASD8','2025-01-02 12:04:38.038201','2025-01-02 13:04:38.000000',1,'3B3B02CD47994A19BCFF65939199A9F6'),(256,'EYJHBGCIOIJIUZI1NIISINR5CCI6IKPXVCJ9.EYJ0B2TLBL90EXBLIJOICMVMCMVZACISIMV4CCI6MTCZNTKXMJY4OSWIAWF0IJOXNZM1ODI2MJG5LCJQDGKIOII4OGM1MJG2OTQ4OGY0MGM4OTCZZMEYNZDHNDRJYTFMNSISINVZZXJFAWQIOJF9.OUXJNE4FEMP4KI1LUOIPAAEFZYUQ_Q9KJACHITAV1T8','2025-01-02 13:58:09.870093','2025-01-03 13:58:09.000000',1,'88C52869488F40C8973FA277A44CA1F5'),(257,'EYJHBGCIOIJIUZI1NIISINR5CCI6IKPXVCJ9.EYJ0B2TLBL90EXBLIJOIC2XPZGLUZYISIMV4CCI6MTCZNTGYOTG5MYWIAWF0IJOXNZM1ODI2MJKZLCJQDGKIOII1OTDMMZI0NDZHYZK0ODQ2YJRLMGRLOTY3MDJINTFINIISINJLZNJLC2HFZXHWIJOXNZM1OTEYNJKZLCJ1C2VYX2LKIJOXFQ.RITIFDQGEPSFHK40O9V61OSBTJNLHSPS3J8IPVSK16Y','2025-01-02 13:58:13.288454','2025-01-02 14:58:13.000000',1,'597F32446AC94846B4E0DE96702B51B6'),(258,'EYJHBGCIOIJIUZI1NIISINR5CCI6IKPXVCJ9.EYJ0B2TLBL90EXBLIJOICMVMCMVZACISIMV4CCI6MTCZNTKXNJA4NYWIAWF0IJOXNZM1ODI5NJG3LCJQDGKIOIJHZTYWNTE4ZTKYYTY0NJI3YWEZYZFHYMNINJDKNGVINIISINVZZXJFAWQIOJF9.GD-CXBDTAYF1827Q6HXXXCYU-MLZFSC_VQBA9J4DXIE','2025-01-02 14:54:47.248694','2025-01-03 14:54:47.000000',1,'AE60518E92A64627AA3C1ABCB67D4EB6'),(259,'EYJHBGCIOIJIUZI1NIISINR5CCI6IKPXVCJ9.EYJ0B2TLBL90EXBLIJOIC2XPZGLUZYISIMV4CCI6MTCZNTGZMZI5MSWIAWF0IJOXNZM1ODI5NJKXLCJQDGKIOII1MDM1YJG0M2RKYZE0ODK5ODJJZTA2NTA2YTA3NTKZYYISINJLZNJLC2HFZXHWIJOXNZM1OTE2MDKXLCJ1C2VYX2LKIJOXFQ.PB8GH_EZLE4ALK6D_OI9SBUXMP2P4KUETG7OAUSPTOQ','2025-01-02 14:54:51.057195','2025-01-02 15:54:51.000000',1,'5035B843DDC1489982CE06506A07593C'),(260,'EYJHBGCIOIJIUZI1NIISINR5CCI6IKPXVCJ9.EYJ0B2TLBL90EXBLIJOICMVMCMVZACISIMV4CCI6MTCZNTKXNJEZNSWIAWF0IJOXNZM1ODI5NZM1LCJQDGKIOIJMMZC0MWEXYJU4YJY0MZJMYTM3YTA5NMNMMTC5ZGJHNYISINVZZXJFAWQIOJF9.SVLORRGWTTU-SNQHCUHH1DOB_2B1LZRCAKGEVQWTJJE','2025-01-02 14:55:35.273771','2025-01-03 14:55:35.000000',1,'F3741A1B58B6432FA37A096CF179DBA7'),(261,'EYJHBGCIOIJIUZI1NIISINR5CCI6IKPXVCJ9.EYJ0B2TLBL90EXBLIJOIC2XPZGLUZYISIMV4CCI6MTCZNTGZMZMZOCWIAWF0IJOXNZM1ODI5NZM4LCJQDGKIOIJKOTI4NGU2NDU4NZG0YJVMODZHMJC3MDIZYMEYMGUWZSISINJLZNJLC2HFZXHWIJOXNZM1OTE2MTM4LCJ1C2VYX2LKIJOXFQ.C3MRHZBEHMZERPJRX4CGPJN_HVVBWQXE-HDBDWPRQQS','2025-01-02 14:55:38.733550','2025-01-02 15:55:38.000000',1,'D9284E6458784B5F86A277023BA20E0E'),(262,'EYJHBGCIOIJIUZI1NIISINR5CCI6IKPXVCJ9.EYJ0B2TLBL90EXBLIJOICMVMCMVZACISIMV4CCI6MTCZNTK3OTYWNYWIAWF0IJOXNZM1ODKZMJA3LCJQDGKIOII1NTU1YMJINDYWYZM0NMM3OTVMY2MZOTK5ZJAZNZY2MCISINVZZXJFAWQIOJF9.9LJF3D1MIHGKNXO_DNADY4XBTB7JMJ9NAVNQ6GJYW6E','2025-01-03 08:33:27.479762','2025-01-04 08:33:27.000000',1,'5555BBB460C346C795FCC3999F037660'),(263,'EYJHBGCIOIJIUZI1NIISINR5CCI6IKPXVCJ9.EYJ0B2TLBL90EXBLIJOIC2XPZGLUZYISIMV4CCI6MTCZNTG5NJGXMCWIAWF0IJOXNZM1ODKZMJEWLCJQDGKIOIJIM2I1N2U4YMI0NDG0MZIYYTNMNWJHYJNJNJC0ZWQWZCISINJLZNJLC2HFZXHWIJOXNZM1OTC5NJEWLCJ1C2VYX2LKIJOXFQ.ZZD171LD_MWICZKBRG5FEDZMQOLAQPJ6QAYMZA48V5Q','2025-01-03 08:33:30.129619','2025-01-03 09:33:30.000000',1,'B3B57E8BB4484322A3F5BAB3C674ED0D'),(264,'EYJHBGCIOIJIUZI1NIISINR5CCI6IKPXVCJ9.EYJ0B2TLBL90EXBLIJOICMVMCMVZACISIMV4CCI6MTCZNTK4MDK0NIWIAWF0IJOXNZM1ODK0NTQ2LCJQDGKIOII0ZTE2YMEXYMY4ODC0YWY4YJHKMTG4ZDG2MMRKZJI0YYISINVZZXJFAWQIOJF9.NA22OLSAV_JAP39-5HB4V2ZBCK8BNEYNTWY6JJX7KFU','2025-01-03 08:55:46.354101','2025-01-04 08:55:46.000000',1,'4E16BA1BF8874AF8B8D188D862DDF24C'),(265,'EYJHBGCIOIJIUZI1NIISINR5CCI6IKPXVCJ9.EYJ0B2TLBL90EXBLIJOIC2XPZGLUZYISIMV4CCI6MTCZNTG5ODE0OCWIAWF0IJOXNZM1ODK0NTQ4LCJQDGKIOIIYMTLHNJY2NJQ5MZA0YWJKOGRHOTGZMDBMZDU4YJDJOCISINJLZNJLC2HFZXHWIJOXNZM1OTGWOTQ4LCJ1C2VYX2LKIJOXFQ.ZLOAYUAMTQ7LO7C70UNOB0QAUNNHGZRA3L0VSBEBI40','2025-01-03 08:55:48.547007','2025-01-03 09:55:48.000000',1,'219A666649304ABD8DA98300FD58B7C8'),(266,'EYJHBGCIOIJIUZI1NIISINR5CCI6IKPXVCJ9.EYJ0B2TLBL90EXBLIJOICMVMCMVZACISIMV4CCI6MTCZNTK4NJY2MIWIAWF0IJOXNZM1OTAWMJYYLCJQDGKIOIIZNGY5N2FHZJM0ZTU0OWNJYJK3NGE2OGEXNWE0OGY1YYISINVZZXJFAWQIOJF9.WDRWSFVQHBSFF75UJHLPIU0BQBAXDXUYU2GRR46BR40','2025-01-03 10:31:02.809693','2025-01-04 10:31:02.000000',1,'34F97AAF34E549CCB974A68A15A48F5C'),(267,'EYJHBGCIOIJIUZI1NIISINR5CCI6IKPXVCJ9.EYJ0B2TLBL90EXBLIJOIC2XPZGLUZYISIMV4CCI6MTCZNTKWMZG2NCWIAWF0IJOXNZM1OTAWMJY0LCJQDGKIOIJHZJY5Y2Q0ZMYZNWQ0NZRHOGY3ZTI5ZJEXYTI5MZYWYYISINJLZNJLC2HFZXHWIJOXNZM1OTG2NJY0LCJ1C2VYX2LKIJOXFQ.CFO8HHQA0GXGPOO4JMAL1_DYKGTALFVNKW0PYWKDATU','2025-01-03 10:31:04.999787','2025-01-03 11:31:04.000000',1,'AF69CD4FF35D474A8F7E29F11A29360C'),(268,'EYJHBGCIOIJIUZI1NIISINR5CCI6IKPXVCJ9.EYJ0B2TLBL90EXBLIJOICMVMCMVZACISIMV4CCI6MTCZNTK4NJCZNYWIAWF0IJOXNZM1OTAWMZM3LCJQDGKIOII4ODQWNTA0NZBMMGI0OWJMYMUYYWZJOWY5NMFKYME0NYISINVZZXJFAWQIOJF9.WK2NNLUFO14702OH1WX11LVA0LJRSOOBC-XD_B8QHE8','2025-01-03 10:32:17.875726','2025-01-04 10:32:17.000000',1,'884050470F0B49BFBE2AFC9F96ADBA47'),(269,'EYJHBGCIOIJIUZI1NIISINR5CCI6IKPXVCJ9.EYJ0B2TLBL90EXBLIJOIC2XPZGLUZYISIMV4CCI6MTCZNTKWMZK0MIWIAWF0IJOXNZM1OTAWMZQYLCJQDGKIOIJLZJHJN2ZMZDY5Y2I0NDAXYJDJZJI0ODQ3MDLKYZY5ZCISINJLZNJLC2HFZXHWIJOXNZM1OTG2NZQYLCJ1C2VYX2LKIJOXFQ.68GHWICS6YQO10SWPTAZBOMGSBY3XLHTTXMVOZPSYFE','2025-01-03 10:32:22.781279','2025-01-03 11:32:22.000000',1,'EF8C7FFD69CB4401B7CF2484709DC69D'),(270,'EYJHBGCIOIJIUZI1NIISINR5CCI6IKPXVCJ9.EYJ0B2TLBL90EXBLIJOICMVMCMVZACISIMV4CCI6MTCZNTK4NJGYNCWIAWF0IJOXNZM1OTAWNDI0LCJQDGKIOIIXNJEXN2I4ZTYWNTC0NWNHYJJMMDBMMJI0YJMYMGFHMIISINVZZXJFAWQIOJF9.ICAORXPYYTEFNUT4GAXBICO0U493BXPCTF6IRGW774M','2025-01-03 10:33:44.939360','2025-01-04 10:33:44.000000',1,'16117B8E605745CAB2F00F224B320AA2'),(271,'EYJHBGCIOIJIUZI1NIISINR5CCI6IKPXVCJ9.EYJ0B2TLBL90EXBLIJOIC2XPZGLUZYISIMV4CCI6MTCZNTKWNDAYOSWIAWF0IJOXNZM1OTAWNDI5LCJQDGKIOIIZODG3N2YXZJMZY2Q0OWIYYMY2YJG0ZJVHZWEWMTDKNSISINJLZNJLC2HFZXHWIJOXNZM1OTG2ODI5LCJ1C2VYX2LKIJOXFQ.RJP0E4-QGRLNV27AYLJ69EBTXGG-1PD-9ABIZFZFE3M','2025-01-03 10:33:49.120824','2025-01-03 11:33:49.000000',1,'38877F1F33CD49B2BF6B84F5AEA017D5'),(272,'EYJHBGCIOIJIUZI1NIISINR5CCI6IKPXVCJ9.EYJ0B2TLBL90EXBLIJOICMVMCMVZACISIMV4CCI6MTCZNTK5NDGXMSWIAWF0IJOXNZM1OTA4NDEXLCJQDGKIOII2YTM3YMNMZDA0OTK0NTG0OWYXM2Y5OGNJMMYWZTE1NSISINVZZXJFAWQIOJF9.X8GM_A0VVPX0JMUUOKRLMBL20XJH8-3IICUO_WFPJU4','2025-01-03 12:46:51.372914','2025-01-04 12:46:51.000000',1,'6A37BCFD049945849F13F98CC2F0E155'),(273,'EYJHBGCIOIJIUZI1NIISINR5CCI6IKPXVCJ9.EYJ0B2TLBL90EXBLIJOIC2XPZGLUZYISIMV4CCI6MTCZNTKXMJAXNSWIAWF0IJOXNZM1OTA4NDE1LCJQDGKIOII3MJNIZDLHMZK3MZM0YTQYOWE3MTIYODBHMDIZZTRLNYISINJLZNJLC2HFZXHWIJOXNZM1OTK0ODE1LCJ1C2VYX2LKIJOXFQ.2F_Q04KPADBBOVWBMUJ4HK0UA9QBHUK8OHOE_BR6QWG','2025-01-03 12:46:55.489750','2025-01-03 13:46:55.000000',1,'723BD9A397334A429A712280A023E4E7'),(274,'EYJHBGCIOIJIUZI1NIISINR5CCI6IKPXVCJ9.EYJ0B2TLBL90EXBLIJOICMVMCMVZACISIMV4CCI6MTCZNJAWMJU5MCWIAWF0IJOXNZM1OTE2MTKWLCJQDGKIOII5MMU5ZJZMOGNMMMU0ZTLJOTK2YTM0ZDY3OTM5ZME4YSISINVZZXJFAWQIOJF9.YPD83LPJSYT70FX5SPGF6_IUWDRU0PSELZMRWZB5XCS','2025-01-03 14:56:30.213250','2025-01-04 14:56:30.000000',1,'92E9F6F8CF2E4E9C996A34D67939FA8A'),(275,'EYJHBGCIOIJIUZI1NIISINR5CCI6IKPXVCJ9.EYJ0B2TLBL90EXBLIJOIC2XPZGLUZYISIMV4CCI6MTCZNTKXOTC5MYWIAWF0IJOXNZM1OTE2MTKZLCJQDGKIOIIWYJVMMZZMODE2YWY0MJMYYTE3ODFKNWQZNWFIMTMWOCISINJLZNJLC2HFZXHWIJOXNZM2MDAYNTKZLCJ1C2VYX2LKIJOXFQ.FY4LY9JW1ZIVJY5SWUO7M1I1HGYDEFACRB9DTXSAIAY','2025-01-03 14:56:33.094666','2025-01-03 15:56:33.000000',1,'0B5F36F816AF4232A1781D5D35AB1308'),(276,'EYJHBGCIOIJIUZI1NIISINR5CCI6IKPXVCJ9.EYJ0B2TLBL90EXBLIJOICMVMCMVZACISIMV4CCI6MTCZNJAXMTI1MYWIAWF0IJOXNZM1OTI0ODUZLCJQDGKIOII3OWYWNJHMOTU1MJY0ODBIYMRIM2NKOTGXNJG5MMUWOSISINVZZXJFAWQIOJF9.D6SEVDLYCDTPEBCTJAFBFB1NWSGAJIZSFTLXNGIDVS4','2025-01-03 17:20:53.191864','2025-01-04 17:20:53.000000',1,'79F068F95526480BBDB3CD9816892E09'),(277,'EYJHBGCIOIJIUZI1NIISINR5CCI6IKPXVCJ9.EYJ0B2TLBL90EXBLIJOIC2XPZGLUZYISIMV4CCI6MTCZNTKYODQ1OCWIAWF0IJOXNZM1OTI0ODU4LCJQDGKIOII4ZTKZYWY5MTHHNTU0ZJG4YJIZZDA0YTFMYME4NWJLNYISINJLZNJLC2HFZXHWIJOXNZM2MDEXMJU4LCJ1C2VYX2LKIJOXFQ.LBDNNKHG84ONBU53DKVMWA9U1_SM4Q9PPWII7SYCUGA','2025-01-03 17:20:58.677288','2025-01-03 18:20:58.000000',1,'8E93AF918A554F88B23D04A1FBA85BE7'),(278,'EYJHBGCIOIJIUZI1NIISINR5CCI6IKPXVCJ9.EYJ0B2TLBL90EXBLIJOICMVMCMVZACISIMV4CCI6MTCZNJAXMJIZMYWIAWF0IJOXNZM1OTI1ODMZLCJQDGKIOIJMMTRKNDFMZDI2N2M0ZTI2YTMXZDE0YTI1ZDFKNDA3YIISINVZZXJFAWQIOJF9.DVLQDWIACVINHVHLYBJN2ODSRP30WNFIQILVJGIDB54','2025-01-03 17:37:13.800314','2025-01-04 17:37:13.000000',1,'F14D41FD267C4E26A31D14A25D1D407B'),(279,'EYJHBGCIOIJIUZI1NIISINR5CCI6IKPXVCJ9.EYJ0B2TLBL90EXBLIJOIC2XPZGLUZYISIMV4CCI6MTCZNTKYOTQ0NSWIAWF0IJOXNZM1OTI1ODQ1LCJQDGKIOII2NGNIZJHIYWNIYWE0Y2VIOTZINGZIMZK0MJBLZDBKMYISINJLZNJLC2HFZXHWIJOXNZM2MDEYMJQ1LCJ1C2VYX2LKIJOXFQ.ET_IHGMEM791YXDH2CVHAUSAGP63D2XHVUTTZZPVRSC','2025-01-03 17:37:25.052643','2025-01-03 18:37:25.000000',1,'64CBF8BACBAA4CEB96B4FB39420ED0D3'),(280,'EYJHBGCIOIJIUZI1NIISINR5CCI6IKPXVCJ9.EYJ0B2TLBL90EXBLIJOICMVMCMVZACISIMV4CCI6MTCZNJAXMJQ5MSWIAWF0IJOXNZM1OTI2MDKXLCJQDGKIOIJKOTDKMZAWNJLHM2I0NGNHYTFLMTG3NMNMYJAYMWMZMCISINVZZXJFAWQIOJF9.PF1HQED6HUC-SZ5W4_HS_ZMUD0V60WRM09XTQHTAPQ4','2025-01-03 17:41:31.588873','2025-01-04 17:41:31.000000',1,'D97D30069A3B44CAA1E1876CFB021C30'),(281,'EYJHBGCIOIJIUZI1NIISINR5CCI6IKPXVCJ9.EYJ0B2TLBL90EXBLIJOIC2XPZGLUZYISIMV4CCI6MTCZNTKYOTY5NCWIAWF0IJOXNZM1OTI2MDK0LCJQDGKIOIJHOWY2OTRMNWU1ODU0MTZMOGQYYJY5ZMIWOTQXZDJLOSISINJLZNJLC2HFZXHWIJOXNZM2MDEYNDK0LCJ1C2VYX2LKIJOXFQ.V2RWZDJDFJR9KZ2WWQG0O2TVLUQSZYYJB-C4MK-KG1W','2025-01-03 17:41:34.579538','2025-01-03 18:41:34.000000',1,'A9F694F5E585416F8D2B69FB0941D2E9'),(282,'EYJHBGCIOIJIUZI1NIISINR5CCI6IKPXVCJ9.EYJ0B2TLBL90EXBLIJOICMVMCMVZACISIMV4CCI6MTCZNJA0ODE0OCWIAWF0IJOXNZM1OTYXNZQ4LCJQDGKIOIIYODDINTA5ZJVLNDA0ZMZJYTM0NZQXOGU4MWNLODQ5ZCISINVZZXJFAWQIOJF9.VXMIWPL2-NZAK2N0HJKDCQYUNL4A8QLAFA5V_L2QTJ4','2025-01-04 03:35:48.488591','2025-01-05 03:35:48.000000',1,'287B509F5E404FFCA347418E81CE849D'),(283,'EYJHBGCIOIJIUZI1NIISINR5CCI6IKPXVCJ9.EYJ0B2TLBL90EXBLIJOIC2XPZGLUZYISIMV4CCI6MTCZNTK2NTM1MCWIAWF0IJOXNZM1OTYXNZUWLCJQDGKIOIJLMJCWMGFJOTC3MJC0MGYYOGU0YJHKODYYYMEWYZDKYIISINJLZNJLC2HFZXHWIJOXNZM2MDQ4MTUWLCJ1C2VYX2LKIJOXFQ.F_4EB1V3HCF8MGDCAVIZW27BXPF-OGKXSL577FQ3MQA','2025-01-04 03:35:50.862124','2025-01-04 04:35:50.000000',1,'E2700AC9772740F28E4B8D862BA0C7DB'),(284,'EYJHBGCIOIJIUZI1NIISINR5CCI6IKPXVCJ9.EYJ0B2TLBL90EXBLIJOICMVMCMVZACISIMV4CCI6MTCZNJA0OTAYOCWIAWF0IJOXNZM1OTYYNJI4LCJQDGKIOII1MJDKMMQ0ZWJMZTA0NGJMOTAWZJMWMTCZNZI3ZMI1NYISINVZZXJFAWQIOJF9.YNZBXV_TOFA4PSB4AAA5GWGJSOWTIJFDW_9ZIAROG-4','2025-01-04 03:50:28.772711','2025-01-05 03:50:28.000000',1,'527D2D4EBFE044BF900F30173727FB57'),(285,'EYJHBGCIOIJIUZI1NIISINR5CCI6IKPXVCJ9.EYJ0B2TLBL90EXBLIJOIC2XPZGLUZYISIMV4CCI6MTCZNTK2NJIZMIWIAWF0IJOXNZM1OTYYNJMYLCJQDGKIOIJIMWIWOTC3YMFJNGU0MGI3OGIZYTQ0MGE2MJI0MTLLYIISINJLZNJLC2HFZXHWIJOXNZM2MDQ5MDMYLCJ1C2VYX2LKIJOXFQ.T2HA4VB8_J53XVKPWWBKFFZ0MVVVG7IYRGUXUPJNNFG','2025-01-04 03:50:32.834632','2025-01-04 04:50:32.000000',1,'B1B0977BAC4E40B78B3A440A622419EB'),(286,'EYJHBGCIOIJIUZI1NIISINR5CCI6IKPXVCJ9.EYJ0B2TLBL90EXBLIJOICMVMCMVZACISIMV4CCI6MTCZNJA0OTUYMIWIAWF0IJOXNZM1OTYZMTIYLCJQDGKIOIJMM2E4MZE5NWNHYZK0MTAYOTRIMJI0Y2NMNDU3MTCWMYISINVZZXJFAWQIOJF9.WIHTAUSXIPDKRJO_L0NJEQZBYH4Z66GYY23PZF7WCBQ','2025-01-04 03:58:42.234268','2025-01-05 03:58:42.000000',1,'F3A83195CAC9410294B224CCF4571703'),(287,'EYJHBGCIOIJIUZI1NIISINR5CCI6IKPXVCJ9.EYJ0B2TLBL90EXBLIJOIC2XPZGLUZYISIMV4CCI6MTCZNTK2NJCYNSWIAWF0IJOXNZM1OTYZMTI1LCJQDGKIOII1NJLLOTEZMDQ1YJU0MGEZODAXZWNLMMM2ZDE5YTLIOCISINJLZNJLC2HFZXHWIJOXNZM2MDQ5NTI1LCJ1C2VYX2LKIJOXFQ.GOWOXY33-NOY9NSQI8FEDSQ1JL-TY_QVDYR66RQZQUQ','2025-01-04 03:58:45.308815','2025-01-04 04:58:45.000000',1,'569E913045B540A3801ECE2C6D19A9B8'),(288,'EYJHBGCIOIJIUZI1NIISINR5CCI6IKPXVCJ9.EYJ0B2TLBL90EXBLIJOICMVMCMVZACISIMV4CCI6MTCZNJA0OTKXOSWIAWF0IJOXNZM1OTYZNTE5LCJQDGKIOII4MDBJYJIXM2MYNWU0MGZMODQZMJE5NWVMYJCXNDK5ZIISINVZZXJFAWQIOJF9._LQP6QNHGCOMZBVJBO2XXON-1WLXAHQ2P0JPRS1-IBE','2025-01-04 04:05:19.625763','2025-01-05 04:05:19.000000',1,'800CB213C25E40FF8432195EFB71499F'),(289,'EYJHBGCIOIJIUZI1NIISINR5CCI6IKPXVCJ9.EYJ0B2TLBL90EXBLIJOIC2XPZGLUZYISIMV4CCI6MTCZNTK2NZEYNSWIAWF0IJOXNZM1OTYZNTI1LCJQDGKIOIJKYZFIMGMYNDKZMTY0N2IWYTRJZJK5ZMZLNDK0ODFKNSISINJLZNJLC2HFZXHWIJOXNZM2MDQ5OTI1LCJ1C2VYX2LKIJOXFQ.HTK-TEM_YB5330HQVY6T2KEZJ7LXNRFU8ARYZ5VDU3U','2025-01-04 04:05:25.808523','2025-01-04 05:05:25.000000',1,'DC1B0C24931647B0A4CF99FFE49481D5'),(290,'EYJHBGCIOIJIUZI1NIISINR5CCI6IKPXVCJ9.EYJ0B2TLBL90EXBLIJOICMVMCMVZACISIMV4CCI6MTCZNJA1MDE3MSWIAWF0IJOXNZM1OTYZNZCXLCJQDGKIOII5MTVIOWI3MTE2MZY0M2FJOTFINGRMYTQ4OWRLMDG4ZCISINVZZXJFAWQIOJF9.VO70LIDRYVLT5ARIA73ZY-6EKBIOLT_UMBIAPG2W9EU','2025-01-04 04:09:31.150636','2025-01-05 04:09:31.000000',1,'915B9B71163643AC91B4DFA489DE088D'),(291,'EYJHBGCIOIJIUZI1NIISINR5CCI6IKPXVCJ9.EYJ0B2TLBL90EXBLIJOIC2XPZGLUZYISIMV4CCI6MTCZNTK2NZM3NCWIAWF0IJOXNZM1OTYZNZC0LCJQDGKIOIIYYTLLYMQXMGJKMGE0YWQWYTBKM2QWNDZKZMU5NTAXMYISINJLZNJLC2HFZXHWIJOXNZM2MDUWMTC0LCJ1C2VYX2LKIJOXFQ.69XQEPQKTGNHBDWY2R2AO6GJPTKYQ8LD0VXFGOFZCRO','2025-01-04 04:09:34.713823','2025-01-04 05:09:34.000000',1,'2A9EBD10BD0A4AD0A0D3D046DFE95013'),(292,'EYJHBGCIOIJIUZI1NIISINR5CCI6IKPXVCJ9.EYJ0B2TLBL90EXBLIJOICMVMCMVZACISIMV4CCI6MTCZNJA1MJU1NCWIAWF0IJOXNZM1OTY2MTU0LCJQDGKIOIJJMDQ1NTU2MGMWYZU0NDG2YTVMMGMWODC2MTZJODMYMYISINVZZXJFAWQIOJF9.LQX7NIONDXYLIZAHYNILJ8WUFWQMRKAZXF-F8FGAU1U','2025-01-04 04:49:14.683791','2025-01-05 04:49:14.000000',1,'C0455560C0C54486A5F0C087616C8323'),(293,'EYJHBGCIOIJIUZI1NIISINR5CCI6IKPXVCJ9.EYJ0B2TLBL90EXBLIJOIC2XPZGLUZYISIMV4CCI6MTCZNTK2OTC2MCWIAWF0IJOXNZM1OTY2MTYWLCJQDGKIOII3OWIYYTE3N2FIOTQ0YJGZYJM3ZDNKNDDLYTQ0ZWIZNIISINJLZNJLC2HFZXHWIJOXNZM2MDUYNTYWLCJ1C2VYX2LKIJOXFQ.EBWD-W4IYRSUJM9W8U1J3YNAL2EAWBZCXALUQSZ1GBW','2025-01-04 04:49:20.723671','2025-01-04 05:49:20.000000',1,'79B2A177AB944B83B37D3D47EA44EB36'),(294,'EYJHBGCIOIJIUZI1NIISINR5CCI6IKPXVCJ9.EYJ0B2TLBL90EXBLIJOICMVMCMVZACISIMV4CCI6MTCZNJA1NZY4NCWIAWF0IJOXNZM1OTCXMJG0LCJQDGKIOIJKMWI1ZGI1MZM3N2U0OTGYODBJNGYYYWYWZJIWZMJIOSISINVZZXJFAWQIOJF9.7J_WIVQD2QKHYYY-FR-CPSJJXRC9HKDGFOTIRRMA22S','2025-01-04 06:14:44.189517','2025-01-05 06:14:44.000000',1,'D1B5DB53377E498280C4F2AF0F20FBB9'),(295,'EYJHBGCIOIJIUZI1NIISINR5CCI6IKPXVCJ9.EYJ0B2TLBL90EXBLIJOIC2XPZGLUZYISIMV4CCI6MTCZNTK3NDG4NYWIAWF0IJOXNZM1OTCXMJG3LCJQDGKIOII0MWFINJUZMTI2ZDG0ZTBKYMM2NMRLNTNJZJYWZWQ2OSISINJLZNJLC2HFZXHWIJOXNZM2MDU3NJG3LCJ1C2VYX2LKIJOXFQ.ACGME4HQJQZU9_GQIP7EFYVK7KZHJX00VVFHM0GJSMU','2025-01-04 06:14:47.886559','2025-01-04 07:14:47.000000',1,'41AB653126D84E0DBC66DE53CF60ED69'),(296,'EYJHBGCIOIJIUZI1NIISINR5CCI6IKPXVCJ9.EYJ0B2TLBL90EXBLIJOICMVMCMVZACISIMV4CCI6MTCZNJA1NZG1NSWIAWF0IJOXNZM1OTCXNDU1LCJQDGKIOII0NWJHOGZINJEXNZQ0ZGNMYTQ5MWVKNGQYYWEWNJQWOSISINVZZXJFAWQIOJF9.BOVOWOOUE_DB0T_U1TRER9VJHVVR6ZSTLWMKXQJD1T4','2025-01-04 06:17:35.210296','2025-01-05 06:17:35.000000',1,'45BA8FB611744DCFA491ED4D2AA06409'),(297,'EYJHBGCIOIJIUZI1NIISINR5CCI6IKPXVCJ9.EYJ0B2TLBL90EXBLIJOIC2XPZGLUZYISIMV4CCI6MTCZNTK3NTA1NYWIAWF0IJOXNZM1OTCXNDU3LCJQDGKIOIIZYJMZMGFMMWM1YJC0ZTNLYWIYNTRKMTI1YJK4ZTC1NYISINJLZNJLC2HFZXHWIJOXNZM2MDU3ODU3LCJ1C2VYX2LKIJOXFQ.EDZKB1-NPCWUNI0JWNQ5G7DQOZKRZXYG5I_WSN5BQVU','2025-01-04 06:17:37.936089','2025-01-04 07:17:37.000000',1,'3B330AF1C5B74E3EAB254D125B98E757'),(298,'EYJHBGCIOIJIUZI1NIISINR5CCI6IKPXVCJ9.EYJ0B2TLBL90EXBLIJOICMVMCMVZACISIMV4CCI6MTCZNJA1NZK1MSWIAWF0IJOXNZM1OTCXNTUXLCJQDGKIOIIYZMJLZJUYNJVLZMY0YJZMYWUZMDBLZDEZM2RIOGNHMYISINVZZXJFAWQIOJF9.IHXXPSWUGD0JSIPH52LEZPPAUS5B3AYLEMDK83JZUTG','2025-01-04 06:19:11.592943','2025-01-05 06:19:11.000000',1,'2FBEF5265EFF4B6FAE300ED133DB8CA3'),(299,'EYJHBGCIOIJIUZI1NIISINR5CCI6IKPXVCJ9.EYJ0B2TLBL90EXBLIJOIC2XPZGLUZYISIMV4CCI6MTCZNTK3NTE2MSWIAWF0IJOXNZM1OTCXNTYXLCJQDGKIOIIWYWVLYZMXN2FHNTE0NTRHYTMXZMVHMTRKNWNHN2FINIISINJLZNJLC2HFZXHWIJOXNZM2MDU3OTYXLCJ1C2VYX2LKIJOXFQ.X0S_JGQNQM5DPQB6GQWWBUTZNEFQFU0CNX_32BIIQZC','2025-01-04 06:19:21.544969','2025-01-04 07:19:21.000000',1,'0AEEC317AA51454AA31FEA14D5CA7AB6'),(300,'EYJHBGCIOIJIUZI1NIISINR5CCI6IKPXVCJ9.EYJ0B2TLBL90EXBLIJOIC2XPZGLUZYISIMV4CCI6MTCZNTK3ODQXNIWIAWF0IJOXNZM1OTC0ODE2LCJQDGKIOII0NZI5ZDC5ZGIXZMM0NGFJYMFHOGM0NGZIMTUWOGI1MCISINJLZNJLC2HFZXHWIJOXNZM2MDYXMJE2LCJ1C2VYX2LKIJOXFQ.K0ZPZZEXNUQ9HO-OOHIGF92WXS3OGNBH7OFXYJFY_Y4','2025-01-04 07:13:36.498257','2025-01-04 08:13:36.000000',1,'4729D79DB1FC44ACBAA8C44FB1508B50'),(301,'EYJHBGCIOIJIUZI1NIISINR5CCI6IKPXVCJ9.EYJ0B2TLBL90EXBLIJOIC2XPZGLUZYISIMV4CCI6MTCZNTK3ODQXNIWIAWF0IJOXNZM1OTC0ODE2LCJQDGKIOII3MGVLZWVJNJVMN2I0MJBIYTFMZMNJZTJKNWVJMZYWNSISINJLZNJLC2HFZXHWIJOXNZM2MDYXMJE2LCJ1C2VYX2LKIJOXFQ.6F_GOHP5VKCRZ_4AD0AZST03VFTHVZF-STW-4W55FEM','2025-01-04 07:13:36.531139','2025-01-04 08:13:36.000000',1,'70EEEEC65F7B420BA1FFCCE2D5EC3605'),(302,'EYJHBGCIOIJIUZI1NIISINR5CCI6IKPXVCJ9.EYJ0B2TLBL90EXBLIJOIC2XPZGLUZYISIMV4CCI6MTCZNTK3ODQ1MYWIAWF0IJOXNZM1OTC0ODUZLCJQDGKIOIJIZJQYMZA4ZDJLYZU0MJC3YTE5ZMUYZTCWODLHYTA5MCISINJLZNJLC2HFZXHWIJOXNZM2MDYXMJUZLCJ1C2VYX2LKIJOXFQ.FQPXOCWFAY3SQXORLTYMHWLNKX1SFAHANI_ZKXSK26W','2025-01-04 07:14:13.512977','2025-01-04 08:14:13.000000',1,'BF42308D2EC54277A19FE2E7089AA090'),(303,'EYJHBGCIOIJIUZI1NIISINR5CCI6IKPXVCJ9.EYJ0B2TLBL90EXBLIJOIC2XPZGLUZYISIMV4CCI6MTCZNTK3ODQ1MYWIAWF0IJOXNZM1OTC0ODUZLCJQDGKIOIJMNJBKNJMZN2MZOWM0MTQ3ODUXYJGYNTG4NDI2NZKWNIISINJLZNJLC2HFZXHWIJOXNZM2MDYXMJUZLCJ1C2VYX2LKIJOXFQ.WMGCMEDBAR6CEZPQRASD-PS__ZWK9GX6ODCYUCM4GSA','2025-01-04 07:14:13.531845','2025-01-04 08:14:13.000000',1,'F60D6337C39C4147851B825884267906'),(304,'EYJHBGCIOIJIUZI1NIISINR5CCI6IKPXVCJ9.EYJ0B2TLBL90EXBLIJOIC2XPZGLUZYISIMV4CCI6MTCZNTK3ODQ1MYWIAWF0IJOXNZM1OTC0ODUZLCJQDGKIOII2YZKWNDAWMWRHNWU0NZFKYWM5MDDLNDE5NJHKMJI5ZSISINJLZNJLC2HFZXHWIJOXNZM2MDYXMJUZLCJ1C2VYX2LKIJOXFQ.X4RB4OHBWM8HCFMMULKHSEVQCHRR4WD4EEP3TSMI404','2025-01-04 07:14:13.587455','2025-01-04 08:14:13.000000',1,'6C904001DA5E471DAC907E41968D229E'),(305,'EYJHBGCIOIJIUZI1NIISINR5CCI6IKPXVCJ9.EYJ0B2TLBL90EXBLIJOIC2XPZGLUZYISIMV4CCI6MTCZNTK3ODQ1MYWIAWF0IJOXNZM1OTC0ODUZLCJQDGKIOII0ODAZMDZHMZA0ZWI0YZAZOTI4ZDDMODIWMTLMZJU4ZIISINJLZNJLC2HFZXHWIJOXNZM2MDYXMJUZLCJ1C2VYX2LKIJOXFQ.B5DRGAGEVVHPWG9B7HR-3YVB4BM6Q4WLNWAFNYWIGAS','2025-01-04 07:14:13.604874','2025-01-04 08:14:13.000000',1,'480306A304EB4C03928D7F82019FF58F'),(306,'EYJHBGCIOIJIUZI1NIISINR5CCI6IKPXVCJ9.EYJ0B2TLBL90EXBLIJOIC2XPZGLUZYISIMV4CCI6MTCZNTK3ODQ1MYWIAWF0IJOXNZM1OTC0ODUZLCJQDGKIOIIYODQ2NGM3MJY3NDM0ZTC1OGNKMTJIODQZOTKXNJQ1ZIISINJLZNJLC2HFZXHWIJOXNZM2MDYXMJUZLCJ1C2VYX2LKIJOXFQ.QEJZ4GNLFTBPHWV5-JLPSOEZAJKWUJR80OWGKKWDB4O','2025-01-04 07:14:13.618785','2025-01-04 08:14:13.000000',1,'28464C7267434E758CD12B843991645F'),(307,'EYJHBGCIOIJIUZI1NIISINR5CCI6IKPXVCJ9.EYJ0B2TLBL90EXBLIJOIC2XPZGLUZYISIMV4CCI6MTCZNTK3ODQ1MYWIAWF0IJOXNZM1OTC0ODUZLCJQDGKIOIIWYJZJNJM3NGFHMGU0NTQ4OWJMNJNHOTBKMJE3MJQWMYISINJLZNJLC2HFZXHWIJOXNZM2MDYXMJUZLCJ1C2VYX2LKIJOXFQ.BBJLL3YW0ZSPT4D_FUUYFMBVMTWBKOFIMJF2GNW10G4','2025-01-04 07:14:13.634164','2025-01-04 08:14:13.000000',1,'0B6C6374AA0E45489BF63A90D2172403'),(308,'EYJHBGCIOIJIUZI1NIISINR5CCI6IKPXVCJ9.EYJ0B2TLBL90EXBLIJOIC2XPZGLUZYISIMV4CCI6MTCZNTK3ODQ1MYWIAWF0IJOXNZM1OTC0ODUZLCJQDGKIOII1ZDFJZTQ3ZJA3YZI0ZGM5OWI0NJAYNTY5YJQ1N2QXYYISINJLZNJLC2HFZXHWIJOXNZM2MDYXMJUZLCJ1C2VYX2LKIJOXFQ.ZJJNNVJ-_CG8FE6CTENCNHXAPEIHMROYQIHE54ELVRK','2025-01-04 07:14:13.647799','2025-01-04 08:14:13.000000',1,'5D1CE47F07C24DC99B4602569B457D1C'),(309,'EYJHBGCIOIJIUZI1NIISINR5CCI6IKPXVCJ9.EYJ0B2TLBL90EXBLIJOIC2XPZGLUZYISIMV4CCI6MTCZNTK3ODQ1MYWIAWF0IJOXNZM1OTC0ODUZLCJQDGKIOII4MZU0MDBINTRMMZY0MTCZYJKXZMMZZWFJNZAYM2I4MIISINJLZNJLC2HFZXHWIJOXNZM2MDYXMJUZLCJ1C2VYX2LKIJOXFQ.IBF1EBUBAJ3ZNJQK0JHAU3FHWTLEES24GPDB-2EOWUW','2025-01-04 07:14:13.671404','2025-01-04 08:14:13.000000',1,'835400B54F364173B91FC3EAC7023B82'),(310,'EYJHBGCIOIJIUZI1NIISINR5CCI6IKPXVCJ9.EYJ0B2TLBL90EXBLIJOIC2XPZGLUZYISIMV4CCI6MTCZNTK3ODQ1MYWIAWF0IJOXNZM1OTC0ODUZLCJQDGKIOII0NTY5N2MYZMVHOGY0YJAWOTAXMTK1MZQ3NTJHODNLZSISINJLZNJLC2HFZXHWIJOXNZM2MDYXMJUZLCJ1C2VYX2LKIJOXFQ.7LWTDEZAM-TJNYDYWXDMB_SO0PYFRECVHFED5CEQCIS','2025-01-04 07:14:13.706139','2025-01-04 08:14:13.000000',1,'45697C2FEA8F4B0090119534752A83EE'),(311,'EYJHBGCIOIJIUZI1NIISINR5CCI6IKPXVCJ9.EYJ0B2TLBL90EXBLIJOIC2XPZGLUZYISIMV4CCI6MTCZNTK3ODQ1MYWIAWF0IJOXNZM1OTC0ODUZLCJQDGKIOII0NWZLNDDHYWYXNGM0ZGZKODDKN2IWODE4NJQZN2Y5YIISINJLZNJLC2HFZXHWIJOXNZM2MDYXMJUZLCJ1C2VYX2LKIJOXFQ.MEZUXYJM5N3OOE3NDD6_RMRS1PPLNA7RIMB97XK7PTQ','2025-01-04 07:14:13.727227','2025-01-04 08:14:13.000000',1,'45FE47AAF14C4DFD87D7B08186437F9B'),(312,'EYJHBGCIOIJIUZI1NIISINR5CCI6IKPXVCJ9.EYJ0B2TLBL90EXBLIJOIC2XPZGLUZYISIMV4CCI6MTCZNTK3ODQ1MYWIAWF0IJOXNZM1OTC0ODUZLCJQDGKIOIIXMTFJZDKWMWU2YTM0YMRKOTE1ZTG0MMVIZTA4ZMRHMYISINJLZNJLC2HFZXHWIJOXNZM2MDYXMJUZLCJ1C2VYX2LKIJOXFQ.XQP5GLAQSVQ6RPYRLU_O88RAJBMMWLMJPD581FGX2DC','2025-01-04 07:14:13.741339','2025-01-04 08:14:13.000000',1,'111CD901E6A34BDD915E842EBE08FDA3'),(313,'EYJHBGCIOIJIUZI1NIISINR5CCI6IKPXVCJ9.EYJ0B2TLBL90EXBLIJOIC2XPZGLUZYISIMV4CCI6MTCZNTK3ODQ1MYWIAWF0IJOXNZM1OTC0ODUZLCJQDGKIOII3YWMZN2FJODAYMDG0NZQ4YMQ2ODGXYZI3MWQ2YZEZMYISINJLZNJLC2HFZXHWIJOXNZM2MDYXMJUZLCJ1C2VYX2LKIJOXFQ.XEURG8XYRZDKCB8FMP-Z90QVW0_PI7Y9RSCLSVHZEPY','2025-01-04 07:14:13.755910','2025-01-04 08:14:13.000000',1,'7AC37AC802084748BD6881C271D6C133'),(314,'EYJHBGCIOIJIUZI1NIISINR5CCI6IKPXVCJ9.EYJ0B2TLBL90EXBLIJOIC2XPZGLUZYISIMV4CCI6MTCZNTK3ODQ1MYWIAWF0IJOXNZM1OTC0ODUZLCJQDGKIOIJJYTU3YZCZMWVJYJE0MZAWOTUZMMJHYJLJMTMXNZY2YIISINJLZNJLC2HFZXHWIJOXNZM2MDYXMJUZLCJ1C2VYX2LKIJOXFQ.ZJ-PBZT4BMTKIFQ00PCVHJWGOPVCZUSQFP_QCM3U9_C','2025-01-04 07:14:13.769886','2025-01-04 08:14:13.000000',1,'CA57C731ECB143009532BAB9C131766B'),(315,'EYJHBGCIOIJIUZI1NIISINR5CCI6IKPXVCJ9.EYJ0B2TLBL90EXBLIJOIC2XPZGLUZYISIMV4CCI6MTCZNTK3ODQ1MYWIAWF0IJOXNZM1OTC0ODUZLCJQDGKIOII0MJFHNGNLN2IZZJG0OGYYYJVLNMEWZDY4YWZIZJY5NYISINJLZNJLC2HFZXHWIJOXNZM2MDYXMJUZLCJ1C2VYX2LKIJOXFQ.A9Z7NL9NDVJTYOU8RV6OSGUQ6QQCDYCPLRX7HRSB9MC','2025-01-04 07:14:13.784456','2025-01-04 08:14:13.000000',1,'421A4CE7B3F848F2B5E6A0D68AFBF697'),(316,'EYJHBGCIOIJIUZI1NIISINR5CCI6IKPXVCJ9.EYJ0B2TLBL90EXBLIJOIC2XPZGLUZYISIMV4CCI6MTCZNTK3ODQ1MYWIAWF0IJOXNZM1OTC0ODUZLCJQDGKIOIIXZGE1ZGVLZMRKNWU0NTAZYJIXNMYWMJI2NTG3NZMXMYISINJLZNJLC2HFZXHWIJOXNZM2MDYXMJUZLCJ1C2VYX2LKIJOXFQ.FKZD5JQQJOW_RPD-B9BLUNH_VUXV5BIU-9_1RCUXCC8','2025-01-04 07:14:13.796769','2025-01-04 08:14:13.000000',1,'1DA5DEEFDD5E4503B216F02265877313'),(317,'EYJHBGCIOIJIUZI1NIISINR5CCI6IKPXVCJ9.EYJ0B2TLBL90EXBLIJOIC2XPZGLUZYISIMV4CCI6MTCZNTK3ODQ1MYWIAWF0IJOXNZM1OTC0ODUZLCJQDGKIOIJMMJCZYJGXMTIWNZG0ZME2YMVJMDMZY2I1YME3OGRJOSISINJLZNJLC2HFZXHWIJOXNZM2MDYXMJUZLCJ1C2VYX2LKIJOXFQ.LCRBGCYSZY4F4CZNCMRQB3YD0MPYWKXXL80LIX9FWV0','2025-01-04 07:14:13.810106','2025-01-04 08:14:13.000000',1,'F273B81120784FA6BEC033CB5BA78DC9'),(318,'EYJHBGCIOIJIUZI1NIISINR5CCI6IKPXVCJ9.EYJ0B2TLBL90EXBLIJOIC2XPZGLUZYISIMV4CCI6MTCZNTK3ODQ1MYWIAWF0IJOXNZM1OTC0ODUZLCJQDGKIOIIZMZQYMZC4NZQXZME0NMM0ODMZMZYWYJK3YJJHNTK1YIISINJLZNJLC2HFZXHWIJOXNZM2MDYXMJUZLCJ1C2VYX2LKIJOXFQ.8KTFMB4HQKCPQIG7Z21EP56AXCZ9175SPDOK--CCNBM','2025-01-04 07:14:13.823080','2025-01-04 08:14:13.000000',1,'3342378741FA46C4833360B97B2A595B'),(319,'EYJHBGCIOIJIUZI1NIISINR5CCI6IKPXVCJ9.EYJ0B2TLBL90EXBLIJOIC2XPZGLUZYISIMV4CCI6MTCZNTK3ODQ1MYWIAWF0IJOXNZM1OTC0ODUZLCJQDGKIOII1YJLLNMZKNMJMYJA0ZJHLYTFHNDK1MZY2OTIZNWJHNSISINJLZNJLC2HFZXHWIJOXNZM2MDYXMJUZLCJ1C2VYX2LKIJOXFQ.PMKNNSHF9PLTLC-P9CXLGONMZYX86ZSEWSBQFDZBYUY','2025-01-04 07:14:13.836069','2025-01-04 08:14:13.000000',1,'5B9E6FD6BFB04F8EA1A4953669235BA5'),(320,'EYJHBGCIOIJIUZI1NIISINR5CCI6IKPXVCJ9.EYJ0B2TLBL90EXBLIJOIC2XPZGLUZYISIMV4CCI6MTCZNTK3ODQ1MYWIAWF0IJOXNZM1OTC0ODUZLCJQDGKIOIJMZDU4MZG3NZNINZK0YJBLOGMZMJI4NTE1NZEZNGFKZIISINJLZNJLC2HFZXHWIJOXNZM2MDYXMJUZLCJ1C2VYX2LKIJOXFQ.2VGCTHH1KCCOUUWXOHODOBHDXEVUL43QVSAHSW0ORXQ','2025-01-04 07:14:13.851349','2025-01-04 08:14:13.000000',1,'FD5838773B794B0E8C32285157134ADF'),(321,'EYJHBGCIOIJIUZI1NIISINR5CCI6IKPXVCJ9.EYJ0B2TLBL90EXBLIJOIC2XPZGLUZYISIMV4CCI6MTCZNTK3ODQ1MYWIAWF0IJOXNZM1OTC0ODUZLCJQDGKIOII0ZJC1YZLJNMMZZME0YZA5OGRHZJCXMDG3NJDIM2ZLYIISINJLZNJLC2HFZXHWIJOXNZM2MDYXMJUZLCJ1C2VYX2LKIJOXFQ.RK9CPMLNWA9FUUR9HPI0XCS_V2GUPURNQ_JU0Q2EP34','2025-01-04 07:14:13.865720','2025-01-04 08:14:13.000000',1,'4F75C9C6C3FA4C098DAF7108767B3FEB'),(322,'EYJHBGCIOIJIUZI1NIISINR5CCI6IKPXVCJ9.EYJ0B2TLBL90EXBLIJOIC2XPZGLUZYISIMV4CCI6MTCZNTK3ODQ1MYWIAWF0IJOXNZM1OTC0ODUZLCJQDGKIOIIWZDCZODM4YMMWOTI0MDEZOWM4OTVLYWZJMJK3OGVHZCISINJLZNJLC2HFZXHWIJOXNZM2MDYXMJUZLCJ1C2VYX2LKIJOXFQ.1FWFINYRFJALNYAXAGTGX84VYZXUX6MBJDKFV1FUL7M','2025-01-04 07:14:13.885488','2025-01-04 08:14:13.000000',1,'0D73838BC09240139C895EAFC2978EAD'),(323,'EYJHBGCIOIJIUZI1NIISINR5CCI6IKPXVCJ9.EYJ0B2TLBL90EXBLIJOIC2XPZGLUZYISIMV4CCI6MTCZNTK3ODQ1MYWIAWF0IJOXNZM1OTC0ODUZLCJQDGKIOII5N2Y5N2JINJBIZJA0NWUYOTK4YJY3MTCYNDYYNMEXOSISINJLZNJLC2HFZXHWIJOXNZM2MDYXMJUZLCJ1C2VYX2LKIJOXFQ.YTTZTC6I1TNLSGXYIMVORKEKE-QKBNO10TELUFLJ2XO','2025-01-04 07:14:13.898076','2025-01-04 08:14:13.000000',1,'97F97BB60BF045E2998B671724626A19'),(324,'EYJHBGCIOIJIUZI1NIISINR5CCI6IKPXVCJ9.EYJ0B2TLBL90EXBLIJOIC2XPZGLUZYISIMV4CCI6MTCZNTK3ODQ1MYWIAWF0IJOXNZM1OTC0ODUZLCJQDGKIOIJHN2FMODYZYWY3OTQ0OTLIODG3ZTLKNWY5ZTIZMTU0YSISINJLZNJLC2HFZXHWIJOXNZM2MDYXMJUZLCJ1C2VYX2LKIJOXFQ.K8Z-MEMRLDMYHAUP-JUWSMBZSHXILYEEVPKGSEV8V-E','2025-01-04 07:14:13.913771','2025-01-04 08:14:13.000000',1,'A7AF863AF794499B887E9D5F9E23154A'),(325,'EYJHBGCIOIJIUZI1NIISINR5CCI6IKPXVCJ9.EYJ0B2TLBL90EXBLIJOIC2XPZGLUZYISIMV4CCI6MTCZNTK3ODQ1MYWIAWF0IJOXNZM1OTC0ODUZLCJQDGKIOIJMMDQYNZY1MZI1NGI0NZEYYMI1YJVLMTRLM2Y0YJHHNIISINJLZNJLC2HFZXHWIJOXNZM2MDYXMJUZLCJ1C2VYX2LKIJOXFQ.0CNYTUJ5CY3A8GZQLIYSDEVOQIMUZGWNROFBUYNAU_E','2025-01-04 07:14:13.928461','2025-01-04 08:14:13.000000',1,'F0427653254B4712BB5B5E14E3F4B8A6'),(326,'EYJHBGCIOIJIUZI1NIISINR5CCI6IKPXVCJ9.EYJ0B2TLBL90EXBLIJOIC2XPZGLUZYISIMV4CCI6MTCZNTK3ODQ1MYWIAWF0IJOXNZM1OTC0ODUZLCJQDGKIOII0ZGZKNDGWYJI2ODG0MGU2YJYYYMJKZTIYYZCXMGU5NIISINJLZNJLC2HFZXHWIJOXNZM2MDYXMJUZLCJ1C2VYX2LKIJOXFQ.20RELDRTXMZ1BDUJ7EUIDY9QRYUYHX1S1GTRKSCC-XC','2025-01-04 07:14:13.948633','2025-01-04 08:14:13.000000',1,'4DFD480B268840E6B62BBDE22C710E96'),(327,'EYJHBGCIOIJIUZI1NIISINR5CCI6IKPXVCJ9.EYJ0B2TLBL90EXBLIJOIC2XPZGLUZYISIMV4CCI6MTCZNTK3ODQ1MYWIAWF0IJOXNZM1OTC0ODUZLCJQDGKIOIJMMTFIZGZKNZVMZWE0YTAWYWYZNDE4NTA2YWEYZDC4MIISINJLZNJLC2HFZXHWIJOXNZM2MDYXMJUZLCJ1C2VYX2LKIJOXFQ.LDZ5HRZ_II52SU90KRCTODH6-TZWUQVMPQJWCVC7EGS','2025-01-04 07:14:13.959766','2025-01-04 08:14:13.000000',1,'F11BDFD75FEA4A00AF3418506AA2D782'),(328,'EYJHBGCIOIJIUZI1NIISINR5CCI6IKPXVCJ9.EYJ0B2TLBL90EXBLIJOIC2XPZGLUZYISIMV4CCI6MTCZNTK3ODQ1MYWIAWF0IJOXNZM1OTC0ODUZLCJQDGKIOIIZMDBKODNKMJA5NWU0NZGXOTBIYJYWNDZJZTKWYZM0NSISINJLZNJLC2HFZXHWIJOXNZM2MDYXMJUZLCJ1C2VYX2LKIJOXFQ.9HJNMGQ-ZF_YITISJBTC-NBX4LBVBNAR11OPECI29NY','2025-01-04 07:14:13.973797','2025-01-04 08:14:13.000000',1,'300D83D2095E478190BB6046CE90C345'),(329,'EYJHBGCIOIJIUZI1NIISINR5CCI6IKPXVCJ9.EYJ0B2TLBL90EXBLIJOIC2XPZGLUZYISIMV4CCI6MTCZNTK3ODQ1MYWIAWF0IJOXNZM1OTC0ODUZLCJQDGKIOII2YZZJOTG4MZNMMMQ0ZGUWOTJMNWE2YTGXNMVMNDQ4YIISINJLZNJLC2HFZXHWIJOXNZM2MDYXMJUZLCJ1C2VYX2LKIJOXFQ.WYBPPOUKSJ1NSGWTV_OGNDYC08JMKHMREXBOJSKGSHQ','2025-01-04 07:14:13.991543','2025-01-04 08:14:13.000000',1,'6C6C98833F2D4DE092F5A6A816EF448B'),(330,'EYJHBGCIOIJIUZI1NIISINR5CCI6IKPXVCJ9.EYJ0B2TLBL90EXBLIJOIC2XPZGLUZYISIMV4CCI6MTCZNTK3ODQ1NCWIAWF0IJOXNZM1OTC0ODU0LCJQDGKIOII1YJM3MZMXMTGYM2Q0NDHMOWY3NWVMOTE5ZMVJOWVLOSISINJLZNJLC2HFZXHWIJOXNZM2MDYXMJU0LCJ1C2VYX2LKIJOXFQ.3O3QKVAYU6V9SJVKHQ586KPXLB5-KO_NDOMY1TRZH9C','2025-01-04 07:14:14.046152','2025-01-04 08:14:14.000000',1,'5B373311823D448F9F75EF919FEC9EE9'),(331,'EYJHBGCIOIJIUZI1NIISINR5CCI6IKPXVCJ9.EYJ0B2TLBL90EXBLIJOIC2XPZGLUZYISIMV4CCI6MTCZNTK3ODQ1NCWIAWF0IJOXNZM1OTC0ODU0LCJQDGKIOIIZN2UYYJI5NJU1ZWM0MGY4ODG0ZMVLNWUYNDLMZTU1OCISINJLZNJLC2HFZXHWIJOXNZM2MDYXMJU0LCJ1C2VYX2LKIJOXFQ.RBTM8TMECW4ALQCGKTFNRANOZL36LAPVWAOAGRCOUV8','2025-01-04 07:14:14.208867','2025-01-04 08:14:14.000000',1,'37E2B29655EC40F8884FEE5E249FE558'),(332,'EYJHBGCIOIJIUZI1NIISINR5CCI6IKPXVCJ9.EYJ0B2TLBL90EXBLIJOICMVMCMVZACISIMV4CCI6MTCZNJA2MTI4MIWIAWF0IJOXNZM1OTC0ODGYLCJQDGKIOII3MJRHNDFMYJY0NJA0M2I2YTU0OGRMZGU0MJIXZTVLNYISINVZZXJFAWQIOJF9.QKJCVE5QUSVPFTPCI6YQTMEPNFQGUBYLYHWV6IW83MC','2025-01-04 07:14:42.390609','2025-01-05 07:14:42.000000',1,'724A41FB646043B6A548DFDE4221E5E7'),(333,'EYJHBGCIOIJIUZI1NIISINR5CCI6IKPXVCJ9.EYJ0B2TLBL90EXBLIJOIC2XPZGLUZYISIMV4CCI6MTCZNTK3ODUWNSWIAWF0IJOXNZM1OTC0OTA1LCJQDGKIOII1MZUWMDCZYMYWYZY0NJI3ODM2YZZHMWU1NDA4NDQWNYISINJLZNJLC2HFZXHWIJOXNZM2MDYXMZA1LCJ1C2VYX2LKIJOXFQ.Q7JYDTS4TCG-JKX-JEZMNKLIWYU7U7ICYOYYNYYEKV4','2025-01-04 07:15:05.404408','2025-01-04 08:15:05.000000',1,'5350073BF0C64627836C6A1E54084407'),(334,'EYJHBGCIOIJIUZI1NIISINR5CCI6IKPXVCJ9.EYJ0B2TLBL90EXBLIJOICMVMCMVZACISIMV4CCI6MTCZNJA2MTU4MIWIAWF0IJOXNZM1OTC1MTGYLCJQDGKIOII2OWFIYTNLNMZHZJM0ODNIYWUYMZA0YMJHY2JJODC5YYISINVZZXJFAWQIOJF9.L7LQ6GPE_TSZZ_LAJCINLSCXALL5ISUW4-JAHPS6JWI','2025-01-04 07:19:42.216333','2025-01-05 07:19:42.000000',1,'69ABA3E6FAF3483BAE2304BBACBC879C'),(335,'EYJHBGCIOIJIUZI1NIISINR5CCI6IKPXVCJ9.EYJ0B2TLBL90EXBLIJOIC2XPZGLUZYISIMV4CCI6MTCZNTK3ODC4NCWIAWF0IJOXNZM1OTC1MTG0LCJQDGKIOIIWOTHMZMQYOTRLY2Y0OGI3OTM2MJU3MZK0NJEWZJRKMYISINJLZNJLC2HFZXHWIJOXNZM2MDYXNTG0LCJ1C2VYX2LKIJOXFQ.E6T_YF4YTNTVONXXBQXWQG6SGOG19S4QI31Z2-KOOGU','2025-01-04 07:19:44.810437','2025-01-04 08:19:44.000000',1,'098FFD294ECF48B7936257394610F4D3'),(336,'EYJHBGCIOIJIUZI1NIISINR5CCI6IKPXVCJ9.EYJ0B2TLBL90EXBLIJOICMVMCMVZACISIMV4CCI6MTCZNJA2MTY0MIWIAWF0IJOXNZM1OTC1MJQYLCJQDGKIOII4OGIXZDGYNTQXMZA0MMZIYJE0NZY2YZQYNZGYODVHMIISINVZZXJFAWQIOJF9.2AQJFEIKMBHCMXLTDXWQZ-FZJODUVLHIUVNIJALPP7M','2025-01-04 07:20:42.994938','2025-01-05 07:20:42.000000',1,'88B1D825413042FBB14766C4278285A2'),(337,'EYJHBGCIOIJIUZI1NIISINR5CCI6IKPXVCJ9.EYJ0B2TLBL90EXBLIJOIC2XPZGLUZYISIMV4CCI6MTCZNTK3ODG1NSWIAWF0IJOXNZM1OTC1MJU1LCJQDGKIOIJIMDE4MTC1ODEYOWM0MWE2OTHKYTYZYTKZYTI3MME5MSISINJLZNJLC2HFZXHWIJOXNZM2MDYXNJU1LCJ1C2VYX2LKIJOXFQ.T8MHDKWK2QLNVR4XAGY6NFJM36CPM7NIKMKDJVFXSWA','2025-01-04 07:20:55.710924','2025-01-04 08:20:55.000000',1,'B0181758129C41A698DA63A93A272A91'),(338,'EYJHBGCIOIJIUZI1NIISINR5CCI6IKPXVCJ9.EYJ0B2TLBL90EXBLIJOICMVMCMVZACISIMV4CCI6MTCZNJA2NDKWOSWIAWF0IJOXNZM1OTC4NTA5LCJQDGKIOIIYOWI1YTZKOTZLOTA0NMRMYJK3YZGXZGUXM2RIMJRJMCISINVZZXJFAWQIOJF9.ABHNW_AT0RVGA4OZ_I3ZCAJU_5VKGWT3Q9RB53F79GQ','2025-01-04 08:15:09.285344','2025-01-05 08:15:09.000000',1,'29B5A6D96E9046DFB97C81DE13DB24C0'),(339,'EYJHBGCIOIJIUZI1NIISINR5CCI6IKPXVCJ9.EYJ0B2TLBL90EXBLIJOIC2XPZGLUZYISIMV4CCI6MTCZNTK4MJEXMSWIAWF0IJOXNZM1OTC4NTEXLCJQDGKIOIJHNDDJYZBJZTK4ZJA0MTK2YJA5ZJC1ZDE0MGQZZDE0MYISINJLZNJLC2HFZXHWIJOXNZM2MDY0OTEXLCJ1C2VYX2LKIJOXFQ.FY0EF1I7TTEUIWTNSY6NVXIHI6CFAHCQKD4O5XHUUCK','2025-01-04 08:15:11.985904','2025-01-04 09:15:11.000000',1,'A47CC0CE98F04196B09F75D140D3D143'),(340,'EYJHBGCIOIJIUZI1NIISINR5CCI6IKPXVCJ9.EYJ0B2TLBL90EXBLIJOICMVMCMVZACISIMV4CCI6MTCZNJA2NJA2MSWIAWF0IJOXNZM1OTC5NJYXLCJQDGKIOII2NZHHZME5ZJE5ZWQ0M2ZIYWRHNZE4YTVMYWRKZJA5NYISINVZZXJFAWQIOJF9.HBJ6Q8OR20YPMCBOIWE6WDAZQFGFDDQW1SIFXRGPLOQ','2025-01-04 08:34:21.507280','2025-01-05 08:34:21.000000',1,'678AFA9F19ED43FBADA718A5FADDF097'),(341,'EYJHBGCIOIJIUZI1NIISINR5CCI6IKPXVCJ9.EYJ0B2TLBL90EXBLIJOICMVMCMVZACISIMV4CCI6MTCZNJA2NJA4NSWIAWF0IJOXNZM1OTC5NJG1LCJQDGKIOII2NWI0MDK3NTAXYMM0ZTJHYWFHOTE3MMY0YJLMMZIXMSISINVZZXJFAWQIOJF9.NT1USMF3LPIMIIR7B4WVGAC5VGEJO9ZZFTGJEETL3K4','2025-01-04 08:34:45.108881','2025-01-05 08:34:45.000000',1,'65B4097501BC4E2AAAA9172F4B9F3211'),(342,'EYJHBGCIOIJIUZI1NIISINR5CCI6IKPXVCJ9.EYJ0B2TLBL90EXBLIJOIC2XPZGLUZYISIMV4CCI6MTCZNTK4MZI5MCWIAWF0IJOXNZM1OTC5NJKWLCJQDGKIOIIYMDY3YTRLYZEWMWE0MTK4YTJKNGY2ZTY4MMM3NZDKOCISINJLZNJLC2HFZXHWIJOXNZM2MDY2MDKWLCJ1C2VYX2LKIJOXFQ.8FSKA_OYZII20OGMNOQYXRXU18LMBJP69FVFYDPDLF8','2025-01-04 08:34:50.643338','2025-01-04 09:34:50.000000',1,'2067A4EC101A4198A2D4F6E682C777D8'),(343,'EYJHBGCIOIJIUZI1NIISINR5CCI6IKPXVCJ9.EYJ0B2TLBL90EXBLIJOICMVMCMVZACISIMV4CCI6MTCZNJA3OTAZOCWIAWF0IJOXNZM1OTKYNJM4LCJQDGKIOIIZY2UYNJJMMDU2NDM0MJYZOTKXYWQ1NTI4ODGYNJIXOCISINVZZXJFAWQIOJF9.SOELPSCVSZELGZ_PHZSV2W9E1WOGVMXC5_4CDW7YRG0','2025-01-04 12:10:38.831238','2025-01-05 12:10:38.000000',1,'3CE262F056434263991AD55288826218'),(344,'EYJHBGCIOIJIUZI1NIISINR5CCI6IKPXVCJ9.EYJ0B2TLBL90EXBLIJOIC2XPZGLUZYISIMV4CCI6MTCZNTK5NJI0MIWIAWF0IJOXNZM1OTKYNJQYLCJQDGKIOII5YJKXNWM4ZTBLZWU0N2Y4ODDINMIXMDE2ODK5YWVJNSISINJLZNJLC2HFZXHWIJOXNZM2MDC5MDQYLCJ1C2VYX2LKIJOXFQ.BKE63ZBVDW_PD0I94IJI57V0KNCT2BJQOIOHQOOSLUI','2025-01-04 12:10:42.891195','2025-01-04 13:10:42.000000',1,'9B915C8E0EEE47F887B6B1016899AEC5'),(345,'EYJHBGCIOIJIUZI1NIISINR5CCI6IKPXVCJ9.EYJ0B2TLBL90EXBLIJOICMVMCMVZACISIMV4CCI6MTCZNJEZNJEXNIWIAWF0IJOXNZM2MDQ5NZE2LCJQDGKIOIJHZTDIYJVHYJA1ZTM0ZWJJYWFMNMVIZJM4ZJM1NMQYMCISINVZZXJFAWQIOJF9.CL3VOQATNQVFOBNL_ZJSJ6MACOJG-YURNMEVI-CCLWC','2025-01-05 04:01:56.178926','2025-01-06 04:01:56.000000',1,'AE7BB5AB05E34EBCAAF6EBF38F356D20'),(346,'EYJHBGCIOIJIUZI1NIISINR5CCI6IKPXVCJ9.EYJ0B2TLBL90EXBLIJOIC2XPZGLUZYISIMV4CCI6MTCZNJA1MZMXOSWIAWF0IJOXNZM2MDQ5NZE5LCJQDGKIOIJMNJCYNTRHNWM2ZJK0NJRJOWNMYTCWYZK2YWE4NMRHOSISINJLZNJLC2HFZXHWIJOXNZM2MTM2MTE5LCJ1C2VYX2LKIJOXFQ.Q1HTAKADVU2PGQ5BE4EKQJMRF88THVWQWXN1VLDKVVY','2025-01-05 04:01:59.345947','2025-01-05 05:01:59.000000',1,'F67254A5C6F9464C9CFA70C96AA86DA9'),(347,'EYJHBGCIOIJIUZI1NIISINR5CCI6IKPXVCJ9.EYJ0B2TLBL90EXBLIJOICMVMCMVZACISIMV4CCI6MTCZNJE0MZKXNCWIAWF0IJOXNZM2MDU3NTE0LCJQDGKIOIJJYWQ5ZDCZNZZMZWI0NZRKYTHHYTKXM2RMMTK2MTZLYSISINVZZXJFAWQIOJF9.1NLYCT-ZMAZXYF4HSVBT8PZHT3STPNTCQRCXWJ325NY','2025-01-05 06:11:54.753634','2025-01-06 06:11:54.000000',1,'CAD9D7376FEB474DA8AA913DF19616EA'),(348,'EYJHBGCIOIJIUZI1NIISINR5CCI6IKPXVCJ9.EYJ0B2TLBL90EXBLIJOIC2XPZGLUZYISIMV4CCI6MTCZNJA2MTEYMCWIAWF0IJOXNZM2MDU3NTIWLCJQDGKIOII0NTKXMJKZMTC4OWI0MMQWOTRIYMFJNTJLMMUZN2UWZSISINJLZNJLC2HFZXHWIJOXNZM2MTQZOTIWLCJ1C2VYX2LKIJOXFQ.GK5UDM9WDU8FNJJZMOVOWLP5WDEA6IPDDKOYTFYSXWO','2025-01-05 06:12:00.986494','2025-01-05 07:12:00.000000',1,'45912931789B42D094BBAC52E2E37E0E'),(349,'EYJHBGCIOIJIUZI1NIISINR5CCI6IKPXVCJ9.EYJ0B2TLBL90EXBLIJOICMVMCMVZACISIMV4CCI6MTCZNJE0OTQ3NIWIAWF0IJOXNZM2MDYZMDC2LCJQDGKIOIJHOTQ2OTNLNJQ2YMI0NTY1OWI1NDVHYZDHNDI3YMJLZSISINVZZXJFAWQIOJF9.HLCORPCEHUD-0NTDX_HNNJLD1OBA0VODVUXWAA6I8GW','2025-01-05 07:44:36.700691','2025-01-06 07:44:36.000000',1,'A94693E646BB45659B545AC7A427BBEE'),(350,'EYJHBGCIOIJIUZI1NIISINR5CCI6IKPXVCJ9.EYJ0B2TLBL90EXBLIJOIC2XPZGLUZYISIMV4CCI6MTCZNJA2NJY4MIWIAWF0IJOXNZM2MDYZMDGYLCJQDGKIOII1YWRINMU3ZTQ2Y2M0NZE1OGQ5YTE0ZTKZNJVHNJU5NSISINJLZNJLC2HFZXHWIJOXNZM2MTQ5NDGYLCJ1C2VYX2LKIJOXFQ.J91KEZOTILPJZI2NVNRXAA5RKA5X_-74I0X4DR2W0LO','2025-01-05 07:44:42.292169','2025-01-05 08:44:42.000000',1,'5ADB6E7E46CC47158D9A14E9365A6595'),(351,'EYJHBGCIOIJIUZI1NIISINR5CCI6IKPXVCJ9.EYJ0B2TLBL90EXBLIJOICMVMCMVZACISIMV4CCI6MTCZNJE2NDC2NIWIAWF0IJOXNZM2MDC4MZY2LCJQDGKIOIJLYTDIOWIWZGI2MZY0NDG4OTY4YZM4ODHMMWYWM2U1ZIISINVZZXJFAWQIOJF9.JSX10RPIQ2K5QNS3J8PJ2KALBCC0YTDSLFRQHPBVWWM','2025-01-05 11:59:26.255992','2025-01-06 11:59:26.000000',1,'EA7B9B0DB6364488968C3888F1F03E5F'),(352,'EYJHBGCIOIJIUZI1NIISINR5CCI6IKPXVCJ9.EYJ0B2TLBL90EXBLIJOIC2XPZGLUZYISIMV4CCI6MTCZNJA4MTK3MSWIAWF0IJOXNZM2MDC4MZCXLCJQDGKIOIIXMDBLYJZKZDEXOWE0YZCZYTGWNMM5MZFMYMQ0MWJJNYISINJLZNJLC2HFZXHWIJOXNZM2MTY0NZCXLCJ1C2VYX2LKIJOXFQ.EK_KC4WS4HV6DFUT0U2Y_9C44QRVHLL_XBYKLSVMYX0','2025-01-05 11:59:31.920461','2025-01-05 12:59:31.000000',1,'100EB6DD119A4C73A806C931FBD41BC7'),(353,'EYJHBGCIOIJIUZI1NIISINR5CCI6IKPXVCJ9.EYJ0B2TLBL90EXBLIJOICMVMCMVZACISIMV4CCI6MTCZNJIYMJAYMYWIAWF0IJOXNZM2MTM1NJIZLCJQDGKIOII3YZNHNWM1YJM1MGI0NTBMODQWZJDHZJHHZTRKZMEWNYISINVZZXJFAWQIOJF9.3HELGYB-OYN_CDN3U2FBCHJAR-MMOKI8XOW75VZPBXY','2025-01-06 03:53:43.190554','2025-01-07 03:53:43.000000',1,'7C3A5C5B350B450F840F7AF8AE4DFA07'),(354,'EYJHBGCIOIJIUZI1NIISINR5CCI6IKPXVCJ9.EYJ0B2TLBL90EXBLIJOIC2XPZGLUZYISIMV4CCI6MTCZNJEZOTIYNIWIAWF0IJOXNZM2MTM1NJI2LCJQDGKIOIIZYMQWNZM4NJVJMDK0MMMYYJJMNMZLZWVJMTM4MZZHMIISINJLZNJLC2HFZXHWIJOXNZM2MJIYMDI2LCJ1C2VYX2LKIJOXFQ.Y1UBWAO0LMFWU00GWD1HN0AJMP62KAH1XFV4XFKZBJQ','2025-01-06 03:53:46.783490','2025-01-06 04:53:46.000000',1,'3BD073865C0942C2B2F6FEEEC13836A2'),(355,'EYJHBGCIOIJIUZI1NIISINR5CCI6IKPXVCJ9.EYJ0B2TLBL90EXBLIJOICMVMCMVZACISIMV4CCI6MTCZNJIYOTI1NCWIAWF0IJOXNZM2MTQYODU0LCJQDGKIOII5OGI5YJEWZTE5NTG0YZA3YWQYMMJIMJMYZDK2NMZHNCISINVZZXJFAWQIOJF9.GGCB4F2MG9QK05VOFB7GFWJVZPHMW7SV8KBJSD7JZFU','2025-01-06 05:54:14.683606','2025-01-07 05:54:14.000000',1,'98B9B10E19584C07AD22BB232D966FA4'),(356,'EYJHBGCIOIJIUZI1NIISINR5CCI6IKPXVCJ9.EYJ0B2TLBL90EXBLIJOIC2XPZGLUZYISIMV4CCI6MTCZNJE0NJQ1NYWIAWF0IJOXNZM2MTQYODU3LCJQDGKIOII1YWRKZTDLMWFHOGY0ZDHJYTK3MWY4MJK5MWNJYTK1NSISINJLZNJLC2HFZXHWIJOXNZM2MJI5MJU3LCJ1C2VYX2LKIJOXFQ.6C51W8SSMYPO8NEABA9GZNDHCORYM9YGV5DQZYHZFEY','2025-01-06 05:54:17.888450','2025-01-06 06:54:17.000000',1,'5ADDE7E1AA8F4D8CA971F82991CCA955'),(357,'EYJHBGCIOIJIUZI1NIISINR5CCI6IKPXVCJ9.EYJ0B2TLBL90EXBLIJOICMVMCMVZACISIMV4CCI6MTCZNJIYOTI3NIWIAWF0IJOXNZM2MTQYODC2LCJQDGKIOIJIZJDJMWIWNDGZMTK0ZMIZOWMYY2M1NZA1MWM1NZI0NSISINVZZXJFAWQIOJF9.EYJKAB3WIYQ8EO7MZTL4YI15LDW1SASRFH0T_FDAUE4','2025-01-06 05:54:36.761686','2025-01-07 05:54:36.000000',1,'BF7C1B0483194FB39C2CC57051C57245'),(358,'EYJHBGCIOIJIUZI1NIISINR5CCI6IKPXVCJ9.EYJ0B2TLBL90EXBLIJOIC2XPZGLUZYISIMV4CCI6MTCZNJE0NJQ3OSWIAWF0IJOXNZM2MTQYODC5LCJQDGKIOII4ZWM1NMNIMZE5OTI0OGI5OTC4ZGVJNZHJZJVLMJQ4MIISINJLZNJLC2HFZXHWIJOXNZM2MJI5MJC5LCJ1C2VYX2LKIJOXFQ.UJZVVXESILATFCXUVBYTPFFO3HSFEWHVQWLZ7MXMA5C','2025-01-06 05:54:39.884338','2025-01-06 06:54:39.000000',1,'8EC56CB3199248B9978DEC78CF5E2482'),(359,'EYJHBGCIOIJIUZI1NIISINR5CCI6IKPXVCJ9.EYJ0B2TLBL90EXBLIJOICMVMCMVZACISIMV4CCI6MTCZNJIZMTGZOCWIAWF0IJOXNZM2MTQ1NDM4LCJQDGKIOIJLZJC0ZDAZZDBLMDA0ZDBMYJY4ZWMWM2VLODQ3YJVLYIISINVZZXJFAWQIOJF9.OE12IUH1DG5_R2HCJN3VEMSCGKOBHUFKG3ZRDBT37O0','2025-01-06 06:37:18.260383','2025-01-07 06:37:18.000000',1,'EF74D03D0E004D0FB68EC03EE847B5EB'),(360,'EYJHBGCIOIJIUZI1NIISINR5CCI6IKPXVCJ9.EYJ0B2TLBL90EXBLIJOIC2XPZGLUZYISIMV4CCI6MTCZNJE0OTA0NIWIAWF0IJOXNZM2MTQ1NDQ2LCJQDGKIOIJLNDC2YJK1ZDU5MMY0YTY2YJHJOTM0N2M2NDC2YZMWMIISINJLZNJLC2HFZXHWIJOXNZM2MJMXODQ2LCJ1C2VYX2LKIJOXFQ.Z50CFY6KV189KZXZTTHEAEJDB5UGQMM15PJ-AMFGRBG','2025-01-06 06:37:26.170636','2025-01-06 07:37:26.000000',1,'E476B95D592F4A66B8C9347C6476C302'),(361,'EYJHBGCIOIJIUZI1NIISINR5CCI6IKPXVCJ9.EYJ0B2TLBL90EXBLIJOICMVMCMVZACISIMV4CCI6MTCZNJIZMJYYMYWIAWF0IJOXNZM2MTQ2MJIZLCJQDGKIOIIYNJRHZDMXMDBJODK0MGQZODI3MTAWNJK1NZVKNZFMMYISINVZZXJFAWQIOJF9.UWRYDQJSUBEMIZNP8S2N_5CV6-JCZ1STEXARYSP3-PE','2025-01-06 06:50:23.347919','2025-01-07 06:50:23.000000',1,'264AD3100C8940D382710069575D71F3'),(362,'EYJHBGCIOIJIUZI1NIISINR5CCI6IKPXVCJ9.EYJ0B2TLBL90EXBLIJOIC2XPZGLUZYISIMV4CCI6MTCZNJE0OTGYNIWIAWF0IJOXNZM2MTQ2MJI2LCJQDGKIOII5ZDBKYZBJMJAYZJQ0OTBMYJVMNZU1N2E5MDJMNJI5OCISINJLZNJLC2HFZXHWIJOXNZM2MJMYNJI2LCJ1C2VYX2LKIJOXFQ.GPX2_OBHITYBMNO__Y7OPMQN3ZZD4O7E2I2HAVZJUO0','2025-01-06 06:50:26.259251','2025-01-06 07:50:26.000000',1,'9D0DC0C202F4490FB5F7557A902F6298'),(363,'EYJHBGCIOIJIUZI1NIISINR5CCI6IKPXVCJ9.EYJ0B2TLBL90EXBLIJOIC2XPZGLUZYISIMV4CCI6MTCZNJE1MJQ5MIWIAWF0IJOXNZM2MTQ4ODKYLCJQDGKIOIIYYMQYOGVKMDEYNJI0ODUWYTJINJIZNDHMNWVMNJZHMCISINJLZNJLC2HFZXHWIJOXNZM2MJM1MJKYLCJ1C2VYX2LKIJOXFQ._F_JASJ-CFW0OS5BD29RYL9_C3VB01ARSPBNA49WKBO','2025-01-06 07:34:52.609135','2025-01-06 08:34:52.000000',1,'2BD28ED012624850A2B62348F5EF66A0'),(364,'EYJHBGCIOIJIUZI1NIISINR5CCI6IKPXVCJ9.EYJ0B2TLBL90EXBLIJOIC2XPZGLUZYISIMV4CCI6MTCZNJE1MJQ5MIWIAWF0IJOXNZM2MTQ4ODKYLCJQDGKIOIIWNGQ1YWU5ODLLOWU0YMIXOWVJYWMXODDLZGM3YZY1ZIISINJLZNJLC2HFZXHWIJOXNZM2MJM1MJKYLCJ1C2VYX2LKIJOXFQ.JRHM0EV5BDN9ZLK1A1WADMXK-BBTLXFDWWF6SMI2VEC','2025-01-06 07:34:52.684907','2025-01-06 08:34:52.000000',1,'04D5AE989E9E4BB19ECAC187EDC7C65F'),(365,'EYJHBGCIOIJIUZI1NIISINR5CCI6IKPXVCJ9.EYJ0B2TLBL90EXBLIJOIC2XPZGLUZYISIMV4CCI6MTCZNJE1MJQ5OCWIAWF0IJOXNZM2MTQ4ODK4LCJQDGKIOIJLYMMYY2UYYTVMYWE0MJQYYTLIZTK0YJI1YJRMYTNKOSISINJLZNJLC2HFZXHWIJOXNZM2MJM1MJK4LCJ1C2VYX2LKIJOXFQ.QLQAAE81SSTV-Y8DINVHZXCEV26WKOTAXVPBJBAKNPI','2025-01-06 07:34:58.016684','2025-01-06 08:34:58.000000',1,'EBC2CE2A5FAA4242A9BE94B25B4FA3D9'),(366,'EYJHBGCIOIJIUZI1NIISINR5CCI6IKPXVCJ9.EYJ0B2TLBL90EXBLIJOIC2XPZGLUZYISIMV4CCI6MTCZNJE1MJQ5OCWIAWF0IJOXNZM2MTQ4ODK4LCJQDGKIOII3M2NIMZUZM2E1NWU0NTDIODK1NZVLNJIZOWYWNWIWYYISINJLZNJLC2HFZXHWIJOXNZM2MJM1MJK4LCJ1C2VYX2LKIJOXFQ.JRAMUVZHAYVP2JYNJVEAQQZTAVYX-UQXAYROI1NYRXK','2025-01-06 07:34:58.035568','2025-01-06 08:34:58.000000',1,'73CB3533A55E457B89575E6239F05B0C'),(367,'EYJHBGCIOIJIUZI1NIISINR5CCI6IKPXVCJ9.EYJ0B2TLBL90EXBLIJOIC2XPZGLUZYISIMV4CCI6MTCZNJE1MJQ5OCWIAWF0IJOXNZM2MTQ4ODK4LCJQDGKIOIJJY2IZODFJZTC3NTI0ZTNJODVKYJG4M2Y4ZME3NMFIZIISINJLZNJLC2HFZXHWIJOXNZM2MJM1MJK4LCJ1C2VYX2LKIJOXFQ.DRWQCFJUH_4U0AA5EDQOVAHDQVVDWRB0I76FNT6QE3C','2025-01-06 07:34:58.049305','2025-01-06 08:34:58.000000',1,'CCB381CE77524E3C85DB883F8FA76ABF'),(368,'EYJHBGCIOIJIUZI1NIISINR5CCI6IKPXVCJ9.EYJ0B2TLBL90EXBLIJOIC2XPZGLUZYISIMV4CCI6MTCZNJE1MJQ5OCWIAWF0IJOXNZM2MTQ4ODK4LCJQDGKIOII4NDVIZDDHY2EYM2E0NGQXYTYZZMFINZMZNGIYYZI0NIISINJLZNJLC2HFZXHWIJOXNZM2MJM1MJK4LCJ1C2VYX2LKIJOXFQ.MMT7LONH5KGZ6S6YRW-FFI9G51M980LDZB6EGAIL6YU','2025-01-06 07:34:58.065652','2025-01-06 08:34:58.000000',1,'845BD7ACA23A44D1A63FAB7334B2C246'),(369,'EYJHBGCIOIJIUZI1NIISINR5CCI6IKPXVCJ9.EYJ0B2TLBL90EXBLIJOIC2XPZGLUZYISIMV4CCI6MTCZNJE1MJQ5OCWIAWF0IJOXNZM2MTQ4ODK4LCJQDGKIOIJLNDQ5MMVHZJYWNTY0Y2QZYTQXMTGWODHLMGQZZWE5YSISINJLZNJLC2HFZXHWIJOXNZM2MJM1MJK4LCJ1C2VYX2LKIJOXFQ.9QA_5_NV53INNKMCIGJYCOOWFDEKKNPC30Q19ERFGCW','2025-01-06 07:34:58.079430','2025-01-06 08:34:58.000000',1,'E4492EAF60564CD3A4118088E0D3EA9A'),(370,'EYJHBGCIOIJIUZI1NIISINR5CCI6IKPXVCJ9.EYJ0B2TLBL90EXBLIJOIC2XPZGLUZYISIMV4CCI6MTCZNJE1MJQ5OCWIAWF0IJOXNZM2MTQ4ODK4LCJQDGKIOII1Y2VLYWIZZTK0ZMQ0OWQ1YMIXZMQZYJY4OWU1ODC4OSISINJLZNJLC2HFZXHWIJOXNZM2MJM1MJK4LCJ1C2VYX2LKIJOXFQ.UARKW2NO_R1MZ_6AS8CRAAUAIV9A0D8X5DE4P1XDGBW','2025-01-06 07:34:58.093829','2025-01-06 08:34:58.000000',1,'5CEEAB3E94FD49D5BB1FD3B689E58789'),(371,'EYJHBGCIOIJIUZI1NIISINR5CCI6IKPXVCJ9.EYJ0B2TLBL90EXBLIJOIC2XPZGLUZYISIMV4CCI6MTCZNJE1MJQ5OCWIAWF0IJOXNZM2MTQ4ODK4LCJQDGKIOIIYNZC0MDG5YJC2YMM0NDY5YWNINWVIZGQ3MMY4Y2UZZCISINJLZNJLC2HFZXHWIJOXNZM2MJM1MJK4LCJ1C2VYX2LKIJOXFQ.MSULIA6QDBC7HGGG07J4MUU44YOBGPA20MQUMF92L54','2025-01-06 07:34:58.114906','2025-01-06 08:34:58.000000',1,'2774089B76BC4469ACB5EBDD72F8CE3D'),(372,'EYJHBGCIOIJIUZI1NIISINR5CCI6IKPXVCJ9.EYJ0B2TLBL90EXBLIJOIC2XPZGLUZYISIMV4CCI6MTCZNJE1MJQ5OCWIAWF0IJOXNZM2MTQ4ODK4LCJQDGKIOIJMMMQXNTRJZGY3MDI0NDQ4OTK4YWVMNJFMYTNHMTE0ZSISINJLZNJLC2HFZXHWIJOXNZM2MJM1MJK4LCJ1C2VYX2LKIJOXFQ.GH9_M7YIDTEKP8NNHIAGDUURPD-1QHTLYEVI5CZWSCI','2025-01-06 07:34:58.129393','2025-01-06 08:34:58.000000',1,'F2D154CDF7024448998AEF61FA3A114E'),(373,'EYJHBGCIOIJIUZI1NIISINR5CCI6IKPXVCJ9.EYJ0B2TLBL90EXBLIJOIC2XPZGLUZYISIMV4CCI6MTCZNJE1MJQ5OCWIAWF0IJOXNZM2MTQ4ODK4LCJQDGKIOIIWYZGXYMYYM2ZHZDE0ZWJJODZHZME1MZU3YTNHNTMZYSISINJLZNJLC2HFZXHWIJOXNZM2MJM1MJK4LCJ1C2VYX2LKIJOXFQ.QA3P3EQO5MOFW_1VNZQ6ORA7TBOMOALI8OLSDHO5KB8','2025-01-06 07:34:58.143848','2025-01-06 08:34:58.000000',1,'0C81BF23FAD14EBC86AFA5357A3A533A'),(374,'EYJHBGCIOIJIUZI1NIISINR5CCI6IKPXVCJ9.EYJ0B2TLBL90EXBLIJOIC2XPZGLUZYISIMV4CCI6MTCZNJE1MJQ5OCWIAWF0IJOXNZM2MTQ4ODK4LCJQDGKIOII5ZDG3YZCWZJK5MMU0MZU5OWY0ZJZLOWY2ZJNMYTG5MCISINJLZNJLC2HFZXHWIJOXNZM2MJM1MJK4LCJ1C2VYX2LKIJOXFQ.74ZD8HG6J-RLMMKVUMWAN8OX_SY6FDO1UMIXN7IMNOK','2025-01-06 07:34:58.165063','2025-01-06 08:34:58.000000',1,'9D87C70F992E43599F4F6E9F6F3FA890'),(375,'EYJHBGCIOIJIUZI1NIISINR5CCI6IKPXVCJ9.EYJ0B2TLBL90EXBLIJOIC2XPZGLUZYISIMV4CCI6MTCZNJE1MJQ5OCWIAWF0IJOXNZM2MTQ4ODK4LCJQDGKIOII4YWE5ZGI1MDI1ZDE0YWIWOTVKYZY1NDIZOWY0OTHIYSISINJLZNJLC2HFZXHWIJOXNZM2MJM1MJK4LCJ1C2VYX2LKIJOXFQ.NZ-1QUV-ZXTAVZAJVUFGCRGGPGZIOLEEKXKBOM812MM','2025-01-06 07:34:58.179647','2025-01-06 08:34:58.000000',1,'8AA9DB5025D14AB095DC654239F498BA'),(376,'EYJHBGCIOIJIUZI1NIISINR5CCI6IKPXVCJ9.EYJ0B2TLBL90EXBLIJOIC2XPZGLUZYISIMV4CCI6MTCZNJE1MJQ5OCWIAWF0IJOXNZM2MTQ4ODK4LCJQDGKIOIIWMZHJM2Q3Y2FHZDC0MTLMYJE4YTKXNGU2Y2FJNZU0YYISINJLZNJLC2HFZXHWIJOXNZM2MJM1MJK4LCJ1C2VYX2LKIJOXFQ.ZV9-SXQDGBNI5BD4GFFERR7-GTQ3PJANUPGX4X1ERRC','2025-01-06 07:34:58.194156','2025-01-06 08:34:58.000000',1,'038C3D7CAAD7419FB18A914E6CAC754C'),(377,'EYJHBGCIOIJIUZI1NIISINR5CCI6IKPXVCJ9.EYJ0B2TLBL90EXBLIJOIC2XPZGLUZYISIMV4CCI6MTCZNJE1MJQ5OCWIAWF0IJOXNZM2MTQ4ODK4LCJQDGKIOIJMYMEXMDA4NGZMMJU0YTG0ODKYOTFJZTU1MDLHOWYXNSISINJLZNJLC2HFZXHWIJOXNZM2MJM1MJK4LCJ1C2VYX2LKIJOXFQ.IGXZETBZT5A87KVNTSWOOQENJZLROHRWRGP1BX24JII','2025-01-06 07:34:58.209534','2025-01-06 08:34:58.000000',1,'FBA10084FF254A8489291CE5509A9F15'),(378,'EYJHBGCIOIJIUZI1NIISINR5CCI6IKPXVCJ9.EYJ0B2TLBL90EXBLIJOIC2XPZGLUZYISIMV4CCI6MTCZNJE1MJQ5OCWIAWF0IJOXNZM2MTQ4ODK4LCJQDGKIOII0OGNLMGQZZGY4YTE0MJNMOTFINDRHZMIZYTC1NWJMNCISINJLZNJLC2HFZXHWIJOXNZM2MJM1MJK4LCJ1C2VYX2LKIJOXFQ.-TGUPJ1EXTGDYCGXZQ0SPH30GUG1SG0ZLGP0JL_IW1I','2025-01-06 07:34:58.223923','2025-01-06 08:34:58.000000',1,'48CE0D3DF8A1423F91B44AFB3A755BF4'),(379,'EYJHBGCIOIJIUZI1NIISINR5CCI6IKPXVCJ9.EYJ0B2TLBL90EXBLIJOIC2XPZGLUZYISIMV4CCI6MTCZNJE1MJQ5OCWIAWF0IJOXNZM2MTQ4ODK4LCJQDGKIOIIXYJI0MWZKOWQ4ODY0NMNKYWU5NWYXOWZJYJJJNME0NYISINJLZNJLC2HFZXHWIJOXNZM2MJM1MJK4LCJ1C2VYX2LKIJOXFQ.V_LVRHUCFUPQ1INGVYFB-BWTESQGQWF7H3DRU8Q6HHY','2025-01-06 07:34:58.235341','2025-01-06 08:34:58.000000',1,'1B241FD9D88646CDAE95F19FCB2C6A47'),(380,'EYJHBGCIOIJIUZI1NIISINR5CCI6IKPXVCJ9.EYJ0B2TLBL90EXBLIJOIC2XPZGLUZYISIMV4CCI6MTCZNJE1MJQ5OCWIAWF0IJOXNZM2MTQ4ODK4LCJQDGKIOIJHYMU3ZMJLMJCZZDU0NTHMYTI5ZGJKYWFKMZYXNZMYYYISINJLZNJLC2HFZXHWIJOXNZM2MJM1MJK4LCJ1C2VYX2LKIJOXFQ.BW3VVEJZMDQWYILHO1ZQDRBWO7YUCANF9FCY-G5QRCO','2025-01-06 07:34:58.248260','2025-01-06 08:34:58.000000',1,'ABE7FBE273D5458FA29DBDAAD361732C'),(381,'EYJHBGCIOIJIUZI1NIISINR5CCI6IKPXVCJ9.EYJ0B2TLBL90EXBLIJOIC2XPZGLUZYISIMV4CCI6MTCZNJE1MJQ5OCWIAWF0IJOXNZM2MTQ4ODK4LCJQDGKIOIJMZMZMNDRHNDLJNGY0OTG1YMZIMTE0ZGNMNTHMZWU0MCISINJLZNJLC2HFZXHWIJOXNZM2MJM1MJK4LCJ1C2VYX2LKIJOXFQ.JIU0TYRSH4-NYR3_XVF8I4QVKYRLGNZDVTNQDW2USXM','2025-01-06 07:34:58.265637','2025-01-06 08:34:58.000000',1,'FFFF44A49C4F4985BFB114DCF58FEE40'),(382,'EYJHBGCIOIJIUZI1NIISINR5CCI6IKPXVCJ9.EYJ0B2TLBL90EXBLIJOIC2XPZGLUZYISIMV4CCI6MTCZNJE1MJQ5OCWIAWF0IJOXNZM2MTQ4ODK4LCJQDGKIOII4MDAWMDLLYWE0MJI0ZTI3OTC3ZMUXMDQYNTJJMTQYNIISINJLZNJLC2HFZXHWIJOXNZM2MJM1MJK4LCJ1C2VYX2LKIJOXFQ.EUXQG3BQOWMX9RDJTIQLE2PTZLPOQAXX8OQZA6I6UZ0','2025-01-06 07:34:58.278910','2025-01-06 08:34:58.000000',1,'800009EAA4224E27977FE104252C1426'),(383,'EYJHBGCIOIJIUZI1NIISINR5CCI6IKPXVCJ9.EYJ0B2TLBL90EXBLIJOIC2XPZGLUZYISIMV4CCI6MTCZNJE1MJQ5OCWIAWF0IJOXNZM2MTQ4ODK4LCJQDGKIOIJIZGEZOTM5ZDUYOGY0MMQXYJK0YWI0NWU0OGI4NZVLMIISINJLZNJLC2HFZXHWIJOXNZM2MJM1MJK4LCJ1C2VYX2LKIJOXFQ.JU7GCIFRKZVZAGJ0ILCFRHXSTEQWBME2AEZC-MJWZHW','2025-01-06 07:34:58.292968','2025-01-06 08:34:58.000000',1,'BDA3939D528F42D1B94AB45E48B875E2'),(384,'EYJHBGCIOIJIUZI1NIISINR5CCI6IKPXVCJ9.EYJ0B2TLBL90EXBLIJOIC2XPZGLUZYISIMV4CCI6MTCZNJE1MJQ5OCWIAWF0IJOXNZM2MTQ4ODK4LCJQDGKIOIIWNZEWOWRLM2I4ZTU0NDE5OWFMNJFKNDM1ZDFKMGVKNIISINJLZNJLC2HFZXHWIJOXNZM2MJM1MJK4LCJ1C2VYX2LKIJOXFQ.-AEWTDXPCEMNP0N3MAOBMKLDBZTAZKUK8RXFLH86OPW','2025-01-06 07:34:58.309779','2025-01-06 08:34:58.000000',1,'07109DE3B8E544199AF61D435D1D0ED6'),(385,'EYJHBGCIOIJIUZI1NIISINR5CCI6IKPXVCJ9.EYJ0B2TLBL90EXBLIJOIC2XPZGLUZYISIMV4CCI6MTCZNJE1MJQ5OCWIAWF0IJOXNZM2MTQ4ODK4LCJQDGKIOIJJZTE0ODUWNTZHN2E0NMRKYMVLYWY1NDE0MDU5MDC3NIISINJLZNJLC2HFZXHWIJOXNZM2MJM1MJK4LCJ1C2VYX2LKIJOXFQ.P97GE_R3RY_1CHD-TDCK886PWMFZ2GOM4QOTGMF41JS','2025-01-06 07:34:58.329336','2025-01-06 08:34:58.000000',1,'CE1485056A7A46DDBEEAF54140590776'),(386,'EYJHBGCIOIJIUZI1NIISINR5CCI6IKPXVCJ9.EYJ0B2TLBL90EXBLIJOIC2XPZGLUZYISIMV4CCI6MTCZNJE1MJQ5OCWIAWF0IJOXNZM2MTQ4ODK4LCJQDGKIOII0MTK1YTG5N2I3M2E0NZG2YTGZMTE4NJM1Y2I2NZIWNYISINJLZNJLC2HFZXHWIJOXNZM2MJM1MJK4LCJ1C2VYX2LKIJOXFQ.H2OMOMKQS2QQGVF8QM5M0IVXHJE5B6QQXGOZC6XZ7NG','2025-01-06 07:34:58.342447','2025-01-06 08:34:58.000000',1,'4195A897B73A4786A83118635CB67207'),(387,'EYJHBGCIOIJIUZI1NIISINR5CCI6IKPXVCJ9.EYJ0B2TLBL90EXBLIJOIC2XPZGLUZYISIMV4CCI6MTCZNJE1MJQ5OCWIAWF0IJOXNZM2MTQ4ODK4LCJQDGKIOIJKM2QWNWEZMMUYYJA0NGNIOTQXOWJJMDDKMDEYNDA0MSISINJLZNJLC2HFZXHWIJOXNZM2MJM1MJK4LCJ1C2VYX2LKIJOXFQ.4DKV-KQB0K0CZYATZEFDMMGC-FZPJLET0S3LNZU5GEW','2025-01-06 07:34:58.356845','2025-01-06 08:34:58.000000',1,'D3D05A32E2B044CB9419BC07D0124041'),(388,'EYJHBGCIOIJIUZI1NIISINR5CCI6IKPXVCJ9.EYJ0B2TLBL90EXBLIJOIC2XPZGLUZYISIMV4CCI6MTCZNJE1MJQ5OCWIAWF0IJOXNZM2MTQ4ODK4LCJQDGKIOII0M2EZMWMWY2VLOTY0NDNLOTM1MDG5YTNKNMIYZWQ4NCISINJLZNJLC2HFZXHWIJOXNZM2MJM1MJK4LCJ1C2VYX2LKIJOXFQ.2_UKBRFRKJXKSHGBI_ST-D1ZNX-GDWBRPRCGUJWHNEA','2025-01-06 07:34:58.373219','2025-01-06 08:34:58.000000',1,'43A31C0CEE96443E935089A3D6B2ED84'),(389,'EYJHBGCIOIJIUZI1NIISINR5CCI6IKPXVCJ9.EYJ0B2TLBL90EXBLIJOIC2XPZGLUZYISIMV4CCI6MTCZNJE1MJQ5OCWIAWF0IJOXNZM2MTQ4ODK4LCJQDGKIOIJHOWU3ODQ0NJQ2YWM0ZGZIYJU0NWY4ZTQZMWFIZJHLNIISINJLZNJLC2HFZXHWIJOXNZM2MJM1MJK4LCJ1C2VYX2LKIJOXFQ.JKLWZDT4WOAE9CBJJSHMKGKUNNOHVJZGRN2YFQTDIDI','2025-01-06 07:34:58.395134','2025-01-06 08:34:58.000000',1,'A9E7844646AC4DFBB545F8E431ABF8E6'),(390,'EYJHBGCIOIJIUZI1NIISINR5CCI6IKPXVCJ9.EYJ0B2TLBL90EXBLIJOIC2XPZGLUZYISIMV4CCI6MTCZNJE1MJQ5OCWIAWF0IJOXNZM2MTQ4ODK4LCJQDGKIOII2OWE5MTVJNDAZNDU0MGZMOTCZM2Q1ZTHMYJQ5NMRINCISINJLZNJLC2HFZXHWIJOXNZM2MJM1MJK4LCJ1C2VYX2LKIJOXFQ.7L7UZAAMUYQGKE9URKD5TWJ9EUOYEXGP4WCSKA2IX1Q','2025-01-06 07:34:58.414365','2025-01-06 08:34:58.000000',1,'69A915C4034540FF9733D5E8FB496DB4'),(391,'EYJHBGCIOIJIUZI1NIISINR5CCI6IKPXVCJ9.EYJ0B2TLBL90EXBLIJOIC2XPZGLUZYISIMV4CCI6MTCZNJE1MJQ5OCWIAWF0IJOXNZM2MTQ4ODK4LCJQDGKIOII5NZHMYJCWY2EZOWM0YZI4YJLJNMQ3MGE4ZJFJMJC3MSISINJLZNJLC2HFZXHWIJOXNZM2MJM1MJK4LCJ1C2VYX2LKIJOXFQ.CJJOMWVRAOPGWKZ4KWJE6YW9CDZ6E1SHHMCE-C43WHY','2025-01-06 07:34:58.485003','2025-01-06 08:34:58.000000',1,'978FB70CA39C4C28B9C6D70A8F1C2771'),(392,'EYJHBGCIOIJIUZI1NIISINR5CCI6IKPXVCJ9.EYJ0B2TLBL90EXBLIJOICMVMCMVZACISIMV4CCI6MTCZNJI0MTC3MYWIAWF0IJOXNZM2MTU1MZCZLCJQDGKIOII4NJDMNZVJMMJJYZK0ZTVJYTDLN2U5ZGM5MMJIOTBLNCISINVZZXJFAWQIOJF9.3XUOIBDI5TXTJJ9YYOWH4U4_3S3QNRTF5CYNHNJ_ECS','2025-01-06 09:22:53.724510','2025-01-07 09:22:53.000000',1,'867F75C2BCC94E5CA7E7E9DC92BB90E4'),(393,'EYJHBGCIOIJIUZI1NIISINR5CCI6IKPXVCJ9.EYJ0B2TLBL90EXBLIJOIC2XPZGLUZYISIMV4CCI6MTCZNJE1ODK3NYWIAWF0IJOXNZM2MTU1MZC3LCJQDGKIOIJHYZG5NDLMYJRHMJQ0MWQ2OTDHNTY0YZK0ODC1ZTQXMYISINJLZNJLC2HFZXHWIJOXNZM2MJQXNZC3LCJ1C2VYX2LKIJOXFQ.JAZTY3YXICAKZUZM-3-TLRQSWATK_6IIAHKK5M-FGAY','2025-01-06 09:22:57.385859','2025-01-06 10:22:57.000000',1,'AC8949FB4A2441D697A564C94875E413'),(394,'EYJHBGCIOIJIUZI1NIISINR5CCI6IKPXVCJ9.EYJ0B2TLBL90EXBLIJOICMVMCMVZACISIMV4CCI6MTCZNJI0NJG2NIWIAWF0IJOXNZM2MTYWNDY2LCJQDGKIOIIZYJCYNMUYNZNJYJQ0NMI5YWJKMGZHZME5MJBHM2M0YYISINVZZXJFAWQIOJF9.T07J6U6LVHK7O3WNMA4CFXV-MUUYKKEXIRQU5HIHSYW','2025-01-06 10:47:46.329655','2025-01-07 10:47:46.000000',1,'3B726E273CB446B9ABD0FAFA920A3C4C'),(395,'EYJHBGCIOIJIUZI1NIISINR5CCI6IKPXVCJ9.EYJ0B2TLBL90EXBLIJOIC2XPZGLUZYISIMV4CCI6MTCZNJE2NDA3MCWIAWF0IJOXNZM2MTYWNDCWLCJQDGKIOIIYZJVJMJM1ZWM5N2M0MJC0YMI2YMNIOTVMMTBJODYXYSISINJLZNJLC2HFZXHWIJOXNZM2MJQ2ODCWLCJ1C2VYX2LKIJOXFQ.GG2B2OTNTO9MUSESNMUFRP-NAMRMTYQUTL-T7V-4XOC','2025-01-06 10:47:50.819075','2025-01-06 11:47:50.000000',1,'2F5C235EC97C4274BB6BCB95F10C861A'),(396,'EYJHBGCIOIJIUZI1NIISINR5CCI6IKPXVCJ9.EYJ0B2TLBL90EXBLIJOICMVMCMVZACISIMV4CCI6MTCZNJI0NZQ3MYWIAWF0IJOXNZM2MTYXMDCZLCJQDGKIOIJLODY2ZTRIYJK5YWQ0NTMZYTIXMDK2YMU2OTA0YZUZZCISINVZZXJFAWQIOJF9.JNXJ0E__IPKNVPZE184GXULLSCXQPT1MOIVP68ZCVLM','2025-01-06 10:57:53.015579','2025-01-07 10:57:53.000000',1,'E866E4BB99AD4533A21096BE6904C53D'),(397,'EYJHBGCIOIJIUZI1NIISINR5CCI6IKPXVCJ9.EYJ0B2TLBL90EXBLIJOIC2XPZGLUZYISIMV4CCI6MTCZNJE2NDY3NYWIAWF0IJOXNZM2MTYXMDC3LCJQDGKIOII2MZVLMZIXZGIWNZU0ZGM2YJU5NJYWM2EXODQ3ZJG4MCISINJLZNJLC2HFZXHWIJOXNZM2MJQ3NDC3LCJ1C2VYX2LKIJOXFQ.F0YOCALYQKWBDUTX-VQZJPVQH9AZ-OSGWJFWLDZ6LBE','2025-01-06 10:57:57.635369','2025-01-06 11:57:57.000000',1,'635E321DB0754DC6B596603A1847F880'),(398,'EYJHBGCIOIJIUZI1NIISINR5CCI6IKPXVCJ9.EYJ0B2TLBL90EXBLIJOICMVMCMVZACISIMV4CCI6MTCZNJI0NZUWNCWIAWF0IJOXNZM2MTYXMTA0LCJQDGKIOIJIYZU5MTE0NGM0NGE0ZTG4YJCZY2JJMTK0ZJDINMYWOSISINVZZXJFAWQIOJF9.5ANCT4SEWJO1KCTSPJZZRLOOZEXKNAX2_73CLX4KTHC','2025-01-06 10:58:24.702538','2025-01-07 10:58:24.000000',1,'BC591144C44A4E88B73CBC194F7B6F09'),(399,'EYJHBGCIOIJIUZI1NIISINR5CCI6IKPXVCJ9.EYJ0B2TLBL90EXBLIJOIC2XPZGLUZYISIMV4CCI6MTCZNJE2NDCXMSWIAWF0IJOXNZM2MTYXMTEXLCJQDGKIOII5MWQ1YWU2YWE2MZK0YTZMOWMXNDVJM2JHYJMWY2ZINSISINJLZNJLC2HFZXHWIJOXNZM2MJQ3NTEXLCJ1C2VYX2LKIJOXFQ.H9UOJD66_C1IWBCFICC-TB82EZLWZH11TZPECLAIZXS','2025-01-06 10:58:31.170503','2025-01-06 11:58:31.000000',1,'91D5AE6AA6394A6F9C145C3BAB30CFB5'),(400,'EYJHBGCIOIJIUZI1NIISINR5CCI6IKPXVCJ9.EYJ0B2TLBL90EXBLIJOICMVMCMVZACISIMV4CCI6MTCZNJI0NZUZMIWIAWF0IJOXNZM2MTYXMTMYLCJQDGKIOIIXYTUYNJQZMGQ0MJY0Y2M1ODUYZMIXNDA1ZWU4MMMXYYISINVZZXJFAWQIOJF9.N81_5GTMKBNJYJTH8OR3SUEKVQTEIV__KXFISMHHCQY','2025-01-06 10:58:52.525672','2025-01-07 10:58:52.000000',1,'1A526430D4264CC5852FB1405EE82C1C'),(401,'EYJHBGCIOIJIUZI1NIISINR5CCI6IKPXVCJ9.EYJ0B2TLBL90EXBLIJOIC2XPZGLUZYISIMV4CCI6MTCZNJE2NDCZNYWIAWF0IJOXNZM2MTYXMTM3LCJQDGKIOII1YTQWMWQ0ZJG5M2I0M2QYYWRJYMFHZMNKMDU5ZDCYMCISINJLZNJLC2HFZXHWIJOXNZM2MJQ3NTM3LCJ1C2VYX2LKIJOXFQ.XFXDOCLC3FPOG5FQYPA4PS-FH88XA7G5JJC8U6E9ZSO','2025-01-06 10:58:57.260078','2025-01-06 11:58:57.000000',1,'5A401D4F893B43D2ADCBAAFCD059D720'),(402,'EYJHBGCIOIJIUZI1NIISINR5CCI6IKPXVCJ9.EYJ0B2TLBL90EXBLIJOICMVMCMVZACISIMV4CCI6MTCZNJI0NZU5NIWIAWF0IJOXNZM2MTYXMTK2LCJQDGKIOIIWZDEWN2M4OGI4NDC0N2MWOTU4NGM4OTU5ZDEWOGYYZCISINVZZXJFAWQIOJF9.MHMZLNS0VO9IO9V3VOGJVLPWEKRNDRJFG1NIP6HQVFM','2025-01-06 10:59:56.417855','2025-01-07 10:59:56.000000',1,'0D107C88B84747C09584C8959D108F2D'),(403,'EYJHBGCIOIJIUZI1NIISINR5CCI6IKPXVCJ9.EYJ0B2TLBL90EXBLIJOIC2XPZGLUZYISIMV4CCI6MTCZNJE2NDGWMCWIAWF0IJOXNZM2MTYXMJAWLCJQDGKIOII3YJU2MDUWYJDJOTC0YZQWOGRKM2IZYWYWNDLHMJGWYYISINJLZNJLC2HFZXHWIJOXNZM2MJQ3NJAWLCJ1C2VYX2LKIJOXFQ.M71OICCREWYFHMHFZHYEWP_JW06OIGG4FUA6V6OHDT0','2025-01-06 11:00:00.698777','2025-01-06 12:00:00.000000',1,'7B56050B7C974C408DD3B3AF049A280C'),(404,'EYJHBGCIOIJIUZI1NIISINR5CCI6IKPXVCJ9.EYJ0B2TLBL90EXBLIJOICMVMCMVZACISIMV4CCI6MTCZNJI0NZYYMCWIAWF0IJOXNZM2MTYXMJIWLCJQDGKIOIJMOGNJMDC0ODG1NZG0YMMYODY0YTY1NDFJMTG4YWQXMCISINVZZXJFAWQIOJF9.JIQTD30-39AQNBZQ6CQLJRVEZF4YRT7MPU8ZK1KR9NO','2025-01-06 11:00:20.880923','2025-01-07 11:00:20.000000',1,'F8CC074885784BC2864A6541C188AD10'),(405,'EYJHBGCIOIJIUZI1NIISINR5CCI6IKPXVCJ9.EYJ0B2TLBL90EXBLIJOIC2XPZGLUZYISIMV4CCI6MTCZNJE2NDGYNSWIAWF0IJOXNZM2MTYXMJI1LCJQDGKIOIIZMDJHYTLHYTK2ZGU0ODJIOGQ5MJFLNWFIYTI1ZTU5NYISINJLZNJLC2HFZXHWIJOXNZM2MJQ3NJI1LCJ1C2VYX2LKIJOXFQ.UXHL6T0GGKO9VBZT7CNR9PMIDBVSAFI_NBNQ9PKU_14','2025-01-06 11:00:25.090601','2025-01-06 12:00:25.000000',1,'302AA9AA96DE482B8D921E5ABA25E597'),(406,'EYJHBGCIOIJIUZI1NIISINR5CCI6IKPXVCJ9.EYJ0B2TLBL90EXBLIJOICMVMCMVZACISIMV4CCI6MTCZNJI0NZCYNIWIAWF0IJOXNZM2MTYXMZI2LCJQDGKIOII2M2Q4MTHJNDNKZDC0ZWRJODBMZGNKNTK2YJBLZJJLNSISINVZZXJFAWQIOJF9.5BSYC6_C6EOLZZBTTAEKRBSSRZFTZG_Y7NFRVX6FUFQ','2025-01-06 11:02:06.560106','2025-01-07 11:02:06.000000',1,'63D818C43DD74EDC80FDCD596B0EF2E5'),(407,'EYJHBGCIOIJIUZI1NIISINR5CCI6IKPXVCJ9.EYJ0B2TLBL90EXBLIJOIC2XPZGLUZYISIMV4CCI6MTCZNJE2NDKYOCWIAWF0IJOXNZM2MTYXMZI4LCJQDGKIOII5YZU2ZGI0MDLJZMU0ZDIYOTMWMGY0Y2VJMZY3NTGYZCISINJLZNJLC2HFZXHWIJOXNZM2MJQ3NZI4LCJ1C2VYX2LKIJOXFQ.LOFAG7ONWANIJO0YJ-T8RVACXKTNP7IQQYDPZY0MWEE','2025-01-06 11:02:08.997141','2025-01-06 12:02:08.000000',1,'9C56DB409CFE4D229300F4CEC367582D'),(408,'EYJHBGCIOIJIUZI1NIISINR5CCI6IKPXVCJ9.EYJ0B2TLBL90EXBLIJOICMVMCMVZACISIMV4CCI6MTCZNJI0ODGZNCWIAWF0IJOXNZM2MTYYNDM0LCJQDGKIOIJIZDVIMTE0NTY5YJG0MWVIOWU1MDM0MWVINMJKNDNKNIISINVZZXJFAWQIOJF9.I6NEKOQ8IMPDXDVUTTYBOIV3PTN9AF7_BR3RGGPRJLO','2025-01-06 11:20:34.750455','2025-01-07 11:20:34.000000',1,'BD5B114569B841EB9E50341EB6BD43D6'),(409,'EYJHBGCIOIJIUZI1NIISINR5CCI6IKPXVCJ9.EYJ0B2TLBL90EXBLIJOIC2XPZGLUZYISIMV4CCI6MTCZNJE2NJAZOSWIAWF0IJOXNZM2MTYYNDM5LCJQDGKIOIIXZTK5NWVLOWVJMDI0ZDK3YJQ4MDCZZDFJOTGYNDDMMCISINJLZNJLC2HFZXHWIJOXNZM2MJQ4ODM5LCJ1C2VYX2LKIJOXFQ.QG85ZFNMGKH2H2MI-PXSJU-ORPCEW3XICARUG6QQCI4','2025-01-06 11:20:39.613966','2025-01-06 12:20:39.000000',1,'1E995EE9EC024D97B48073D1C98247F0'),(410,'EYJHBGCIOIJIUZI1NIISINR5CCI6IKPXVCJ9.EYJ0B2TLBL90EXBLIJOICMVMCMVZACISIMV4CCI6MTCZNJM0MZQZOCWIAWF0IJOXNZM2MJU3MDM4LCJQDGKIOII1MJHHOTNJMMQZMMM0NMY3YJMWMZZMZDJIZWUZYWFKOSISINVZZXJFAWQIOJF9.KU2ZZLM40UUUY1ZHASGH9CWVNJLK3DQQAZBXCZD7SVA','2025-01-07 13:37:18.722180','2025-01-08 13:37:18.000000',1,'528A93C2D32C46F7B3036FD2BEE3AAD9'),(411,'EYJHBGCIOIJIUZI1NIISINR5CCI6IKPXVCJ9.EYJ0B2TLBL90EXBLIJOIC2XPZGLUZYISIMV4CCI6MTCZNJI2MDY0NSWIAWF0IJOXNZM2MJU3MDQ1LCJQDGKIOII5YJKWZTKXZJHMZGE0MJVHOTM3MTC1MGE0MTCYYWZJYSISINJLZNJLC2HFZXHWIJOXNZM2MZQZNDQ1LCJ1C2VYX2LKIJOXFQ.KWEO_QOFAIJ_J5IYZOBVYLQNC30EHUCDPXLYFZPMOYQ','2025-01-07 13:37:25.799163','2025-01-07 14:37:25.000000',1,'9B90E91F8FDA425A9371750A4172AFCA'),(412,'EYJHBGCIOIJIUZI1NIISINR5CCI6IKPXVCJ9.EYJ0B2TLBL90EXBLIJOICMVMCMVZACISIMV4CCI6MTCZNJM0MZCZNYWIAWF0IJOXNZM2MJU3MZM3LCJQDGKIOIJMZWE1MWFHM2I5NDY0NWI0ODIZNDQ0MJIYYTI3NGRJNIISINVZZXJFAWQIOJF9.EAONICLHH-GFRHBH8E9JFFTTBC51AG-D_RB03SHRJB4','2025-01-07 13:42:17.945062','2025-01-08 13:42:17.000000',1,'FEA51AA3B94645B4823444222A274DC6'),(413,'EYJHBGCIOIJIUZI1NIISINR5CCI6IKPXVCJ9.EYJ0B2TLBL90EXBLIJOIC2XPZGLUZYISIMV4CCI6MTCZNJI2MDK0MYWIAWF0IJOXNZM2MJU3MZQZLCJQDGKIOII4ODHJOTU2NGUZOTK0ZJAXYTHKMTEYMDE0MJZLMWU5YSISINJLZNJLC2HFZXHWIJOXNZM2MZQZNZQZLCJ1C2VYX2LKIJOXFQ.RFGCTSH9S2OXB-OQ5ZIUCN1DJ9HIRXPF73TPYGHSPZA','2025-01-07 13:42:23.905045','2025-01-07 14:42:23.000000',1,'888C9564E3994F01A8D11201426E1E9A'),(414,'EYJHBGCIOIJIUZI1NIISINR5CCI6IKPXVCJ9.EYJ0B2TLBL90EXBLIJOICMVMCMVZACISIMV4CCI6MTCZNJM0MZC3NSWIAWF0IJOXNZM2MJU3MZC1LCJQDGKIOIIYMTG3ZGE2YWRINWY0YMI5OGM4OTGYYWQ1YZJJYZCZOCISINVZZXJFAWQIOJF9.R1-K34CPAOPSO5PSAIJBVP8WQFN-_LCJDPINY7TERSQ','2025-01-07 13:42:55.514710','2025-01-08 13:42:55.000000',1,'2187DA6ADB5F4BB98C8982AD5C2CC738'),(415,'EYJHBGCIOIJIUZI1NIISINR5CCI6IKPXVCJ9.EYJ0B2TLBL90EXBLIJOIC2XPZGLUZYISIMV4CCI6MTCZNJI2MDK4MIWIAWF0IJOXNZM2MJU3MZGYLCJQDGKIOIJKMZA4MJA5OWVKODK0MZI1YWI1MZM5MGU1OTA4OTEYZSISINJLZNJLC2HFZXHWIJOXNZM2MZQZNZGYLCJ1C2VYX2LKIJOXFQ.5CFHSUIM0GXGTSS6Q5F3WAVGDBEM-W9-T7RATTNSAMC','2025-01-07 13:43:02.578014','2025-01-07 14:43:02.000000',1,'D3082099ED894325AB53390E5908912E'),(416,'EYJHBGCIOIJIUZI1NIISINR5CCI6IKPXVCJ9.EYJ0B2TLBL90EXBLIJOICMVMCMVZACISIMV4CCI6MTCZNJM0NDYXNSWIAWF0IJOXNZM2MJU4MJE1LCJQDGKIOIIYMGQ5MDM3MGJINZM0NZQ5OGM4OTI4YZQ3MZIXOGY1NSISINVZZXJFAWQIOJF9.XAU0F7MDPFUKDKSE5GSXR4OWTDIGMHVYRZPE5EVACOE','2025-01-07 13:56:55.726972','2025-01-08 13:56:55.000000',1,'20D90370BB7347498C8928C473218F55'),(417,'EYJHBGCIOIJIUZI1NIISINR5CCI6IKPXVCJ9.EYJ0B2TLBL90EXBLIJOIC2XPZGLUZYISIMV4CCI6MTCZNJI2MTGXOSWIAWF0IJOXNZM2MJU4MJE5LCJQDGKIOII4OTIZNDCXYTKYOGI0NZM2OTLHZDIZNZMZNMIZMTA5OSISINJLZNJLC2HFZXHWIJOXNZM2MZQ0NJE5LCJ1C2VYX2LKIJOXFQ.2VPYL9HGBWKD9EBL3TAMH64PSIF5DIAGF_YPFLBTJ3G','2025-01-07 13:56:59.682499','2025-01-07 14:56:59.000000',1,'8923471A928B473699AD237336B31099'),(418,'EYJHBGCIOIJIUZI1NIISINR5CCI6IKPXVCJ9.EYJ0B2TLBL90EXBLIJOICMVMCMVZACISIMV4CCI6MTCZNJM0NZAWMCWIAWF0IJOXNZM2MJYWNJAWLCJQDGKIOII4MMM2ZDI1NTAZNWY0OGZMYMU4NMUZOWIXNGYXMWNKNIISINVZZXJFAWQIOJF9.4IHVOTP565FSNVKVETF9GY8TCZEZ0WGJ1JBDZK9TZS4','2025-01-07 14:36:40.027241','2025-01-08 14:36:40.000000',1,'82C6D255035F48FFBE86E39B14F11CD6'),(419,'EYJHBGCIOIJIUZI1NIISINR5CCI6IKPXVCJ9.EYJ0B2TLBL90EXBLIJOIC2XPZGLUZYISIMV4CCI6MTCZNJI2NDIWNSWIAWF0IJOXNZM2MJYWNJA1LCJQDGKIOIIWOTGXMZZJZWFMMGI0MZK4OTDIYJM1YMIXMWVIZWQXMCISINJLZNJLC2HFZXHWIJOXNZM2MZQ3MDA1LCJ1C2VYX2LKIJOXFQ.5_76JRANZGSXO6W3WYCVR1WYCRYLOLWK2PH54A5SVWU','2025-01-07 14:36:45.022210','2025-01-07 15:36:45.000000',1,'098136CEAF0B439897BB35BB11EBED10'),(420,'EYJHBGCIOIJIUZI1NIISINR5CCI6IKPXVCJ9.EYJ0B2TLBL90EXBLIJOICMVMCMVZACISIMV4CCI6MTCZNJM0NZEXOSWIAWF0IJOXNZM2MJYWNZE5LCJQDGKIOIJIMDEWOTI0MTC5NWQ0MZY5YTVKNDQYMZI1MJE4MDRKNYISINVZZXJFAWQIOJF9.KPLMBN3PZE1_SZFGTNWIVWCPSGVI-KEQY1PIXSIHVAU','2025-01-07 14:38:39.618784','2025-01-08 14:38:39.000000',1,'B0109241795D4369A5D44232521804D7'),(421,'EYJHBGCIOIJIUZI1NIISINR5CCI6IKPXVCJ9.EYJ0B2TLBL90EXBLIJOIC2XPZGLUZYISIMV4CCI6MTCZNJI2NDMYMYWIAWF0IJOXNZM2MJYWNZIZLCJQDGKIOIJHNTEXYJE3ZWRHNGE0OWUXODQZZWFMN2I5ZMJLN2QYMSISINJLZNJLC2HFZXHWIJOXNZM2MZQ3MTIZLCJ1C2VYX2LKIJOXFQ.SP4_PBRB9PVBRBKBWVV4D_RPVFKDH032LPTI8ZXCUSC','2025-01-07 14:38:43.889458','2025-01-07 15:38:43.000000',1,'A511B17EDA4A49E1843EAF7B9FBE7D21'),(422,'EYJHBGCIOIJIUZI1NIISINR5CCI6IKPXVCJ9.EYJ0B2TLBL90EXBLIJOICMVMCMVZACISIMV4CCI6MTCZNJM5NTIYMSWIAWF0IJOXNZM2MZA4ODIXLCJQDGKIOIJHNZI0YTM2ZMQ4ZMQ0ZGNJYTJJZJNINTJLNDAYYTE2NIISINVZZXJFAWQIOJF9.QRU2AUTKTQDIRFRC4HMTGDN4CYDPYCBKMCQ1DONOE70','2025-01-08 04:00:21.470355','2025-01-09 04:00:21.000000',1,'A724A36FD8FD4DCCA2CF3B52E402A166'),(423,'EYJHBGCIOIJIUZI1NIISINR5CCI6IKPXVCJ9.EYJ0B2TLBL90EXBLIJOIC2XPZGLUZYISIMV4CCI6MTCZNJMXMJQYOSWIAWF0IJOXNZM2MZA4ODI5LCJQDGKIOII1MZK0MMJHNDA3OGE0ZMU3YMNMMZCZYZG3Y2M2NDC5MYISINJLZNJLC2HFZXHWIJOXNZM2MZK1MJI5LCJ1C2VYX2LKIJOXFQ.5MOFQ6CT5GVY0YBFRQ57JZAETQSFTZQO2OLSTIMNSNG','2025-01-08 04:00:29.332053','2025-01-08 05:00:29.000000',1,'53942BA4078A4FE7BCF373C87CC64793'),(424,'EYJHBGCIOIJIUZI1NIISINR5CCI6IKPXVCJ9.EYJ0B2TLBL90EXBLIJOICMVMCMVZACISIMV4CCI6MTCZNJQWMDQ1MYWIAWF0IJOXNZM2MZE0MDUZLCJQDGKIOIIYMWRKYZK2OTLKMTG0ZMY5YWIYMDBINZKWZDKZMTVIZSISINVZZXJFAWQIOJF9.TPDGFUVK0UOEKHJYNFOW8BZIPDQJ2YAYY6GTUJK71CU','2025-01-08 05:27:33.340340','2025-01-09 05:27:33.000000',1,'21DDC9699D184FF9AB200B790D9315BE'),(425,'EYJHBGCIOIJIUZI1NIISINR5CCI6IKPXVCJ9.EYJ0B2TLBL90EXBLIJOIC2XPZGLUZYISIMV4CCI6MTCZNJMXNZY1OCWIAWF0IJOXNZM2MZE0MDU4LCJQDGKIOIIWYJC5NZMXNTFJY2U0OGQXYWE3OTFIMGZMNZLJMTFIMSISINJLZNJLC2HFZXHWIJOXNZM2NDAWNDU4LCJ1C2VYX2LKIJOXFQ.96DY3COGMP7DLQTVFVJ1K3KRCUHWOGD24N7RQQICRDE','2025-01-08 05:27:38.581511','2025-01-08 06:27:38.000000',1,'0B7973151CCE48D1AA791B0FF79C11B1'),(426,'EYJHBGCIOIJIUZI1NIISINR5CCI6IKPXVCJ9.EYJ0B2TLBL90EXBLIJOICMVMCMVZACISIMV4CCI6MTCZNJQWMTU5MIWIAWF0IJOXNZM2MZE1MTKYLCJQDGKIOII2YJAZMZY5YJIXMTA0ODIYOWU0ODK5N2U3ZJG3YZGYMCISINVZZXJFAWQIOJF9.1CPM62FHNJ2CZ0JAFC7LAL6VO9BWAKI8-WGSV3TYZEI','2025-01-08 05:46:32.701514','2025-01-09 05:46:32.000000',1,'6B03369B211048229E48997E7F87C820'),(427,'EYJHBGCIOIJIUZI1NIISINR5CCI6IKPXVCJ9.EYJ0B2TLBL90EXBLIJOIC2XPZGLUZYISIMV4CCI6MTCZNJMXODC5NIWIAWF0IJOXNZM2MZE1MTK2LCJQDGKIOII5ZWIWODC1NTCYY2U0YMFJODC4YTNJZGJINJRLYTHIYYISINJLZNJLC2HFZXHWIJOXNZM2NDAXNTK2LCJ1C2VYX2LKIJOXFQ.JDAZTAW6VCX-BTIJR_XRE1M_1PAI30EF1ZY3LNBY0JM','2025-01-08 05:46:36.080720','2025-01-08 06:46:36.000000',1,'9EB0875572CE4BAC878A3CDBB64EA8BC'),(428,'EYJHBGCIOIJIUZI1NIISINR5CCI6IKPXVCJ9.EYJ0B2TLBL90EXBLIJOICMVMCMVZACISIMV4CCI6MTCZNJQXMZIYOSWIAWF0IJOXNZM2MZI2ODI5LCJQDGKIOIJIYZZHYZE3NWRKN2M0YTDIYME0NMNKZDU4ZTAZNDU1ZIISINVZZXJFAWQIOJF9.VFONLTILDG2ZFSVHH82VPR2TXRTBBBJHRWSJBCSGM5C','2025-01-08 09:00:29.418620','2025-01-09 09:00:29.000000',1,'BC6AC175DD7C4A7BBA46CDD58E03455F'),(429,'EYJHBGCIOIJIUZI1NIISINR5CCI6IKPXVCJ9.EYJ0B2TLBL90EXBLIJOIC2XPZGLUZYISIMV4CCI6MTCZNJMZMDQZNCWIAWF0IJOXNZM2MZI2ODM0LCJQDGKIOIJJMGNIOWZIYTC0YJY0YZAXOGQYODLJNGNMYZJMYTQ1OCISINJLZNJLC2HFZXHWIJOXNZM2NDEZMJM0LCJ1C2VYX2LKIJOXFQ.51Z6RI0MZZOJBR8E5OZ_C5PDJCSYMB4X54YAW0TTHHI','2025-01-08 09:00:34.396853','2025-01-08 10:00:34.000000',1,'C0CB9FBA74B64C018D289C4CFC2FA458'),(430,'EYJHBGCIOIJIUZI1NIISINR5CCI6IKPXVCJ9.EYJ0B2TLBL90EXBLIJOICMVMCMVZACISIMV4CCI6MTCZNJQXODKYMSWIAWF0IJOXNZM2MZMYNTIXLCJQDGKIOII1MZE5ZDC0N2FJOTC0NJNHYTZIZGZINJK1OTMYZJU5NYISINVZZXJFAWQIOJF9.WEKV4ESUKY5S0T-S_7SDLQTX734WLWNJR5OSKQZD3VI','2025-01-08 10:35:21.042273','2025-01-09 10:35:21.000000',1,'5319D747AC97463AA6BDFB695932F597'),(431,'EYJHBGCIOIJIUZI1NIISINR5CCI6IKPXVCJ9.EYJ0B2TLBL90EXBLIJOIC2XPZGLUZYISIMV4CCI6MTCZNJMZNJEYNSWIAWF0IJOXNZM2MZMYNTI1LCJQDGKIOIJKODCYYZAXYZHHNJY0ZTI1YMI5YZK1ZJMZOWU3MJC0ZCISINJLZNJLC2HFZXHWIJOXNZM2NDE4OTI1LCJ1C2VYX2LKIJOXFQ.M7CMG20_EYGSS9S5N0LMRMLIMT0_AWBHMYAIVJ8XIJI','2025-01-08 10:35:25.719715','2025-01-08 11:35:25.000000',1,'D872C01C8A664E25BB9C95F339E7274D'),(432,'EYJHBGCIOIJIUZI1NIISINR5CCI6IKPXVCJ9.EYJ0B2TLBL90EXBLIJOICMVMCMVZACISIMV4CCI6MTCZNJQYMZK1MIWIAWF0IJOXNZM2MZM3NTUYLCJQDGKIOII2ZDK2ZWMWZTIWNJE0MZUWOGVLNMNMYTZKYZGWNDDMOCISINVZZXJFAWQIOJF9.KRXI6WXVJFIP5OG3PAOCGWFPTCHEYGBTHXSZBVWBXYW','2025-01-08 11:59:12.617484','2025-01-09 11:59:12.000000',1,'6D96EC0E206143508EE6CFA6DC8047F8'),(433,'EYJHBGCIOIJIUZI1NIISINR5CCI6IKPXVCJ9.EYJ0B2TLBL90EXBLIJOIC2XPZGLUZYISIMV4CCI6MTCZNJM0MTE1NSWIAWF0IJOXNZM2MZM3NTU1LCJQDGKIOII1NGQ3ZJQWMWUZODU0NMFJYWVJMJIYYJUWY2RKYJNKZIISINJLZNJLC2HFZXHWIJOXNZM2NDIZOTU1LCJ1C2VYX2LKIJOXFQ.GJYVWK86PPLAUVOEBGQ9-VI1NUPGTCUD6WBQZ87ACWW','2025-01-08 11:59:15.550708','2025-01-08 12:59:15.000000',1,'54D7F401E38546ACAEC222B50CDDB3DF'),(434,'EYJHBGCIOIJIUZI1NIISINR5CCI6IKPXVCJ9.EYJ0B2TLBL90EXBLIJOICMVMCMVZACISIMV4CCI6MTCZNJQYNDI0MIWIAWF0IJOXNZM2MZM3ODQYLCJQDGKIOII4MWFLNJJKYWY1MMI0ZDK4YWUXNMJMZTVKZMU2N2JHNSISINVZZXJFAWQIOJF9.V5OESIRWY7OS6S8Z5UZ9XNV1_Y8LKCZBBUBXF9QOCXQ','2025-01-08 12:04:02.903389','2025-01-09 12:04:02.000000',1,'81AE62DAF52B4D98AE16BFE5DFE67BA5'),(435,'EYJHBGCIOIJIUZI1NIISINR5CCI6IKPXVCJ9.EYJ0B2TLBL90EXBLIJOIC2XPZGLUZYISIMV4CCI6MTCZNJM0MTQ0NSWIAWF0IJOXNZM2MZM3ODQ1LCJQDGKIOII2YZLMOGI2ZDUYYTQ0NZI1YWFJZWJIMZUXNDQ2ZJI3MCISINJLZNJLC2HFZXHWIJOXNZM2NDI0MJQ1LCJ1C2VYX2LKIJOXFQ.4JS8ZBCIIT7WDHMFNJWLEIO6KUFIX2QVVGVOLE5NONC','2025-01-08 12:04:05.581176','2025-01-08 13:04:05.000000',1,'6C9F8B6D52A44725AACEBB351446F270'),(436,'EYJHBGCIOIJIUZI1NIISINR5CCI6IKPXVCJ9.EYJ0B2TLBL90EXBLIJOICMVMCMVZACISIMV4CCI6MTCZNJQYNDI4NYWIAWF0IJOXNZM2MZM3ODG3LCJQDGKIOIJLZTRIODE2MWI0MZY0YTY4OTZMM2Y3ZTZLODG5ZWRKMCISINVZZXJFAWQIOJF9.TKZTMBXXE1R6KOIRTVW0AMY43R2BIBA9DEU02EE-7YQ','2025-01-08 12:04:47.128433','2025-01-09 12:04:47.000000',1,'EE4B8161B4364A6896F3F7E6E889EDD0'),(437,'EYJHBGCIOIJIUZI1NIISINR5CCI6IKPXVCJ9.EYJ0B2TLBL90EXBLIJOIC2XPZGLUZYISIMV4CCI6MTCZNJM0MTQ5MCWIAWF0IJOXNZM2MZM3ODKWLCJQDGKIOIJHMTC3OGQ4MTBHMDE0NJCWOGVLNMYWZWRHYZNMNJE2YIISINJLZNJLC2HFZXHWIJOXNZM2NDI0MJKWLCJ1C2VYX2LKIJOXFQ.Y2FJOZN2JU_3TBJPPPJYN3SO6JQ6SBRFSLVICY2-3NS','2025-01-08 12:04:50.813376','2025-01-08 13:04:50.000000',1,'A1778D810A0146708EE6F0EDAC3F616B'),(438,'EYJHBGCIOIJIUZI1NIISINR5CCI6IKPXVCJ9.EYJ0B2TLBL90EXBLIJOICMVMCMVZACISIMV4CCI6MTCZNJQYNDU3MCWIAWF0IJOXNZM2MZM4MTCWLCJQDGKIOIJMOTQXMWI3MZRMMDM0NJK0OGZIYZQWMZMWZWYWNZBKMCISINVZZXJFAWQIOJF9.Z603FVYGG6VBFS5GMQZNHOWVRGSZZ932GSE_82BGG4S','2025-01-08 12:09:30.352985','2025-01-09 12:09:30.000000',1,'F9411B734F0346948FBC40330EF070D0'),(439,'EYJHBGCIOIJIUZI1NIISINR5CCI6IKPXVCJ9.EYJ0B2TLBL90EXBLIJOIC2XPZGLUZYISIMV4CCI6MTCZNJM0MTC3NCWIAWF0IJOXNZM2MZM4MTC0LCJQDGKIOIJIOGU1ZTQ0YMZKNJY0YWVIOWVLYJVMMTY4N2M5Y2M5ZIISINJLZNJLC2HFZXHWIJOXNZM2NDI0NTC0LCJ1C2VYX2LKIJOXFQ.OSB-G4X1SC9RLXTOADGPKPZJVEY6B4V_1WLHLNXOOYI','2025-01-08 12:09:34.885670','2025-01-08 13:09:34.000000',1,'B8E5E44BFD664AEB9EEB5F1687C9CC9F'),(440,'EYJHBGCIOIJIUZI1NIISINR5CCI6IKPXVCJ9.EYJ0B2TLBL90EXBLIJOICMVMCMVZACISIMV4CCI6MTCZNJQYNTAZOSWIAWF0IJOXNZM2MZM4NJM5LCJQDGKIOIJJN2EWZTG0OTA1NTG0OTIYYME0ZWJKMTQZMDU1MWY1MIISINVZZXJFAWQIOJF9.6SRD9JP78KG1HKE9-HQ7D2JINS2J1C43H7JBDEWTND0','2025-01-08 12:17:19.401326','2025-01-09 12:17:19.000000',1,'C7A0E84905584922BA4EBD1430551F52'),(441,'EYJHBGCIOIJIUZI1NIISINR5CCI6IKPXVCJ9.EYJ0B2TLBL90EXBLIJOIC2XPZGLUZYISIMV4CCI6MTCZNJM0MJI0MIWIAWF0IJOXNZM2MZM4NJQYLCJQDGKIOII2N2I4MDMYYJA4ODG0ZWIWYTFJYTMWMMJIMDI1YZM1MIISINJLZNJLC2HFZXHWIJOXNZM2NDI1MDQYLCJ1C2VYX2LKIJOXFQ.TXXON5RF8MFJVH1GESFOGNICORVRGHVV3VML0ZKLPOS','2025-01-08 12:17:22.554256','2025-01-08 13:17:22.000000',1,'67B8032B08884EB0A1CA302BB025C352'),(442,'EYJHBGCIOIJIUZI1NIISINR5CCI6IKPXVCJ9.EYJ0B2TLBL90EXBLIJOICMVMCMVZACISIMV4CCI6MTCZNJQ4NDG2MYWIAWF0IJOXNZM2MZK4NDYZLCJQDGKIOII5M2E1MWMZMTY1NDM0ZTFIYJEYZGNHYJBMZJM0Y2ZJMIISINVZZXJFAWQIOJF9.YK3HEI8HXWVZSDYCMTILADJGR3SHGL8M7GHFRQR4H7U','2025-01-09 04:54:23.793104','2025-01-10 04:54:23.000000',1,'93A51C3165434E1BB12DCAB0FF34CFC2'),(443,'EYJHBGCIOIJIUZI1NIISINR5CCI6IKPXVCJ9.EYJ0B2TLBL90EXBLIJOIC2XPZGLUZYISIMV4CCI6MTCZNJQWMJA2OSWIAWF0IJOXNZM2MZK4NDY5LCJQDGKIOIJJMZQ4NGZMZMFJMMY0ZWIXYMM2MJK5MDK1MWEXZJQ0NIISINJLZNJLC2HFZXHWIJOXNZM2NDG0ODY5LCJ1C2VYX2LKIJOXFQ.MWCXVQPQOBWAG-UMSQWIEHY855JIZ0GCDVTOF6IO5VO','2025-01-09 04:54:29.489909','2025-01-09 05:54:29.000000',1,'C3484FFFAC2F4EB1BC62990951A1F446'),(444,'EYJHBGCIOIJIUZI1NIISINR5CCI6IKPXVCJ9.EYJ0B2TLBL90EXBLIJOICMVMCMVZACISIMV4CCI6MTCZNJQ4OTCXMYWIAWF0IJOXNZM2NDAZMZEZLCJQDGKIOIJJMWRLM2NHZWQZMDC0YZYYOTBJNTJMMWVLZDM2OTA4OSISINVZZXJFAWQIOJF9.75W8Z0APS3Q2ENDIW8AJ1GERUOHDBPR4UJKAB0X5ZUQ','2025-01-09 06:15:13.697864','2025-01-10 06:15:13.000000',1,'C1DE3CAED3074C6290C52F1EED369089'),(445,'EYJHBGCIOIJIUZI1NIISINR5CCI6IKPXVCJ9.EYJ0B2TLBL90EXBLIJOIC2XPZGLUZYISIMV4CCI6MTCZNJQWNJKXNIWIAWF0IJOXNZM2NDAZMZE2LCJQDGKIOIIYYZDKMWFMOTVKYJA0ODEYOTI1MDCXNGY0ZJY4OGE1YYISINJLZNJLC2HFZXHWIJOXNZM2NDG5NZE2LCJ1C2VYX2LKIJOXFQ.OFXGZ9CRK17T2-LY21NEQHJPRXCFO1A8KJCW4VYK7QY','2025-01-09 06:15:16.568903','2025-01-09 07:15:16.000000',1,'2C7D1AF95DB048129250714F4F688A5C'),(446,'EYJHBGCIOIJIUZI1NIISINR5CCI6IKPXVCJ9.EYJ0B2TLBL90EXBLIJOICMVMCMVZACISIMV4CCI6MTCZNJQ5NTIXNYWIAWF0IJOXNZM2NDA4ODE3LCJQDGKIOII5ZGIWMJHKYZA0NTE0MDCZODBJZTFHYMI0NWJMOWE5YYISINVZZXJFAWQIOJF9.XCJTQWHAUVN9XITDWT8ZEXE8WNQ-2S5PEBVSWOYOWJ8','2025-01-09 07:46:57.894010','2025-01-10 07:46:57.000000',1,'9DB028DC0451407380CE1ABB45BF9A9C'),(447,'EYJHBGCIOIJIUZI1NIISINR5CCI6IKPXVCJ9.EYJ0B2TLBL90EXBLIJOIC2XPZGLUZYISIMV4CCI6MTCZNJQXMJQYMCWIAWF0IJOXNZM2NDA4ODIWLCJQDGKIOIJJZTQWNJGWMJEZMDA0ZGM5YJFLYWU5NTEXNWIXNZI1YYISINJLZNJLC2HFZXHWIJOXNZM2NDK1MJIWLCJ1C2VYX2LKIJOXFQ.NWGGKRX8EGFITUKHIYW66RODLISR59JXWCP5EW8G3OW','2025-01-09 07:47:00.092937','2025-01-09 08:47:00.000000',1,'CE40680213004DC9B1EAE95115B1725C'),(448,'EYJHBGCIOIJIUZI1NIISINR5CCI6IKPXVCJ9.EYJ0B2TLBL90EXBLIJOICMVMCMVZACISIMV4CCI6MTCZNJU2NZY4NCWIAWF0IJOXNZM2NDGXMJG0LCJQDGKIOIIZNTY2MZQ0ZDZMNWM0MDM1YTJMMMUWNZRLM2U5YZFINSISINVZZXJFAWQIOJF9.FQTR-NPINL6CHL9TUF7P_CAMMJOQBL3WW-ZGB1B2GW0','2025-01-10 03:54:44.468006','2025-01-11 03:54:44.000000',1,'3566344D6F5C4035A2F2E074E3E9C1B5'),(449,'EYJHBGCIOIJIUZI1NIISINR5CCI6IKPXVCJ9.EYJ0B2TLBL90EXBLIJOIC2XPZGLUZYISIMV4CCI6MTCZNJQ4NDG4NIWIAWF0IJOXNZM2NDGXMJG2LCJQDGKIOII3ODE0MWUWNZJHNGM0ZMY1OTYZNZQ1NTQ1YMQ0ZDI5MCISINJLZNJLC2HFZXHWIJOXNZM2NTY3NJG2LCJ1C2VYX2LKIJOXFQ.LB3T8YHKPCW4SXIV9G18GK8PPH3AUF6NQUCLYIUJ3P4','2025-01-10 03:54:46.673714','2025-01-10 04:54:46.000000',1,'78141E072A4C4FF5963745545BD4D290'),(450,'EYJHBGCIOIJIUZI1NIISINR5CCI6IKPXVCJ9.EYJ0B2TLBL90EXBLIJOICMVMCMVZACISIMV4CCI6MTCZNJU2OTU2NYWIAWF0IJOXNZM2NDGZMTY3LCJQDGKIOII3YJYYYMQ2ODJJOWE0NDA2OWY3OTLHMTCZNJQ4OTC4YYISINVZZXJFAWQIOJF9.55FPJ7IIX3QTVCLZK4GWDYWYUTBYS_ZLEMMK368EEAC','2025-01-10 04:26:07.659448','2025-01-11 04:26:07.000000',1,'7B62BD682C9A44069F799A173648978C'),(451,'EYJHBGCIOIJIUZI1NIISINR5CCI6IKPXVCJ9.EYJ0B2TLBL90EXBLIJOIC2XPZGLUZYISIMV4CCI6MTCZNJQ4NJC3MSWIAWF0IJOXNZM2NDGZMTCXLCJQDGKIOIJIOWM0Y2VKMTQ0M2U0MMQWOTVIMJLKMDIZZTY2NMU0MCISINJLZNJLC2HFZXHWIJOXNZM2NTY5NTCXLCJ1C2VYX2LKIJOXFQ.XLJDDWTNPHSHXIHWNAPDBXFUGIUH0-T4GBYNHCB7J00','2025-01-10 04:26:11.106783','2025-01-10 05:26:11.000000',1,'B9C4CED1443E42D095B29D023E666E40'),(452,'EYJHBGCIOIJIUZI1NIISINR5CCI6IKPXVCJ9.EYJ0B2TLBL90EXBLIJOICMVMCMVZACISIMV4CCI6MTCZNJU4NJMWMCWIAWF0IJOXNZM2NDK5OTAWLCJQDGKIOII1YTA3YWE3MJQ3ZTC0MDFHOWY0NGRKNZVIMJUYODA5NSISINVZZXJFAWQIOJF9.TZTFNT8SSGLSVP2WCFGH-_5CI9CPZUMXI0XVNRG_HNM','2025-01-10 09:05:00.508889','2025-01-11 09:05:00.000000',1,'5A07AA7247E7401A9F44DD75B2528095'),(453,'EYJHBGCIOIJIUZI1NIISINR5CCI6IKPXVCJ9.EYJ0B2TLBL90EXBLIJOIC2XPZGLUZYISIMV4CCI6MTCZNJUWMZUWMYWIAWF0IJOXNZM2NDK5OTAZLCJQDGKIOII1YJZLZTQXODNIMGQ0ZDIZODKXMWQ0M2U4YTBJNGZHOSISINJLZNJLC2HFZXHWIJOXNZM2NTG2MZAZLCJ1C2VYX2LKIJOXFQ.EA5UEPR_YHIPZOBM8OD3RCHT5SDGTL-OXSVYNG6HYAU','2025-01-10 09:05:03.392024','2025-01-10 10:05:03.000000',1,'5B6EE4183B0D4D238911D43E8A0C4FA9'),(454,'EYJHBGCIOIJIUZI1NIISINR5CCI6IKPXVCJ9.EYJ0B2TLBL90EXBLIJOIC2XPZGLUZYISIMV4CCI6MTCZNJUWNJGWMYWIAWF0IJOXNZM2NTAZMJAZLCJQDGKIOIIYNJU0MJI2OWZHZDQ0MTGWOTQYNWEWNWUWMZHHODC0MSISINJLZNJLC2HFZXHWIJOXNZM2NTG5NJAZLCJ1C2VYX2LKIJOXFQ.DBXKKJIRSRSO8XM0BOIYMPULMHGTZEKQESAEIVIXT6Q','2025-01-10 10:00:03.205272','2025-01-10 11:00:03.000000',1,'26542269FAD441809425A05E038A8741'),(455,'EYJHBGCIOIJIUZI1NIISINR5CCI6IKPXVCJ9.EYJ0B2TLBL90EXBLIJOIC2XPZGLUZYISIMV4CCI6MTCZNJUWNJGWMYWIAWF0IJOXNZM2NTAZMJAZLCJQDGKIOIJHYZBHNJUWMDNLMJC0ODYWYJIYOGI5YTVIOTZIZTG0NIISINJLZNJLC2HFZXHWIJOXNZM2NTG5NJAZLCJ1C2VYX2LKIJOXFQ.QTFU2JGAFQZYEL2-3MHY4DMTGMEQNVUEJ-WQEL-KJKC','2025-01-10 10:00:03.274206','2025-01-10 11:00:03.000000',1,'AC0A65003E274860B228B9A5B96BE846'),(456,'EYJHBGCIOIJIUZI1NIISINR5CCI6IKPXVCJ9.EYJ0B2TLBL90EXBLIJOIC2XPZGLUZYISIMV4CCI6MTCZNJUWNJGWNCWIAWF0IJOXNZM2NTAZMJA0LCJQDGKIOIJHZWEWNMM0NGNMYWM0NMY1YJKZMZFLOTNMZTQWMDC2OSISINJLZNJLC2HFZXHWIJOXNZM2NTG5NJA0LCJ1C2VYX2LKIJOXFQ.JO5OC2U3MST6SCNSZOIJG4XEHTJXMLPQDMCME2THTKW','2025-01-10 10:00:04.686290','2025-01-10 11:00:04.000000',1,'AEA06C44CFAC46F5B9331E93FE400769'),(457,'EYJHBGCIOIJIUZI1NIISINR5CCI6IKPXVCJ9.EYJ0B2TLBL90EXBLIJOIC2XPZGLUZYISIMV4CCI6MTCZNJUXMDEWNCWIAWF0IJOXNZM2NTA2NTA0LCJQDGKIOIIWN2U2MJKWMGM0OGU0NZMWYTQ1YJVKNZK3YZU4NWIZMIISINJLZNJLC2HFZXHWIJOXNZM2NTKYOTA0LCJ1C2VYX2LKIJOXFQ.HNUHSQPAFT_UHL691KIBL6JNDLRM6WO98LUWWRZLSQ8','2025-01-10 10:55:04.025144','2025-01-10 11:55:04.000000',1,'07E62900C48E4730A45B5D797C585B32'),(458,'EYJHBGCIOIJIUZI1NIISINR5CCI6IKPXVCJ9.EYJ0B2TLBL90EXBLIJOIC2XPZGLUZYISIMV4CCI6MTCZNJUXMZY0NYWIAWF0IJOXNZM2NTEWMDQ3LCJQDGKIOIIWZJCXMGJINDZHMZG0NDY0OTLJYZG2NZHJYZVLYZE3NIISINJLZNJLC2HFZXHWIJOXNZM2NTK2NDQ3LCJ1C2VYX2LKIJOXFQ.HP4GHILOM1D3PECMUCM7XWZD6BBWIEHH8OLULNICXYG','2025-01-10 11:54:07.495182','2025-01-10 12:54:07.000000',1,'0F710BB46A38446499CC8678CC5EC176'),(459,'EYJHBGCIOIJIUZI1NIISINR5CCI6IKPXVCJ9.EYJ0B2TLBL90EXBLIJOICMVMCMVZACISIMV4CCI6MTCZNJYWNZA4NCWIAWF0IJOXNZM2NTIWNJG0LCJQDGKIOIJHNZHJNDM4ZDI5YJI0OWUZYWNINTY3ZMJHOTNHMZZMNCISINVZZXJFAWQIOJF9.BJLQPOWLD0FIQETWYY4LIUXOXCBK7TRUN2NHWZQADVG','2025-01-10 14:51:24.612139','2025-01-11 14:51:24.000000',1,'A78C438D29B249E3ACB567FBA93A36F4'),(460,'EYJHBGCIOIJIUZI1NIISINR5CCI6IKPXVCJ9.EYJ0B2TLBL90EXBLIJOIC2XPZGLUZYISIMV4CCI6MTCZNJUYNDI5MSWIAWF0IJOXNZM2NTIWNJKXLCJQDGKIOIJLOTQ4YWIZMGNHOTC0MZG4YTQ5NTRLYJMZZDCXMWIYMIISINJLZNJLC2HFZXHWIJOXNZM2NJA3MDKXLCJ1C2VYX2LKIJOXFQ.NK-WKGOZNAYDJIMX9FAKNCFTAWELKBVCZ6FV8TBW14G','2025-01-10 14:51:31.069401','2025-01-10 15:51:31.000000',1,'E948AB30CA974388A4954EB33D711B22'),(461,'EYJHBGCIOIJIUZI1NIISINR5CCI6IKPXVCJ9.EYJ0B2TLBL90EXBLIJOICMVMCMVZACISIMV4CCI6MTCZNJY2MTI4OSWIAWF0IJOXNZM2NTC0ODG5LCJQDGKIOII1MJEWNZMXMZIYNJI0N2ZMODHMMDJMM2Q3YWE3NTVMZIISINVZZXJFAWQIOJF9.U1XNKOAFUL_-PPYMOZE4ZQ0TFTHUIBYCIG47PCTR2L4','2025-01-11 05:54:49.309657','2025-01-12 05:54:49.000000',1,'52107313226247FF88F02F3D7AA755FF'),(462,'EYJHBGCIOIJIUZI1NIISINR5CCI6IKPXVCJ9.EYJ0B2TLBL90EXBLIJOIC2XPZGLUZYISIMV4CCI6MTCZNJU3ODQ5MIWIAWF0IJOXNZM2NTC0ODKYLCJQDGKIOIJJZTMZMZDHMTI4ZMU0MDRLOWRLYZAWMMMXNJBIN2M4NIISINJLZNJLC2HFZXHWIJOXNZM2NJYXMJKYLCJ1C2VYX2LKIJOXFQ.AFECCEB-0YBJB8IT5H26Q7BPNPNKPH-KX9PDZG8CU3G','2025-01-11 05:54:52.148579','2025-01-11 06:54:52.000000',1,'CE3337A128FE404E9DEC002C160B7C86'),(463,'EYJHBGCIOIJIUZI1NIISINR5CCI6IKPXVCJ9.EYJ0B2TLBL90EXBLIJOICMVMCMVZACISIMV4CCI6MTCZNJY2NDA0OSWIAWF0IJOXNZM2NTC3NJQ5LCJQDGKIOII3M2U3MWNHOWNHZTM0NZC2OTQWZTE4YWE1MZZMZJQXOSISINVZZXJFAWQIOJF9.WQYDUJXWHD9C5QGNKAHX72WNOBA-LXHGFIIEF8EEHTC','2025-01-11 06:40:49.615624','2025-01-12 06:40:49.000000',1,'73E71CA9CAE34776940E18AA536FF419'),(464,'EYJHBGCIOIJIUZI1NIISINR5CCI6IKPXVCJ9.EYJ0B2TLBL90EXBLIJOIC2XPZGLUZYISIMV4CCI6MTCZNJU4MTI2MIWIAWF0IJOXNZM2NTC3NJYYLCJQDGKIOII2NDI2NJG2NJKXY2Q0ODCXOGFIYTM2NGJJMJM4MZY0ZCISINJLZNJLC2HFZXHWIJOXNZM2NJY0MDYYLCJ1C2VYX2LKIJOXFQ.YBQOMRNYPUQFGTSEFGICSB1H-XVCDHCBFIPVWV_HHRQ','2025-01-11 06:41:02.966349','2025-01-11 07:41:02.000000',1,'6426686691CD48718ABA364BC238364D'),(465,'EYJHBGCIOIJIUZI1NIISINR5CCI6IKPXVCJ9.EYJ0B2TLBL90EXBLIJOICMVMCMVZACISIMV4CCI6MTCZNJY3NJYXMIWIAWF0IJOXNZM2NTKWMJEYLCJQDGKIOIJKNJZKNDAZNDUXMDI0M2Y3YMMYODFLZMEWZTG5YZE1YSISINVZZXJFAWQIOJF9.DV9GYJBDR7G_MWLRUUDX6FAPISRMVGIUCZKQ3WO1LXG','2025-01-11 10:10:12.598870','2025-01-12 10:10:12.000000',1,'D66D4034510243F7BC281EFA0E89C15A'),(466,'EYJHBGCIOIJIUZI1NIISINR5CCI6IKPXVCJ9.EYJ0B2TLBL90EXBLIJOIC2XPZGLUZYISIMV4CCI6MTCZNJU5MZGXOCWIAWF0IJOXNZM2NTKWMJE4LCJQDGKIOIIYZWY1ODK1MZJMMZI0ZMIYODU5ODA2YJNJYJDKMDI1MYISINJLZNJLC2HFZXHWIJOXNZM2NJC2NJE4LCJ1C2VYX2LKIJOXFQ.-GNP2X01OY6AQHD6MFN1B7AHXLGMLSB7NDVSTO-DDYW','2025-01-11 10:10:18.134517','2025-01-11 11:10:18.000000',1,'2EF589532F324FB2859806B3CB7D0253'),(467,'EYJHBGCIOIJIUZI1NIISINR5CCI6IKPXVCJ9.EYJ0B2TLBL90EXBLIJOICMVMCMVZACISIMV4CCI6MTCZNJC1ODYYMSWIAWF0IJOXNZM2NJCYMJIXLCJQDGKIOIJIOTRHZWYZNMQ0MDK0MZU3OWVKNJU4NTY3NDJJYWZKMCISINVZZXJFAWQIOJF9.NPWW6O2G3GED8Z78GCKLP1NA-RI2DXWWEQPUNBN7FWA','2025-01-12 08:57:01.510499','2025-01-13 08:57:01.000000',1,'B94AEF36D40943579ED65856742CAFD0'),(468,'EYJHBGCIOIJIUZI1NIISINR5CCI6IKPXVCJ9.EYJ0B2TLBL90EXBLIJOIC2XPZGLUZYISIMV4CCI6MTCZNJY3NTGYMYWIAWF0IJOXNZM2NJCYMJIZLCJQDGKIOII0YWJHZDAWYTY0MJI0ZWFLYMU0NDI2YMQWNDQ4M2E2YIISINJLZNJLC2HFZXHWIJOXNZM2NZU4NJIZLCJ1C2VYX2LKIJOXFQ.JHA-DR83WJ1JHU_IGQ7LABX8P2KBJUXGYPLBML7UPXM','2025-01-12 08:57:03.771408','2025-01-12 09:57:03.000000',1,'4ABAD00A64224EAEBE4426BD04483A6B'),(469,'EYJHBGCIOIJIUZI1NIISINR5CCI6IKPXVCJ9.EYJ0B2TLBL90EXBLIJOICMVMCMVZACISIMV4CCI6MTCZNJC2MJE3MYWIAWF0IJOXNZM2NJC1NZCZLCJQDGKIOIIYN2M5OGM5ZGRHMGM0ZJI4YWQ4ZGVLMZG5OTK4ZJBJOCISINVZZXJFAWQIOJF9.8DDXZR77UVJDRFFLQAVQ686ZX0XXEJN54ZYPKLOBU7Q','2025-01-12 09:56:13.385908','2025-01-13 09:56:13.000000',1,'27C98C9DDA0C4F28AD8DEE389998F0C8'),(470,'EYJHBGCIOIJIUZI1NIISINR5CCI6IKPXVCJ9.EYJ0B2TLBL90EXBLIJOIC2XPZGLUZYISIMV4CCI6MTCZNJY3OTM3NIWIAWF0IJOXNZM2NJC1NZC2LCJQDGKIOII0MGEWNWIXMTCWMTY0MZG3OWFMNDFHOTY2OGEYNDVKZIISINJLZNJLC2HFZXHWIJOXNZM2NZYYMTC2LCJ1C2VYX2LKIJOXFQ.FBIK_LGPTWP8Z-R2AX-S8RNN4BM83VQUNDZO5J4BLH0','2025-01-12 09:56:16.334648','2025-01-12 10:56:16.000000',1,'40A05B11701643879AF41A9668A245DF'),(471,'EYJHBGCIOIJIUZI1NIISINR5CCI6IKPXVCJ9.EYJ0B2TLBL90EXBLIJOICMVMCMVZACISIMV4CCI6MTCZNJC2MZEWOCWIAWF0IJOXNZM2NJC2NZA4LCJQDGKIOII5Y2M5MZM3M2JMY2M0OWM0YTY5ZDC3MJYYOTJJYTCXNSISINVZZXJFAWQIOJF9.F0R1YL3VTOG2BWB5BGYVFW1H_AX_C-CDUUGSXZRGEZY','2025-01-12 10:11:48.979043','2025-01-13 10:11:48.000000',1,'9CC93373BFCC49C4A69D7726292CA715'),(472,'EYJHBGCIOIJIUZI1NIISINR5CCI6IKPXVCJ9.EYJ0B2TLBL90EXBLIJOIC2XPZGLUZYISIMV4CCI6MTCZNJY4MDMXMIWIAWF0IJOXNZM2NJC2NZEYLCJQDGKIOIIXZTBLNDVIMMJJYZU0NDU2ODCZMJZMZMUYMDZINZFLZIISINJLZNJLC2HFZXHWIJOXNZM2NZYZMTEYLCJ1C2VYX2LKIJOXFQ.HKSUX9NYK_M1OYD_ZSEQG667-UNNU4L855A-DXH3CPY','2025-01-12 10:11:52.282946','2025-01-12 11:11:52.000000',1,'1E0E45B2BCC5445687326FFE206B71EF'),(473,'EYJHBGCIOIJIUZI1NIISINR5CCI6IKPXVCJ9.EYJ0B2TLBL90EXBLIJOICMVMCMVZACISIMV4CCI6MTCZNJGYNJK4MCWIAWF0IJOXNZM2NZQWNTGWLCJQDGKIOIJHZGYWYTCWMTNJZDE0ZTU4YWMZMJNKMMRKNJFMMDYYYIISINVZZXJFAWQIOJF9.VIWLXBWGFDIQ86ZV2MB8EFWKWYIWOHTNNVNXHU4I8D4','2025-01-13 03:56:20.518908','2025-01-14 03:56:20.000000',1,'ADF0A7013CD14E58AC323D2DD61F062B'),(474,'EYJHBGCIOIJIUZI1NIISINR5CCI6IKPXVCJ9.EYJ0B2TLBL90EXBLIJOIC2XPZGLUZYISIMV4CCI6MTCZNJC0NDE4MIWIAWF0IJOXNZM2NZQWNTGYLCJQDGKIOIJJM2VHN2JKMDJLN2Y0NTHIYJM1YJZINTKXYWI0YTI5NCISINJLZNJLC2HFZXHWIJOXNZM2ODI2OTGYLCJ1C2VYX2LKIJOXFQ.E2U79YEDSBVXGJ1JCEPL9UCKEZ6J4UAFCMNYNMPFV-C','2025-01-13 03:56:22.938126','2025-01-13 04:56:22.000000',1,'C3EA7BD02E7F458BB35B6B591AB4A294'),(475,'EYJHBGCIOIJIUZI1NIISINR5CCI6IKPXVCJ9.EYJ0B2TLBL90EXBLIJOICMVMCMVZACISIMV4CCI6MTCZNJGZNDA3MSWIAWF0IJOXNZM2NZQ3NJCXLCJQDGKIOIJJMGEXYTZHODKWMZA0NDG4YJFHYMIWYZEXZWNKNTVLZIISINVZZXJFAWQIOJF9.TQP-LAYD--N_SJ-UBA93HWZPKQRTLNMV-CMZ2MMZKQQ','2025-01-13 05:54:31.297762','2025-01-14 05:54:31.000000',1,'C0A1A6A890304488B1ABB0C11ECD55EF'),(476,'EYJHBGCIOIJIUZI1NIISINR5CCI6IKPXVCJ9.EYJ0B2TLBL90EXBLIJOIC2XPZGLUZYISIMV4CCI6MTCZNJC1MTI3NCWIAWF0IJOXNZM2NZQ3NJC0LCJQDGKIOII0N2ZLMZQ2NMVHYTE0YJYXYJUZMTNHMJM3MDE2NJGXMYISINJLZNJLC2HFZXHWIJOXNZM2ODM0MDC0LCJ1C2VYX2LKIJOXFQ.HYIEY3VH9B3AIC20DKH4SCPJMVL8PU40LBAKLD6XATU','2025-01-13 05:54:34.367756','2025-01-13 06:54:34.000000',1,'47FE3466EAA14B61B5313A2370166813'),(477,'EYJHBGCIOIJIUZI1NIISINR5CCI6IKPXVCJ9.EYJ0B2TLBL90EXBLIJOICMVMCMVZACISIMV4CCI6MTCZNJG0MJI2MCWIAWF0IJOXNZM2NZU1ODYWLCJQDGKIOIJMODY1NDJIYJHJMMY0YZBHYJU1N2Q0ZTY3NDRJODY2ZSISINVZZXJFAWQIOJF9.AORDGPZ571YMB4HKSNIUC51ZURPPGPBWHYUQUC2W-PG','2025-01-13 08:11:00.060527','2025-01-14 08:11:00.000000',1,'F86542BB8C2F4C0AB557D4E6744C866E'),(478,'EYJHBGCIOIJIUZI1NIISINR5CCI6IKPXVCJ9.EYJ0B2TLBL90EXBLIJOIC2XPZGLUZYISIMV4CCI6MTCZNJC1OTQ2NYWIAWF0IJOXNZM2NZU1ODY3LCJQDGKIOIIWODFIYZU0MZRLYJY0OTBHOWY4NZIWZDLJN2M2MZU1MCISINJLZNJLC2HFZXHWIJOXNZM2ODQYMJY3LCJ1C2VYX2LKIJOXFQ.OZFK8EB6_CMHFXY8RTFNSV_2DJYGA4E1-CE4CJ-QAFK','2025-01-13 08:11:07.628112','2025-01-13 09:11:07.000000',1,'081BC5434EB6490A9F8720D9C7C63550'),(479,'EYJHBGCIOIJIUZI1NIISINR5CCI6IKPXVCJ9.EYJ0B2TLBL90EXBLIJOICMVMCMVZACISIMV4CCI6MTCZNJG0NDKYNYWIAWF0IJOXNZM2NZU4NTI3LCJQDGKIOII1NDY5ZGRIYJKWMDY0YMM4YJCWMMVIMWEZZTDJY2FHNSISINVZZXJFAWQIOJF9.3FFRBBNH1WYXKZYWNB-7XCZAJK21DBF-75BZJP5JDS4','2025-01-13 08:55:27.785055','2025-01-14 08:55:27.000000',1,'5469DDBB90064BC8B702EB1A3E7CCAA5'),(480,'EYJHBGCIOIJIUZI1NIISINR5CCI6IKPXVCJ9.EYJ0B2TLBL90EXBLIJOIC2XPZGLUZYISIMV4CCI6MTCZNJC2MJEZMCWIAWF0IJOXNZM2NZU4NTMWLCJQDGKIOIIYNWFHMJKZOTA0MZE0YMU4OTRMYWI4ODVKZMFIYTMXNSISINJLZNJLC2HFZXHWIJOXNZM2ODQ0OTMWLCJ1C2VYX2LKIJOXFQ.CHSYJQ2XZODIEKMZCN0F4ZZBO4GOXCOXYXEDQWCC3OU','2025-01-13 08:55:30.600669','2025-01-13 09:55:30.000000',1,'25AA293904314BE894FAB885DFABA315'),(481,'EYJHBGCIOIJIUZI1NIISINR5CCI6IKPXVCJ9.EYJ0B2TLBL90EXBLIJOICMVMCMVZACISIMV4CCI6MTCZNJG0NTKYMSWIAWF0IJOXNZM2NZU5NTIXLCJQDGKIOIJMNJLMZDZLNJUWYTK0ZDA0YJUYNZI5YZK1NZEZZJC2MCISINVZZXJFAWQIOJF9.G7Z7OUA3IKPPQGP8PKC56KMPOWZW_LF2PCUA9PLSA2S','2025-01-13 09:12:01.991485','2025-01-14 09:12:01.000000',1,'F69FD6E650A94D04B52729C95713F760'),(482,'EYJHBGCIOIJIUZI1NIISINR5CCI6IKPXVCJ9.EYJ0B2TLBL90EXBLIJOIC2XPZGLUZYISIMV4CCI6MTCZNJC2MZEYNSWIAWF0IJOXNZM2NZU5NTI1LCJQDGKIOII3MMM2YZNJM2VMNWQ0NGJLYTHHMJUXYTA4NZAXMDQYNCISINJLZNJLC2HFZXHWIJOXNZM2ODQ1OTI1LCJ1C2VYX2LKIJOXFQ.QJB2LX2NXAFVYG7A4SDBNJRUOVSGVDZ79ETXOEC1NKA','2025-01-13 09:12:05.380323','2025-01-13 10:12:05.000000',1,'72C6C3C3EF5D44BEA8A251A087010424'),(483,'EYJHBGCIOIJIUZI1NIISINR5CCI6IKPXVCJ9.EYJ0B2TLBL90EXBLIJOICMVMCMVZACISIMV4CCI6MTCZNJG0NJM2OCWIAWF0IJOXNZM2NZU5OTY4LCJQDGKIOII2NDI3MJLHYWRMY2I0NTJKODYWNGRHN2RIMJI0MGZINSISINVZZXJFAWQIOJF9.AHYBI6UHCUK32UCHK_DMX_0MZ5_USJY5EHLXWQGCA_G','2025-01-13 09:19:28.370244','2025-01-14 09:19:28.000000',1,'642729AADFCB452D8604DA7DB2240FB5'),(484,'EYJHBGCIOIJIUZI1NIISINR5CCI6IKPXVCJ9.EYJ0B2TLBL90EXBLIJOIC2XPZGLUZYISIMV4CCI6MTCZNJC2MZU3MCWIAWF0IJOXNZM2NZU5OTCWLCJQDGKIOII0YZJHNMEXMGVLMTK0MGE0OGQ2MZLMMGQ3YZDJZJG0OSISINJLZNJLC2HFZXHWIJOXNZM2ODQ2MZCWLCJ1C2VYX2LKIJOXFQ.PRQEZXH_K4UATWUEGAKTPFKB4HRZKUE1C9ZT1_F-SXE','2025-01-13 09:19:30.737544','2025-01-13 10:19:30.000000',1,'4C2A6A10EE1940A48D639F0D7C7CF849'),(485,'EYJHBGCIOIJIUZI1NIISINR5CCI6IKPXVCJ9.EYJ0B2TLBL90EXBLIJOICMVMCMVZACISIMV4CCI6MTCZNJG0NJC0MIWIAWF0IJOXNZM2NZYWMZQYLCJQDGKIOIIYMTA2N2EYMMJHZJK0ZGQWYTC3ZTVKYMJMMTGZOTZIYYISINVZZXJFAWQIOJF9.A3EUL6CYKVBFGTUVRFSCUUVA9MS2HYUUPA-BXHETE-G','2025-01-13 09:25:42.627338','2025-01-14 09:25:42.000000',1,'21067A22BAF94DD0A77E5DBBF18396BC'),(486,'EYJHBGCIOIJIUZI1NIISINR5CCI6IKPXVCJ9.EYJ0B2TLBL90EXBLIJOIC2XPZGLUZYISIMV4CCI6MTCZNJC2MZK0NIWIAWF0IJOXNZM2NZYWMZQ2LCJQDGKIOII0ZGQ5Y2Q1YZY2NGY0MGRHOTNHYWQWM2M5MWEXMDNMZCISINJLZNJLC2HFZXHWIJOXNZM2ODQ2NZQ2LCJ1C2VYX2LKIJOXFQ.TANFRFVZYCR6A2IVARLQWUYGNDMN_ZFKITK432QLACI','2025-01-13 09:25:46.475878','2025-01-13 10:25:46.000000',1,'4DD9CD5C664F40DA93AAD03C91A103FD'),(487,'EYJHBGCIOIJIUZI1NIISINR5CCI6IKPXVCJ9.EYJ0B2TLBL90EXBLIJOICMVMCMVZACISIMV4CCI6MTCZNZAWMDIWMIWIAWF0IJOXNZM2OTEZODAYLCJQDGKIOIIYZGJHM2M5ZWUZY2U0M2FKODLLNDA5MTLIMZVMNDU3MSISINVZZXJFAWQIOJF9.CXF_GR9UCK6WJFIZQ3POEK1GWBR_YPDQBHBEEMM79PM','2025-01-15 04:03:22.500590','2025-01-16 04:03:22.000000',1,'2DBA3C9EE3CE43AD89E40919B35F4571'),(488,'EYJHBGCIOIJIUZI1NIISINR5CCI6IKPXVCJ9.EYJ0B2TLBL90EXBLIJOIC2XPZGLUZYISIMV4CCI6MTCZNJKXNZQWNSWIAWF0IJOXNZM2OTEZODA1LCJQDGKIOII3M2NHZJHJYJRKNGY0ZMYZOTNKMJU0OWY5MDC1NTU0ZIISINJLZNJLC2HFZXHWIJOXNZM3MDAWMJA1LCJ1C2VYX2LKIJOXFQ.03KXPWDAJHU4SP-X-0IFYNHTFHCLJG6NX9QJDGKN8NS','2025-01-15 04:03:25.643086','2025-01-15 05:03:25.000000',1,'73CAF8CB4D4F4FF393D2549F9075554F'),(489,'EYJHBGCIOIJIUZI1NIISINR5CCI6IKPXVCJ9.EYJ0B2TLBL90EXBLIJOICMVMCMVZACISIMV4CCI6MTCZNZAWNTU5NCWIAWF0IJOXNZM2OTE5MTK0LCJQDGKIOII4NMQ5NJG2OWVLZDM0ZMFIYME5YJEWMDK2NDUZNMMZYIISINVZZXJFAWQIOJF9.L4WBZYSZ6I2NEV_JISFLSG77RXC8VUNGJOTB3DJN81Q','2025-01-15 05:33:14.303863','2025-01-16 05:33:14.000000',1,'86D96869EED34FABBA9B100964536C3B'),(490,'EYJHBGCIOIJIUZI1NIISINR5CCI6IKPXVCJ9.EYJ0B2TLBL90EXBLIJOIC2XPZGLUZYISIMV4CCI6MTCZNJKYMJC5NYWIAWF0IJOXNZM2OTE5MTK3LCJQDGKIOIIYNDAZZTK1ZMQYYWU0MDQ4YJNMYZU1MTK4ZWNIYJY4NCISINJLZNJLC2HFZXHWIJOXNZM3MDA1NTK3LCJ1C2VYX2LKIJOXFQ.FQVUQOXPOTWICZXSLAIN-COH0PHCZGT-MAAPWFQHLC4','2025-01-15 05:33:17.337539','2025-01-15 06:33:17.000000',1,'2403E95FD2AE4048B3FC55198ECBB684'),(491,'EYJHBGCIOIJIUZI1NIISINR5CCI6IKPXVCJ9.EYJ0B2TLBL90EXBLIJOICMVMCMVZACISIMV4CCI6MTCZNZA4OTQ1OSWIAWF0IJOXNZM3MDAZMDU5LCJQDGKIOIJMMDLHOTCXZDI4NJG0NJGYYTCWMTU0ZGFKOWZLNJDJNSISINVZZXJFAWQIOJF9.DNYOJPTKKEYT5YCN36BE2MTPT6VYHOU1IAX36QSOME8','2025-01-16 04:50:59.833738','2025-01-17 04:50:59.000000',1,'F09A971D28684682A70154DAD9FE67C5'),(492,'EYJHBGCIOIJIUZI1NIISINR5CCI6IKPXVCJ9.EYJ0B2TLBL90EXBLIJOIC2XPZGLUZYISIMV4CCI6MTCZNZAWNJY2NIWIAWF0IJOXNZM3MDAZMDY2LCJQDGKIOII4YWFINDVIYZA0Y2E0MWZJOWJMNJDMMMUYMDG1MTLINYISINJLZNJLC2HFZXHWIJOXNZM3MDG5NDY2LCJ1C2VYX2LKIJOXFQ.YDFSCLZ0W9I4NMIXQFH0DHGX8SYIVH2EDU1LAXBHCHM','2025-01-16 04:51:06.757458','2025-01-16 05:51:06.000000',1,'8AAB45BC04CA41FC9BF67F2E208519B7'),(493,'EYJHBGCIOIJIUZI1NIISINR5CCI6IKPXVCJ9.EYJ0B2TLBL90EXBLIJOICMVMCMVZACISIMV4CCI6MTCZNZA5MDC5MSWIAWF0IJOXNZM3MDA0MZKXLCJQDGKIOIJLYTRKNTRLOTJHN2I0ODHHYJFHOTDKYTAYNWQWZTY2MYISINVZZXJFAWQIOJF9.TQI8RQZV8CIYZM4ROKJNZFAU7F6PVKEO09SYFDFQDCE','2025-01-16 05:13:11.531880','2025-01-17 05:13:11.000000',1,'EA4D54E92A7B488AB1A97DA025D0E663'),(494,'EYJHBGCIOIJIUZI1NIISINR5CCI6IKPXVCJ9.EYJ0B2TLBL90EXBLIJOIC2XPZGLUZYISIMV4CCI6MTCZNZAWNZK5NSWIAWF0IJOXNZM3MDA0MZK1LCJQDGKIOIIWMZM4YJRHNJRLNZM0Y2IXODBHNMRKZDI0YJFHODJJOCISINJLZNJLC2HFZXHWIJOXNZM3MDKWNZK1LCJ1C2VYX2LKIJOXFQ.T2KTIVG1EPRT3MCDLIHP0JWBADPEAOE5EJFC2UXJTRE','2025-01-16 05:13:15.523512','2025-01-16 06:13:15.000000',1,'0338B4A64E734CB180A6DDD24B1A82C8'),(495,'EYJHBGCIOIJIUZI1NIISINR5CCI6IKPXVCJ9.EYJ0B2TLBL90EXBLIJOICMVMCMVZACISIMV4CCI6MTCZNZA5MTAZNYWIAWF0IJOXNZM3MDA0NJM3LCJQDGKIOII5ZGYXZJI2MZDJOGU0YZM0OGFJODLKMDY3MJG0YWQWZSISINVZZXJFAWQIOJF9._TYDIIYEEYNM7KGLFH4Q7D1GBBP1OOL3NH3YWNSWJ0G','2025-01-16 05:17:17.411127','2025-01-17 05:17:17.000000',1,'9DF1F2637C8E4C348AC89D067284AD0E'),(496,'EYJHBGCIOIJIUZI1NIISINR5CCI6IKPXVCJ9.EYJ0B2TLBL90EXBLIJOICMVMCMVZACISIMV4CCI6MTCZNZA5MTAZOSWIAWF0IJOXNZM3MDA0NJM5LCJQDGKIOIJLNGU1N2M4MMEZMWE0MDCZYMY3OTNLMJVHMMVLMJJHZIISINVZZXJFAWQIOJF9.TBMFELRJ7QIOUXJK9TAFFHV06Z6T65OQ2JXTQ6Y3UFS','2025-01-16 05:17:19.183508','2025-01-17 05:17:19.000000',1,'E4E57C82A31A4073BF793E25A2EE22AF'),(497,'EYJHBGCIOIJIUZI1NIISINR5CCI6IKPXVCJ9.EYJ0B2TLBL90EXBLIJOIC2XPZGLUZYISIMV4CCI6MTCZNZAWODI0MSWIAWF0IJOXNZM3MDA0NJQXLCJQDGKIOIIZYMI2ZJIYNJEYZTK0YJG1YJU4YJE2MDEWMJZJYTK2OCISINJLZNJLC2HFZXHWIJOXNZM3MDKXMDQXLCJ1C2VYX2LKIJOXFQ.RXEEXUXZDYQQTMATUOSWJDRLLV0N0LR85BEMPUQFWRU','2025-01-16 05:17:21.686333','2025-01-16 06:17:21.000000',1,'3BB6F22612E94B85B58B1601026CA968'),(498,'EYJHBGCIOIJIUZI1NIISINR5CCI6IKPXVCJ9.EYJ0B2TLBL90EXBLIJOIC2XPZGLUZYISIMV4CCI6MTCZNZAWODI0MYWIAWF0IJOXNZM3MDA0NJQZLCJQDGKIOII1MMU3MDE2MTYYNJA0NTK4ODYZMJQ4NWM2NTLINTM4OCISINJLZNJLC2HFZXHWIJOXNZM3MDKXMDQZLCJ1C2VYX2LKIJOXFQ.9Q5_PZCZHCO77QFBNZIUXECDCZ4S8RSMBYUTVSCXZQE','2025-01-16 05:17:23.296484','2025-01-16 06:17:23.000000',1,'52E70161626045988632485C659B5388'),(499,'EYJHBGCIOIJIUZI1NIISINR5CCI6IKPXVCJ9.EYJ0B2TLBL90EXBLIJOICMVMCMVZACISIMV4CCI6MTCZNZEWMJGXNCWIAWF0IJOXNZM3MDE2NDE0LCJQDGKIOII3YWYYNTLKZGE0OTE0NWM1OWQ3MWYYZGEXYMNIZJA1YIISINVZZXJFAWQIOJF9.ZIM_T7C9M4BD4BE6DP-RVXZTN9GKKREKA3LA4D3HQSC','2025-01-16 08:33:34.560184','2025-01-17 08:33:34.000000',1,'7AF259DDA49145C59D71F2DA1BCBF05B'),(500,'EYJHBGCIOIJIUZI1NIISINR5CCI6IKPXVCJ9.EYJ0B2TLBL90EXBLIJOIC2XPZGLUZYISIMV4CCI6MTCZNZAYMDAXOCWIAWF0IJOXNZM3MDE2NDE4LCJQDGKIOIIXMZRKMZYXNDE4YJG0MTLIOTG5YZBIZJRKMJA2YTG5ZCISINJLZNJLC2HFZXHWIJOXNZM3MTAYODE4LCJ1C2VYX2LKIJOXFQ.XACLS2ZKPZFRVO_YU2USQZ2NBSN3RKRX_4B5RUQEANE','2025-01-16 08:33:38.117034','2025-01-16 09:33:38.000000',1,'134D361418B8419B989C0BF4D206A89D'),(501,'EYJHBGCIOIJIUZI1NIISINR5CCI6IKPXVCJ9.EYJ0B2TLBL90EXBLIJOICMVMCMVZACISIMV4CCI6MTCZNZEXNJM0NCWIAWF0IJOXNZM3MDI5OTQ0LCJQDGKIOIIZMGNKZWQXMZEYYWM0ZMZJOWEYYMMWMDKZMGRJODI0OCISINVZZXJFAWQIOJF9.3G3N3CRXCZXY20BLGALOBS0X8LITEB8GTRC-FNRK3SQ','2025-01-16 12:19:04.324516','2025-01-17 12:19:04.000000',1,'30CDED1312AC4FFC9A2BC00930DC8248'),(502,'EYJHBGCIOIJIUZI1NIISINR5CCI6IKPXVCJ9.EYJ0B2TLBL90EXBLIJOIC2XPZGLUZYISIMV4CCI6MTCZNZAZMZU1MCWIAWF0IJOXNZM3MDI5OTUWLCJQDGKIOIIYNMVKZDUXMGJIZDG0NGFIODY5YTIZYJFMOWU1YTA2MIISINJLZNJLC2HFZXHWIJOXNZM3MTE2MZUWLCJ1C2VYX2LKIJOXFQ.2BGPSDYB0SCESJYU9IHG-RBCYEY0WBC5NIOFZRMSDVK','2025-01-16 12:19:10.556852','2025-01-16 13:19:10.000000',1,'26EDD510BBD844AB869A23B1F9E5A062'),(503,'EYJHBGCIOIJIUZI1NIISINR5CCI6IKPXVCJ9.EYJ0B2TLBL90EXBLIJOICMVMCMVZACISIMV4CCI6MTCZNZEXNZAYOSWIAWF0IJOXNZM3MDMWNJI5LCJQDGKIOIJJZJE2MMQXNDBKNDE0NJBMYJIZODM1ZTC2MDM1ZGMWMIISINVZZXJFAWQIOJF9.IQ0HY2D96WLP4JPVIYKET6GHIQLNLKFGGYLLBQOMCBY','2025-01-16 12:30:29.329091','2025-01-17 12:30:29.000000',1,'CF162D140D41460FB23835E76035DC02'),(504,'EYJHBGCIOIJIUZI1NIISINR5CCI6IKPXVCJ9.EYJ0B2TLBL90EXBLIJOIC2XPZGLUZYISIMV4CCI6MTCZNZAZNDIZMYWIAWF0IJOXNZM3MDMWNJMZLCJQDGKIOII2NWMXNDE1YTEWZJY0NTG3YJLLZGE1ZMYYYJFIMWM0OCISINJLZNJLC2HFZXHWIJOXNZM3MTE3MDMZLCJ1C2VYX2LKIJOXFQ.KW9XM_8Z8GRWWXQFAU3MNLNT3Y8RVYDSWCAQNJQ_WF0','2025-01-16 12:30:33.826815','2025-01-16 13:30:33.000000',1,'65C1415A10F64587B9EDA5FF2B1B1C48'),(505,'EYJHBGCIOIJIUZI1NIISINR5CCI6IKPXVCJ9.EYJ0B2TLBL90EXBLIJOICMVMCMVZACISIMV4CCI6MTCZNZEYMTQ0NCWIAWF0IJOXNZM3MDM1MDQ0LCJQDGKIOIIXNDCWMZMXNDEZYWU0ODDMYJQ0ODM5YJEZYTDHMDG2MCISINVZZXJFAWQIOJF9.ALNJVIOLCUTUAVM-JH8PYGI5JCDMNNXVBCJATQMFP9I','2025-01-16 13:44:04.787396','2025-01-17 13:44:04.000000',1,'1470331413AE487FB44839B13A7A0860'),(506,'EYJHBGCIOIJIUZI1NIISINR5CCI6IKPXVCJ9.EYJ0B2TLBL90EXBLIJOIC2XPZGLUZYISIMV4CCI6MTCZNZAZODY0OSWIAWF0IJOXNZM3MDM1MDQ5LCJQDGKIOIJHZJQYN2JMNMUWOWQ0ZGQXYJI3MZJLMWY1MDHKMGJIMSISINJLZNJLC2HFZXHWIJOXNZM3MTIXNDQ5LCJ1C2VYX2LKIJOXFQ.IA4KFNXJEWSAFQN5KMCKYUZ35MQQPWIXEMPSRGZCYH0','2025-01-16 13:44:09.419642','2025-01-16 14:44:09.000000',1,'AF427BF6E09D4DD1B2732E1F508D0BB1'),(507,'EYJHBGCIOIJIUZI1NIISINR5CCI6IKPXVCJ9.EYJ0B2TLBL90EXBLIJOICMVMCMVZACISIMV4CCI6MTCZNZE3MJC2MCWIAWF0IJOXNZM3MDG2MZYWLCJQDGKIOIJHMWU2YJU5MZU3ZTQ0NMVHYJDIMWEZZWJIZDY4MDRMZIISINVZZXJFAWQIOJF9.LDRJU7FFXELYTP-VWS-FIIF8YHISTVCRVZLWJVVSGJG','2025-01-17 03:59:20.305469','2025-01-18 03:59:20.000000',1,'A1E6B59357E446EAB7B1A3EBBD6804FF'),(508,'EYJHBGCIOIJIUZI1NIISINR5CCI6IKPXVCJ9.EYJ0B2TLBL90EXBLIJOIC2XPZGLUZYISIMV4CCI6MTCZNZA4OTK2MYWIAWF0IJOXNZM3MDG2MZYZLCJQDGKIOIIXOTKZZGM2OTZINMI0ODK1YMVLMJG2NTGYYTG1N2YYMIISINJLZNJLC2HFZXHWIJOXNZM3MTCYNZYZLCJ1C2VYX2LKIJOXFQ.ZR0U2IUG2GRE5NNZQZHSXQXBDFRTRWPTTCTXWQP--OM','2025-01-17 03:59:23.334619','2025-01-17 04:59:23.000000',1,'1993DC696B6B4895BEE286582A857F22'),(509,'EYJHBGCIOIJIUZI1NIISINR5CCI6IKPXVCJ9.EYJ0B2TLBL90EXBLIJOIC2XPZGLUZYISIMV4CCI6MTCZNZA5MZMWMIWIAWF0IJOXNZM3MDG5NZAYLCJQDGKIOIIYODA1NTEYNDI4YZA0ZJG5YMMZMTZLZMNMNDDHZDNLNIISINJLZNJLC2HFZXHWIJOXNZM3MTC2MTAYLCJ1C2VYX2LKIJOXFQ.BCZU0DMRVCQ_PDIRYPZSAHOG88QB38RY_ET5D_OUANU','2025-01-17 04:55:02.320789','2025-01-17 05:55:02.000000',1,'2805512428C04F89BC316EFCF47AD3E6'),(510,'EYJHBGCIOIJIUZI1NIISINR5CCI6IKPXVCJ9.EYJ0B2TLBL90EXBLIJOICMVMCMVZACISIMV4CCI6MTCZNZE3NJY3NCWIAWF0IJOXNZM3MDKWMJC0LCJQDGKIOIJJNZDHODLINJYWYMM0OTHJOGVKOTRIZTY0NDY4NTG0ZIISINVZZXJFAWQIOJF9.65ZGLXOPLRQ8F7XM5TWQ-QOPUIG_9KDL_LS3N3ZRNUK','2025-01-17 05:04:34.663978','2025-01-18 05:04:34.000000',1,'C77A89B660BC498C8ED94BE64468584F'),(511,'EYJHBGCIOIJIUZI1NIISINR5CCI6IKPXVCJ9.EYJ0B2TLBL90EXBLIJOIC2XPZGLUZYISIMV4CCI6MTCZNZA5MZG3OCWIAWF0IJOXNZM3MDKWMJC4LCJQDGKIOIJHOTQ3NGJJODUWOWI0ODI1OTDMNZFMYTQZOTUXYWQ2MSISINJLZNJLC2HFZXHWIJOXNZM3MTC2NJC4LCJ1C2VYX2LKIJOXFQ.WA8WXQVPFAFL3G6L2SN5NSNLM-QAN0PNTEBLQXA7PP0','2025-01-17 05:04:38.032973','2025-01-17 06:04:38.000000',1,'A9474BC8509B482597F71FA43951AD61'),(512,'EYJHBGCIOIJIUZI1NIISINR5CCI6IKPXVCJ9.EYJ0B2TLBL90EXBLIJOICMVMCMVZACISIMV4CCI6MTCZNZE3OTK0OCWIAWF0IJOXNZM3MDKZNTQ4LCJQDGKIOIIYZTNJNWQ2NGVHMGQ0Y2YWODEXNGIZMJCXMTNKZTMXZCISINVZZXJFAWQIOJF9.KNY7DSOFNXEHW4JIPJLTRT-W8RB_XF4JQK_SXXMOKSA','2025-01-17 05:59:08.520498','2025-01-18 05:59:08.000000',1,'2E3C5D64EA0D4CF08114B327113DE31D'),(513,'EYJHBGCIOIJIUZI1NIISINR5CCI6IKPXVCJ9.EYJ0B2TLBL90EXBLIJOIC2XPZGLUZYISIMV4CCI6MTCZNZA5NZE1MYWIAWF0IJOXNZM3MDKZNTUZLCJQDGKIOIIYZGI2MMI3M2YZN2U0OGU4YTK0NTG2OGVHOTZIMGJHYIISINJLZNJLC2HFZXHWIJOXNZM3MTC5OTUZLCJ1C2VYX2LKIJOXFQ.Y8XOSB0LKXMIMVXN0JXMLNVCWYCZ6DQ5SYFPUGZQSRO','2025-01-17 05:59:13.402728','2025-01-17 06:59:13.000000',1,'2DB62B73F37E48E8A945868EA96B0BAB'),(514,'EYJHBGCIOIJIUZI1NIISINR5CCI6IKPXVCJ9.EYJ0B2TLBL90EXBLIJOIC2XPZGLUZYISIMV4CCI6MTCZNZEWMDUWMYWIAWF0IJOXNZM3MDK2OTAZLCJQDGKIOIJKZMQ4NZBKODEWOTM0MDRIODJLOGQ3NZYWYTG1M2ZMYYISINJLZNJLC2HFZXHWIJOXNZM3MTGZMZAZLCJ1C2VYX2LKIJOXFQ.DWXVCFQXFNFNV90KQRCUSZIQQICU5YAHKQFNB3XO7HE','2025-01-17 06:55:03.657213','2025-01-17 07:55:03.000000',1,'DFD870D81093404B82E8D7760A853FFC'),(515,'EYJHBGCIOIJIUZI1NIISINR5CCI6IKPXVCJ9.EYJ0B2TLBL90EXBLIJOIC2XPZGLUZYISIMV4CCI6MTCZNZEWMZGWMYWIAWF0IJOXNZM3MTAWMJAZLCJQDGKIOIJMMJM2NJEXNTVJNJA0MDDIYJG2ZTHIZWFHOGQ4NZZIOSISINJLZNJLC2HFZXHWIJOXNZM3MTG2NJAZLCJ1C2VYX2LKIJOXFQ.XX-N-J2L5L6ICYPBA5K8GJH1CBCGXGVIQGTCPWAQTHG','2025-01-17 07:50:03.812581','2025-01-17 08:50:03.000000',1,'F23661155C60407BB86E8BEAA8D876B9'),(516,'EYJHBGCIOIJIUZI1NIISINR5CCI6IKPXVCJ9.EYJ0B2TLBL90EXBLIJOICMVMCMVZACISIMV4CCI6MTCZNZE4ODA2OCWIAWF0IJOXNZM3MTAXNJY4LCJQDGKIOIJJYZQXMDI5NDU3NWI0YJKWYJVLMDU2NTRLYTJHYTJMYIISINVZZXJFAWQIOJF9.Y9PIU8NDQ3QGMB17PG_NWGFT_XCOLFVRM4QL-ITMPQ4','2025-01-17 08:14:28.282263','2025-01-18 08:14:28.000000',1,'CC410294575B4B90B5E05654EA2AA2FB'),(517,'EYJHBGCIOIJIUZI1NIISINR5CCI6IKPXVCJ9.EYJ0B2TLBL90EXBLIJOIC2XPZGLUZYISIMV4CCI6MTCZNZEWNTI3NCWIAWF0IJOXNZM3MTAXNJC0LCJQDGKIOIJHODG3NMNHMTHIYZQ0ZGMZOGVJY2Y5OGNKNJLKNZIWYSISINJLZNJLC2HFZXHWIJOXNZM3MTG4MDC0LCJ1C2VYX2LKIJOXFQ.BMPFGYGMUWGIQCZM2VYHGZDPLDNXZYVHYUYJXLCDVM0','2025-01-17 08:14:34.419076','2025-01-17 09:14:34.000000',1,'A8876CA18BC44DC38ECCF98CD69D720A'),(518,'EYJHBGCIOIJIUZI1NIISINR5CCI6IKPXVCJ9.EYJ0B2TLBL90EXBLIJOICMVMCMVZACISIMV4CCI6MTCZNZE4ODEXMCWIAWF0IJOXNZM3MTAXNZEWLCJQDGKIOIJIZMJLMTZKZJE0YTG0OTZLOGQ3ZGNJNMZLZGM1ZGZMYYISINVZZXJFAWQIOJF9.X5Z3BIJDVKMGCXW4G1L_6PL2CQZTCQ6ZGWYNAODAMXU','2025-01-17 08:15:10.221955','2025-01-18 08:15:10.000000',1,'BFBE16DF14A8496E8D7DCC6FEDC5DFFC'),(519,'EYJHBGCIOIJIUZI1NIISINR5CCI6IKPXVCJ9.EYJ0B2TLBL90EXBLIJOIC2XPZGLUZYISIMV4CCI6MTCZNZEWNTMXNCWIAWF0IJOXNZM3MTAXNZE0LCJQDGKIOIIXMTQ0N2MXODBKNMM0OGNJYTVLYJVIZJM0Y2Q1OTDHYYISINJLZNJLC2HFZXHWIJOXNZM3MTG4MTE0LCJ1C2VYX2LKIJOXFQ.ILH0YNX2ETCPCTQOWADALYV4AKOLXZKADZ_METIV2HO','2025-01-17 08:15:14.532009','2025-01-17 09:15:14.000000',1,'11447C180D6C48CCA5EB5BF34CD597AC'),(520,'EYJHBGCIOIJIUZI1NIISINR5CCI6IKPXVCJ9.EYJ0B2TLBL90EXBLIJOICMVMCMVZACISIMV4CCI6MTCZNZE4OTU1MCWIAWF0IJOXNZM3MTAZMTUWLCJQDGKIOIIWYMY5OGZMNTRLZTK0N2JHOWQXNTCXMZGZMTE5NWQXMIISINVZZXJFAWQIOJF9.KXHPI51EEUPVWOHJK_RYIER89TQXNNM16JHO6G4CEIA','2025-01-17 08:39:10.303979','2025-01-18 08:39:10.000000',1,'0BF98FF54EE947BA9D15713831195D12'),(521,'EYJHBGCIOIJIUZI1NIISINR5CCI6IKPXVCJ9.EYJ0B2TLBL90EXBLIJOIC2XPZGLUZYISIMV4CCI6MTCZNZEWNJC1MYWIAWF0IJOXNZM3MTAZMTUZLCJQDGKIOIJLOWQ5ZGYZN2E4MGU0NMM4ODVKY2FHODDIYZIZYJRMNCISINJLZNJLC2HFZXHWIJOXNZM3MTG5NTUZLCJ1C2VYX2LKIJOXFQ.9UWGBXNMKUSPPEHDGGEBWBHLJELU8YGOSDYGFT1Z960','2025-01-17 08:39:13.430812','2025-01-17 09:39:13.000000',1,'E9D9DF37A80E46C885DCAA87BC23B4F4'),(522,'EYJHBGCIOIJIUZI1NIISINR5CCI6IKPXVCJ9.EYJ0B2TLBL90EXBLIJOICMVMCMVZACISIMV4CCI6MTCZNZE5MDE0OSWIAWF0IJOXNZM3MTAZNZQ5LCJQDGKIOII2NWIYZGJIZMJJY2I0MJZKYJDKYTRHZJA3ZTFIZGFIMCISINVZZXJFAWQIOJF9.JQ-Q1YYSLKFQ0BLGORKC3GMS5MEBYNYCEJXRLMM2ORG','2025-01-17 08:49:09.569205','2025-01-18 08:49:09.000000',1,'65B2DBBFBCCB426DB7DA4AF07E1BDAB0'),(523,'EYJHBGCIOIJIUZI1NIISINR5CCI6IKPXVCJ9.EYJ0B2TLBL90EXBLIJOIC2XPZGLUZYISIMV4CCI6MTCZNZEWNZM1NIWIAWF0IJOXNZM3MTAZNZU2LCJQDGKIOII2ZJHKNDIYODZHM2I0MZDMYJYWYJJLN2EXNWRJOTZLNCISINJLZNJLC2HFZXHWIJOXNZM3MTKWMTU2LCJ1C2VYX2LKIJOXFQ.1HFDJBRHSD9KH2X7LJBWZV7YMPSRY88J9LYMF-MQP7E','2025-01-17 08:49:16.821590','2025-01-17 09:49:16.000000',1,'6F8D42286A3B437FB60B2E7A15DC96E4'),(524,'EYJHBGCIOIJIUZI1NIISINR5CCI6IKPXVCJ9.EYJ0B2TLBL90EXBLIJOICMVMCMVZACISIMV4CCI6MTCZNZE5MDK5MIWIAWF0IJOXNZM3MTA0NTKYLCJQDGKIOIIXNGZHNGE2MTQ5NJA0NMEYOTI0NZY4NMM1MZK4ZTY2YSISINVZZXJFAWQIOJF9.9BRCANOK7HZIG5WULSSAOA0MRZMGHDHMJBBECBML6H0','2025-01-17 09:03:12.340684','2025-01-18 09:03:12.000000',1,'14FA4A61496046A29247686C5398E66A'),(525,'EYJHBGCIOIJIUZI1NIISINR5CCI6IKPXVCJ9.EYJ0B2TLBL90EXBLIJOIC2XPZGLUZYISIMV4CCI6MTCZNZEWODE5NIWIAWF0IJOXNZM3MTA0NTK2LCJQDGKIOIJLZWQYMTCYZME5MGQ0ZTDJOWJLMDMXNMFMMGFLODFKYYISINJLZNJLC2HFZXHWIJOXNZM3MTKWOTK2LCJ1C2VYX2LKIJOXFQ.BOIPZISX1BACCZP1UNRV5Z9VFCATLNIP0BBGCQYX9EK','2025-01-17 09:03:16.654974','2025-01-17 10:03:16.000000',1,'EED2172FA90D4E7C9BE0316AF0AE81DC'),(526,'EYJHBGCIOIJIUZI1NIISINR5CCI6IKPXVCJ9.EYJ0B2TLBL90EXBLIJOICMVMCMVZACISIMV4CCI6MTCZNZE5MTE5OSWIAWF0IJOXNZM3MTA0NZK5LCJQDGKIOIJIMZA1MZVMMDMYMZM0ZJLKYTA2MGYXNTA4OTCYMMEZOCISINVZZXJFAWQIOJF9.G_DERHUCOGR4NHH3--L_Y4V25G9CJINQ8LK37LR1FHI','2025-01-17 09:06:39.435334','2025-01-18 09:06:39.000000',1,'B30535F032334F9DA060F15089722A38'),(527,'EYJHBGCIOIJIUZI1NIISINR5CCI6IKPXVCJ9.EYJ0B2TLBL90EXBLIJOIC2XPZGLUZYISIMV4CCI6MTCZNZEWODQWMSWIAWF0IJOXNZM3MTA0ODAXLCJQDGKIOIIZMTE5YMYXZMI2MJI0MJQ2OTY3ZJA1NDM4MWZMODVMOCISINJLZNJLC2HFZXHWIJOXNZM3MTKXMJAXLCJ1C2VYX2LKIJOXFQ.ENVC5EPAV_33J5PYXUBYQHTU3CYFTGBWX4IN7OMJKNS','2025-01-17 09:06:41.823489','2025-01-17 10:06:41.000000',1,'3119BF1FB6224246967F054381FF85F8'),(528,'EYJHBGCIOIJIUZI1NIISINR5CCI6IKPXVCJ9.EYJ0B2TLBL90EXBLIJOICMVMCMVZACISIMV4CCI6MTCZNZE5MTCZMYWIAWF0IJOXNZM3MTA1MZMZLCJQDGKIOII3ODKZMJK2NJLIZJQ0OTY4ODFJNJY2MWEXZGMYMZZHYIISINVZZXJFAWQIOJF9.D0UXD65UPKLAQ5BV6ZUOZV8VZE1CF6FJOQ823KNJ23Q','2025-01-17 09:15:33.179797','2025-01-18 09:15:33.000000',1,'789329669BF4496881C6661A1DC236AB'),(529,'EYJHBGCIOIJIUZI1NIISINR5CCI6IKPXVCJ9.EYJ0B2TLBL90EXBLIJOIC2XPZGLUZYISIMV4CCI6MTCZNZEWODKZOCWIAWF0IJOXNZM3MTA1MZM4LCJQDGKIOII0MGM5ZWMYM2MWZMU0MZQ0OTRLMMUXYJY3MZE5MTLKOSISINJLZNJLC2HFZXHWIJOXNZM3MTKXNZM4LCJ1C2VYX2LKIJOXFQ.GVD5VO_E-SMDOPVXWK6-J8N-MJCILL8PGIUPGGNPMM0','2025-01-17 09:15:38.095223','2025-01-17 10:15:38.000000',1,'40C9EC23C0FE434494E2E1B6731919D9'),(530,'EYJHBGCIOIJIUZI1NIISINR5CCI6IKPXVCJ9.EYJ0B2TLBL90EXBLIJOIC2XPZGLUZYISIMV4CCI6MTCZNZEXMDCWNCWIAWF0IJOXNZM3MTA3MTA0LCJQDGKIOIIZMDAYODC4MJLKNJE0NDY0OTI0ODVIN2NJNZQYYTMWYSISINJLZNJLC2HFZXHWIJOXNZM3MTKZNTA0LCJ1C2VYX2LKIJOXFQ.WZGIBWJLVM_4U2SMOLFX3BBHAKZN1QTSO9NZSAWX60Q','2025-01-17 09:45:04.273820','2025-01-17 10:45:04.000000',1,'300287829D61446492485B7CC742A30A'),(531,'EYJHBGCIOIJIUZI1NIISINR5CCI6IKPXVCJ9.EYJ0B2TLBL90EXBLIJOIC2XPZGLUZYISIMV4CCI6MTCZNZEXMDCWNCWIAWF0IJOXNZM3MTA3MTA0LCJQDGKIOIJJZJJIYMRMN2Q5NMI0YTYYOGI5MMNKZWVLZWQWZJY3ZCISINJLZNJLC2HFZXHWIJOXNZM3MTKZNTA0LCJ1C2VYX2LKIJOXFQ.A-V5VZELU_80-IGU20SLXUVC3-OKPTF2OFMRHXW5MD0','2025-01-17 09:45:04.287199','2025-01-17 10:45:04.000000',1,'CF2BBDF7D96B4A628B92CDEEEED0F67D'),(532,'EYJHBGCIOIJIUZI1NIISINR5CCI6IKPXVCJ9.EYJ0B2TLBL90EXBLIJOIC2XPZGLUZYISIMV4CCI6MTCZNZEXMDCWNCWIAWF0IJOXNZM3MTA3MTA0LCJQDGKIOII5M2FKYWUXY2M0MGE0NDE1OGM1ZDY2NDNLMMJLNTUXNYISINJLZNJLC2HFZXHWIJOXNZM3MTKZNTA0LCJ1C2VYX2LKIJOXFQ.CB6MSRUXI88AY6Q3VRMIQH5G4PTDWP7AVOC8OX3VAR4','2025-01-17 09:45:04.302731','2025-01-17 10:45:04.000000',1,'93ADAE1CC40A44158C5D6643E2BE5517'),(533,'EYJHBGCIOIJIUZI1NIISINR5CCI6IKPXVCJ9.EYJ0B2TLBL90EXBLIJOIC2XPZGLUZYISIMV4CCI6MTCZNZEXMDCWNCWIAWF0IJOXNZM3MTA3MTA0LCJQDGKIOII2MZZKZTYWMWEXMZY0N2IZYWM2YTYYOTG0NJFHNJEXOSISINJLZNJLC2HFZXHWIJOXNZM3MTKZNTA0LCJ1C2VYX2LKIJOXFQ.C4FNTJIWQWIHFZRUBUEBXWBHFTQXHYDSWZZSNATQYG0','2025-01-17 09:45:04.320773','2025-01-17 10:45:04.000000',1,'636DE601A13647B3AC6A6298461A6119'),(534,'EYJHBGCIOIJIUZI1NIISINR5CCI6IKPXVCJ9.EYJ0B2TLBL90EXBLIJOIC2XPZGLUZYISIMV4CCI6MTCZNZEXMDCWNCWIAWF0IJOXNZM3MTA3MTA0LCJQDGKIOIIXMJM3MJHLZGMWNDC0NDE2YMZHYJBLZGQ4ZDG0ZDGZYIISINJLZNJLC2HFZXHWIJOXNZM3MTKZNTA0LCJ1C2VYX2LKIJOXFQ.FJE7TPKJRASDO_ZANJRS9MKTBT49UKCKRZNVGFRC9ES','2025-01-17 09:45:04.340206','2025-01-17 10:45:04.000000',1,'123728EDC0474416BFAB0EDD8D84D83B'),(535,'EYJHBGCIOIJIUZI1NIISINR5CCI6IKPXVCJ9.EYJ0B2TLBL90EXBLIJOIC2XPZGLUZYISIMV4CCI6MTCZNZEXMDCWNCWIAWF0IJOXNZM3MTA3MTA0LCJQDGKIOII2YTQ1OTNJNDG4YTE0MMFJODZIMJC2MJYXMWNHZMNIMYISINJLZNJLC2HFZXHWIJOXNZM3MTKZNTA0LCJ1C2VYX2LKIJOXFQ.SHNWBYPXJNTO0N5APTNKTMIBUDHTGZNGWVQPILTEVFQ','2025-01-17 09:45:04.355216','2025-01-17 10:45:04.000000',1,'6A4593C488A142AC86B2762611CAFCB3'),(536,'EYJHBGCIOIJIUZI1NIISINR5CCI6IKPXVCJ9.EYJ0B2TLBL90EXBLIJOIC2XPZGLUZYISIMV4CCI6MTCZNZEXMDCWNCWIAWF0IJOXNZM3MTA3MTA0LCJQDGKIOII4NTRKM2M2MMRLMZE0ZJRKODQ0YWIWNZMYZWM2ZWMXMCISINJLZNJLC2HFZXHWIJOXNZM3MTKZNTA0LCJ1C2VYX2LKIJOXFQ.UBVH6LRDSJOW6E5HNJRQQ990LFDWJ6YR-ZBH-XABYYY','2025-01-17 09:45:04.383058','2025-01-17 10:45:04.000000',1,'854D3C62DE314F4D844AB0732EC6EC10'),(537,'EYJHBGCIOIJIUZI1NIISINR5CCI6IKPXVCJ9.EYJ0B2TLBL90EXBLIJOIC2XPZGLUZYISIMV4CCI6MTCZNZEXMDCWNCWIAWF0IJOXNZM3MTA3MTA0LCJQDGKIOIJMMWU5ZTMWZDBKMMY0MZZJYTQWNDQ0NDQWODMYNTZJZSISINJLZNJLC2HFZXHWIJOXNZM3MTKZNTA0LCJ1C2VYX2LKIJOXFQ.5541RIPSKKKEF3CGR1W3OVKFVJ6E5NAYBV1FUXMMIZK','2025-01-17 09:45:04.400033','2025-01-17 10:45:04.000000',1,'F1E9E30D0D2F436CA4044444083256CE'),(538,'EYJHBGCIOIJIUZI1NIISINR5CCI6IKPXVCJ9.EYJ0B2TLBL90EXBLIJOIC2XPZGLUZYISIMV4CCI6MTCZNZEXMDCWNCWIAWF0IJOXNZM3MTA3MTA0LCJQDGKIOIJKZMQ2ZJM5ODMYNTA0MTCYOWE4YMVHZMIZYZI1M2NKMSISINJLZNJLC2HFZXHWIJOXNZM3MTKZNTA0LCJ1C2VYX2LKIJOXFQ.AALGCOAIDJTELDVNZX6VHYYXHZ6HQOT8NBTLXSPFCE4','2025-01-17 09:45:04.416191','2025-01-17 10:45:04.000000',1,'DFD6F398325041729A8BEAFB3C253CD1'),(539,'EYJHBGCIOIJIUZI1NIISINR5CCI6IKPXVCJ9.EYJ0B2TLBL90EXBLIJOIC2XPZGLUZYISIMV4CCI6MTCZNZEXMDCWNCWIAWF0IJOXNZM3MTA3MTA0LCJQDGKIOIIXMGQWODI2MJQ4MJK0ZTHHYJC2NTM2ZTG3NDZIYTZMNIISINJLZNJLC2HFZXHWIJOXNZM3MTKZNTA0LCJ1C2VYX2LKIJOXFQ.Z_HT-MWUQCMQR2PGQH2TU3_VFJV9FPHKTHGKD7WBTJS','2025-01-17 09:45:04.429371','2025-01-17 10:45:04.000000',1,'10D0826248294E8AB76536E8746BA6F6'),(540,'EYJHBGCIOIJIUZI1NIISINR5CCI6IKPXVCJ9.EYJ0B2TLBL90EXBLIJOIC2XPZGLUZYISIMV4CCI6MTCZNZEXMDCWNCWIAWF0IJOXNZM3MTA3MTA0LCJQDGKIOIJJOGYZZTJMYMZINDQ0ZWM2YWM1YMM3MTI2ODLINTCWNSISINJLZNJLC2HFZXHWIJOXNZM3MTKZNTA0LCJ1C2VYX2LKIJOXFQ.5BB9J12Z5QU04W1OKBNCRW4WVGI1HJKXN-JWENIGI74','2025-01-17 09:45:04.450065','2025-01-17 10:45:04.000000',1,'C8F3E2FBFB444EC6AC5BC712689B5705'),(541,'EYJHBGCIOIJIUZI1NIISINR5CCI6IKPXVCJ9.EYJ0B2TLBL90EXBLIJOIC2XPZGLUZYISIMV4CCI6MTCZNZEXMDCWNCWIAWF0IJOXNZM3MTA3MTA0LCJQDGKIOIIXYTJMMMMYYTZMMZU0NTG0YTNJN2Y0OGQ1MMQ1ZDZMNYISINJLZNJLC2HFZXHWIJOXNZM3MTKZNTA0LCJ1C2VYX2LKIJOXFQ.PJSSLKO5QCXEGDU8PMSN1PDM72ZYAVIFTCGADALREGY','2025-01-17 09:45:04.464754','2025-01-17 10:45:04.000000',1,'1A2F2C2A6F354584A3C7F48D52D5D6F7'),(542,'EYJHBGCIOIJIUZI1NIISINR5CCI6IKPXVCJ9.EYJ0B2TLBL90EXBLIJOIC2XPZGLUZYISIMV4CCI6MTCZNZEXMDCWNCWIAWF0IJOXNZM3MTA3MTA0LCJQDGKIOIIXMTU0NWE4ZMFINMM0ODU3ODNIOWEWYZM0YTZKMTBIOSISINJLZNJLC2HFZXHWIJOXNZM3MTKZNTA0LCJ1C2VYX2LKIJOXFQ.YIDO5D5_9EDL8F0WYRAIIRXTUZV2TEYIOB2SVSO9O6K','2025-01-17 09:45:04.481085','2025-01-17 10:45:04.000000',1,'11545A8FAB6C485783B9A0C34A6D10B9'),(543,'EYJHBGCIOIJIUZI1NIISINR5CCI6IKPXVCJ9.EYJ0B2TLBL90EXBLIJOIC2XPZGLUZYISIMV4CCI6MTCZNZEXMDCWNCWIAWF0IJOXNZM3MTA3MTA0LCJQDGKIOIJKMMJMYJM3YTNJYJG0YJI5OTQ3NDKYNTQXMDFLM2JKNCISINJLZNJLC2HFZXHWIJOXNZM3MTKZNTA0LCJ1C2VYX2LKIJOXFQ.KP8E-QB9DHN5MOBLXU2GJA6MKI2JYMF9COH77MZTAF0','2025-01-17 09:45:04.500584','2025-01-17 10:45:04.000000',1,'D2BFB37A3CB84B2994749254101E3BD4'),(544,'EYJHBGCIOIJIUZI1NIISINR5CCI6IKPXVCJ9.EYJ0B2TLBL90EXBLIJOIC2XPZGLUZYISIMV4CCI6MTCZNZEXMDCWNCWIAWF0IJOXNZM3MTA3MTA0LCJQDGKIOII4YTI3OTBLMTM3YWM0NTA4YTDIMTLINZBIZDY3NTA5OSISINJLZNJLC2HFZXHWIJOXNZM3MTKZNTA0LCJ1C2VYX2LKIJOXFQ.H1BAMUPQAANGAJRU7R-QQNEGQ_002SUNMJ_V9TKB8P0','2025-01-17 09:45:04.524438','2025-01-17 10:45:04.000000',1,'8A2790E137AC4508A7B19B70BD675099'),(545,'EYJHBGCIOIJIUZI1NIISINR5CCI6IKPXVCJ9.EYJ0B2TLBL90EXBLIJOIC2XPZGLUZYISIMV4CCI6MTCZNZEXMDCWNCWIAWF0IJOXNZM3MTA3MTA0LCJQDGKIOIJMZTIXYMMYMDY4NTM0YZZIYTC2ZWJJZGMXYJA2MDZLYSISINJLZNJLC2HFZXHWIJOXNZM3MTKZNTA0LCJ1C2VYX2LKIJOXFQ.ZIGLFGKPK20S2MI0J5PXS_AIOCZGA0EUDWVDFT-BZCI','2025-01-17 09:45:04.539366','2025-01-17 10:45:04.000000',1,'FE21BC2068534C6BA76EBCDC1B0606EA'),(546,'EYJHBGCIOIJIUZI1NIISINR5CCI6IKPXVCJ9.EYJ0B2TLBL90EXBLIJOIC2XPZGLUZYISIMV4CCI6MTCZNZEXMDCWNCWIAWF0IJOXNZM3MTA3MTA0LCJQDGKIOIJIZME5MDK5YTDHNWQ0MZFLYMM0YZA3YJGYNJZIZDBIZIISINJLZNJLC2HFZXHWIJOXNZM3MTKZNTA0LCJ1C2VYX2LKIJOXFQ.WWQI6XK2SJLQ_Q7_QEKOJJ8NICST9E4QYJYH9CBJ9DG','2025-01-17 09:45:04.553452','2025-01-17 10:45:04.000000',1,'BFA9099A7A5D431EBC4C07B8266BD0BF'),(547,'EYJHBGCIOIJIUZI1NIISINR5CCI6IKPXVCJ9.EYJ0B2TLBL90EXBLIJOIC2XPZGLUZYISIMV4CCI6MTCZNZEXMDCWNCWIAWF0IJOXNZM3MTA3MTA0LCJQDGKIOIJLM2Y5NDZJMZI4OWM0NZZHYMRJOWIWZDQZNJK2OGI1OCISINJLZNJLC2HFZXHWIJOXNZM3MTKZNTA0LCJ1C2VYX2LKIJOXFQ.3GICFO7ANBNY8KQYVDARKXYFQVNKYTDKVUKXAFEPMWW','2025-01-17 09:45:04.566116','2025-01-17 10:45:04.000000',1,'E3F946C3289C476ABDC9B0D436968B58'),(548,'EYJHBGCIOIJIUZI1NIISINR5CCI6IKPXVCJ9.EYJ0B2TLBL90EXBLIJOIC2XPZGLUZYISIMV4CCI6MTCZNZEXMDCWNCWIAWF0IJOXNZM3MTA3MTA0LCJQDGKIOII1MZHMODZKNME4ODE0MJRKOTFKOTI3YJLJZTKXMGQ1NSISINJLZNJLC2HFZXHWIJOXNZM3MTKZNTA0LCJ1C2VYX2LKIJOXFQ.XMNIXS1US5IZYPJF5IHM0U6QEYSZVU2MBXL4GDKTCN8','2025-01-17 09:45:04.579386','2025-01-17 10:45:04.000000',1,'538F86D6A881424D91D927B9CE910D55'),(549,'EYJHBGCIOIJIUZI1NIISINR5CCI6IKPXVCJ9.EYJ0B2TLBL90EXBLIJOIC2XPZGLUZYISIMV4CCI6MTCZNZEXMDCWNCWIAWF0IJOXNZM3MTA3MTA0LCJQDGKIOII5M2EWYZG0YMMWMDQ0NZA1OTGXZTE5NMIYNMRKZJGYZSISINJLZNJLC2HFZXHWIJOXNZM3MTKZNTA0LCJ1C2VYX2LKIJOXFQ.3XA3UT82R-M4BZYTLR3CBAG2AJVEOCSC937TQ6_YVGG','2025-01-17 09:45:04.592214','2025-01-17 10:45:04.000000',1,'93A0C84BC0044705981E196B26DDF82E'),(550,'EYJHBGCIOIJIUZI1NIISINR5CCI6IKPXVCJ9.EYJ0B2TLBL90EXBLIJOIC2XPZGLUZYISIMV4CCI6MTCZNZEXMDCWNCWIAWF0IJOXNZM3MTA3MTA0LCJQDGKIOIJLNJIXNGQYNDVLOGU0NZQ2YJBJMTLJMGMWOTZJMTRJYSISINJLZNJLC2HFZXHWIJOXNZM3MTKZNTA0LCJ1C2VYX2LKIJOXFQ.DEDECJZDYMY3-OIBJCTNM6GAAK0OUFG4T0KGTVWIPFS','2025-01-17 09:45:04.620840','2025-01-17 10:45:04.000000',1,'E6214D245E8E4746B0C19C0C096C14CA'),(551,'EYJHBGCIOIJIUZI1NIISINR5CCI6IKPXVCJ9.EYJ0B2TLBL90EXBLIJOIC2XPZGLUZYISIMV4CCI6MTCZNZEXMDCWNCWIAWF0IJOXNZM3MTA3MTA0LCJQDGKIOIJIMZCXMDK1YZBLOGM0NZEWYTJKMTBKN2Q3ZTIZMTM2OCISINJLZNJLC2HFZXHWIJOXNZM3MTKZNTA0LCJ1C2VYX2LKIJOXFQ.0SC09P6W3IPMTM3DNMX27215LBSSXATIUPLNA3UKY6A','2025-01-17 09:45:04.637686','2025-01-17 10:45:04.000000',1,'B371095C0E8C4710A2D10D7D7E231368'),(552,'EYJHBGCIOIJIUZI1NIISINR5CCI6IKPXVCJ9.EYJ0B2TLBL90EXBLIJOIC2XPZGLUZYISIMV4CCI6MTCZNZEXMDCWNCWIAWF0IJOXNZM3MTA3MTA0LCJQDGKIOIIWYZC0NTNLMJVMZGM0OWY1OTLHMZEZYMQ2MZC0M2Q0YIISINJLZNJLC2HFZXHWIJOXNZM3MTKZNTA0LCJ1C2VYX2LKIJOXFQ.ONPL0VZGSKKUEVO4QQKKDV9ODDTCLTNY6GLEA4B5IKC','2025-01-17 09:45:04.651931','2025-01-17 10:45:04.000000',1,'0C7453E25FDC49F599A313BD63743D4B'),(553,'EYJHBGCIOIJIUZI1NIISINR5CCI6IKPXVCJ9.EYJ0B2TLBL90EXBLIJOIC2XPZGLUZYISIMV4CCI6MTCZNZEXMDCWNCWIAWF0IJOXNZM3MTA3MTA0LCJQDGKIOIIWM2RINMQ4YJI1ZWI0YZUYOTFJYTJLMGI4MMVMMDLIZCISINJLZNJLC2HFZXHWIJOXNZM3MTKZNTA0LCJ1C2VYX2LKIJOXFQ.H7MC1DDPAT4G5GED9_MA9EXFZYO4J9DRSQKB31YPM1E','2025-01-17 09:45:04.751151','2025-01-17 10:45:04.000000',1,'03DB6D8B25EB4C5291CA2E0B82EF09BD'),(554,'EYJHBGCIOIJIUZI1NIISINR5CCI6IKPXVCJ9.EYJ0B2TLBL90EXBLIJOICMVMCMVZACISIMV4CCI6MTCZNZE5NDG0OSWIAWF0IJOXNZM3MTA4NDQ5LCJQDGKIOIJHNTQ5OTK3OTBHNZG0MTEWODAZMDMXNJBMNTCWMDZMMIISINVZZXJFAWQIOJF9.L6DONYPQXJUVGIRFX1FPEYYXVNKJ6UKKFGV28IS3Z7S','2025-01-17 10:07:29.445021','2025-01-18 10:07:29.000000',1,'A54999790A78411080303160F57006F2'),(555,'EYJHBGCIOIJIUZI1NIISINR5CCI6IKPXVCJ9.EYJ0B2TLBL90EXBLIJOIC2XPZGLUZYISIMV4CCI6MTCZNZEXMJA1MIWIAWF0IJOXNZM3MTA4NDUYLCJQDGKIOIJKNMY4OGU5ODMWYZE0MZKWYWVLZTNLOTRHZGFHZTQ2OCISINJLZNJLC2HFZXHWIJOXNZM3MTK0ODUYLCJ1C2VYX2LKIJOXFQ.0LVBVMUAP158_MKLO06V2VP5_DFHXOPWI8X5SGZGOQY','2025-01-17 10:07:32.583967','2025-01-17 11:07:32.000000',1,'D6F88E9830C14390AEEE3E94ADAAE468'),(556,'EYJHBGCIOIJIUZI1NIISINR5CCI6IKPXVCJ9.EYJ0B2TLBL90EXBLIJOICMVMCMVZACISIMV4CCI6MTCZNZE5NJG4MYWIAWF0IJOXNZM3MTEWNDGZLCJQDGKIOII1YTNIZGRKODUYOTU0MMEXODUYNDZMZWQXMJVLOTFJZIISINVZZXJFAWQIOJF9.Q07EZAPGG7CWTXU27KLX4XOWRBUEFYFKKW6LPOUDOBM','2025-01-17 10:41:23.592935','2025-01-18 10:41:23.000000',1,'5A3BDDD8529542A185246FED125E91CF'),(557,'EYJHBGCIOIJIUZI1NIISINR5CCI6IKPXVCJ9.EYJ0B2TLBL90EXBLIJOIC2XPZGLUZYISIMV4CCI6MTCZNZEXNDA4NIWIAWF0IJOXNZM3MTEWNDG2LCJQDGKIOIJHZTVKMDI0ZWMYZJM0ZJY3OTVMOWY0YZU2MGEXNDLMYIISINJLZNJLC2HFZXHWIJOXNZM3MTK2ODG2LCJ1C2VYX2LKIJOXFQ.CMVZVIXBV_DKJU7THUYNSMCFKOALI0LSTKAV5GL-MZ0','2025-01-17 10:41:26.372486','2025-01-17 11:41:26.000000',1,'AE5D024EC2F34F6795F9F4C560A149FB'),(558,'EYJHBGCIOIJIUZI1NIISINR5CCI6IKPXVCJ9.EYJ0B2TLBL90EXBLIJOICMVMCMVZACISIMV4CCI6MTCZNZE5ODA4MCWIAWF0IJOXNZM3MTEXNJGWLCJQDGKIOIJIMTI5MGZINGZHYTI0NTCZYMY2NJQZOTVMNDE3YZQ3ZCISINVZZXJFAWQIOJF9.YREZ3EPGFOBN729SSYOPSRRAD3MCFKCBG_67GVEGXMS','2025-01-17 11:01:20.710448','2025-01-18 11:01:20.000000',1,'B1290FB4FAA24573BF664395F417C47D'),(559,'EYJHBGCIOIJIUZI1NIISINR5CCI6IKPXVCJ9.EYJ0B2TLBL90EXBLIJOIC2XPZGLUZYISIMV4CCI6MTCZNZEXNTI4NSWIAWF0IJOXNZM3MTEXNJG1LCJQDGKIOIIYNGY4OWEXN2YWNDG0ZWQ1OGMWNTK5YMY0ZTG5ZMJLYIISINJLZNJLC2HFZXHWIJOXNZM3MTK4MDG1LCJ1C2VYX2LKIJOXFQ.QMWKXYAABJOPTS6FPHKKUTLVESLIYULYKTFQLO9APLO','2025-01-17 11:01:25.387492','2025-01-17 12:01:25.000000',1,'24F89A17F0484ED58C0599BF4E89FBEB'),(560,'EYJHBGCIOIJIUZI1NIISINR5CCI6IKPXVCJ9.EYJ0B2TLBL90EXBLIJOICMVMCMVZACISIMV4CCI6MTCZNZIWMTMXNYWIAWF0IJOXNZM3MTE0OTE3LCJQDGKIOIJKNDMWNZZJYMJMNJU0MZM0YJA2NJHLMZEWMDQWZJLLYIISINVZZXJFAWQIOJF9._XKZGVAHVLVM3TVHRXG8OPZMRRX3OHQW0DTYLAWXXLM','2025-01-17 11:55:17.253166','2025-01-18 11:55:17.000000',1,'D43076CBBF654334B0668E310040F9EB'),(561,'EYJHBGCIOIJIUZI1NIISINR5CCI6IKPXVCJ9.EYJ0B2TLBL90EXBLIJOIC2XPZGLUZYISIMV4CCI6MTCZNZEXODUYMIWIAWF0IJOXNZM3MTE0OTIYLCJQDGKIOIJLNGY2MZIXM2QXM2Q0YZY2YWIZNWM5MWVMNGYWZTAZOSISINJLZNJLC2HFZXHWIJOXNZM3MJAXMZIYLCJ1C2VYX2LKIJOXFQ.IV560RYXK_IKZ_H-JMGEQA9GFOICMKMSTETS4_BQHZK','2025-01-17 11:55:22.118298','2025-01-17 12:55:22.000000',1,'E4F63213D13D4C66AB35C91EF4F0E039'),(562,'EYJHBGCIOIJIUZI1NIISINR5CCI6IKPXVCJ9.EYJ0B2TLBL90EXBLIJOICMVMCMVZACISIMV4CCI6MTCZNZIWMZI3OCWIAWF0IJOXNZM3MTE2ODC4LCJQDGKIOIIXMJDKNWY0ODC5YWQ0ZJJJYWRJZTAWOWNKOWNHNTNHYYISINVZZXJFAWQIOJF9.OXZBWK9AOCJYKIL4VWHV4CVRNL3PVFGP0LGNPLK27WC','2025-01-17 12:27:58.022829','2025-01-18 12:27:58.000000',1,'127D5F4879AD4F2CADCE009CD9CA53AC'),(563,'EYJHBGCIOIJIUZI1NIISINR5CCI6IKPXVCJ9.EYJ0B2TLBL90EXBLIJOIC2XPZGLUZYISIMV4CCI6MTCZNZEYMDUWMIWIAWF0IJOXNZM3MTE2OTAYLCJQDGKIOII5YWJJY2U0MDIXYWY0MZMWOTRIMZCZMTM0NDY5ZDDIMYISINJLZNJLC2HFZXHWIJOXNZM3MJAZMZAYLCJ1C2VYX2LKIJOXFQ.BDYQFACXNEQ6T4ARYK7BP6LVJVXOFEOQC5EQ0M40DXQ','2025-01-17 12:28:22.663177','2025-01-17 13:28:22.000000',1,'9ABCCE4021AF433094B373134469D7B3'),(564,'EYJHBGCIOIJIUZI1NIISINR5CCI6IKPXVCJ9.EYJ0B2TLBL90EXBLIJOICMVMCMVZACISIMV4CCI6MTCZNZIWMZY2OSWIAWF0IJOXNZM3MTE3MJY5LCJQDGKIOIJKYZI3YJU1YMJMZJM0MJM1OWRLNGFMZMQ0NGIXZJU5ZSISINVZZXJFAWQIOJF9.SF3HP0KV3KQXLMTU8A_3CM4UMO6T2RVQQLOZL-0TZDC','2025-01-17 12:34:29.941938','2025-01-18 12:34:29.000000',1,'DC27B55BBFF342359DE4AFFD44B1F59E'),(565,'EYJHBGCIOIJIUZI1NIISINR5CCI6IKPXVCJ9.EYJ0B2TLBL90EXBLIJOICMVMCMVZACISIMV4CCI6MTCZNZIWMZY3NCWIAWF0IJOXNZM3MTE3MJC0LCJQDGKIOIIZMTGWNTNHZDAXZDU0MMY1OWVLMTG2NJU4ODIYYWNHMCISINVZZXJFAWQIOJF9.2HBXRYMQMUVGMYATAEQE-3W6SRY18KK23JZHFS0PCEI','2025-01-17 12:34:34.746805','2025-01-18 12:34:34.000000',1,'318053AD01D542F59EE186658822ACA0'),(566,'EYJHBGCIOIJIUZI1NIISINR5CCI6IKPXVCJ9.EYJ0B2TLBL90EXBLIJOIC2XPZGLUZYISIMV4CCI6MTCZNZEYMDG3OSWIAWF0IJOXNZM3MTE3MJC5LCJQDGKIOIIYNZQ1OWVJNMU1ODE0OGU5OWQ4ODGWZMEXYMMYNJDHMSISINJLZNJLC2HFZXHWIJOXNZM3MJAZNJC5LCJ1C2VYX2LKIJOXFQ.3R--L9OWMWLCAPL1YJUEMFBR2SZ3RK2CICSAPR11UXS','2025-01-17 12:34:39.032346','2025-01-17 13:34:39.000000',1,'27459EC6E58148E99D8880FA1BC267A1'),(567,'EYJHBGCIOIJIUZI1NIISINR5CCI6IKPXVCJ9.EYJ0B2TLBL90EXBLIJOICMVMCMVZACISIMV4CCI6MTCZNZIWMZC2OSWIAWF0IJOXNZM3MTE3MZY5LCJQDGKIOIJJYMFIZTI4OTVLOGU0ZMZKYMI0NTHJNTFJN2MZYZEYNCISINVZZXJFAWQIOJF9.PYRKWYCF0UAZTWDR98EFLKDLRQM5HMQ5K4NQWQPKNTU','2025-01-17 12:36:09.314864','2025-01-18 12:36:09.000000',1,'CBABE2895E8E4FFDBB458C51C7C3C124'),(568,'EYJHBGCIOIJIUZI1NIISINR5CCI6IKPXVCJ9.EYJ0B2TLBL90EXBLIJOIC2XPZGLUZYISIMV4CCI6MTCZNZEYMDK3NYWIAWF0IJOXNZM3MTE3MZC3LCJQDGKIOII4ZWVKMJFMMTI1YJC0NJG3OTLHYJUZMJYZMDFKODG2NIISINJLZNJLC2HFZXHWIJOXNZM3MJAZNZC3LCJ1C2VYX2LKIJOXFQ.PG5GFKNCRQJI-6DPRBBRH7-AHNAMTBKTFOITKZ1D2NS','2025-01-17 12:36:17.101502','2025-01-17 13:36:17.000000',1,'8EED21F125B7468799AB5326301D8866'),(569,'EYJHBGCIOIJIUZI1NIISINR5CCI6IKPXVCJ9.EYJ0B2TLBL90EXBLIJOICMVMCMVZACISIMV4CCI6MTCZNZI2MTMXOCWIAWF0IJOXNZM3MTC0OTE4LCJQDGKIOIJMMZVHN2I2NJZIYTA0OTBIYJFHMJYXOTHIMJC1MWI0NYISINVZZXJFAWQIOJF9.DNLV9Q2B_FPUGEV8TR2U6X2CT-FUZF_KY4ZSDLJ4CD4','2025-01-18 04:35:18.917635','2025-01-19 04:35:18.000000',1,'F35A7B666BA0490BB1A26198B2751B47'),(570,'EYJHBGCIOIJIUZI1NIISINR5CCI6IKPXVCJ9.EYJ0B2TLBL90EXBLIJOIC2XPZGLUZYISIMV4CCI6MTCZNZE3ODUYMSWIAWF0IJOXNZM3MTC0OTIXLCJQDGKIOIJLMWEWYZDJZMIZM2I0ZWFKOWNHODG3MDAXMWVKY2M2ZSISINJLZNJLC2HFZXHWIJOXNZM3MJYXMZIXLCJ1C2VYX2LKIJOXFQ.XKZQK0UHMLAOD5U-O7KZDZJAY1CQX-J0JXOY8HMFNDS','2025-01-18 04:35:21.762030','2025-01-18 05:35:21.000000',1,'E1A0C7CFB33B4EAD9CA8870011EDCC6E'),(571,'EYJHBGCIOIJIUZI1NIISINR5CCI6IKPXVCJ9.EYJ0B2TLBL90EXBLIJOICMVMCMVZACISIMV4CCI6MTCZNZM1NJY1MIWIAWF0IJOXNZM3MJCWMJUYLCJQDGKIOIJKMZKZM2NHMDBMNTE0NTRIOGNHOWJMN2Q3ODA3NDKYYIISINVZZXJFAWQIOJF9.TPTYJCTSLVTMORQIWIHVEFWVWVCFUIQERXVLP09CFMO','2025-01-19 07:04:12.458768','2025-01-20 07:04:12.000000',1,'D3933CA00F51454B8CA9BF7D7807492B'),(572,'EYJHBGCIOIJIUZI1NIISINR5CCI6IKPXVCJ9.EYJ0B2TLBL90EXBLIJOIC2XPZGLUZYISIMV4CCI6MTCZNZI3MZG1NSWIAWF0IJOXNZM3MJCWMJU1LCJQDGKIOIIWNMNKNTBMZWE0NTG0YJFJYMQ0MJZIYJVLM2E5MMJHOSISINJLZNJLC2HFZXHWIJOXNZM3MZU2NJU1LCJ1C2VYX2LKIJOXFQ.KFWACYKZ1UADA5TOFXDC27JTPEHUEKW1HWS4AIDCZAW','2025-01-19 07:04:15.726842','2025-01-19 08:04:15.000000',1,'06CD50FEA4584B1CBD426BB5E3A92BA9'),(573,'EYJHBGCIOIJIUZI1NIISINR5CCI6IKPXVCJ9.EYJ0B2TLBL90EXBLIJOICMVMCMVZACISIMV4CCI6MTCZNZM1NZYWNCWIAWF0IJOXNZM3MJCXMJA0LCJQDGKIOIJHOWZMZGNMODEZZMI0M2RKOTYWZJA3ZJUYN2UWY2VKYYISINVZZXJFAWQIOJF9.M23C442S_OUJU8ZIRADIDVPBP14YPTXRS5RBWPECSRA','2025-01-19 07:20:04.221314','2025-01-20 07:20:04.000000',1,'A9FFDCF813FB43DD960F07F527E0CEDC'),(574,'EYJHBGCIOIJIUZI1NIISINR5CCI6IKPXVCJ9.EYJ0B2TLBL90EXBLIJOIC2XPZGLUZYISIMV4CCI6MTCZNZI3NDGWOSWIAWF0IJOXNZM3MJCXMJA5LCJQDGKIOIJKZDBHOTLMYWM4YMI0OTQ2OTMXNMJMY2RKZTY5MWNIOCISINJLZNJLC2HFZXHWIJOXNZM3MZU3NJA5LCJ1C2VYX2LKIJOXFQ.RTMXKWUDOTOAFS4Y2TI_HBAJXVAETGYLDLF4557BQ6E','2025-01-19 07:20:09.613199','2025-01-19 08:20:09.000000',1,'DD0A99FAC8BB49469316BFCDDE691CB8'),(575,'EYJHBGCIOIJIUZI1NIISINR5CCI6IKPXVCJ9.EYJ0B2TLBL90EXBLIJOICMVMCMVZACISIMV4CCI6MTCZNZM3MZYXMYWIAWF0IJOXNZM3MJG3MJEZLCJQDGKIOIJHZTEYYJM3ZMZKNWU0NMI3YJFIZDNINJA2YJFMOTMZYYISINVZZXJFAWQIOJF9.ABD5FBNBD7HHRWZX707ORGW2EEAFJZD07VDL8Z54MXO','2025-01-19 11:46:53.469708','2025-01-20 11:46:53.000000',1,'AE12B37FFD5E46B7B1BD3B606B1F933C'),(576,'EYJHBGCIOIJIUZI1NIISINR5CCI6IKPXVCJ9.EYJ0B2TLBL90EXBLIJOIC2XPZGLUZYISIMV4CCI6MTCZNZI5MDGYMCWIAWF0IJOXNZM3MJG3MJIWLCJQDGKIOIJKMGE2YJG0YWUYNGU0MTA1OTQ5MTGXYJHMYZLLMGM1OCISINJLZNJLC2HFZXHWIJOXNZM3MZCZNJIWLCJ1C2VYX2LKIJOXFQ.DSLAKPDP3TLYKLAMSE4TSEM2Z49DNZIJNV7JFCYXZI8','2025-01-19 11:47:00.720935','2025-01-19 12:47:00.000000',1,'D0A6B84AE24E4105949181B8FC9E0C58'),(577,'EYJHBGCIOIJIUZI1NIISINR5CCI6IKPXVCJ9.EYJ0B2TLBL90EXBLIJOICMVMCMVZACISIMV4CCI6MTCZNZQZNDA0MCWIAWF0IJOXNZM3MZQ3NJQWLCJQDGKIOIJKNDQZNWJKZDEWN2M0OGIYYTQ4MMEYMZC1ZTJHNGZJNSISINVZZXJFAWQIOJF9.KMTYTCUIOJ6SFJCSOU6RMQ9W7XPBXKOO9AVLSIXRSQA','2025-01-20 04:34:00.748790','2025-01-21 04:34:00.000000',1,'D4435BDD107C48B2A482A2375E2A4FC5'),(578,'EYJHBGCIOIJIUZI1NIISINR5CCI6IKPXVCJ9.EYJ0B2TLBL90EXBLIJOIC2XPZGLUZYISIMV4CCI6MTCZNZM1MTI0NCWIAWF0IJOXNZM3MZQ3NJQ0LCJQDGKIOIIYY2Y5N2VHMDA4NJC0MZLIYJU0MJZMZJLLMZQ1ZJHJNCISINJLZNJLC2HFZXHWIJOXNZM3NDM0MDQ0LCJ1C2VYX2LKIJOXFQ.XXSXPHIZOJD-AWXCE6XA1KHLU68I7QK2ZJ3DY8ERUEC','2025-01-20 04:34:04.206532','2025-01-20 05:34:04.000000',1,'2CF97EA00867439BB5426FF9E345F8C4'),(579,'EYJHBGCIOIJIUZI1NIISINR5CCI6IKPXVCJ9.EYJ0B2TLBL90EXBLIJOICMVMCMVZACISIMV4CCI6MTCZNZQ0ODE1NIWIAWF0IJOXNZM3MZYXNZU2LCJQDGKIOIJHYTK0MDNMNZI5MJQ0NMEXYMI1MZHKOTM5ZTC3MDE1NSISINVZZXJFAWQIOJF9.U9QOKKYKDI6RZ9MM2XKID3GAN3-CXQ-7_Q51JFVZDTG','2025-01-20 08:29:16.431730','2025-01-21 08:29:16.000000',1,'AA9403F7292446A1BB538D939E770155'),(580,'EYJHBGCIOIJIUZI1NIISINR5CCI6IKPXVCJ9.EYJ0B2TLBL90EXBLIJOIC2XPZGLUZYISIMV4CCI6MTCZNZM2NTM2MCWIAWF0IJOXNZM3MZYXNZYWLCJQDGKIOIJMMTM4MDC0MTK3MZQ0NDI1OTQ4NTA4MZEZNZJMMJBINYISINJLZNJLC2HFZXHWIJOXNZM3NDQ4MTYWLCJ1C2VYX2LKIJOXFQ.EZV3MLYKENWRQ-IMQXPPLG5SGO2MY5REWUGDOJW9S0Y','2025-01-20 08:29:20.727365','2025-01-20 09:29:20.000000',1,'F13807419734442594850831372F20B7'),(581,'EYJHBGCIOIJIUZI1NIISINR5CCI6IKPXVCJ9.EYJ0B2TLBL90EXBLIJOICMVMCMVZACISIMV4CCI6MTCZNZQ0OTEWNSWIAWF0IJOXNZM3MZYYNZA1LCJQDGKIOII4OWY1NGRJZGZIZGM0ZJI3YWQ0ODYZYTLMODNMMZE4OSISINVZZXJFAWQIOJF9.-TEOFOQ1ZP_WSGNABRNULSMFQ28_UTCISUHKRJFHYQ4','2025-01-20 08:45:05.721521','2025-01-21 08:45:05.000000',1,'89F54DCDFBDC4F27AD4863A9F83F3189'),(582,'EYJHBGCIOIJIUZI1NIISINR5CCI6IKPXVCJ9.EYJ0B2TLBL90EXBLIJOICMVMCMVZACISIMV4CCI6MTCZNZQ0OTY2MYWIAWF0IJOXNZM3MZYZMJYZLCJQDGKIOIJINJLHOGE0YZA2YMU0MZM5YTK1Y2I4NZU0NZKWOWMYNIISINVZZXJFAWQIOJF9.JD7H0RPJK7KQKW3CFZDRVBIJ150EIDSNRFEX503CUJM','2025-01-20 08:54:23.713459','2025-01-21 08:54:23.000000',1,'B69A8A4C06BE4339A95CB87547909C26'),(583,'EYJHBGCIOIJIUZI1NIISINR5CCI6IKPXVCJ9.EYJ0B2TLBL90EXBLIJOIC2XPZGLUZYISIMV4CCI6MTCZNZM2NJG2NIWIAWF0IJOXNZM3MZYZMJY2LCJQDGKIOII0NDE2OTJINMYZNTY0YWYWYJQ2MDNMNMY0NMNKZMVIMCISINJLZNJLC2HFZXHWIJOXNZM3NDQ5NJY2LCJ1C2VYX2LKIJOXFQ.ZONG9ERPJONINVILZHAPHFZ8MMCMZGMEU8XNEYYVUNW','2025-01-20 08:54:26.505586','2025-01-20 09:54:26.000000',1,'441692B6F3564AF0B4603F6F46CDFEB0'),(584,'EYJHBGCIOIJIUZI1NIISINR5CCI6IKPXVCJ9.EYJ0B2TLBL90EXBLIJOICMVMCMVZACISIMV4CCI6MTCZNZQ0OTC2NCWIAWF0IJOXNZM3MZYZMZY0LCJQDGKIOII1MGIYNJAZNWVLYJA0ZJE5YTFINDFLYWQWYMNJZMQXMIISINVZZXJFAWQIOJF9.1PQ8C97TR9XDDN3FMWCTWC7SBCGEQN1HDNW-R7UUC7M','2025-01-20 08:56:04.049877','2025-01-21 08:56:04.000000',1,'50B26035EEB04F19A1B41EAD0BCCFD12'),(585,'EYJHBGCIOIJIUZI1NIISINR5CCI6IKPXVCJ9.EYJ0B2TLBL90EXBLIJOICMVMCMVZACISIMV4CCI6MTCZNZQ0OTC3MCWIAWF0IJOXNZM3MZYZMZCWLCJQDGKIOIJJZWE1ZDKYNJI5YZQ0MWVKYME4NMEXMJZKZTZJNTVJNIISINVZZXJFAWQIOJF9.LVDXQWZCY_HOCMWQP8EVLGNAMDAQIQFIDP-ETBANUQM','2025-01-20 08:56:10.258280','2025-01-21 08:56:10.000000',1,'CEA5D92629C441EDBA86A126DE6C55C6'),(586,'EYJHBGCIOIJIUZI1NIISINR5CCI6IKPXVCJ9.EYJ0B2TLBL90EXBLIJOIC2XPZGLUZYISIMV4CCI6MTCZNZM2NJK3NSWIAWF0IJOXNZM3MZYZMZC1LCJQDGKIOII1NZJLMZJMZTI4MJY0NZCXOTUXNZA0MJG1ZMUWNTC4OSISINJLZNJLC2HFZXHWIJOXNZM3NDQ5NZC1LCJ1C2VYX2LKIJOXFQ.Z1IVTIITBOG9WQYS-SE_BZKFYUMACWMINIVMES0MAUU','2025-01-20 08:56:15.448380','2025-01-20 09:56:15.000000',1,'572E32FE28264771951704285FE05789'),(587,'EYJHBGCIOIJIUZI1NIISINR5CCI6IKPXVCJ9.EYJ0B2TLBL90EXBLIJOICMVMCMVZACISIMV4CCI6MTCZNZQ1MJC2NYWIAWF0IJOXNZM3MZY2MZY3LCJQDGKIOII4ODZKMZDIZTFIM2Y0MZBHYTZKNWRHZJVJNDRMNJEZMIISINVZZXJFAWQIOJF9.IBLLBRFBRPI7LDWQXIEPWQGZEKMJ5L4H0LES5Q1IVMG','2025-01-20 09:46:07.223712','2025-01-21 09:46:07.000000',1,'886D37BE1B3F430AA6D5DAF5C44F6132'),(588,'EYJHBGCIOIJIUZI1NIISINR5CCI6IKPXVCJ9.EYJ0B2TLBL90EXBLIJOIC2XPZGLUZYISIMV4CCI6MTCZNZM2OTK3MSWIAWF0IJOXNZM3MZY2MZCXLCJQDGKIOII1MWRMYWVJZWRHMTG0YJRIOTGZNWE2NJUYYTC1ODUZOCISINJLZNJLC2HFZXHWIJOXNZM3NDUYNZCXLCJ1C2VYX2LKIJOXFQ.SXWIDYAQ6PSLCX68TLICGCCLUG0COWEAUNZAVLHYRW4','2025-01-20 09:46:11.517187','2025-01-20 10:46:11.000000',1,'51DFAECEDA184B4B9835A6652A758538'),(589,'EYJHBGCIOIJIUZI1NIISINR5CCI6IKPXVCJ9.EYJ0B2TLBL90EXBLIJOICMVMCMVZACISIMV4CCI6MTCZNZQ1MJC3NYWIAWF0IJOXNZM3MZY2MZC3LCJQDGKIOIJKNJLJOTZJMZFINTM0NWU3YJNLNWZLMWZKODGZOGE4NSISINVZZXJFAWQIOJF9.TTEJ6NGAV4VBVQITBPZTPMS84J2LOYYYFMM9EMB1SPC','2025-01-20 09:46:17.390310','2025-01-21 09:46:17.000000',1,'D69C96C31B5345E7B3E5FE1FD8838A85'),(590,'EYJHBGCIOIJIUZI1NIISINR5CCI6IKPXVCJ9.EYJ0B2TLBL90EXBLIJOIC2XPZGLUZYISIMV4CCI6MTCZNZM2OTK4MIWIAWF0IJOXNZM3MZY2MZGYLCJQDGKIOII2NTY5ZDJLMDFKMJG0YZHHYTYYNGUXNZLMOWYXNGQ0YIISINJLZNJLC2HFZXHWIJOXNZM3NDUYNZGYLCJ1C2VYX2LKIJOXFQ.ELDPRPT_XTE0ALFAX6W2XCRE3FPMUUQYAGMIOTBISOQ','2025-01-20 09:46:22.829640','2025-01-20 10:46:22.000000',1,'6569D2E01D284C8AA624E179F9F14D4B'),(591,'EYJHBGCIOIJIUZI1NIISINR5CCI6IKPXVCJ9.EYJ0B2TLBL90EXBLIJOIC2XPZGLUZYISIMV4CCI6MTCZNZM3MDMWMYWIAWF0IJOXNZM3MZY2NZAZLCJQDGKIOIJKOTE2YJA4N2EZNDC0NDMYYJUYNJVJZJBMNMQ4N2E5NSISINJLZNJLC2HFZXHWIJOXNZM3NDUZMTAZLCJ1C2VYX2LKIJOXFQ.RC39AQIO8NRA_27WJK0BCK3KAP7SAD_O5CDV-Y9TV0G','2025-01-20 09:51:43.997773','2025-01-20 10:51:43.000000',1,'D916B087A3474432B5265CF0F6D87A95'),(592,'EYJHBGCIOIJIUZI1NIISINR5CCI6IKPXVCJ9.EYJ0B2TLBL90EXBLIJOICMVMCMVZACISIMV4CCI6MTCZNZQ1NZAXMYWIAWF0IJOXNZM3MZCWNJEZLCJQDGKIOIIWMTIZMJVKZJYYMZI0ZJK1YTNIYZAXNTC5MDI4MDM0NIISINVZZXJFAWQIOJF9.03-6_8MEFALPG8XWNESGFQ6RSWBTDFR1EJ8YZ7BCXQM','2025-01-20 10:56:53.895651','2025-01-21 10:56:53.000000',1,'012325DF62324F95A3BC015790280346'),(593,'EYJHBGCIOIJIUZI1NIISINR5CCI6IKPXVCJ9.EYJ0B2TLBL90EXBLIJOIC2XPZGLUZYISIMV4CCI6MTCZNZM3NDIXNIWIAWF0IJOXNZM3MZCWNJE2LCJQDGKIOII4NZVIOGY2MZI0N2Q0MMU2OTLKYTEWNWZINJQ5MJU0MSISINJLZNJLC2HFZXHWIJOXNZM3NDU3MDE2LCJ1C2VYX2LKIJOXFQ.IL6U2V5-DKO5QRMOEM-AHAB5QGIE0JBANS4LFQXWWPA','2025-01-20 10:56:56.370605','2025-01-20 11:56:56.000000',1,'875B8F63247D42E699DA105FB6492541'),(594,'EYJHBGCIOIJIUZI1NIISINR5CCI6IKPXVCJ9.EYJ0B2TLBL90EXBLIJOICMVMCMVZACISIMV4CCI6MTCZNZYWNJCZOCWIAWF0IJOXNZM3NTIWMZM4LCJQDGKIOII3YMNHOTI2MTE5N2M0YJCYYMQ5MWI3ZDNIMMMZODQWZSISINVZZXJFAWQIOJF9.DRVJ8RB-IM9DOHANFQGCJL0EBX4SJDYD6KPKGKTQNBQ','2025-01-22 04:32:18.410177','2025-01-23 04:32:18.000000',1,'7BCA9261197C4B72BD91B7D3B2C3840E'),(595,'EYJHBGCIOIJIUZI1NIISINR5CCI6IKPXVCJ9.EYJ0B2TLBL90EXBLIJOIC2XPZGLUZYISIMV4CCI6MTCZNZUYMZK0MSWIAWF0IJOXNZM3NTIWMZQXLCJQDGKIOII4NZCZOWFJOWQZZDU0MTFJYTK2MZE2MJG2OTC4NME1ZSISINJLZNJLC2HFZXHWIJOXNZM3NJA2NZQXLCJ1C2VYX2LKIJOXFQ.E_MCJCQRYM9QNRDU2HMQKXU1NUOB-PMVSIS-NY43LQ0','2025-01-22 04:32:21.086294','2025-01-22 05:32:21.000000',1,'87739AC9D3D5411CA963162869786A5E'),(596,'EYJHBGCIOIJIUZI1NIISINR5CCI6IKPXVCJ9.EYJ0B2TLBL90EXBLIJOICMVMCMVZACISIMV4CCI6MTCZNZYXNDA4NYWIAWF0IJOXNZM3NTI3NJG3LCJQDGKIOIIZMZVLNDBHYMU3ODI0YTFJOWU0OTEXODIZNJAWZJAZMSISINVZZXJFAWQIOJF9.LQ9H8BUV0QXPT88W4TOSJ_FXCOL1AZLBPBJ71XAGXGC','2025-01-22 06:34:47.191979','2025-01-23 06:34:47.000000',1,'335E40ABE7824A1C9E4911823600F031'),(597,'EYJHBGCIOIJIUZI1NIISINR5CCI6IKPXVCJ9.EYJ0B2TLBL90EXBLIJOIC2XPZGLUZYISIMV4CCI6MTCZNZUZMTI4OSWIAWF0IJOXNZM3NTI3NJG5LCJQDGKIOIJHZWE5MDI5YTU2YZK0YZDKYTK5MDEXMJZKODI5MZZHZIISINJLZNJLC2HFZXHWIJOXNZM3NJE0MDG5LCJ1C2VYX2LKIJOXFQ.PU09XBHPIGN15EM_63JGNQCT8EVG--JIMNZI8XYJIFM','2025-01-22 06:34:49.770819','2025-01-22 07:34:49.000000',1,'AEA9029A56C94C7DA9901126D82936AF'),(598,'EYJHBGCIOIJIUZI1NIISINR5CCI6IKPXVCJ9.EYJ0B2TLBL90EXBLIJOICMVMCMVZACISIMV4CCI6MTCZNZYXNDKZNCWIAWF0IJOXNZM3NTI4NTM0LCJQDGKIOII4NZLMYWQ1NDA2ZWI0ZWQXYMYYMDQ1NTFKZWU3ZJAXZIISINVZZXJFAWQIOJF9.AFUU-K0ZY2WRSJLZ7MGMDBQ_ZGR6MSDNGDYYQQU8S0U','2025-01-22 06:48:54.060292','2025-01-23 06:48:54.000000',1,'879FAD5406EB4ED1BF204551DEE7F01F'),(599,'EYJHBGCIOIJIUZI1NIISINR5CCI6IKPXVCJ9.EYJ0B2TLBL90EXBLIJOIC2XPZGLUZYISIMV4CCI6MTCZNZUZMJEZNIWIAWF0IJOXNZM3NTI4NTM2LCJQDGKIOII2ZWY1YTBMYZY4M2M0ZDC0OTNHOGRMYTM5MMQ3ZGE2NIISINJLZNJLC2HFZXHWIJOXNZM3NJE0OTM2LCJ1C2VYX2LKIJOXFQ.EJGN-EF2I2SR5ZNNSTXF_PYAJ5OZRISW-EYIA7IJXIQ','2025-01-22 06:48:56.506843','2025-01-22 07:48:56.000000',1,'6EF5A0FC683C4D7493A8DFA392D7DA66'),(600,'EYJHBGCIOIJIUZI1NIISINR5CCI6IKPXVCJ9.EYJ0B2TLBL90EXBLIJOICMVMCMVZACISIMV4CCI6MTCZNZYXOTGWOSWIAWF0IJOXNZM3NTMZNDA5LCJQDGKIOII4OWUYMJLJMZIWYTC0MTJLOTLIZTJIMTA4MGE0NZM4YYISINVZZXJFAWQIOJF9.KHBZ3CTR-SAEWSEWILGA-FXKB6PHPGEZEILXUHAITO4','2025-01-22 08:10:09.869131','2025-01-23 08:10:09.000000',1,'89E229C320A7412E99BE2B1080A4738C'),(601,'EYJHBGCIOIJIUZI1NIISINR5CCI6IKPXVCJ9.EYJ0B2TLBL90EXBLIJOIC2XPZGLUZYISIMV4CCI6MTCZNZUZNZAYMYWIAWF0IJOXNZM3NTMZNDIZLCJQDGKIOII4Y2NMZGNHMTCXNGQ0NTU5YMI1YZLLNZYWNTY5NZKWZSISINJLZNJLC2HFZXHWIJOXNZM3NJE5ODIZLCJ1C2VYX2LKIJOXFQ.OUOCGQTQ5FFDKOWSRUJAOBNK-9MBPOER-SB6GZENKY4','2025-01-22 08:10:23.011521','2025-01-22 09:10:23.000000',1,'8CCFDCA1714D4559BB5C9E760569790E'),(602,'EYJHBGCIOIJIUZI1NIISINR5CCI6IKPXVCJ9.EYJ0B2TLBL90EXBLIJOICMVMCMVZACISIMV4CCI6MTCZNZYYMTM1MCWIAWF0IJOXNZM3NTM0OTUWLCJQDGKIOII0NZG4OTU3YZAZOTA0YMQ3YMU1MDE1YJHIOTHKMWQ4MCISINVZZXJFAWQIOJF9.GEL8HCZ3P_MI6EMRWSEYKSGAZ6PV_LF27MKCAHBZOZG','2025-01-22 08:35:50.783855','2025-01-23 08:35:50.000000',1,'4788957C03904BD7BE5015B8B98D1D80'),(603,'EYJHBGCIOIJIUZI1NIISINR5CCI6IKPXVCJ9.EYJ0B2TLBL90EXBLIJOICMVMCMVZACISIMV4CCI6MTCZNZYYMTM1MSWIAWF0IJOXNZM3NTM0OTUXLCJQDGKIOII4MTC3YWQWMTUWNJY0NTFIOTM5NMQXMDG1ZGQWYTLLMIISINVZZXJFAWQIOJF9.FN4UX60H8HP5B6HOS_79YEFN9R3XHFV-NYPJADWFOCI','2025-01-22 08:35:51.342582','2025-01-23 08:35:51.000000',1,'8177AD015066451B9396D1085DD0A9E2'),(604,'EYJHBGCIOIJIUZI1NIISINR5CCI6IKPXVCJ9.EYJ0B2TLBL90EXBLIJOIC2XPZGLUZYISIMV4CCI6MTCZNZUZODU1MYWIAWF0IJOXNZM3NTM0OTUZLCJQDGKIOII1ZDKZNTI4OGIXNWE0NZDIYJBJYWI1M2U3NTLJOTU4MYISINJLZNJLC2HFZXHWIJOXNZM3NJIXMZUZLCJ1C2VYX2LKIJOXFQ.HJMFVPOIRK3DIS4U5JC5PEF8SZZJLZ9RBR-SRJP3_IA','2025-01-22 08:35:53.948183','2025-01-22 09:35:53.000000',1,'5D935288B15A477BB0CAB53E759C9583'),(605,'EYJHBGCIOIJIUZI1NIISINR5CCI6IKPXVCJ9.EYJ0B2TLBL90EXBLIJOIC2XPZGLUZYISIMV4CCI6MTCZNZUZODU1NSWIAWF0IJOXNZM3NTM0OTU1LCJQDGKIOII4YZA1NZRIYWQYOWI0MMVLOGYXZWEYODA5MMFJMZEXNYISINJLZNJLC2HFZXHWIJOXNZM3NJIXMZU1LCJ1C2VYX2LKIJOXFQ.0OKZBF8PDVXJ5RD-GMQBXYPUQDHGSTBFH36UTGVRHAW','2025-01-22 08:35:55.759929','2025-01-22 09:35:55.000000',1,'8C0574BAD29B42EE8F1EA28092AC3117'),(606,'EYJHBGCIOIJIUZI1NIISINR5CCI6IKPXVCJ9.EYJ0B2TLBL90EXBLIJOICMVMCMVZACISIMV4CCI6MTCZNZYYMZU4OSWIAWF0IJOXNZM3NTM3MTG5LCJQDGKIOIJHNMYWNME3MJM5MDY0ZJCXYTUZYWJHMMQXNZEZM2I5MSISINVZZXJFAWQIOJF9.WRTUPB9XIP5IQXMDMUJ4WL9IPAQD5P6KKQIH-CI21KO','2025-01-22 09:13:09.644438','2025-01-23 09:13:09.000000',1,'A6F06A7239064F71A53ABA2D17133B91'),(607,'EYJHBGCIOIJIUZI1NIISINR5CCI6IKPXVCJ9.EYJ0B2TLBL90EXBLIJOIC2XPZGLUZYISIMV4CCI6MTCZNZU0MDC5MSWIAWF0IJOXNZM3NTM3MTKXLCJQDGKIOII5MJAYMJKWNTM2NDK0ZJZHYJI1NMY3YMVKNGYWNZE0YSISINJLZNJLC2HFZXHWIJOXNZM3NJIZNTKXLCJ1C2VYX2LKIJOXFQ.PBOHBPG9DLTWPNZG1TZ365JJBIAAFK15SXZ8SDXBE1E','2025-01-22 09:13:11.439382','2025-01-22 10:13:11.000000',1,'9202290536494F6AB256F7BED4F0714A'),(608,'EYJHBGCIOIJIUZI1NIISINR5CCI6IKPXVCJ9.EYJ0B2TLBL90EXBLIJOICMVMCMVZACISIMV4CCI6MTCZNZYYODKYNCWIAWF0IJOXNZM3NTQYNTI0LCJQDGKIOII0MJHLMTA5NTA4YJE0M2Q2YJGXYMIYNWI3YJC5NTRHOSISINVZZXJFAWQIOJF9.-L8I7HJMY767EJVQHHMEGFDCHKXXKEK6AJT89THW2-4','2025-01-22 10:42:04.802024','2025-01-23 10:42:04.000000',1,'428E109508B143D6B81BB25B7B7954A9'),(609,'EYJHBGCIOIJIUZI1NIISINR5CCI6IKPXVCJ9.EYJ0B2TLBL90EXBLIJOIC2XPZGLUZYISIMV4CCI6MTCZNZU0NJEYOSWIAWF0IJOXNZM3NTQYNTI5LCJQDGKIOII5ODBJYTZHNTK1ZJG0MWVHODM3MMU1MTBJNTU2ZDRLZCISINJLZNJLC2HFZXHWIJOXNZM3NJI4OTI5LCJ1C2VYX2LKIJOXFQ.3CFP4AQSAMB94EN5AHAEDTCF4G40MSJFCCNRU3V1G2E','2025-01-22 10:42:09.988612','2025-01-22 11:42:09.000000',1,'980CA6A595F841EA8372E510C556D4ED'),(610,'EYJHBGCIOIJIUZI1NIISINR5CCI6IKPXVCJ9.EYJ0B2TLBL90EXBLIJOICMVMCMVZACISIMV4CCI6MTCZNZYZMTQYOSWIAWF0IJOXNZM3NTQ1MDI5LCJQDGKIOIIZZJRHNJNIYWE5OGM0MZFLYTDMMJBLNDK4ZTC5MTQ2ZSISINVZZXJFAWQIOJF9.MIOZMMHJSFB--ZXE0OOMB2WSSVXYIMWSCJVA4L3AIX8','2025-01-22 11:23:49.953236','2025-01-23 11:23:49.000000',1,'3F4A63BAA98C431EA7F20E498E79146E'),(611,'EYJHBGCIOIJIUZI1NIISINR5CCI6IKPXVCJ9.EYJ0B2TLBL90EXBLIJOIC2XPZGLUZYISIMV4CCI6MTCZNZU0ODYZMYWIAWF0IJOXNZM3NTQ1MDMZLCJQDGKIOIIYZDFJMME2N2IWODQ0OTGWYMVLNDNINZA3Y2E4YMQ4ZCISINJLZNJLC2HFZXHWIJOXNZM3NJMXNDMZLCJ1C2VYX2LKIJOXFQ.FZ-SQBEUI8LVNBVWJNQ9R9PDGLGZ_JFZVN2GBYL0QK4','2025-01-22 11:23:53.643332','2025-01-22 12:23:53.000000',1,'2D1C2A67B0844980BEE43B707CA8BD8D'),(612,'EYJHBGCIOIJIUZI1NIISINR5CCI6IKPXVCJ9.EYJ0B2TLBL90EXBLIJOICMVMCMVZACISIMV4CCI6MTCZNZYZNZU1NIWIAWF0IJOXNZM3NTUXMTU2LCJQDGKIOIJJNZG2MGZIMDQ2MDG0MZM1ODEZNDUYM2U3ZDLKMWNIMYISINVZZXJFAWQIOJF9.GRAM3CMMQ5GN3YEKW7DCSSGFSKHAJ3ELGTPNGBN80FC','2025-01-22 13:05:56.603792','2025-01-23 13:05:56.000000',1,'C7860FB0460843358134523E7D9D1CB3'),(613,'EYJHBGCIOIJIUZI1NIISINR5CCI6IKPXVCJ9.EYJ0B2TLBL90EXBLIJOIC2XPZGLUZYISIMV4CCI6MTCZNZU1NDC2MYWIAWF0IJOXNZM3NTUXMTYZLCJQDGKIOIJJMTLMMGM2M2U4Y2I0MDRHYTDLMWQ1OTVHZGUXYMMWYIISINJLZNJLC2HFZXHWIJOXNZM3NJM3NTYZLCJ1C2VYX2LKIJOXFQ.JQHA5NKTCYOFRBTDTDJ4MKTKU7K56I64WSVDKU0YKD4','2025-01-22 13:06:03.275483','2025-01-22 14:06:03.000000',1,'C19F0C63E8CB404AA7E1D595ADE1BC0B'),(614,'EYJHBGCIOIJIUZI1NIISINR5CCI6IKPXVCJ9.EYJ0B2TLBL90EXBLIJOICMVMCMVZACISIMV4CCI6MTCZNZY0MJI0MYWIAWF0IJOXNZM3NTU1ODQZLCJQDGKIOIIWYTRLY2I5YMRHOTA0YMVMOWZMYTA2YMQ0NTDJYTQ4MCISINVZZXJFAWQIOJF9.WYJ-DDXCB4LVBQETTT3XZ_D_MZ9QX1TCBIRT20KN8J4','2025-01-22 14:24:03.911800','2025-01-23 14:24:03.000000',1,'0A4ECB9BDA904BEF9FFA06BD457CA480'),(615,'EYJHBGCIOIJIUZI1NIISINR5CCI6IKPXVCJ9.EYJ0B2TLBL90EXBLIJOIC2XPZGLUZYISIMV4CCI6MTCZNZU1OTQ0NYWIAWF0IJOXNZM3NTU1ODQ3LCJQDGKIOII0MDIXOTE5YZQYZJE0MJGYODNLZTHJNTVLMTAWNTRKNIISINJLZNJLC2HFZXHWIJOXNZM3NJQYMJQ3LCJ1C2VYX2LKIJOXFQ.YCTSLO4A48WJBWBDTMACCEHYM6SYGJ3EY5XGTFGDEA8','2025-01-22 14:24:07.552882','2025-01-22 15:24:07.000000',1,'4021919C42F1428283EE8C55E10054D6'),(616,'EYJHBGCIOIJIUZI1NIISINR5CCI6IKPXVCJ9.EYJ0B2TLBL90EXBLIJOICMVMCMVZACISIMV4CCI6MTCZNZY5MTG3MIWIAWF0IJOXNZM3NJA1NDCYLCJQDGKIOIIWNJEYOTVMNJK1ZGU0MJC2YJCWNDU5YWZIMZDLM2YXNYISINVZZXJFAWQIOJF9.B0QI5I6VK_5RQQQWTWO5DPQE_1MK7NFTCPHE6RVXLCS','2025-01-23 04:11:12.469003','2025-01-24 04:11:12.000000',1,'061295F695DE4276B70459AFB37E3F17'),(617,'EYJHBGCIOIJIUZI1NIISINR5CCI6IKPXVCJ9.EYJ0B2TLBL90EXBLIJOIC2XPZGLUZYISIMV4CCI6MTCZNZYWOTA3NCWIAWF0IJOXNZM3NJA1NDC0LCJQDGKIOIJINZLLYMEZOWUZY2Y0ZDY5ODHMNZBKYZVMMJC4MZJHYSISINJLZNJLC2HFZXHWIJOXNZM3NJKXODC0LCJ1C2VYX2LKIJOXFQ.YTV4AZGUTUVO87KREZGULJEAAG4SLGWGMO8FDNXZMLC','2025-01-23 04:11:14.681393','2025-01-23 05:11:14.000000',1,'B79EBA39E3CF4D6988F70DC5F27832AA'),(618,'EYJHBGCIOIJIUZI1NIISINR5CCI6IKPXVCJ9.EYJ0B2TLBL90EXBLIJOICMVMCMVZACISIMV4CCI6MTCZNZY5MJAZOCWIAWF0IJOXNZM3NJA1NJM4LCJQDGKIOIIZZGRIOTE5YJCZNZG0OWY0OTAZMZMWNZMZYZU2ZDC1OSISINVZZXJFAWQIOJF9.18XVLXPSTA04VD4ESIGDJ-FNS_WDYFFHEQAP3ZJF5HK','2025-01-23 04:13:58.934192','2025-01-24 04:13:58.000000',1,'3DDB919B737849F4903330733C56D759'),(619,'EYJHBGCIOIJIUZI1NIISINR5CCI6IKPXVCJ9.EYJ0B2TLBL90EXBLIJOIC2XPZGLUZYISIMV4CCI6MTCZNZYWOTI0MSWIAWF0IJOXNZM3NJA1NJQXLCJQDGKIOIIYMZJMYZE3NMNMMJY0MZZKODDMNDC0YZU1NTYXMGFMYIISINJLZNJLC2HFZXHWIJOXNZM3NJKYMDQXLCJ1C2VYX2LKIJOXFQ.EW8P87KQDF0FLTPXBCJJ9EB_LKFVJW2EBVVHEENE2HS','2025-01-23 04:14:01.577555','2025-01-23 05:14:01.000000',1,'232FC176CF26436D87F474C555610AFB'),(620,'EYJHBGCIOIJIUZI1NIISINR5CCI6IKPXVCJ9.EYJ0B2TLBL90EXBLIJOICMVMCMVZACISIMV4CCI6MTCZNZY5MZU4OCWIAWF0IJOXNZM3NJA3MTG4LCJQDGKIOIIYOTZHNTE0NTI5ZTI0ZDNIYTEXY2FLYTVMNTY1NGU0ZSISINVZZXJFAWQIOJF9.X3VTTCANMDORG9_CPHOM70LNIMC1N4TLUFNWNO6CLWI','2025-01-23 04:39:48.087982','2025-01-24 04:39:48.000000',1,'296A514529E24D3BA11CAEA5F5654E4E'),(621,'EYJHBGCIOIJIUZI1NIISINR5CCI6IKPXVCJ9.EYJ0B2TLBL90EXBLIJOIC2XPZGLUZYISIMV4CCI6MTCZNZYXMDC5NYWIAWF0IJOXNZM3NJA3MTK3LCJQDGKIOII0MDQ4MDJMM2IXMZA0MMJKOGI2MWI3NJM1NWEXODEZNSISINJLZNJLC2HFZXHWIJOXNZM3NJKZNTK3LCJ1C2VYX2LKIJOXFQ.Q6DYQPVJDVGBQZEDHTKT2AX8XU-EF_-MN2ILOVJ3NBG','2025-01-23 04:39:57.166570','2025-01-23 05:39:57.000000',1,'404802F3B13042BD8B61B76355A18135'),(622,'EYJHBGCIOIJIUZI1NIISINR5CCI6IKPXVCJ9.EYJ0B2TLBL90EXBLIJOICMVMCMVZACISIMV4CCI6MTCZNZY5NDU1OCWIAWF0IJOXNZM3NJA4MTU4LCJQDGKIOIJJZWJIYWU4ODNIY2U0Y2NJYJRHNJMWOTY1NDE5OTJJMIISINVZZXJFAWQIOJF9.NCBDQT0SWCOZK0NUM-9DATM1SJYJCUXZCVLLA5DLQIY','2025-01-23 04:55:58.051969','2025-01-24 04:55:58.000000',1,'CEBBAE883BCE4CCCB4A63096541992C2'),(623,'EYJHBGCIOIJIUZI1NIISINR5CCI6IKPXVCJ9.EYJ0B2TLBL90EXBLIJOIC2XPZGLUZYISIMV4CCI6MTCZNZYXMTC2MCWIAWF0IJOXNZM3NJA4MTYWLCJQDGKIOII0ZTU4OTG5OWY1ZDG0ZJM5OWU5OTK0ZDFKNTMXNJA4MIISINJLZNJLC2HFZXHWIJOXNZM3NJK0NTYWLCJ1C2VYX2LKIJOXFQ.HSAPPZJ1N66CP6UGOVYRWW5ZW0JZR_2IAQYCHL3BKM8','2025-01-23 04:56:00.268058','2025-01-23 05:56:00.000000',1,'4E589899F5D84F399E9994D1D5316082'),(624,'EYJHBGCIOIJIUZI1NIISINR5CCI6IKPXVCJ9.EYJ0B2TLBL90EXBLIJOICMVMCMVZACISIMV4CCI6MTCZNZY5NDK5NIWIAWF0IJOXNZM3NJA4NTK2LCJQDGKIOII3YZQZZJDKZWIXYJG0NWVJYJYYM2Y2ZJQ4MDBJMZY1MYISINVZZXJFAWQIOJF9.ELXVPKF5SK9RCRA7Q4UK-PXQJC0HBCHE_URPVMP20Z4','2025-01-23 05:03:16.835226','2025-01-24 05:03:16.000000',1,'7C43F7DEB1B845ECB623F6F4800C3653'),(625,'EYJHBGCIOIJIUZI1NIISINR5CCI6IKPXVCJ9.EYJ0B2TLBL90EXBLIJOIC2XPZGLUZYISIMV4CCI6MTCZNZYXMJIWMCWIAWF0IJOXNZM3NJA4NJAWLCJQDGKIOIIYMWNHMGEZMDC3MDU0NDHLODI0MMQZN2UXZDRJMJI5ZCISINJLZNJLC2HFZXHWIJOXNZM3NJK1MDAWLCJ1C2VYX2LKIJOXFQ.PD3QNACRWLVGCBJBKZ-TR1_WICHWXVZNB4RUBBI6K8E','2025-01-23 05:03:20.620085','2025-01-23 06:03:20.000000',1,'21CA0A307705448E8242D37E1D4C229D'),(626,'EYJHBGCIOIJIUZI1NIISINR5CCI6IKPXVCJ9.EYJ0B2TLBL90EXBLIJOICMVMCMVZACISIMV4CCI6MTCZNZY5NTA1OCWIAWF0IJOXNZM3NJA4NJU4LCJQDGKIOII2MMRKNJM2ZJYZNGM0ZMQZOTQYZJRHMTC1ODUXMWQ5YSISINVZZXJFAWQIOJF9.6V7QAHXM1GHXKN2-4FQP7RJBL3L36DRWISLKVCJ9EK8','2025-01-23 05:04:18.475944','2025-01-24 05:04:18.000000',1,'62DD636F634C4FD3942F4A1758511D9A'),(627,'EYJHBGCIOIJIUZI1NIISINR5CCI6IKPXVCJ9.EYJ0B2TLBL90EXBLIJOIC2XPZGLUZYISIMV4CCI6MTCZNZYXMJI2MYWIAWF0IJOXNZM3NJA4NJYZLCJQDGKIOIJIODG2NMNLNJAXOGQ0NZFIOTUZNDQZMDZMMWUXZJU1YYISINJLZNJLC2HFZXHWIJOXNZM3NJK1MDYZLCJ1C2VYX2LKIJOXFQ.R0T6BTK7L4DZDERKIVWPASD9JXJRS9_ETVUFUDJGDAG','2025-01-23 05:04:23.499958','2025-01-23 06:04:23.000000',1,'B8866CE6018D471B95344306F1E1F55C'),(628,'EYJHBGCIOIJIUZI1NIISINR5CCI6IKPXVCJ9.EYJ0B2TLBL90EXBLIJOICMVMCMVZACISIMV4CCI6MTCZNZY5NZQWMCWIAWF0IJOXNZM3NJEXMDAWLCJQDGKIOII5ODFMZGJLMZY4YJK0N2YXYWRLYZHJZGFJZJKXODQ0ZCISINVZZXJFAWQIOJF9.CAKQSAHAVKGWQYWUXZLEIG8YKV1GXPQPTE9E3KBFUN8','2025-01-23 05:43:20.938085','2025-01-24 05:43:20.000000',1,'981FDBE368B947F1ADEC8CDACF91844D'),(629,'EYJHBGCIOIJIUZI1NIISINR5CCI6IKPXVCJ9.EYJ0B2TLBL90EXBLIJOIC2XPZGLUZYISIMV4CCI6MTCZNZYXNDYWMYWIAWF0IJOXNZM3NJEXMDAZLCJQDGKIOIIYMTRKOTG2YZK1YTE0NWZJYJE0YTZKYTNJYWY1ZDDIZIISINJLZNJLC2HFZXHWIJOXNZM3NJK3NDAZLCJ1C2VYX2LKIJOXFQ.GOBU8MKZPOQVP_OPQ5OLN5QAVETXW601XG1WI8UA088','2025-01-23 05:43:23.740430','2025-01-23 06:43:23.000000',1,'214D986C95A145FCB14A6DA3CAF5D7BF'),(630,'EYJHBGCIOIJIUZI1NIISINR5CCI6IKPXVCJ9.EYJ0B2TLBL90EXBLIJOICMVMCMVZACISIMV4CCI6MTCZNZY5ODC4MSWIAWF0IJOXNZM3NJEYMZGXLCJQDGKIOIJJNMNMZTI3YTI0NTY0NZHJOGFHYJJLNJGYMTG4YTI3YYISINVZZXJFAWQIOJF9.ZNY1Y53GX59WC9EHCRQKWHGJJRECPLSS4SPTU0BQ_IQ','2025-01-23 06:06:21.776830','2025-01-24 06:06:21.000000',1,'C6CFE27A2456478C8AAB2E682188A27C'),(631,'EYJHBGCIOIJIUZI1NIISINR5CCI6IKPXVCJ9.EYJ0B2TLBL90EXBLIJOIC2XPZGLUZYISIMV4CCI6MTCZNZYXNTK4NCWIAWF0IJOXNZM3NJEYMZG0LCJQDGKIOIIWOTJMOTI0NGY5ZWI0N2ZMYJU5NWRMMZHJMJAZNWZLMCISINJLZNJLC2HFZXHWIJOXNZM3NJK4NZG0LCJ1C2VYX2LKIJOXFQ.QHJAC9JQWUHTTMZQGJR9TSDBPTQNMCNJRXOFHYMGXCG','2025-01-23 06:06:24.779497','2025-01-23 07:06:24.000000',1,'092F9244F9EB47FFB595DF38C2035FE0'),(632,'EYJHBGCIOIJIUZI1NIISINR5CCI6IKPXVCJ9.EYJ0B2TLBL90EXBLIJOICMVMCMVZACISIMV4CCI6MTCZNZY5OTQZMSWIAWF0IJOXNZM3NJEZMDMXLCJQDGKIOII4ODMXNGYWYJQ0ZMI0ZJHMOTZKNMYXYMYYYZI2Y2JLZIISINVZZXJFAWQIOJF9.DEFGG9H3EXUVVNYVALQRLMEJANJUTYPAZ-FFSC8YHES','2025-01-23 06:17:11.327622','2025-01-24 06:17:11.000000',1,'88314F0B44FB4F8F96D6F1BF2C26CBEF'),(633,'EYJHBGCIOIJIUZI1NIISINR5CCI6IKPXVCJ9.EYJ0B2TLBL90EXBLIJOIC2XPZGLUZYISIMV4CCI6MTCZNZYXNJYZNSWIAWF0IJOXNZM3NJEZMDM1LCJQDGKIOIJLNDAXN2Q1Y2Q1MDY0MDC5OGM5NME3ZWRMM2NJNGZHNSISINJLZNJLC2HFZXHWIJOXNZM3NJK5NDM1LCJ1C2VYX2LKIJOXFQ.COZN1M-BX_WOFIZEQV1QFWLJ0BPOCUMS5NJ1LX3UXK8','2025-01-23 06:17:15.980823','2025-01-23 07:17:15.000000',1,'E4017D5CD50640798C96A7EDF3CC4FA5'),(634,'EYJHBGCIOIJIUZI1NIISINR5CCI6IKPXVCJ9.EYJ0B2TLBL90EXBLIJOICMVMCMVZACISIMV4CCI6MTCZNZY5OTK2NYWIAWF0IJOXNZM3NJEZNTY3LCJQDGKIOIIXZJEYOGQ1YWEZMZC0MDY4ODGYNDRIMDA4MDKXNZG4ZSISINVZZXJFAWQIOJF9.PPUPAKZA1KVFSF7AVWOIOAAEC0HCFRDG3H6G1RQ7N_Q','2025-01-23 06:26:07.831488','2025-01-24 06:26:07.000000',1,'1F128D5AA337406888244B008091788E'),(635,'EYJHBGCIOIJIUZI1NIISINR5CCI6IKPXVCJ9.EYJ0B2TLBL90EXBLIJOIC2XPZGLUZYISIMV4CCI6MTCZNZYXNZE3MCWIAWF0IJOXNZM3NJEZNTCWLCJQDGKIOII0OWE1NMNINJQXNDE0ZDAXYJDLNDNMMWZLNDQZOTK3MSISINJLZNJLC2HFZXHWIJOXNZM3NJK5OTCWLCJ1C2VYX2LKIJOXFQ.UBQDVD0V-LLZJ4I9A-7MVTZ3O-FZNZ0PPJPWUG1LEEA','2025-01-23 06:26:10.852005','2025-01-23 07:26:10.000000',1,'49A56CB641414D01B7E43F1FE4439971'),(636,'EYJHBGCIOIJIUZI1NIISINR5CCI6IKPXVCJ9.EYJ0B2TLBL90EXBLIJOIC2XPZGLUZYISIMV4CCI6MTCZNZYXOTI5MYWIAWF0IJOXNZM3NJE1NJKZLCJQDGKIOIJJOTI4NTDLYZMYYWM0OWIWODI5M2UZYTRJYZU4NWJJMSISINJLZNJLC2HFZXHWIJOXNZM3NZAYMDKZLCJ1C2VYX2LKIJOXFQ.LYJ7HVCCISQDZPKLAGN6HIMRIIAWEJ36RMDSWC2-UWI','2025-01-23 07:01:33.863264','2025-01-23 08:01:33.000000',1,'C92857EC32AC49B08293E3A4CC585BC1'),(637,'EYJHBGCIOIJIUZI1NIISINR5CCI6IKPXVCJ9.EYJ0B2TLBL90EXBLIJOIC2XPZGLUZYISIMV4CCI6MTCZNZYYMDU4NIWIAWF0IJOXNZM3NJE2OTG2LCJQDGKIOIJMMDQ0MZE1OGQ3YMQ0NZE2YJI0NZEYNZKWYJJMZTEYNIISINJLZNJLC2HFZXHWIJOXNZM3NZAZMZG2LCJ1C2VYX2LKIJOXFQ.HBTTWRLMO1A1U62WUVGKIQF8WREZ1LBZRO73FVBBHCC','2025-01-23 07:23:06.254004','2025-01-23 08:23:06.000000',1,'F0443158D7BD4716B24712790B2FE126'),(638,'EYJHBGCIOIJIUZI1NIISINR5CCI6IKPXVCJ9.EYJ0B2TLBL90EXBLIJOIC2XPZGLUZYISIMV4CCI6MTCZNZYYMDU4NIWIAWF0IJOXNZM3NJE2OTG2LCJQDGKIOIJKNDA2NZHKNJJKZME0N2FKOWI3NZHMM2U5YMNMYJC5OSISINJLZNJLC2HFZXHWIJOXNZM3NZAZMZG2LCJ1C2VYX2LKIJOXFQ.KVBLLMHPNBTJ5A4ZIKXRFPKEELJF0K0ZDWEJQEMAHRQ','2025-01-23 07:23:06.304313','2025-01-23 08:23:06.000000',1,'D40678D62DFA47AD9B778F3E9BCFB799'),(639,'EYJHBGCIOIJIUZI1NIISINR5CCI6IKPXVCJ9.EYJ0B2TLBL90EXBLIJOIC2XPZGLUZYISIMV4CCI6MTCZNZYYMDU4NIWIAWF0IJOXNZM3NJE2OTG2LCJQDGKIOIJJNZE3MGIYMZJIMZE0OTJIOWRKZTE4YWYXYTQ4NZBLMCISINJLZNJLC2HFZXHWIJOXNZM3NZAZMZG2LCJ1C2VYX2LKIJOXFQ.OX70FSLLUAHPBIJCEDKK0VXBDM60UCOWGWGN6A85FPU','2025-01-23 07:23:06.322655','2025-01-23 08:23:06.000000',1,'C7170B232B31492B9DDE18AF1A4870E0'),(640,'EYJHBGCIOIJIUZI1NIISINR5CCI6IKPXVCJ9.EYJ0B2TLBL90EXBLIJOIC2XPZGLUZYISIMV4CCI6MTCZNZYYMDU4NIWIAWF0IJOXNZM3NJE2OTG2LCJQDGKIOII4NJA4M2IXNWZKYMU0MWIZOWM2MDM5ODKYMTE1NJHMOCISINJLZNJLC2HFZXHWIJOXNZM3NZAZMZG2LCJ1C2VYX2LKIJOXFQ.EIOPSOMJ-EJJFQB7PDAJVUCKXTPNDUEYCQ1LGGNZP0O','2025-01-23 07:23:06.338521','2025-01-23 08:23:06.000000',1,'86083B15FDBE41B39C603989211568F8'),(641,'EYJHBGCIOIJIUZI1NIISINR5CCI6IKPXVCJ9.EYJ0B2TLBL90EXBLIJOIC2XPZGLUZYISIMV4CCI6MTCZNZYYMDU4NIWIAWF0IJOXNZM3NJE2OTG2LCJQDGKIOIJLNTLJNJA1ODE4NJU0N2Q3OGUYYZNJMDZMZTLIOTMZYIISINJLZNJLC2HFZXHWIJOXNZM3NZAZMZG2LCJ1C2VYX2LKIJOXFQ.YBYZOGJTS356ZWSTU7P3HJ_UQUUILV7UPVUUZ_QFX2S','2025-01-23 07:23:06.354442','2025-01-23 08:23:06.000000',1,'E59C6058186547D78E2C3C06FE9B933B'),(642,'EYJHBGCIOIJIUZI1NIISINR5CCI6IKPXVCJ9.EYJ0B2TLBL90EXBLIJOIC2XPZGLUZYISIMV4CCI6MTCZNZYYMDU4NIWIAWF0IJOXNZM3NJE2OTG2LCJQDGKIOIIYMMNKZJAYMDLIYJC0ZMEZYTY2N2ZLNWEWYMUZNDMWMSISINJLZNJLC2HFZXHWIJOXNZM3NZAZMZG2LCJ1C2VYX2LKIJOXFQ.UGHZ0Y0GGDZZLOPMU5YZGO2T_MWMSR-RLJEKF8OXJ58','2025-01-23 07:23:06.369606','2025-01-23 08:23:06.000000',1,'22CDF0209BB74FA3A667FE5A0BE34301'),(643,'EYJHBGCIOIJIUZI1NIISINR5CCI6IKPXVCJ9.EYJ0B2TLBL90EXBLIJOIC2XPZGLUZYISIMV4CCI6MTCZNZYYMDU4NIWIAWF0IJOXNZM3NJE2OTG2LCJQDGKIOII0NGRKOTLKYWMYM2U0N2QXOTLHNMRHZWQZMZU3YZU3MIISINJLZNJLC2HFZXHWIJOXNZM3NZAZMZG2LCJ1C2VYX2LKIJOXFQ.SK0V7T19BSGKIOGTS9AI-LG5IFCQGT4KA72MST63JRK','2025-01-23 07:23:06.394053','2025-01-23 08:23:06.000000',1,'44DD99DAC23E47D199A6DAED3357C572'),(644,'EYJHBGCIOIJIUZI1NIISINR5CCI6IKPXVCJ9.EYJ0B2TLBL90EXBLIJOIC2XPZGLUZYISIMV4CCI6MTCZNZYYMDU4NIWIAWF0IJOXNZM3NJE2OTG2LCJQDGKIOIJHOTZMMTG3ZWRLMJU0NTK2YJGZNTHKM2MWMZI5MZY0OSISINJLZNJLC2HFZXHWIJOXNZM3NZAZMZG2LCJ1C2VYX2LKIJOXFQ.EIIIUPLN7Q0GGD0KUINIPYS_HMXU23GYABLAUJXV9PQ','2025-01-23 07:23:06.409994','2025-01-23 08:23:06.000000',1,'A96F187EDE254596B8358D3C03293649'),(645,'EYJHBGCIOIJIUZI1NIISINR5CCI6IKPXVCJ9.EYJ0B2TLBL90EXBLIJOIC2XPZGLUZYISIMV4CCI6MTCZNZYYMDU4NIWIAWF0IJOXNZM3NJE2OTG2LCJQDGKIOIJJMTKZODVINGVJNMI0NZM3OWUXY2UZMTK3MMIWMDBKOSISINJLZNJLC2HFZXHWIJOXNZM3NZAZMZG2LCJ1C2VYX2LKIJOXFQ.PEXKAK-OMQL0PQBGHDNOZVHDLEHCH4SDUEVYUI-U-M4','2025-01-23 07:23:06.425126','2025-01-23 08:23:06.000000',1,'C19385B4EC6B47379E1CE31972B000D9'),(646,'EYJHBGCIOIJIUZI1NIISINR5CCI6IKPXVCJ9.EYJ0B2TLBL90EXBLIJOIC2XPZGLUZYISIMV4CCI6MTCZNZYYMDU4NIWIAWF0IJOXNZM3NJE2OTG2LCJQDGKIOIIWMZA4YMIZZGQ0YJM0MJQ3YJLKNZHIOWI1YWQWYMJJZCISINJLZNJLC2HFZXHWIJOXNZM3NZAZMZG2LCJ1C2VYX2LKIJOXFQ.TPMMZJQQDW2N1GGBKBGRSFV8UL9I6WKZW0PTNIOUSHU','2025-01-23 07:23:06.449766','2025-01-23 08:23:06.000000',1,'0308BB3DD4B34247B9D78B9B5AD0BBCD'),(647,'EYJHBGCIOIJIUZI1NIISINR5CCI6IKPXVCJ9.EYJ0B2TLBL90EXBLIJOIC2XPZGLUZYISIMV4CCI6MTCZNZYYMDU4NIWIAWF0IJOXNZM3NJE2OTG2LCJQDGKIOII1NDY0MZVLZTA2ODI0YZCYYJDKZTVJYWVLOWJHODJJOCISINJLZNJLC2HFZXHWIJOXNZM3NZAZMZG2LCJ1C2VYX2LKIJOXFQ.RLV5YGMNZS1OZYVS_TLOI-MHS-X6XKUN5Q_BPCDBSSW','2025-01-23 07:23:06.465243','2025-01-23 08:23:06.000000',1,'546435EE06824C72B7DE5CAEE9BA82C8'),(648,'EYJHBGCIOIJIUZI1NIISINR5CCI6IKPXVCJ9.EYJ0B2TLBL90EXBLIJOIC2XPZGLUZYISIMV4CCI6MTCZNZYYMDU4NIWIAWF0IJOXNZM3NJE2OTG2LCJQDGKIOII5Y2MYNGQZZMUYYJG0M2ZJOTFMZWUZZJUWZWFLMTVKYYISINJLZNJLC2HFZXHWIJOXNZM3NZAZMZG2LCJ1C2VYX2LKIJOXFQ.1DJLY4DK66K6WYNOFETGIVGVE1AI0YLFTVBG9VXLOOO','2025-01-23 07:23:06.479692','2025-01-23 08:23:06.000000',1,'9CC24D3FE2B843FC91FEE3F50EAE15DC'),(649,'EYJHBGCIOIJIUZI1NIISINR5CCI6IKPXVCJ9.EYJ0B2TLBL90EXBLIJOIC2XPZGLUZYISIMV4CCI6MTCZNZYYMDU4NIWIAWF0IJOXNZM3NJE2OTG2LCJQDGKIOIJJY2UXZWQ4ODZIZJY0MJNLOGIZNMYWNJC0MGEZYZFLZIISINJLZNJLC2HFZXHWIJOXNZM3NZAZMZG2LCJ1C2VYX2LKIJOXFQ.S8DJBGCA_HC3ZZJXIE6W1WRJZIEDKRPJXDLXYIJ6OTK','2025-01-23 07:23:06.495399','2025-01-23 08:23:06.000000',1,'CCE1ED886BF6423E8B36F06740A3C1EF'),(650,'EYJHBGCIOIJIUZI1NIISINR5CCI6IKPXVCJ9.EYJ0B2TLBL90EXBLIJOIC2XPZGLUZYISIMV4CCI6MTCZNZYYMDU4NIWIAWF0IJOXNZM3NJE2OTG2LCJQDGKIOIJMNWY5OWYWYTLLYWQ0ZWFIOGJKNWZIOTAYOGNIODM3YYISINJLZNJLC2HFZXHWIJOXNZM3NZAZMZG2LCJ1C2VYX2LKIJOXFQ.0ZZMEEDZWLYQ_OCQ5N14YRQVU8CMDBDDFLKMDDVXRKE','2025-01-23 07:23:06.508321','2025-01-23 08:23:06.000000',1,'F5F99F0A9EAD4EAB8BD5FB9028CB837C'),(651,'EYJHBGCIOIJIUZI1NIISINR5CCI6IKPXVCJ9.EYJ0B2TLBL90EXBLIJOIC2XPZGLUZYISIMV4CCI6MTCZNZYYMDU4NIWIAWF0IJOXNZM3NJE2OTG2LCJQDGKIOII1ZMM1NTU4YJNKYWE0OTUXYTIYOGQ5YJZMMTHHOWM3NIISINJLZNJLC2HFZXHWIJOXNZM3NZAZMZG2LCJ1C2VYX2LKIJOXFQ.DVK1YPW9L_LQUP0O7WYB9TFAYJNX6HXRKWMIPMTUP68','2025-01-23 07:23:06.521618','2025-01-23 08:23:06.000000',1,'5FC5558B3DAA4951A228D9B6F18A9C76'),(652,'EYJHBGCIOIJIUZI1NIISINR5CCI6IKPXVCJ9.EYJ0B2TLBL90EXBLIJOIC2XPZGLUZYISIMV4CCI6MTCZNZYYMDU4NIWIAWF0IJOXNZM3NJE2OTG2LCJQDGKIOII0NGUWOGE5NJHJZJY0ZGVJOWI3MMZHYJAWNJG2MWEWYIISINJLZNJLC2HFZXHWIJOXNZM3NZAZMZG2LCJ1C2VYX2LKIJOXFQ.KCNXCKFGFLOTRH6KMA8-HQAQUTO91R_FISS1NZW2Y20','2025-01-23 07:23:06.533876','2025-01-23 08:23:06.000000',1,'44E08A968CF64DEC9B72FAB006861A0B'),(653,'EYJHBGCIOIJIUZI1NIISINR5CCI6IKPXVCJ9.EYJ0B2TLBL90EXBLIJOIC2XPZGLUZYISIMV4CCI6MTCZNZYYMDU4NIWIAWF0IJOXNZM3NJE2OTG2LCJQDGKIOIJKNTJLOTGXNGIZYZG0YTLJYJVIZWU4NDQWY2QZNZYWMYISINJLZNJLC2HFZXHWIJOXNZM3NZAZMZG2LCJ1C2VYX2LKIJOXFQ.OBVBIGZQK53AOVK8RBYEP2CFMT9E_WURF7FQIK6EBTA','2025-01-23 07:23:06.545758','2025-01-23 08:23:06.000000',1,'D52E9814B3C84A9CB5BEE8440CD37603'),(654,'EYJHBGCIOIJIUZI1NIISINR5CCI6IKPXVCJ9.EYJ0B2TLBL90EXBLIJOIC2XPZGLUZYISIMV4CCI6MTCZNZYYMDU4NIWIAWF0IJOXNZM3NJE2OTG2LCJQDGKIOII3NJA4ODDJZDGWNJY0ODE0ODE5MTCZNZNMZDU2ZJM3NYISINJLZNJLC2HFZXHWIJOXNZM3NZAZMZG2LCJ1C2VYX2LKIJOXFQ.9L3X4LFDHHFPOZNMBCFBVV0-MBKMFH5ORHS6K5SAM_O','2025-01-23 07:23:06.559392','2025-01-23 08:23:06.000000',1,'760887CD8066481481917373FD56F377'),(655,'EYJHBGCIOIJIUZI1NIISINR5CCI6IKPXVCJ9.EYJ0B2TLBL90EXBLIJOIC2XPZGLUZYISIMV4CCI6MTCZNZYYMDU4NIWIAWF0IJOXNZM3NJE2OTG2LCJQDGKIOII5ZJM4OGE4MTK0ZME0OGUWOWM2NTMXMGM0ZJY2NGQ0NSISINJLZNJLC2HFZXHWIJOXNZM3NZAZMZG2LCJ1C2VYX2LKIJOXFQ.VTEFKGUCWFSH1XS8HPAVLGID9DIA6HKX3YHYCILFE2C','2025-01-23 07:23:06.573444','2025-01-23 08:23:06.000000',1,'9F388A8194FA48E09C65310C4F664D45'),(656,'EYJHBGCIOIJIUZI1NIISINR5CCI6IKPXVCJ9.EYJ0B2TLBL90EXBLIJOIC2XPZGLUZYISIMV4CCI6MTCZNZYYMDU4NIWIAWF0IJOXNZM3NJE2OTG2LCJQDGKIOIIXOGIWNGY5NDDKMTQ0NDYYYWFLYZIYZDI2MJG2OWYYYSISINJLZNJLC2HFZXHWIJOXNZM3NZAZMZG2LCJ1C2VYX2LKIJOXFQ.TPKHGFVRWNV79SVTLWOEH6G29SFNJPL8XZMBSFG40RI','2025-01-23 07:23:06.586714','2025-01-23 08:23:06.000000',1,'18B04F947D144462AAEC22D262869F2A'),(657,'EYJHBGCIOIJIUZI1NIISINR5CCI6IKPXVCJ9.EYJ0B2TLBL90EXBLIJOIC2XPZGLUZYISIMV4CCI6MTCZNZYYMDU4NIWIAWF0IJOXNZM3NJE2OTG2LCJQDGKIOIJKNDQWNMFIYWNHMJI0ZMY0YTK4ZJA3MTIYMGRLNGRKMYISINJLZNJLC2HFZXHWIJOXNZM3NZAZMZG2LCJ1C2VYX2LKIJOXFQ.SLGPUE_UP7EEP62HXDBF5Q7NAAX6VKTJ-9KFQGIOKLU','2025-01-23 07:23:06.613241','2025-01-23 08:23:06.000000',1,'D4406ABACA224FF4A98F071220DE4DD3'),(658,'EYJHBGCIOIJIUZI1NIISINR5CCI6IKPXVCJ9.EYJ0B2TLBL90EXBLIJOIC2XPZGLUZYISIMV4CCI6MTCZNZYYMDU4NIWIAWF0IJOXNZM3NJE2OTG2LCJQDGKIOIIWMZE5ZWIZYWVMNZI0YZJIODCZYZVINZEXNDKYNJQ3MSISINJLZNJLC2HFZXHWIJOXNZM3NZAZMZG2LCJ1C2VYX2LKIJOXFQ.K-GEYVVSETDPYMT-K_CFPVH7RI3WHPXVMOXOBUDB6GU','2025-01-23 07:23:06.626507','2025-01-23 08:23:06.000000',1,'0319EB3AEF724C2B873C5B7114926471'),(659,'EYJHBGCIOIJIUZI1NIISINR5CCI6IKPXVCJ9.EYJ0B2TLBL90EXBLIJOIC2XPZGLUZYISIMV4CCI6MTCZNZYYMDU4NIWIAWF0IJOXNZM3NJE2OTG2LCJQDGKIOIIZNGRMZDJLODM4M2I0N2EWYTHMNZHHN2U4NJZKMDC1YIISINJLZNJLC2HFZXHWIJOXNZM3NZAZMZG2LCJ1C2VYX2LKIJOXFQ.PMULLLOFH0JIZOFW8I9J8DUIRHKWR8TDHSQKUMT13I0','2025-01-23 07:23:06.642298','2025-01-23 08:23:06.000000',1,'34DFD2E8383B47A0A8F78A7E866D075B'),(660,'EYJHBGCIOIJIUZI1NIISINR5CCI6IKPXVCJ9.EYJ0B2TLBL90EXBLIJOIC2XPZGLUZYISIMV4CCI6MTCZNZYYMDU4NIWIAWF0IJOXNZM3NJE2OTG2LCJQDGKIOII4NDJJNTYXY2Q3YZC0ZTJHYJBINMU2MTK3YZIWNMJHZSISINJLZNJLC2HFZXHWIJOXNZM3NZAZMZG2LCJ1C2VYX2LKIJOXFQ.P_MKPYKDITNNSLYHDAJLIXH-EKPY5V-EUQTMJAUNPT4','2025-01-23 07:23:06.654208','2025-01-23 08:23:06.000000',1,'842C561CD7C74E2AB0B6E6197C206BAE'),(661,'EYJHBGCIOIJIUZI1NIISINR5CCI6IKPXVCJ9.EYJ0B2TLBL90EXBLIJOIC2XPZGLUZYISIMV4CCI6MTCZNZYYMDU4NIWIAWF0IJOXNZM3NJE2OTG2LCJQDGKIOIIXYZLMMWZLYWE2YME0Y2VLYTY5ZMEZZJK4NWI4YTQ2MCISINJLZNJLC2HFZXHWIJOXNZM3NZAZMZG2LCJ1C2VYX2LKIJOXFQ.U6IN0C9HN42W_OPZTVSY4KNW3ITEG4VND--OWYJ8JDW','2025-01-23 07:23:06.678475','2025-01-23 08:23:06.000000',1,'1C9F1FEAA6BA4CEEA69FA3F985B8A460'),(662,'EYJHBGCIOIJIUZI1NIISINR5CCI6IKPXVCJ9.EYJ0B2TLBL90EXBLIJOIC2XPZGLUZYISIMV4CCI6MTCZNZYYMDU4NIWIAWF0IJOXNZM3NJE2OTG2LCJQDGKIOII4YMFHNWU2ODLHNWY0NTY5YWI3NTE3ZMRIMGIXYZI3NIISINJLZNJLC2HFZXHWIJOXNZM3NZAZMZG2LCJ1C2VYX2LKIJOXFQ.OZK2QKSLDP9WPEAIIWCWZCVH5CKMNJFZCJMQTXWLBQC','2025-01-23 07:23:06.691028','2025-01-23 08:23:06.000000',1,'8BAA5E689A5F4569AB7517FDB0B1C276'),(663,'EYJHBGCIOIJIUZI1NIISINR5CCI6IKPXVCJ9.EYJ0B2TLBL90EXBLIJOIC2XPZGLUZYISIMV4CCI6MTCZNZYYMDU4NIWIAWF0IJOXNZM3NJE2OTG2LCJQDGKIOIJKYMQ2NMU1YMY0NZE0OTLLODG5YMRKYZVKMTRMYTC2ZCISINJLZNJLC2HFZXHWIJOXNZM3NZAZMZG2LCJ1C2VYX2LKIJOXFQ.D4G11JCJE7DNPQOXYRZBNQU7R3QO6H7TSMCOWXHIYRW','2025-01-23 07:23:06.706825','2025-01-23 08:23:06.000000',1,'DBD66E5BF471499E889BDDC5D14FA76D'),(664,'EYJHBGCIOIJIUZI1NIISINR5CCI6IKPXVCJ9.EYJ0B2TLBL90EXBLIJOIC2XPZGLUZYISIMV4CCI6MTCZNZYYMDU4NIWIAWF0IJOXNZM3NJE2OTG2LCJQDGKIOIJLZJU0ZTJJMTA2ZJI0MTKZYTLLOTA0NTI5MZG1MZC1NCISINJLZNJLC2HFZXHWIJOXNZM3NZAZMZG2LCJ1C2VYX2LKIJOXFQ._L7TJZMJLVH1SBGQWQKTROH1EFA5QYTI0_HPAA9KWEI','2025-01-23 07:23:06.726384','2025-01-23 08:23:06.000000',1,'EF54E2C106F24193A9E9045293853754'),(665,'EYJHBGCIOIJIUZI1NIISINR5CCI6IKPXVCJ9.EYJ0B2TLBL90EXBLIJOIC2XPZGLUZYISIMV4CCI6MTCZNZYYMDU4NIWIAWF0IJOXNZM3NJE2OTG2LCJQDGKIOII0YZEZMMRKYJKYZMI0MTG0OWJMMWJLYJYZZJMZODKYZCISINJLZNJLC2HFZXHWIJOXNZM3NZAZMZG2LCJ1C2VYX2LKIJOXFQ.FF2ND_Q62YM-DLAE05SUS0C_JRAX_KNKLUBECHWRXCU','2025-01-23 07:23:06.785537','2025-01-23 08:23:06.000000',1,'4C132DDB92FB41849BF1BEB63F33892D'),(666,'EYJHBGCIOIJIUZI1NIISINR5CCI6IKPXVCJ9.EYJ0B2TLBL90EXBLIJOIC2XPZGLUZYISIMV4CCI6MTCZNZYYMDU4NIWIAWF0IJOXNZM3NJE2OTG2LCJQDGKIOIJMODQ1ZWYYMTEZNGI0MTK4OWJIMZDKMGJIMWVIM2UYYIISINJLZNJLC2HFZXHWIJOXNZM3NZAZMZG2LCJ1C2VYX2LKIJOXFQ.R5UDNY0-PGOFYODRWTWHUKGDFBUOXXC-S1WOL97-B_O','2025-01-23 07:23:06.867570','2025-01-23 08:23:06.000000',1,'F845EF21134B41989BB37D0BB1EB3E2B'),(667,'EYJHBGCIOIJIUZI1NIISINR5CCI6IKPXVCJ9.EYJ0B2TLBL90EXBLIJOIC2XPZGLUZYISIMV4CCI6MTCZNZYYMJC3MSWIAWF0IJOXNZM3NJE5MTCXLCJQDGKIOIIWZJNMODLMZTM3ZGY0Y2FIOWUZYZA2ZTG5MMQ1YJU1ZCISINJLZNJLC2HFZXHWIJOXNZM3NZA1NTCXLCJ1C2VYX2LKIJOXFQ.NVGCOW4BAFERWNWF6E2FTZFLQYJ9WDN-OYGLJVZOPFY','2025-01-23 07:59:31.088605','2025-01-23 08:59:31.000000',1,'0F3F89FE37DF4CAB9E3C06E892D5B55D'),(668,'EYJHBGCIOIJIUZI1NIISINR5CCI6IKPXVCJ9.EYJ0B2TLBL90EXBLIJOICMVMCMVZACISIMV4CCI6MTCZNZCWOTQ3MCWIAWF0IJOXNZM3NJIZMDCWLCJQDGKIOII3OWVIM2Q4YJE3MDU0NJI2YTE3Y2Y0NDCWMDNKNGQZMSISINVZZXJFAWQIOJF9.FTX479WP5VILIFOSO2AOAIYPUEBYUZI8RG3W84XZWCC','2025-01-23 09:04:30.350927','2025-01-24 09:04:30.000000',1,'79EB3D8B17054626A17CF447003D4D31'),(669,'EYJHBGCIOIJIUZI1NIISINR5CCI6IKPXVCJ9.EYJ0B2TLBL90EXBLIJOIC2XPZGLUZYISIMV4CCI6MTCZNZYYNJY3OCWIAWF0IJOXNZM3NJIZMDC4LCJQDGKIOIJIODQ0YZDMZDM5YJQ0ZJEXODG5OWI5ODNLYMVLZTU2MIISINJLZNJLC2HFZXHWIJOXNZM3NZA5NDC4LCJ1C2VYX2LKIJOXFQ.WFKNAE3OESTYMAI-QIPUGFUZKZ9GN0UGTPBCKKHX8FW','2025-01-23 09:04:38.073075','2025-01-23 10:04:38.000000',1,'B844C7FD39B44F118899B983EBEEE562'),(670,'EYJHBGCIOIJIUZI1NIISINR5CCI6IKPXVCJ9.EYJ0B2TLBL90EXBLIJOICMVMCMVZACISIMV4CCI6MTCZNZCXNDMZNIWIAWF0IJOXNZM3NJI3OTM2LCJQDGKIOII3ZMU3MZQYNGIZNWQ0NDG4OTMWMGE3MTQWYWQ2NJE4MSISINVZZXJFAWQIOJF9._YLNOPUVO3PLPHLGKKZ2A2P4P4FKADIIM4DP8TZ0GMK','2025-01-23 10:25:36.581125','2025-01-24 10:25:36.000000',1,'7FE73424B35D44889300A7140AD66181'),(671,'EYJHBGCIOIJIUZI1NIISINR5CCI6IKPXVCJ9.EYJ0B2TLBL90EXBLIJOIC2XPZGLUZYISIMV4CCI6MTCZNZYZMTU0MCWIAWF0IJOXNZM3NJI3OTQWLCJQDGKIOIJMNJKZNWJMMTYXN2Y0YJJKODHHYZMWNGIYMDDJY2NKNCISINJLZNJLC2HFZXHWIJOXNZM3NZE0MZQWLCJ1C2VYX2LKIJOXFQ.-NZOX5T819VYTJNJRH2JR1IB0E4HRLM3MYO4ARPR4GI','2025-01-23 10:25:40.134016','2025-01-23 11:25:40.000000',1,'F6935BF1617F4B2D88AC304B207CCCD4'),(672,'EYJHBGCIOIJIUZI1NIISINR5CCI6IKPXVCJ9.EYJ0B2TLBL90EXBLIJOIC2XPZGLUZYISIMV4CCI6MTCZNZYZMTU0MCWIAWF0IJOXNZM3NJI3OTQWLCJQDGKIOIIWMTMZZGFIYZU0NMQ0MWZMOGZJMTFIOGUWZDKZMZLJYSISINJLZNJLC2HFZXHWIJOXNZM3NZE0MZQWLCJ1C2VYX2LKIJOXFQ.CG1TGHRJMUNAGG2RPZZJPYXQFHR54MMOKHWQHN8VF2Q','2025-01-23 10:25:40.793684','2025-01-23 11:25:40.000000',1,'0133DABC546D41FF8FC11B8E0D9339CA'),(673,'EYJHBGCIOIJIUZI1NIISINR5CCI6IKPXVCJ9.EYJ0B2TLBL90EXBLIJOIC2XPZGLUZYISIMV4CCI6MTCZNZYZNDG2NIWIAWF0IJOXNZM3NJMXMJY2LCJQDGKIOII1N2VJYMNIY2ZLOWE0NDU1OWI2MJJHYJI0Y2MWYMM4OSISINJLZNJLC2HFZXHWIJOXNZM3NZE3NJY2LCJ1C2VYX2LKIJOXFQ.NWYGF08N1PVYOD8QWBGN8F2VGLBP09NTBPMW9RVKLDI','2025-01-23 11:21:06.693500','2025-01-23 12:21:06.000000',1,'57ECBCBCFE9A44559B622AB24CC0BC89'),(674,'EYJHBGCIOIJIUZI1NIISINR5CCI6IKPXVCJ9.EYJ0B2TLBL90EXBLIJOICMVMCMVZACISIMV4CCI6MTCZNZCYMTUZMCWIAWF0IJOXNZM3NJM1MTMWLCJQDGKIOII4MWM3NTKZODY1ZMM0ZTVIOTJMMZUYOTGZZTU5YWUYOCISINVZZXJFAWQIOJF9.MY2RLDNVHELZ28UID_GDF--Y6C4852_4HUDMVFKKDLE','2025-01-23 12:25:30.000945','2025-01-24 12:25:30.000000',1,'81C7593865FC4E5B92F352983E59AE28'),(675,'EYJHBGCIOIJIUZI1NIISINR5CCI6IKPXVCJ9.EYJ0B2TLBL90EXBLIJOIC2XPZGLUZYISIMV4CCI6MTCZNZYZODCZMIWIAWF0IJOXNZM3NJM1MTMYLCJQDGKIOII2ZTDHOGZMNJNLMDK0ZGU3YWQ2MDGYYJK5NJJIZGUYNYISINJLZNJLC2HFZXHWIJOXNZM3NZIXNTMYLCJ1C2VYX2LKIJOXFQ.TAMKNCA5UKB0PN4PDGQKE7ETAUP_AK2ENF43I5B1WCI','2025-01-23 12:25:32.165628','2025-01-23 13:25:32.000000',1,'6E7A8FF63E094DE7AD6082B9962BDE27'),(676,'EYJHBGCIOIJIUZI1NIISINR5CCI6IKPXVCJ9.EYJ0B2TLBL90EXBLIJOICMVMCMVZACISIMV4CCI6MTCZNZC4MDG5NYWIAWF0IJOXNZM3NJK0NDK3LCJQDGKIOIJKODDJMJK4NDGWOWY0OTUYODBJNGUZNZRHNZK5NJE4MCISINVZZXJFAWQIOJF9.WW_AIZ5GUPTQULEK5NSWDQ-IBCXH0NALAFM9_PGTMTY','2025-01-24 04:54:57.401561','2025-01-25 04:54:57.000000',1,'D87C2984809F495280C4E374A7996180'),(677,'EYJHBGCIOIJIUZI1NIISINR5CCI6IKPXVCJ9.EYJ0B2TLBL90EXBLIJOIC2XPZGLUZYISIMV4CCI6MTCZNZY5ODA5OSWIAWF0IJOXNZM3NJK0NDK5LCJQDGKIOII2YTY1NTMZZWNKNZC0NGVHOWMZZDDKMZK5ZMYZYZHJMIISINJLZNJLC2HFZXHWIJOXNZM3NZGWODK5LCJ1C2VYX2LKIJOXFQ.GWQMYUNL2MBC-BJB8YXZMHLYWQK8YNSXXLRELNCNVPG','2025-01-24 04:54:59.599163','2025-01-24 05:54:59.000000',1,'6A65533ECD7744EA9C3D7D399FF3C8C2'),(678,'EYJHBGCIOIJIUZI1NIISINR5CCI6IKPXVCJ9.EYJ0B2TLBL90EXBLIJOICMVMCMVZACISIMV4CCI6MTCZNZC4ODQZMSWIAWF0IJOXNZM3NZAYMDMXLCJQDGKIOII2MDG0OWYXMWU0Y2Q0NTLMODRHMZM5ZTJIZJLJZJG4OCISINVZZXJFAWQIOJF9.ETY_CFD6NEITEK_WUHIKAMYKV9NI_WILBULZLLZ7EPW','2025-01-24 07:00:31.078866','2025-01-25 07:00:31.000000',1,'60849F11E4CD459F84A339E2BF9CF888'),(679,'EYJHBGCIOIJIUZI1NIISINR5CCI6IKPXVCJ9.EYJ0B2TLBL90EXBLIJOIC2XPZGLUZYISIMV4CCI6MTCZNZCWNTYZMYWIAWF0IJOXNZM3NZAYMDMZLCJQDGKIOIJLZJNHM2JHYJQ1ZGM0ZWM2ODI2YZG1N2Y2NGQ5MDY2MYISINJLZNJLC2HFZXHWIJOXNZM3NZG4NDMZLCJ1C2VYX2LKIJOXFQ.DU8VTRKJFMFPD6DX6GCHDKOYAMOP8SGHUJSNCNQJEDS','2025-01-24 07:00:33.816178','2025-01-24 08:00:33.000000',1,'EF3A3BAB45DC4EC6826C857F64D90663'),(680,'EYJHBGCIOIJIUZI1NIISINR5CCI6IKPXVCJ9.EYJ0B2TLBL90EXBLIJOICMVMCMVZACISIMV4CCI6MTCZNZC4ODK2OSWIAWF0IJOXNZM3NZAYNTY5LCJQDGKIOIJJZWIYOTRJYWMZMZI0ZDYYYWY4MMVKOGVHMTFMYJAWOCISINVZZXJFAWQIOJF9.KIUUEPTDCIKKTCASOULOL4ZYE4CF-QU4G4HZ3X9SJVW','2025-01-24 07:09:29.139465','2025-01-25 07:09:29.000000',1,'CEB294CAC3324D62AF82ED8EA11FB008'),(681,'EYJHBGCIOIJIUZI1NIISINR5CCI6IKPXVCJ9.EYJ0B2TLBL90EXBLIJOIC2XPZGLUZYISIMV4CCI6MTCZNZCWNJE3MIWIAWF0IJOXNZM3NZAYNTCYLCJQDGKIOII5ZJIYZJG0NZCWMZM0ZTQ2YJZLNTHJM2ZJMJNJZTHMZIISINJLZNJLC2HFZXHWIJOXNZM3NZG4OTCYLCJ1C2VYX2LKIJOXFQ.QWEGHCEIQRDIRPL5M3VNYH1N6VF_7UMREOWR4JOEUGA','2025-01-24 07:09:32.504978','2025-01-24 08:09:32.000000',1,'9F22F84770334E46B6E58C3FC23CE8FF'),(682,'EYJHBGCIOIJIUZI1NIISINR5CCI6IKPXVCJ9.EYJ0B2TLBL90EXBLIJOICMVMCMVZACISIMV4CCI6MTCZNZC4OTEXMYWIAWF0IJOXNZM3NZAYNZEZLCJQDGKIOIJINMNLM2YXNDRHNZM0MDMXYMVHNJM1ZGQZNZG0M2NLZCISINVZZXJFAWQIOJF9.GAPQYL5BDAYGYSFO5FJ0EBMB_QFJBMGTUPUJWIC_2PC','2025-01-24 07:11:53.204811','2025-01-25 07:11:53.000000',1,'B6CE3F144A734031BEA635DD37843CED'),(683,'EYJHBGCIOIJIUZI1NIISINR5CCI6IKPXVCJ9.EYJ0B2TLBL90EXBLIJOIC2XPZGLUZYISIMV4CCI6MTCZNZCWNJMXNSWIAWF0IJOXNZM3NZAYNZE1LCJQDGKIOII4YZM0MDRINTJLNWQ0ZDJKOTQYYWY1YJYWMMVIOWJINIISINJLZNJLC2HFZXHWIJOXNZM3NZG5MTE1LCJ1C2VYX2LKIJOXFQ.7UIOKINUY70D2WZS2ZBDYJGUHAOBSRISSPFWB1ATSSS','2025-01-24 07:11:55.663641','2025-01-24 08:11:55.000000',1,'8C3404B52E5D4D2D942AF5B602EB9BB6'),(684,'EYJHBGCIOIJIUZI1NIISINR5CCI6IKPXVCJ9.EYJ0B2TLBL90EXBLIJOICMVMCMVZACISIMV4CCI6MTCZNZC5MJUXMIWIAWF0IJOXNZM3NZA2MTEYLCJQDGKIOIJINJAWNZY3ODMYZDC0OTDHYTZMNTQZOWQ4ZJMWMTNKYIISINVZZXJFAWQIOJF9.O2ARXJ7VAOCSZEBMPWZSO3X8KSXPMCBTGQYD7R1YCV4','2025-01-24 08:08:32.711434','2025-01-25 08:08:32.000000',1,'B600767832D7497AA6F5439D8F3013DB'),(685,'EYJHBGCIOIJIUZI1NIISINR5CCI6IKPXVCJ9.EYJ0B2TLBL90EXBLIJOIC2XPZGLUZYISIMV4CCI6MTCZNZCWOTCXNCWIAWF0IJOXNZM3NZA2MTE0LCJQDGKIOIJIY2E2NMI4NDAZOTQ0MZIYOTNLNWE4M2I1YTRMMJNJNYISINJLZNJLC2HFZXHWIJOXNZM3NZKYNTE0LCJ1C2VYX2LKIJOXFQ.HZTU5C1MVIZZHFZM2JHODDFDZLO_RM7YVA0CKHZANCG','2025-01-24 08:08:34.911144','2025-01-24 09:08:34.000000',1,'BCA66B840394432293E5A83B5A4F23C7'),(686,'EYJHBGCIOIJIUZI1NIISINR5CCI6IKPXVCJ9.EYJ0B2TLBL90EXBLIJOICMVMCMVZACISIMV4CCI6MTCZNZC5NDK0MCWIAWF0IJOXNZM3NZA4NTQWLCJQDGKIOIIZYTKYMMQWNTFLMMM0NJAYODRINWJHYZU0ZGQZNZI0NIISINVZZXJFAWQIOJF9.MEXGWIIVF_YJKRDEE0ICJ3Z2IUG-5K1GHN2FMV5ON_Q','2025-01-24 08:49:00.162043','2025-01-25 08:49:00.000000',1,'3A922D051E2C460284B5BAC54DD37246'),(687,'EYJHBGCIOIJIUZI1NIISINR5CCI6IKPXVCJ9.EYJ0B2TLBL90EXBLIJOIC2XPZGLUZYISIMV4CCI6MTCZNZCXMJE0MIWIAWF0IJOXNZM3NZA4NTQYLCJQDGKIOIJIODIYMZQ4MJRHYZE0ODRIYWMZMDKXMWU1ZGRHMTVMNCISINJLZNJLC2HFZXHWIJOXNZM3NZK0OTQYLCJ1C2VYX2LKIJOXFQ.CBMU5QTSBNH8PDPXV_-OEQA7PLQQBADLNSU_ANZTHCA','2025-01-24 08:49:02.096450','2025-01-24 09:49:02.000000',1,'B82234824AC1484BAC30911E5DDA15F4'),(688,'EYJHBGCIOIJIUZI1NIISINR5CCI6IKPXVCJ9.EYJ0B2TLBL90EXBLIJOICMVMCMVZACISIMV4CCI6MTCZNZGXMZY2MCWIAWF0IJOXNZM3NZI3MJYWLCJQDGKIOII4N2E2NJBMNTY2Y2M0YMQXYTEXNDJLMWYWZGFIODA0NIISINVZZXJFAWQIOJF9.FEDLWRACXKCTZEUIDOAJ_9KZPTODKVMP_7NDCWQLFCC','2025-01-24 14:01:00.281276','2025-01-25 14:01:00.000000',1,'87A660F566CC4BD1A1142E1F0DAB8046'),(689,'EYJHBGCIOIJIUZI1NIISINR5CCI6IKPXVCJ9.EYJ0B2TLBL90EXBLIJOIC2XPZGLUZYISIMV4CCI6MTCZNZCZMDG2NYWIAWF0IJOXNZM3NZI3MJY3LCJQDGKIOIJKZJBLODYYNTY4OWI0NJE3YJQ2MJG0MJDMZGVJZWFMNIISINJLZNJLC2HFZXHWIJOXNZM3ODEZNJY3LCJ1C2VYX2LKIJOXFQ.7YZQIFFOKL4EZOXSZ0PJJZXEVK4QQLNECFG0ZDMN0LW','2025-01-24 14:01:07.131766','2025-01-24 15:01:07.000000',1,'DF0E8625689B4617B4628427FDECEAF6'),(690,'EYJHBGCIOIJIUZI1NIISINR5CCI6IKPXVCJ9.EYJ0B2TLBL90EXBLIJOICMVMCMVZACISIMV4CCI6MTCZNZG4MZIXMYWIAWF0IJOXNZM3NZK2ODEZLCJQDGKIOIJKOTK1YJHKZWNMMWE0M2FMYWMYZDA3ZMMZYMVMYTA3NIISINVZZXJFAWQIOJF9.6YD6Q7OXAMYJCNLERRLMR0TDVPCVEUSEQHV-DT24A4C','2025-01-25 09:20:13.330211','2025-01-26 09:20:13.000000',1,'D995B8DECF1A43AFAC2D07FC3BEFA076'),(691,'EYJHBGCIOIJIUZI1NIISINR5CCI6IKPXVCJ9.EYJ0B2TLBL90EXBLIJOIC2XPZGLUZYISIMV4CCI6MTCZNZGWMDQXOCWIAWF0IJOXNZM3NZK2ODE4LCJQDGKIOII2NWJKZJC4ZWNMZTY0NDQ2ODC0ZWRJYJVLYZM4OTG1YSISINJLZNJLC2HFZXHWIJOXNZM3ODGZMJE4LCJ1C2VYX2LKIJOXFQ.AILNFHHPXU8T5KS2XWP-MM23M1VYSODWO2QUXC3W14C','2025-01-25 09:20:18.312889','2025-01-25 10:20:18.000000',1,'65BDF78ECFE64446874EDCB5EC38985A'),(692,'EYJHBGCIOIJIUZI1NIISINR5CCI6IKPXVCJ9.EYJ0B2TLBL90EXBLIJOICMVMCMVZACISIMV4CCI6MTCZNZG4NDYWNSWIAWF0IJOXNZM3NZK4MJA1LCJQDGKIOIJIZMZMNZK1N2U5Y2M0MTVHOTKXMDLMMMQXODJKZTLIYYISINVZZXJFAWQIOJF9.IYC3VM7D9UWSPNORCKOMIJ-4A5ZWQL-JMKEX2WQCU6K','2025-01-25 09:43:25.197227','2025-01-26 09:43:25.000000',1,'BFFF7957E9CC415A99109F2D182DE9BC'),(693,'EYJHBGCIOIJIUZI1NIISINR5CCI6IKPXVCJ9.EYJ0B2TLBL90EXBLIJOIC2XPZGLUZYISIMV4CCI6MTCZNZGWMTGXMYWIAWF0IJOXNZM3NZK4MJEZLCJQDGKIOIJLNJFJZMNJNZKXMWY0MDFIYJC4NDQ2YJA0OGMZZDZIYYISINJLZNJLC2HFZXHWIJOXNZM3ODG0NJEZLCJ1C2VYX2LKIJOXFQ.O0UYFUMEDZ-8LADB2NZKKFZLCC0QE6FVHTHLXVMNE24','2025-01-25 09:43:33.046838','2025-01-25 10:43:33.000000',1,'E61CFCC7911F401BB78446B048C3D6BC'),(694,'EYJHBGCIOIJIUZI1NIISINR5CCI6IKPXVCJ9.EYJ0B2TLBL90EXBLIJOICMVMCMVZACISIMV4CCI6MTCZNZG4NDC2NIWIAWF0IJOXNZM3NZK4MZY2LCJQDGKIOIIYYWM2NMNHYZG0MTU0NDIYOGY0Y2NMNZU3MJBMZDA2OCISINVZZXJFAWQIOJF9.5T2YW1TCJ_FPFRJLC2TPQL3YB1ULOV9THUZU1EZVSVE','2025-01-25 09:46:06.020599','2025-01-26 09:46:06.000000',1,'2AC66CAC841544228F4CCF75720FD068'),(695,'EYJHBGCIOIJIUZI1NIISINR5CCI6IKPXVCJ9.EYJ0B2TLBL90EXBLIJOIC2XPZGLUZYISIMV4CCI6MTCZNZGWMTK2OSWIAWF0IJOXNZM3NZK4MZY5LCJQDGKIOIIYNJKZZJY3MJHMMTY0YMM1OTC2NZI5MGUYNDNJMDLINYISINJLZNJLC2HFZXHWIJOXNZM3ODG0NZY5LCJ1C2VYX2LKIJOXFQ.YE43VPILUPW9D7XDLWWREB4VVI1XSYAZGUFY-G-CESS','2025-01-25 09:46:09.091129','2025-01-25 10:46:09.000000',1,'2693F6728F164BC59767290E243C09B7'),(696,'EYJHBGCIOIJIUZI1NIISINR5CCI6IKPXVCJ9.EYJ0B2TLBL90EXBLIJOICMVMCMVZACISIMV4CCI6MTCZNZG4NTM3NIWIAWF0IJOXNZM3NZK4OTC2LCJQDGKIOIJMN2YWNDIYMGE3MWE0NTY0ODNLZMVMMDCYZDEXN2Y2NYISINVZZXJFAWQIOJF9._OX-XDWGJP3KMPNSDE84A_YRWNSZFHUKBU9TN4DQY5U','2025-01-25 09:56:16.145507','2025-01-26 09:56:16.000000',1,'F7F04220A71A456483EFEF072D117F67'),(697,'EYJHBGCIOIJIUZI1NIISINR5CCI6IKPXVCJ9.EYJ0B2TLBL90EXBLIJOIC2XPZGLUZYISIMV4CCI6MTCZNZGWMJU3OSWIAWF0IJOXNZM3NZK4OTC5LCJQDGKIOII3MTEWMGM2NTDLNJU0N2YZODRMYZZKNWI4NDM5MMU4NSISINJLZNJLC2HFZXHWIJOXNZM3ODG1MZC5LCJ1C2VYX2LKIJOXFQ.O4T81BT6T726CJY2H976WRPAUC-W2VN7HFMAHCROFW4','2025-01-25 09:56:19.539803','2025-01-25 10:56:19.000000',1,'71100C657E6547F384FC6D5B84392E85'),(698,'EYJHBGCIOIJIUZI1NIISINR5CCI6IKPXVCJ9.EYJ0B2TLBL90EXBLIJOICMVMCMVZACISIMV4CCI6MTCZNZG4NTC0MIWIAWF0IJOXNZM3NZK5MZQYLCJQDGKIOII3OWM4OWU5NDM1ZGE0MTK5OWVHMJK5ZJI1OTUYZDC1ZCISINVZZXJFAWQIOJF9.QCY5ZRWTQT8YNCT1RUPKRAOFOTIXPIYLKWVB4JW2XJU','2025-01-25 10:02:22.463997','2025-01-26 10:02:22.000000',1,'79C89E9435DA41999EA299F25952D75D'),(699,'EYJHBGCIOIJIUZI1NIISINR5CCI6IKPXVCJ9.EYJ0B2TLBL90EXBLIJOIC2XPZGLUZYISIMV4CCI6MTCZNZGWMJK0NYWIAWF0IJOXNZM3NZK5MZQ3LCJQDGKIOIJIZMJHZTJJMDIWNWY0OTMZODVJYTJKNJBJMTLKMDHHNIISINJLZNJLC2HFZXHWIJOXNZM3ODG1NZQ3LCJ1C2VYX2LKIJOXFQ.WVNWYSXFDBYS9H7DINZI3PK6PUANSTUAXBHWWZRXU60','2025-01-25 10:02:27.242751','2025-01-25 11:02:27.000000',1,'BFBAE2C0205F493385CA2D60C19D08A6'),(700,'EYJHBGCIOIJIUZI1NIISINR5CCI6IKPXVCJ9.EYJ0B2TLBL90EXBLIJOICMVMCMVZACISIMV4CCI6MTCZNZG4NZCXMCWIAWF0IJOXNZM3ODAXMZEWLCJQDGKIOIIYODQ3ZJLINTYWMTA0NGYXOWMZZJZIY2I0ZJHKMZVLYYISINVZZXJFAWQIOJF9.5GX0EHZEN3_CX_2CNRIFXGXMDLLW6FRWUKKURLECUIE','2025-01-25 10:35:10.948076','2025-01-26 10:35:10.000000',1,'2847F9B5601044F19C3F6BCB4F8D35EC'),(701,'EYJHBGCIOIJIUZI1NIISINR5CCI6IKPXVCJ9.EYJ0B2TLBL90EXBLIJOIC2XPZGLUZYISIMV4CCI6MTCZNZGWNDKXNCWIAWF0IJOXNZM3ODAXMZE0LCJQDGKIOII0YZGXYWJKODVMMZY0MWNMYTCWMGI1ZJC5YMRIZDZJYYISINJLZNJLC2HFZXHWIJOXNZM3ODG3NZE0LCJ1C2VYX2LKIJOXFQ.TQZCXQYF_SLPRPJ_BCCA5PXCPICTG-_IH7ALGJ496IM','2025-01-25 10:35:14.261561','2025-01-25 11:35:14.000000',1,'4C81ABD85F3641CFA700B5F79BDBD6CC'),(702,'EYJHBGCIOIJIUZI1NIISINR5CCI6IKPXVCJ9.EYJ0B2TLBL90EXBLIJOICMVMCMVZACISIMV4CCI6MTCZNZG4NZCXOCWIAWF0IJOXNZM3ODAXMZE4LCJQDGKIOIJKMZJINTZKMJG3ZGQ0ODEYYJU4MTHLNTMZMJDKNZGYYIISINVZZXJFAWQIOJF9.B5TJG1L974M0XOB_-67XZTF6BIMC9YMZN6VXCD94U4O','2025-01-25 10:35:18.523859','2025-01-26 10:35:18.000000',1,'D32B56D287DD4812B5818E53327D782B'),(703,'EYJHBGCIOIJIUZI1NIISINR5CCI6IKPXVCJ9.EYJ0B2TLBL90EXBLIJOIC2XPZGLUZYISIMV4CCI6MTCZNZGWNDKYMYWIAWF0IJOXNZM3ODAXMZIZLCJQDGKIOIJHODMZNTFLNJM2NTQ0OGRLODGZZWMZOGUWNJU4OTE2NYISINJLZNJLC2HFZXHWIJOXNZM3ODG3NZIZLCJ1C2VYX2LKIJOXFQ.ML1NCLASGBLHTYLLST_OAEBIAVTESLLOBNXHCJUGRLA','2025-01-25 10:35:23.682058','2025-01-25 11:35:23.000000',1,'A83351E6365448DE883EC38E06589167'),(704,'EYJHBGCIOIJIUZI1NIISINR5CCI6IKPXVCJ9.EYJ0B2TLBL90EXBLIJOICMVMCMVZACISIMV4CCI6MTCZNZK1MDU4OCWIAWF0IJOXNZM3ODY0MTG4LCJQDGKIOII4YMIWOTCXNDM5ZTU0ZDG4YJI1YTRMYMRINZK5MGNINSISINVZZXJFAWQIOJF9.YR3WAI4AMV_212CNLXNOIPSPJ-7BT-V6LZZO7-DV2TO','2025-01-26 04:03:08.901972','2025-01-27 04:03:08.000000',1,'8BB0971439E54D88B25A4FBDB7990CB5'),(705,'EYJHBGCIOIJIUZI1NIISINR5CCI6IKPXVCJ9.EYJ0B2TLBL90EXBLIJOIC2XPZGLUZYISIMV4CCI6MTCZNZG2NZC5MSWIAWF0IJOXNZM3ODY0MTKXLCJQDGKIOII1YTYZNDVLNMM0ODY0MJK2YMI0NJY4NJFMZMU0ZTQ0MYISINJLZNJLC2HFZXHWIJOXNZM3OTUWNTKXLCJ1C2VYX2LKIJOXFQ.KTFP4KMICC0GNHLHD6KGM-GDFLSCM0OAXMFUKDCONEY','2025-01-26 04:03:11.394542','2025-01-26 05:03:11.000000',1,'5A6345E6C4864296BB466861FFE4E443'),(706,'EYJHBGCIOIJIUZI1NIISINR5CCI6IKPXVCJ9.EYJ0B2TLBL90EXBLIJOICMVMCMVZACISIMV4CCI6MTCZNZK1MDU5NSWIAWF0IJOXNZM3ODY0MTK1LCJQDGKIOIJMMTJMNZFHYWIYN2E0YTJIYTMWNZGYZJQZNTG1OGRJMCISINVZZXJFAWQIOJF9.JIHWEBUVOABY0H6WWSTXUECFVH2DV8ZJI-ITMRWLPFA','2025-01-26 04:03:15.323426','2025-01-27 04:03:15.000000',1,'F12F71AAB27A4A2BA30782F435858DC0'),(707,'EYJHBGCIOIJIUZI1NIISINR5CCI6IKPXVCJ9.EYJ0B2TLBL90EXBLIJOIC2XPZGLUZYISIMV4CCI6MTCZNZG2NZC5NYWIAWF0IJOXNZM3ODY0MTK3LCJQDGKIOII4OGI5M2YXMGQ4NJG0NTEWODI0NGM2MGY1MGRLZJRLMIISINJLZNJLC2HFZXHWIJOXNZM3OTUWNTK3LCJ1C2VYX2LKIJOXFQ.FEKOMFE6CZHJMK8MWPVWSKNBBEVR9OQ-TUD3B0JJ5KK','2025-01-26 04:03:17.790202','2025-01-26 05:03:17.000000',1,'88B93F10D86845108244C60F50DEF4E2'),(708,'EYJHBGCIOIJIUZI1NIISINR5CCI6IKPXVCJ9.EYJ0B2TLBL90EXBLIJOICMVMCMVZACISIMV4CCI6MTCZNZK1MTC5MIWIAWF0IJOXNZM3ODY1MZKYLCJQDGKIOIJINGQ0NDRLYZQYZJU0YZU1OTKWOGYWNWMZYZNKMTG4NSISINVZZXJFAWQIOJF9.VSWDNXJZZM-56G8W_O_XVZS19YUTFNXUAS5QCYKKWAY','2025-01-26 04:23:12.412454','2025-01-27 04:23:12.000000',1,'B4D444EC42F54C559908F05C3C3D1885'),(709,'EYJHBGCIOIJIUZI1NIISINR5CCI6IKPXVCJ9.EYJ0B2TLBL90EXBLIJOIC2XPZGLUZYISIMV4CCI6MTCZNZG2ODK5NCWIAWF0IJOXNZM3ODY1MZK0LCJQDGKIOIJJZTZLODGYMDJJNTA0ZDVLYTGWMJEYY2Q4NMU1NJI4NCISINJLZNJLC2HFZXHWIJOXNZM3OTUXNZK0LCJ1C2VYX2LKIJOXFQ.FXUPLF13UT6_PVYWASPM_HGOCXQQ0_PTATD8FFNGRTK','2025-01-26 04:23:14.981939','2025-01-26 05:23:14.000000',1,'CE6E88202C504D5EA80212CD86E56284'),(710,'EYJHBGCIOIJIUZI1NIISINR5CCI6IKPXVCJ9.EYJ0B2TLBL90EXBLIJOICMVMCMVZACISIMV4CCI6MTCZNZK1MTG1MCWIAWF0IJOXNZM3ODY1NDUWLCJQDGKIOIIXN2Q5ODQ0ZTHHMDG0NDM2YMFKMWRJMJQYZWI3ZMY1NCISINVZZXJFAWQIOJF9.KITR64MPHAHDH0A8_SQ4P4JAHIY9JGELPCYS-MXSTTC','2025-01-26 04:24:10.715889','2025-01-27 04:24:10.000000',1,'17D9844E8A084436BAD1DC242EB7FF54'),(711,'EYJHBGCIOIJIUZI1NIISINR5CCI6IKPXVCJ9.EYJ0B2TLBL90EXBLIJOIC2XPZGLUZYISIMV4CCI6MTCZNZG2OTA1MYWIAWF0IJOXNZM3ODY1NDUZLCJQDGKIOIJLMTI2YJYXNGQXOWU0YZZHODNJNJFJMDQ1ZDK1ZJEXZSISINJLZNJLC2HFZXHWIJOXNZM3OTUXODUZLCJ1C2VYX2LKIJOXFQ.QFVN0PLI4GIMIS5UEJO-4YCMRFHG_FYXOMZ6-8SLEZI','2025-01-26 04:24:13.216767','2025-01-26 05:24:13.000000',1,'E126B614D19E4C6A83C61C045D95F11E'),(712,'EYJHBGCIOIJIUZI1NIISINR5CCI6IKPXVCJ9.EYJ0B2TLBL90EXBLIJOICMVMCMVZACISIMV4CCI6MTCZNZK1ODG1NYWIAWF0IJOXNZM3ODCYNDU3LCJQDGKIOIIXOTEWM2FLODZKZJE0NDI0OTRIZTNJNJZJNZFHMTG5NSISINVZZXJFAWQIOJF9.TNSHSE5MXEU2CDV6SEF5PPRHT7VVTSYN9_LAOAOYULY','2025-01-26 06:20:57.409846','2025-01-27 06:20:57.000000',1,'19103AE86DF1442494BE3C66C71A1895'),(713,'EYJHBGCIOIJIUZI1NIISINR5CCI6IKPXVCJ9.EYJ0B2TLBL90EXBLIJOIC2XPZGLUZYISIMV4CCI6MTCZNZG3NJA2MCWIAWF0IJOXNZM3ODCYNDYWLCJQDGKIOIJLZTM0MTG1MWI0ODG0NTHLYMZLYMU4NJMWMMM3YMYWMCISINJLZNJLC2HFZXHWIJOXNZM3OTU4ODYWLCJ1C2VYX2LKIJOXFQ.ZU4NIMJF0CLFQY_JEBRZVGETKWYP6HBBR3IAVHMRZXI','2025-01-26 06:21:00.038890','2025-01-26 07:21:00.000000',1,'EE341851B488458EBFEBE86302C7BF00'),(714,'EYJHBGCIOIJIUZI1NIISINR5CCI6IKPXVCJ9.EYJ0B2TLBL90EXBLIJOICMVMCMVZACISIMV4CCI6MTCZNZK2ODQ0MYWIAWF0IJOXNZM3ODGYMDQZLCJQDGKIOIJLOTCYMZBLMGJMMME0MZYZYMM0ODNLMZE0YMM5MTRJMSISINVZZXJFAWQIOJF9.CCDBKUCCP53TBOG9FRSRPFMRMC8RRQDHQINPUEY3TUO','2025-01-26 09:00:43.350181','2025-01-27 09:00:43.000000',1,'E97230E0BF2A4363BC483E314BC914C1'),(715,'EYJHBGCIOIJIUZI1NIISINR5CCI6IKPXVCJ9.EYJ0B2TLBL90EXBLIJOIC2XPZGLUZYISIMV4CCI6MTCZNZG4NTY0NIWIAWF0IJOXNZM3ODGYMDQ2LCJQDGKIOII5NZY0NDAYZJU2OWQ0OTE3YTKZNGNMNJHLNJU5N2EYZCISINJLZNJLC2HFZXHWIJOXNZM3OTY4NDQ2LCJ1C2VYX2LKIJOXFQ._1SJGPBRQEZFGTM0MRRFDLUVCHLN8_-CTIEAHBAAIV4','2025-01-26 09:00:46.301762','2025-01-26 10:00:46.000000',1,'9764402F569D4917A934CF68E6597A2D'),(716,'EYJHBGCIOIJIUZI1NIISINR5CCI6IKPXVCJ9.EYJ0B2TLBL90EXBLIJOICMVMCMVZACISIMV4CCI6MTCZNZK3MZU1OCWIAWF0IJOXNZM3ODG3MTU4LCJQDGKIOIJKMZJHOTE5M2YYMDC0OTHHOWUWNTQYOTZHNJU2OTRMYSISINVZZXJFAWQIOJF9.RHBQ_CVFZQHZ_MSZKDE5KKC-ZFX27NJTIVIK66KFPLI','2025-01-26 10:25:58.311642','2025-01-27 10:25:58.000000',1,'D32A9193F207498A9E054296A65694FA'),(717,'EYJHBGCIOIJIUZI1NIISINR5CCI6IKPXVCJ9.EYJ0B2TLBL90EXBLIJOIC2XPZGLUZYISIMV4CCI6MTCZNZG5MDC2MYWIAWF0IJOXNZM3ODG3MTYZLCJQDGKIOII3NWIXNWVJYTBMZWE0NZGZOGEWNGIYNGM4MJLJMDLHMCISINJLZNJLC2HFZXHWIJOXNZM3OTCZNTYZLCJ1C2VYX2LKIJOXFQ.4ELRODY9_FJ1X_U7SQYZX3UFVIT3628TGOWU5SAQK_E','2025-01-26 10:26:03.376257','2025-01-26 11:26:03.000000',1,'75B15ECA0FEA47838A04B24C829C09A0'),(718,'EYJHBGCIOIJIUZI1NIISINR5CCI6IKPXVCJ9.EYJ0B2TLBL90EXBLIJOICMVMCMVZACISIMV4CCI6MTCZNZK3NZUXMYWIAWF0IJOXNZM3ODKXMTEZLCJQDGKIOIJKM2U2ZTUYNJK0NJI0OWEZODRHNGI1ZGNJMZHKYJYWZSISINVZZXJFAWQIOJF9.AU4TISERWDXNLJ6USAMD2HNT2HCSODGECD9TSPMGHV0','2025-01-26 11:31:53.709301','2025-01-27 11:31:53.000000',1,'D3E6E526946249A384A4B5DCC38DB60E'),(719,'EYJHBGCIOIJIUZI1NIISINR5CCI6IKPXVCJ9.EYJ0B2TLBL90EXBLIJOIC2XPZGLUZYISIMV4CCI6MTCZNZG5NDCXNIWIAWF0IJOXNZM3ODKXMTE2LCJQDGKIOIJIMJRHNZVJYMRKZWU0OWE2YTLIMJK1ZTC5ZJDHY2VIOCISINJLZNJLC2HFZXHWIJOXNZM3OTC3NTE2LCJ1C2VYX2LKIJOXFQ.KGAM7FSFHEZMHBVSXCUN3X7ZGE9OYTLMUGPH_IHEISG','2025-01-26 11:31:56.044746','2025-01-26 12:31:56.000000',1,'B24A75CBDDEE49A6A9B295E79F7ACEB8'),(720,'EYJHBGCIOIJIUZI1NIISINR5CCI6IKPXVCJ9.EYJ0B2TLBL90EXBLIJOICMVMCMVZACISIMV4CCI6MTCZODA0MTG0OCWIAWF0IJOXNZM3OTU1NDQ4LCJQDGKIOIIXYZA5MGVIZDG2MMM0MJIZODQXNZC4MJC5MTVMNMM0ZCISINVZZXJFAWQIOJF9._GSGKD858MPOPSEXHUYCQ-3P6KXJWLJDVFE7NXYJHVS','2025-01-27 05:24:08.976085','2025-01-28 05:24:08.000000',1,'1C090EBD862C422384177827915F6C4D'),(721,'EYJHBGCIOIJIUZI1NIISINR5CCI6IKPXVCJ9.EYJ0B2TLBL90EXBLIJOIC2XPZGLUZYISIMV4CCI6MTCZNZK1OTA1NIWIAWF0IJOXNZM3OTU1NDU2LCJQDGKIOII5NMEZNJM1NWYWZGQ0YZG5YJJMNWY5OTQ4ODK0ZMJMYYISINJLZNJLC2HFZXHWIJOXNZM4MDQXODU2LCJ1C2VYX2LKIJOXFQ.B3JDCMGG377VH2GHFJ3ZKSEBIKVJEJKDZLHLSVOKVIE','2025-01-27 05:24:16.229591','2025-01-27 06:24:16.000000',1,'96A36355F0DD4C89B2F5F9948894FBFC'),(722,'EYJHBGCIOIJIUZI1NIISINR5CCI6IKPXVCJ9.EYJ0B2TLBL90EXBLIJOICMVMCMVZACISIMV4CCI6MTCZODA0MJYZNCWIAWF0IJOXNZM3OTU2MJM0LCJQDGKIOII1MJAXYTZJZTVHN2Q0NME0YJE4MWI3YWZLNWIYZDM3MYISINVZZXJFAWQIOJF9.B3JEKZQL8IIXWU2COJ9QNRC3DV_H3M-2ZXTBKDUKCQW','2025-01-27 05:37:14.931141','2025-01-28 05:37:14.000000',1,'5201A6CE5A7D46A4B181B7AFE5B2D373'),(723,'EYJHBGCIOIJIUZI1NIISINR5CCI6IKPXVCJ9.EYJ0B2TLBL90EXBLIJOIC2XPZGLUZYISIMV4CCI6MTCZNZK1OTG0MSWIAWF0IJOXNZM3OTU2MJQXLCJQDGKIOII4MJVIYJIYNTA3OGQ0MMY3YJM2ZTNLMMUXZWIXYZBMYSISINJLZNJLC2HFZXHWIJOXNZM4MDQYNJQXLCJ1C2VYX2LKIJOXFQ.Y7QCVBGJDX7BMFO1OPFDN0U264EJHHFVPYT_FZYI3GI','2025-01-27 05:37:21.753445','2025-01-27 06:37:21.000000',1,'825BB225078D42F7B36E3E2E1EB1C0FA'),(724,'EYJHBGCIOIJIUZI1NIISINR5CCI6IKPXVCJ9.EYJ0B2TLBL90EXBLIJOICMVMCMVZACISIMV4CCI6MTCZODE0MJA2MCWIAWF0IJOXNZM4MDU1NJYWLCJQDGKIOIIYMTQYNGUZZMUZMMM0NGUYYTQ3YTLHMDQ0ODZJMMUZZSISINVZZXJFAWQIOJF9.RNM55IF8OZFY3GJM5Y7QPIKCZAUKNAZ5FSOCER4KMDM','2025-01-28 09:14:20.097297','2025-01-29 09:14:20.000000',1,'21424E3FE32C44E2A47A9A04486C2E3E'),(725,'EYJHBGCIOIJIUZI1NIISINR5CCI6IKPXVCJ9.EYJ0B2TLBL90EXBLIJOIC2XPZGLUZYISIMV4CCI6MTCZODA1OTI2OSWIAWF0IJOXNZM4MDU1NJY5LCJQDGKIOIIZNGIWMMRMMTLMN2M0MDE5YTM3OWZKNWVJNTI2ZTA3ZIISINJLZNJLC2HFZXHWIJOXNZM4MTQYMDY5LCJ1C2VYX2LKIJOXFQ.L892MLQLHUHK8JQSFJG1SA84LLST0QNSCAXRUNXZESA','2025-01-28 09:14:29.888073','2025-01-28 10:14:29.000000',1,'34B02DF19F7C4019A379FD5EC526E07F'),(726,'EYJHBGCIOIJIUZI1NIISINR5CCI6IKPXVCJ9.EYJ0B2TLBL90EXBLIJOICMVMCMVZACISIMV4CCI6MTCZODE0ODI0NCWIAWF0IJOXNZM4MDYXODQ0LCJQDGKIOIIWNMNIYJNIMDLMZGM0MME4YWQ2ZJHHZMEXZJGYY2UXMSISINVZZXJFAWQIOJF9.CS5DD1IGOU1QWMYQ0YHSRJ9XCK5RBTLCPJXBENV5_PI','2025-01-28 10:57:24.337322','2025-01-29 10:57:24.000000',1,'06CBB3B09FDC42A8AD6F8AFA1F82CE11'),(727,'EYJHBGCIOIJIUZI1NIISINR5CCI6IKPXVCJ9.EYJ0B2TLBL90EXBLIJOIC2XPZGLUZYISIMV4CCI6MTCZODA2NTQ0OSWIAWF0IJOXNZM4MDYXODQ5LCJQDGKIOIJMYZJKM2EZNJE2NGY0ZWZIYJDJMDA1NTY5NJZINZM5NYISINJLZNJLC2HFZXHWIJOXNZM4MTQ4MJQ5LCJ1C2VYX2LKIJOXFQ.QPAKLRSVF9HXHQTYJHFMJBL4B5XQUWPVUZMLWQJQHFC','2025-01-28 10:57:29.154202','2025-01-28 11:57:29.000000',1,'FC2D3A36164F4EFBB7C00556966B7397'),(728,'EYJHBGCIOIJIUZI1NIISINR5CCI6IKPXVCJ9.EYJ0B2TLBL90EXBLIJOICMVMCMVZACISIMV4CCI6MTCZODE2MDUWOSWIAWF0IJOXNZM4MDC0MTA5LCJQDGKIOIJMYZE4YZA0ZTDJNDC0MTDKYJYXZDRKNZA3ZTGYMJGYMYISINVZZXJFAWQIOJF9.HJHQ4BT8OXS_FRSIYN8NJVWMXEF2IO0LPT8BVJPQBBA','2025-01-28 14:21:49.551016','2025-01-29 14:21:49.000000',1,'FC18C04E7C47417DB61D4D707E822823'),(729,'EYJHBGCIOIJIUZI1NIISINR5CCI6IKPXVCJ9.EYJ0B2TLBL90EXBLIJOIC2XPZGLUZYISIMV4CCI6MTCZODA3NZCXMYWIAWF0IJOXNZM4MDC0MTEZLCJQDGKIOIJKMZIXMTZLZGQWZDQ0ZTEZYTEXOWQWOTJMYMMYMTNIZSISINJLZNJLC2HFZXHWIJOXNZM4MTYWNTEZLCJ1C2VYX2LKIJOXFQ.84IRVOQXR3PTBBJDUTYCXIIQ34TJVMAKMM2WLDVNH64','2025-01-28 14:21:53.312143','2025-01-28 15:21:53.000000',1,'D32116EDD0D44E13A119D092FBC213BE'),(730,'EYJHBGCIOIJIUZI1NIISINR5CCI6IKPXVCJ9.EYJ0B2TLBL90EXBLIJOICMVMCMVZACISIMV4CCI6MTCZODIYNDI5NCWIAWF0IJOXNZM4MTM3ODK0LCJQDGKIOII4MMQWMJZKNZCYYTI0YJC4OWE2YZCZNJG3MWVHMZLIMCISINVZZXJFAWQIOJF9.X3YTLMYKUD1-367TEEGSAPZB6CHIKUKHNM5FF54YWDS','2025-01-29 08:04:54.086954','2025-01-30 08:04:54.000000',1,'82D026D772A24B789A6C736871EA39B0'),(731,'EYJHBGCIOIJIUZI1NIISINR5CCI6IKPXVCJ9.EYJ0B2TLBL90EXBLIJOIC2XPZGLUZYISIMV4CCI6MTCZODE0MTQ5NIWIAWF0IJOXNZM4MTM3ODK2LCJQDGKIOII0YWQWNDA5Y2QYYZM0YTGYODHHYJY1NZNKMDVLMDFHMCISINJLZNJLC2HFZXHWIJOXNZM4MJI0MJK2LCJ1C2VYX2LKIJOXFQ.XMLOHKV3JOOGQG5LEDVOVH_NUJKPWQQKJYTYEOMFRLA','2025-01-29 08:04:56.631083','2025-01-29 09:04:56.000000',1,'4AD0409CD2C34A8288AB6573D05E01A0'),(732,'EYJHBGCIOIJIUZI1NIISINR5CCI6IKPXVCJ9.EYJ0B2TLBL90EXBLIJOICMVMCMVZACISIMV4CCI6MTCZODI1MZK4MCWIAWF0IJOXNZM4MTY3NTGWLCJQDGKIOIJMMJFLNJUXMWM2OGU0MME5YMY2Y2NKYTY0NTY5ZTEWYIISINVZZXJFAWQIOJF9.MLXHAYDOZOQY7TDYRYDUDLUVDIBTEZJTIDOZQ34MLBM','2025-01-29 16:19:40.743849','2025-01-30 16:19:40.000000',1,'F21E6511C68E42A9BF6CCDA64569E10B'),(733,'EYJHBGCIOIJIUZI1NIISINR5CCI6IKPXVCJ9.EYJ0B2TLBL90EXBLIJOIC2XPZGLUZYISIMV4CCI6MTCZODE3MTE4NSWIAWF0IJOXNZM4MTY3NTG1LCJQDGKIOII5NMYXMTRMNGMZZJY0ODQ5ODQ3ZTLLN2UZZDRKNDNLYIISINJLZNJLC2HFZXHWIJOXNZM4MJUZOTG1LCJ1C2VYX2LKIJOXFQ.HSFKEL8LIBC8ARO0XEOU1OPLO3XGDGCBTULBD3_7EJC','2025-01-29 16:19:45.057867','2025-01-29 17:19:45.000000',1,'96F114F4C3F64849847E9E7E3D4D43EB'),(734,'EYJHBGCIOIJIUZI1NIISINR5CCI6IKPXVCJ9.EYJ0B2TLBL90EXBLIJOICMVMCMVZACISIMV4CCI6MTCZODI5OTG1NSWIAWF0IJOXNZM4MJEZNDU1LCJQDGKIOIIZM2MYNWEWZTNINJA0MJK0YJFJNDJKZTKZMMZJNGEXNSISINVZZXJFAWQIOJF9.H2R_OYSAGYERH2QJ5TY4T2OQOI7CVLUCEWWAEBU0WC8','2025-01-30 05:04:15.087546','2025-01-31 05:04:15.000000',1,'33C25A0E3B604294B1C42DE932FC4A15'),(735,'EYJHBGCIOIJIUZI1NIISINR5CCI6IKPXVCJ9.EYJ0B2TLBL90EXBLIJOIC2XPZGLUZYISIMV4CCI6MTCZODIXNZA2MCWIAWF0IJOXNZM4MJEZNDYWLCJQDGKIOII1NDC3YJDLZTUWOWU0NJMXOGI5NWFKY2ZHMWNLMJVMYSISINJLZNJLC2HFZXHWIJOXNZM4MJK5ODYWLCJ1C2VYX2LKIJOXFQ.JW61XEG4EG2MMJA-FPTA8EECZD2SN6EY-_N6NME35V4','2025-01-30 05:04:20.982496','2025-01-30 06:04:20.000000',1,'5477B7EE509E46318B95ADCFA1CE25FA'),(736,'EYJHBGCIOIJIUZI1NIISINR5CCI6IKPXVCJ9.EYJ0B2TLBL90EXBLIJOICMVMCMVZACISIMV4CCI6MTCZODMWOTQ4NIWIAWF0IJOXNZM4MJIZMDG2LCJQDGKIOIJIZTM2YWNLMZJHZTK0YJBJODAWNMM5NMVMNTU2YWRLZIISINVZZXJFAWQIOJF9.71GLXDH_KTDNNIHVTILEPLLKFJ2B_TLLXFTULCZZJ-C','2025-01-30 07:44:46.858059','2025-01-31 07:44:46.000000',1,'BE36ACE32AE94B0C8006C96EF556ADEF'),(737,'EYJHBGCIOIJIUZI1NIISINR5CCI6IKPXVCJ9.EYJ0B2TLBL90EXBLIJOIC2XPZGLUZYISIMV4CCI6MTCZODIYNJY4OSWIAWF0IJOXNZM4MJIZMDG5LCJQDGKIOIJHMZU0MDC1YMIXOGU0YZZMYJJKMDKYMZAXZMMZMGY0NSISINJLZNJLC2HFZXHWIJOXNZM4MZA5NDG5LCJ1C2VYX2LKIJOXFQ.2ZJJOFTVQ530LTAXLSNUTN56IIZSZTH0RAVUBTAYZG0','2025-01-30 07:44:49.937327','2025-01-30 08:44:49.000000',1,'A354075BB18E4C6FB2D092301FC30F45'),(738,'EYJHBGCIOIJIUZI1NIISINR5CCI6IKPXVCJ9.EYJ0B2TLBL90EXBLIJOICMVMCMVZACISIMV4CCI6MTCZODM4NZCXNYWIAWF0IJOXNZM4MZAXMZE3LCJQDGKIOII2YZC4ZMYWNJQ3OTA0YJHMYTDKZDQXNTAXMZRHYZBKYYISINVZZXJFAWQIOJF9.HQFBLMAA5ZNIDGKAZT6SJBDCU6QGLPHWGUBXOCPIECW','2025-01-31 05:28:37.254274','2025-02-01 05:28:37.000000',1,'6C78FF0647904B8FA7DD4150134AC0DC'),(739,'EYJHBGCIOIJIUZI1NIISINR5CCI6IKPXVCJ9.EYJ0B2TLBL90EXBLIJOIC2XPZGLUZYISIMV4CCI6MTCZODMWNDKYMIWIAWF0IJOXNZM4MZAXMZIYLCJQDGKIOII3M2NHNZK3YJRKZME0Y2FIOWNLYZZJN2VLMDFKOGI3MIISINJLZNJLC2HFZXHWIJOXNZM4MZG3NZIYLCJ1C2VYX2LKIJOXFQ.XATYRPJCYWFNNFIY4LZHEAUPSWZULDQSNPEJ91IUAZ4','2025-01-31 05:28:42.339340','2025-01-31 06:28:42.000000',1,'73CA797B4DFA4CAB9CEC6C7EE01D8B72'),(740,'EYJHBGCIOIJIUZI1NIISINR5CCI6IKPXVCJ9.EYJ0B2TLBL90EXBLIJOICMVMCMVZACISIMV4CCI6MTCZODM4ODE5NYWIAWF0IJOXNZM4MZAXNZK3LCJQDGKIOIIYOWUWMZHHOGU4NZA0MMQ5ODVJZGMZNDDLOGIZMZI2ZIISINVZZXJFAWQIOJF9.D0VMJHWWVOYB9JQB137K8MOIXTOZYOPYOVROMBZP7MS','2025-01-31 05:36:37.277324','2025-02-01 05:36:37.000000',1,'29E038A8E87042D985CDC347E8B3326F'),(741,'EYJHBGCIOIJIUZI1NIISINR5CCI6IKPXVCJ9.EYJ0B2TLBL90EXBLIJOIC2XPZGLUZYISIMV4CCI6MTCZODMWNTQWNCWIAWF0IJOXNZM4MZAXODA0LCJQDGKIOII0NGUXOTBMOTYYNTA0YMYXYJEYOTA1ZDKWYZDMYTHJYIISINJLZNJLC2HFZXHWIJOXNZM4MZG4MJA0LCJ1C2VYX2LKIJOXFQ.HA-E58TYVLN2CZNFHPRTP9OFNHHYNGRQBXOJH13ZCO8','2025-01-31 05:36:44.403844','2025-01-31 06:36:44.000000',1,'44E190F962504BF1B12905D90C7FA8CB'),(742,'EYJHBGCIOIJIUZI1NIISINR5CCI6IKPXVCJ9.EYJ0B2TLBL90EXBLIJOICMVMCMVZACISIMV4CCI6MTCZODM4OTG3MSWIAWF0IJOXNZM4MZAZNDCXLCJQDGKIOIJIMJKYNZA4MDY1ZGE0YJAXOGQWNTNJMWJKOGUXY2M2ZIISINVZZXJFAWQIOJF9.EDTXDLN7EK0XDYGALHQJQOZCOLTDU8FWMUVEM6WMMNU','2025-01-31 06:04:31.110863','2025-02-01 06:04:31.000000',1,'B292708065DA4B018D053C1BD8E1CC6F'),(743,'EYJHBGCIOIJIUZI1NIISINR5CCI6IKPXVCJ9.EYJ0B2TLBL90EXBLIJOIC2XPZGLUZYISIMV4CCI6MTCZODMWNZA5OCWIAWF0IJOXNZM4MZAZNDK4LCJQDGKIOII0ZMNMOTRHNZY5N2U0YWJKODHJMMM0ODA4ZMFJNZM3YIISINJLZNJLC2HFZXHWIJOXNZM4MZG5ODK4LCJ1C2VYX2LKIJOXFQ.6NGZ7EMXK-7YCTL1KXNDYODGJFFA8WA3ZQGYVJ3PR88','2025-01-31 06:04:58.587207','2025-01-31 07:04:58.000000',1,'4FCF94A7697E4ABD88C2C4808FAC737B'),(744,'EYJHBGCIOIJIUZI1NIISINR5CCI6IKPXVCJ9.EYJ0B2TLBL90EXBLIJOICMVMCMVZACISIMV4CCI6MTCZODM5MDEYNIWIAWF0IJOXNZM4MZAZNZI2LCJQDGKIOIIYN2U0MJU3YJY5NTI0NDI2YMIXNJLKZJQ4YJQ5ZGI1MSISINVZZXJFAWQIOJF9.BFQ5IVMAP_A2FDWHWOJ5ZKSG0SZIMHNI8XTYFN1KAE8','2025-01-31 06:08:46.423707','2025-02-01 06:08:46.000000',1,'27E4257B69524426BB169DF48B49DB51'),(745,'EYJHBGCIOIJIUZI1NIISINR5CCI6IKPXVCJ9.EYJ0B2TLBL90EXBLIJOIC2XPZGLUZYISIMV4CCI6MTCZODMWNZMYOCWIAWF0IJOXNZM4MZAZNZI4LCJQDGKIOIIXYJM1OGZMNZFINDE0YWFLOGMXOWEYMTA2NTY5OTG1NCISINJLZNJLC2HFZXHWIJOXNZM4MZKWMTI4LCJ1C2VYX2LKIJOXFQ.8AGG7AUJEUMOGJQDVY4AXM8BXENC41M_MPUW-ZQQA-8','2025-01-31 06:08:48.755678','2025-01-31 07:08:48.000000',1,'1B358FF71B414AAE8C19A21065699854'),(746,'EYJHBGCIOIJIUZI1NIISINR5CCI6IKPXVCJ9.EYJ0B2TLBL90EXBLIJOICMVMCMVZACISIMV4CCI6MTCZODM5MDG3NYWIAWF0IJOXNZM4MZA0NDC3LCJQDGKIOIJJNMJIZWEZZMJHMGU0MZG4YWUZYWVKNGU5OTC2NMMWMYISINVZZXJFAWQIOJF9.FVFDU_EXI0N2NSC0LXQZ_V3LEXISPFKKK_AXQTTGSXG','2025-01-31 06:21:17.236356','2025-02-01 06:21:17.000000',1,'C6BBEA3FBA0E4388AE3AED4E99766C03'),(747,'EYJHBGCIOIJIUZI1NIISINR5CCI6IKPXVCJ9.EYJ0B2TLBL90EXBLIJOIC2XPZGLUZYISIMV4CCI6MTCZODMWODA3OSWIAWF0IJOXNZM4MZA0NDC5LCJQDGKIOIJMMJGYMJBKNTGWMDE0MWUYOTZJMZCYNJNKMDE1ZMUYYIISINJLZNJLC2HFZXHWIJOXNZM4MZKWODC5LCJ1C2VYX2LKIJOXFQ.LMI1_UN_BKMDKKITO5H5LY5NFDF8U1RHZOWHG62WB1U','2025-01-31 06:21:19.418544','2025-01-31 07:21:19.000000',1,'F28220D5800141E296C37263D015FE2B'),(748,'EYJHBGCIOIJIUZI1NIISINR5CCI6IKPXVCJ9.EYJ0B2TLBL90EXBLIJOIC2XPZGLUZYISIMV4CCI6MTCZODMWODA3OSWIAWF0IJOXNZM4MZA0NDC5LCJQDGKIOII1MZUXYZK3MJJIZJG0Y2I3OGQ2YJQ3NGUZNJVHMGRHMSISINJLZNJLC2HFZXHWIJOXNZM4MZKWODC5LCJ1C2VYX2LKIJOXFQ.-ZXTKZLBTTQ_TTLQZHQHDAITSUOTTVKZCDUWNXKLHH0','2025-01-31 06:21:19.919696','2025-01-31 07:21:19.000000',1,'5351C9722BF84CB78D6B474E365A0DA1'),(749,'EYJHBGCIOIJIUZI1NIISINR5CCI6IKPXVCJ9.EYJ0B2TLBL90EXBLIJOICMVMCMVZACISIMV4CCI6MTCZODM5MZI0MSWIAWF0IJOXNZM4MZA2ODQXLCJQDGKIOII1NTFHMTU2MJZMYZE0NMYXOWUYNZM5OTE2ZTFJNMQXOSISINVZZXJFAWQIOJF9.ATNKCRK4LOMLUE_SOWD794U_CSDIAIOXEMSPICBO6DY','2025-01-31 07:00:41.725892','2025-02-01 07:00:41.000000',1,'551A15626FC146F19E2739916E1C6D19'),(750,'EYJHBGCIOIJIUZI1NIISINR5CCI6IKPXVCJ9.EYJ0B2TLBL90EXBLIJOIC2XPZGLUZYISIMV4CCI6MTCZODMXMDQ0MYWIAWF0IJOXNZM4MZA2ODQZLCJQDGKIOII5ZMEYZMIXMZM1OTQ0MZZKOGFKYWZJNZFKNJBHYZZMMIISINJLZNJLC2HFZXHWIJOXNZM4MZKZMJQZLCJ1C2VYX2LKIJOXFQ.HCRMJ4HXFJ19PRUIOVORTHKE_OINOFKQ8LGN8QQ5D5O','2025-01-31 07:00:43.927163','2025-01-31 08:00:43.000000',1,'9FA2FB133594436D8ADAFC71D60AC6F2'),(751,'EYJHBGCIOIJIUZI1NIISINR5CCI6IKPXVCJ9.EYJ0B2TLBL90EXBLIJOIC2XPZGLUZYISIMV4CCI6MTCZODMXMDQ0NCWIAWF0IJOXNZM4MZA2ODQ0LCJQDGKIOII0YMM5MWNMY2ZKZJY0MZM0YJG2OWVKM2U1MZI0YJNIYIISINJLZNJLC2HFZXHWIJOXNZM4MZKZMJQ0LCJ1C2VYX2LKIJOXFQ.ZYWNN7A6MQIL9ZSPRG16HGDSQPS8HUNQNIWYQ0I89NW','2025-01-31 07:00:44.416965','2025-01-31 08:00:44.000000',1,'4BC91CFCFDF64334B869ED3E5324B3BB'),(752,'EYJHBGCIOIJIUZI1NIISINR5CCI6IKPXVCJ9.EYJ0B2TLBL90EXBLIJOICMVMCMVZACISIMV4CCI6MTCZODQWMDUXOSWIAWF0IJOXNZM4MZE0MTE5LCJQDGKIOII0ZGYZZDIXMZFJYME0ZGQYOWFKMZAYYZC1MJEZOWRHYIISINVZZXJFAWQIOJF9.HKFVMHJUZVVAK_9MWC00I_AZSZSMQNCYPRTZWSBC22G','2025-01-31 09:01:59.122724','2025-02-01 09:01:59.000000',1,'4DF3D2131CBA4DD29AD302C752139DAB'),(753,'EYJHBGCIOIJIUZI1NIISINR5CCI6IKPXVCJ9.EYJ0B2TLBL90EXBLIJOIC2XPZGLUZYISIMV4CCI6MTCZODMXNZCYMYWIAWF0IJOXNZM4MZE0MTIZLCJQDGKIOIJHZTC4MTC2ZDYWZJA0ZJBJOWUYOTMZYTQYYWM3ZMZIZIISINJLZNJLC2HFZXHWIJOXNZM4NDAWNTIZLCJ1C2VYX2LKIJOXFQ.QQOK04VGFK6211MO4LEENVACMXYVP6T7W3YKFVPDX1M','2025-01-31 09:02:03.018701','2025-01-31 10:02:03.000000',1,'AE78176D60F04F0C9E2933A42AC7FFBF'),(754,'EYJHBGCIOIJIUZI1NIISINR5CCI6IKPXVCJ9.EYJ0B2TLBL90EXBLIJOICMVMCMVZACISIMV4CCI6MTCZODQWMDU4MCWIAWF0IJOXNZM4MZE0MTGWLCJQDGKIOIJJYJJIYZQ4ZDJIYWI0M2NLOGNKZJDMZJE5ZDNJOGY1NCISINVZZXJFAWQIOJF9.MNDKSBNDAU0OAIO-SHTOEXDBYX9O5PUTRHCTB4WEVTQ','2025-01-31 09:03:00.884212','2025-02-01 09:03:00.000000',1,'CB2BC48D2BAB43CE8CDF7FF19D3C8F54'),(755,'EYJHBGCIOIJIUZI1NIISINR5CCI6IKPXVCJ9.EYJ0B2TLBL90EXBLIJOIC2XPZGLUZYISIMV4CCI6MTCZODMXNZC4MYWIAWF0IJOXNZM4MZE0MTGZLCJQDGKIOII3Y2EXMZU5ZJU5NGQ0NDRHODI3YWFJOWVLODU0MZJJNCISINJLZNJLC2HFZXHWIJOXNZM4NDAWNTGZLCJ1C2VYX2LKIJOXFQ.J74IGM-JBO_KVTLYTIVMQFFAPCCEWFKGELASP1HK_NA','2025-01-31 09:03:03.241056','2025-01-31 10:03:03.000000',1,'7CA1359F594D444A827AAC9EE85432C4'),(756,'EYJHBGCIOIJIUZI1NIISINR5CCI6IKPXVCJ9.EYJ0B2TLBL90EXBLIJOICMVMCMVZACISIMV4CCI6MTCZODQWMTCWNIWIAWF0IJOXNZM4MZE1MZA2LCJQDGKIOII0N2I4MMEZOTQ1OWY0OWEWYJK1MZCWY2ZLNDLJMJVMNSISINVZZXJFAWQIOJF9.BX_ZBKDUDFN1N09QBHZ5EPYAU6UD5FFA07OEHGQUOHQ','2025-01-31 09:21:46.020208','2025-02-01 09:21:46.000000',1,'47B82A39459F49A0B95370CFE49C25F5'),(757,'EYJHBGCIOIJIUZI1NIISINR5CCI6IKPXVCJ9.EYJ0B2TLBL90EXBLIJOIC2XPZGLUZYISIMV4CCI6MTCZODMXODKWOCWIAWF0IJOXNZM4MZE1MZA4LCJQDGKIOII4YTYYYZQWNJU1YWI0ZWM1ODE0OWMZMJNMMWZINDHLNIISINJLZNJLC2HFZXHWIJOXNZM4NDAXNZA4LCJ1C2VYX2LKIJOXFQ.3FNBNMNG1MW-YJALBSKGEI_ZFIW0RWBTRJ50YMT5G44','2025-01-31 09:21:48.910406','2025-01-31 10:21:48.000000',1,'8A62C40655AB4EC58149C323F1FB48E6'),(758,'EYJHBGCIOIJIUZI1NIISINR5CCI6IKPXVCJ9.EYJ0B2TLBL90EXBLIJOICMVMCMVZACISIMV4CCI6MTCZODQWNDAZOCWIAWF0IJOXNZM4MZE3NJM4LCJQDGKIOII5NWRINWM0YZU0NDQ0ZTIZYJQWZJQ3ZTQZMZG0YTMWMCISINVZZXJFAWQIOJF9.FZTWMFTAERIHDNETRPNA49ANG6EODB0N1EIMHAYX3CQ','2025-01-31 10:00:38.241402','2025-02-01 10:00:38.000000',1,'95DB5C4C54444E23B40F47E43384A300'),(759,'EYJHBGCIOIJIUZI1NIISINR5CCI6IKPXVCJ9.EYJ0B2TLBL90EXBLIJOIC2XPZGLUZYISIMV4CCI6MTCZODMYMTI0MCWIAWF0IJOXNZM4MZE3NJQWLCJQDGKIOIJKZWRMZWIWODVJZWU0MTC5ODU3OWNLZMYWYWU5NTNLOCISINJLZNJLC2HFZXHWIJOXNZM4NDA0MDQWLCJ1C2VYX2LKIJOXFQ.TTUNRWAZJ4KE7YTJCPLXCRUUKUR4HO1ZB8VWMY5HZZS','2025-01-31 10:00:40.304625','2025-01-31 11:00:40.000000',1,'DEDFEB085CEE41798579CEFF0AE953E8'),(760,'EYJHBGCIOIJIUZI1NIISINR5CCI6IKPXVCJ9.EYJ0B2TLBL90EXBLIJOICMVMCMVZACISIMV4CCI6MTCZODQWNDEZOCWIAWF0IJOXNZM4MZE3NZM4LCJQDGKIOII3YJVIOWIXODQ3NZA0YMFHODMXNJE3MGM0OGEWMGI3ZIISINVZZXJFAWQIOJF9.SE36-KJLTCEVDHEGS-W6EA5JATKNW1-GU9ZTCZ_86ZE','2025-01-31 10:02:18.888470','2025-02-01 10:02:18.000000',1,'7B5B9B1847704BAA8316170C48A00B7F'),(761,'EYJHBGCIOIJIUZI1NIISINR5CCI6IKPXVCJ9.EYJ0B2TLBL90EXBLIJOIC2XPZGLUZYISIMV4CCI6MTCZODMYMTM0MIWIAWF0IJOXNZM4MZE3NZQYLCJQDGKIOIIZZJDINJZHZJVMMMI0NWM5OTKXYTRJNJI0ZMJLNMIWNYISINJLZNJLC2HFZXHWIJOXNZM4NDA0MTQYLCJ1C2VYX2LKIJOXFQ.6EWTNG02EZIDBJPJCBXSCTFE_IDMMLPCOFCUG7G-XKK','2025-01-31 10:02:22.502038','2025-01-31 11:02:22.000000',1,'3F7B66AF5F2B45C9991A4C624FBE6B07'),(762,'EYJHBGCIOIJIUZI1NIISINR5CCI6IKPXVCJ9.EYJ0B2TLBL90EXBLIJOICMVMCMVZACISIMV4CCI6MTCZODQXMDEYNIWIAWF0IJOXNZM4MZIZNZI2LCJQDGKIOIJLYTM3MDDJYTGWZJI0OGUYOWFJZJBHMJY5NGZIMJCYOCISINVZZXJFAWQIOJF9.WJ5BXPIJLFW4WLMBFVAUQOKJIDZ8DRS-IXY114EVKAC','2025-01-31 11:42:06.635331','2025-02-01 11:42:06.000000',1,'EA3707CA80F248E29ACF0A2694FB2728'),(763,'EYJHBGCIOIJIUZI1NIISINR5CCI6IKPXVCJ9.EYJ0B2TLBL90EXBLIJOIC2XPZGLUZYISIMV4CCI6MTCZODMYNZMZMCWIAWF0IJOXNZM4MZIZNZMWLCJQDGKIOIJINGQ5MTIYNMY2ZJQ0MJI4ODNKNMRKYMZJZJC4YZMYYIISINJLZNJLC2HFZXHWIJOXNZM4NDEWMTMWLCJ1C2VYX2LKIJOXFQ.RCP804VDAISPGHCNJI_Z_IKL0PA1ANNHUS5MFLH4P7Q','2025-01-31 11:42:10.125674','2025-01-31 12:42:10.000000',1,'B4D91226F6F4422883D6DDBFCF78C32B'),(764,'EYJHBGCIOIJIUZI1NIISINR5CCI6IKPXVCJ9.EYJ0B2TLBL90EXBLIJOICMVMCMVZACISIMV4CCI6MTCZODQ2OTK1NIWIAWF0IJOXNZM4MZGZNTU2LCJQDGKIOIJHYJDJNDG1YZGWYJM0NZJKOTIZNZFMNTFJNDU5ZTDIOSISINVZZXJFAWQIOJF9.JEP1JU8E6CKV49QEKYWX5KIW1EVPHAUOKT3AJJSXVJC','2025-02-01 04:19:16.835033','2025-02-02 04:19:16.000000',1,'AB7C485C80B3472D92371F51C459E7B9'),(765,'EYJHBGCIOIJIUZI1NIISINR5CCI6IKPXVCJ9.EYJ0B2TLBL90EXBLIJOIC2XPZGLUZYISIMV4CCI6MTCZODM4NZE2MCWIAWF0IJOXNZM4MZGZNTYWLCJQDGKIOII2NGQWMMNJMMI5NJU0NMVHOTLKMTKWMGYZODG1ZGFLNIISINJLZNJLC2HFZXHWIJOXNZM4NDY5OTYWLCJ1C2VYX2LKIJOXFQ.JG1_9LNVGEGPDAFVA3KV4_JIDKR6K-5QW_3AJN7DZ9E','2025-02-01 04:19:20.789186','2025-02-01 05:19:20.000000',1,'64D02CC2B96546EA99D1900F3885DAE6'),(766,'EYJHBGCIOIJIUZI1NIISINR5CCI6IKPXVCJ9.EYJ0B2TLBL90EXBLIJOICMVMCMVZACISIMV4CCI6MTCZODQ3MDE3MIWIAWF0IJOXNZM4MZGZNZCYLCJQDGKIOIJHNZUWZDY3NMNHMWU0NZG1YMRJOWNLZDIWMMZIYWI2MYISINVZZXJFAWQIOJF9.QSKK13JJDPOD9R_V4PP4NYNEHADNAYX9VTYYMXAF9AW','2025-02-01 04:22:52.601189','2025-02-02 04:22:52.000000',1,'A750D676CA1E4785BDC9CED202FBAB63'),(767,'EYJHBGCIOIJIUZI1NIISINR5CCI6IKPXVCJ9.EYJ0B2TLBL90EXBLIJOIC2XPZGLUZYISIMV4CCI6MTCZODM4NZM3OSWIAWF0IJOXNZM4MZGZNZC5LCJQDGKIOIIZNMIXMDZMNTJMOWM0NZVJYTEYZDAWOWQ4YZNIZJCWNCISINJLZNJLC2HFZXHWIJOXNZM4NDCWMTC5LCJ1C2VYX2LKIJOXFQ.S6DHJVXRX-LRXUOAKMEZCZ6-DKSXC9GPTOKVLXM47HC','2025-02-01 04:22:59.682843','2025-02-01 05:22:59.000000',1,'36B106F52F9C475CA12D009D8C3BF704'),(768,'EYJHBGCIOIJIUZI1NIISINR5CCI6IKPXVCJ9.EYJ0B2TLBL90EXBLIJOICMVMCMVZACISIMV4CCI6MTCZODQ3MZU2MCWIAWF0IJOXNZM4MZG3MTYWLCJQDGKIOIJMNDQ0NWI2MJLMNGQ0NJJIODIZZTY4ZMRIM2QWYTUXOCISINVZZXJFAWQIOJF9.K1VGDMGOWQ6JUUCDPD-ZP6THHD-VW8A3TV6JU-BSYGA','2025-02-01 05:19:20.513516','2025-02-02 05:19:20.000000',1,'F4445B629F4D462B823E68FDB3D0A518'),(769,'EYJHBGCIOIJIUZI1NIISINR5CCI6IKPXVCJ9.EYJ0B2TLBL90EXBLIJOIC2XPZGLUZYISIMV4CCI6MTCZODM5MDC2MYWIAWF0IJOXNZM4MZG3MTYZLCJQDGKIOIJLMGNMNWI0NDRJNTU0M2NLOTY4ZMY4ZJA0ZGU4MDFINIISINJLZNJLC2HFZXHWIJOXNZM4NDCZNTYZLCJ1C2VYX2LKIJOXFQ.IVMTYNFJZDS2M06SB_-5FXHUR7PTKVCDKWWMDRIBJ4Y','2025-02-01 05:19:23.488037','2025-02-01 06:19:23.000000',1,'E0CF5B444C5543CE968FF8F04DE801B6'),(770,'EYJHBGCIOIJIUZI1NIISINR5CCI6IKPXVCJ9.EYJ0B2TLBL90EXBLIJOICMVMCMVZACISIMV4CCI6MTCZODQ5ODE5NYWIAWF0IJOXNZM4NDEXNZK3LCJQDGKIOIJKOGFMNDVMZDG5ZTE0NDU3OTLJMDZIY2Q1NJI2ZDM2NCISINVZZXJFAWQIOJF9.6U4KRCXJ-AB5XFG4WCJXVFQFSO4RC0SUVFUHPHVLQA4','2025-02-01 12:09:57.334075','2025-02-02 12:09:57.000000',1,'D8AF45FD89E1445799C06BCD5626D364'),(771,'EYJHBGCIOIJIUZI1NIISINR5CCI6IKPXVCJ9.EYJ0B2TLBL90EXBLIJOIC2XPZGLUZYISIMV4CCI6MTCZODQXNTM5OSWIAWF0IJOXNZM4NDEXNZK5LCJQDGKIOIIZZMIWOGU4MTKWZMY0OGMWODU1NGMXYZE1MMZHMWE2NIISINJLZNJLC2HFZXHWIJOXNZM4NDK4MTK5LCJ1C2VYX2LKIJOXFQ._8XVVQTF1EEMX45OV7RTUW3IVDOPIT3_YSPOBJPMRDK','2025-02-01 12:09:59.847472','2025-02-01 13:09:59.000000',1,'3FB08E8190FF48C08554C1C152FA1A66'),(772,'EYJHBGCIOIJIUZI1NIISINR5CCI6IKPXVCJ9.EYJ0B2TLBL90EXBLIJOICMVMCMVZACISIMV4CCI6MTCZODU2MTYYNCWIAWF0IJOXNZM4NDC1MJI0LCJQDGKIOIJLNMJJYJI4YMY5YJY0YTMWOTUYM2E2MZLMYJG1NJZINCISINVZZXJFAWQIOJF9.CNXP8RN34JZ6SBTKQGHMTFHRBRPCBP9-HEGSAB58B_8','2025-02-02 05:47:04.514795','2025-02-03 05:47:04.000000',1,'E6BCB28BF9B64A309523A639FB8566B4'),(773,'EYJHBGCIOIJIUZI1NIISINR5CCI6IKPXVCJ9.EYJ0B2TLBL90EXBLIJOIC2XPZGLUZYISIMV4CCI6MTCZODQ3ODGYOSWIAWF0IJOXNZM4NDC1MJI5LCJQDGKIOIJJMWI1ZTAXOGIZOWE0N2QYYJHLZJE5NTQ3NGI3ZTI5YYISINJLZNJLC2HFZXHWIJOXNZM4NTYXNJI5LCJ1C2VYX2LKIJOXFQ.FPHUVDT2YX2ZMZ0WQSSCIRRP9W-7LAMMKAMTCRFYHP0','2025-02-02 05:47:09.621350','2025-02-02 06:47:09.000000',1,'C1B5E018B39A47D2B8EF195474B7E29C'),(774,'EYJHBGCIOIJIUZI1NIISINR5CCI6IKPXVCJ9.EYJ0B2TLBL90EXBLIJOICMVMCMVZACISIMV4CCI6MTCZODU2MZEYNIWIAWF0IJOXNZM4NDC2NZI2LCJQDGKIOII2ZJQWMWZLMJC0MMQ0MMNHOTVHODRHN2JLYJK5MZKZMYISINVZZXJFAWQIOJF9.D7P9P9PBR3-G4S7K2MUADROIH1HS-53OJIB-THHABQU','2025-02-02 06:12:06.155994','2025-02-03 06:12:06.000000',1,'6F401FE2742D42CA95A84A7BEB993933'),(775,'EYJHBGCIOIJIUZI1NIISINR5CCI6IKPXVCJ9.EYJ0B2TLBL90EXBLIJOIC2XPZGLUZYISIMV4CCI6MTCZODQ4MDMZMCWIAWF0IJOXNZM4NDC2NZMWLCJQDGKIOIJJYMEWNGM4MJGZNWI0ZTG1YJC0ZJVMZDM1MJGYM2Y4NYISINJLZNJLC2HFZXHWIJOXNZM4NTYZMTMWLCJ1C2VYX2LKIJOXFQ.7C6GDIFGYIDMAIZP_GT5LAW2QLX0V5YDAXXI6GXDEA4','2025-02-02 06:12:10.740471','2025-02-02 07:12:10.000000',1,'CBA04C82835B4E85B74F5FD352823F87'),(776,'EYJHBGCIOIJIUZI1NIISINR5CCI6IKPXVCJ9.EYJ0B2TLBL90EXBLIJOICMVMCMVZACISIMV4CCI6MTCZODU2MZYXMYWIAWF0IJOXNZM4NDC3MJEZLCJQDGKIOIJMOGYYNDNMNGY0NJU0MZBJODI1MDK4NTE0ZMM2NGE0MCISINVZZXJFAWQIOJF9.YSOR56CIFP0R0LD77SDOQYM6-GO_W8UJJIGGL-PRKSK','2025-02-02 06:20:13.788854','2025-02-03 06:20:13.000000',1,'F8F243F4F465430C825098514FC64A40'),(777,'EYJHBGCIOIJIUZI1NIISINR5CCI6IKPXVCJ9.EYJ0B2TLBL90EXBLIJOIC2XPZGLUZYISIMV4CCI6MTCZODQ4MDGXNYWIAWF0IJOXNZM4NDC3MJE3LCJQDGKIOIJHODIWZJRKODZHMJC0NJKWOGM4YZAZOWU5ZDI5MMFJZIISINJLZNJLC2HFZXHWIJOXNZM4NTYZNJE3LCJ1C2VYX2LKIJOXFQ.VUQKJP6DSVXKIIMXDYCOWK7PDVIKD-CA2XAGIYR3USY','2025-02-02 06:20:17.203231','2025-02-02 07:20:17.000000',1,'A820F4D86A2746908C8C039E9D292ACF'),(778,'EYJHBGCIOIJIUZI1NIISINR5CCI6IKPXVCJ9.EYJ0B2TLBL90EXBLIJOICMVMCMVZACISIMV4CCI6MTCZODU4MTA5MYWIAWF0IJOXNZM4NDK0NJKZLCJQDGKIOIJMOTZHNTMXZDU0MZG0MDEYODMXODGWNJA4OWNMYTUZOSISINVZZXJFAWQIOJF9.RT72GQJ4ZTKYJ25OZSOGNPODL5_2AAZZ1JSH6FQPPR4','2025-02-02 11:11:33.489702','2025-02-03 11:11:33.000000',1,'F96A531D543840128318806089CFA539'),(779,'EYJHBGCIOIJIUZI1NIISINR5CCI6IKPXVCJ9.EYJ0B2TLBL90EXBLIJOIC2XPZGLUZYISIMV4CCI6MTCZODQ5ODI5NIWIAWF0IJOXNZM4NDK0NJK2LCJQDGKIOIJJNTEWYJLKMJBMZTY0NGMXYTDINWQYODC1N2U4NZZMNIISINJLZNJLC2HFZXHWIJOXNZM4NTGXMDK2LCJ1C2VYX2LKIJOXFQ.H931LM3W9NCP0XU0Q8PX4A1PNOFYV1SEKJ9FXIWLPMY','2025-02-02 11:11:36.018113','2025-02-02 12:11:36.000000',1,'C510B9D20FE644C1A7B5D28757E876F6'),(780,'EYJHBGCIOIJIUZI1NIISINR5CCI6IKPXVCJ9.EYJ0B2TLBL90EXBLIJOICMVMCMVZACISIMV4CCI6MTCZODY1OTC2MSWIAWF0IJOXNZM4NTCZMZYXLCJQDGKIOII2ZMZKZWRLYMVLZGU0YWQXODE0MWZMZWVKM2M3MDLJMIISINVZZXJFAWQIOJF9.AAOUFRQCPYRKO3RZLI1AOSOYGLCD2LEITEUFRVCSOCU','2025-02-03 09:02:41.497198','2025-02-04 09:02:41.000000',1,'6FFDEDEBEEDE4AD18141FFEED3C709C2'),(781,'EYJHBGCIOIJIUZI1NIISINR5CCI6IKPXVCJ9.EYJ0B2TLBL90EXBLIJOIC2XPZGLUZYISIMV4CCI6MTCZODU3NJK2MYWIAWF0IJOXNZM4NTCZMZYZLCJQDGKIOII4N2I3MTE3MDMZNTE0NZCWYJG3NTC0OWY4OWY3OTC5NSISINJLZNJLC2HFZXHWIJOXNZM4NJU5NZYZLCJ1C2VYX2LKIJOXFQ.AOE_XPXGDDD2K0DHDYLRYR2LIK9PAPGS0KIOFMEKQ-4','2025-02-03 09:02:43.064122','2025-02-03 10:02:43.000000',1,'87B7117033514770B875749F89F79795'),(782,'EYJHBGCIOIJIUZI1NIISINR5CCI6IKPXVCJ9.EYJ0B2TLBL90EXBLIJOICMVMCMVZACISIMV4CCI6MTCZODY2MTQYNCWIAWF0IJOXNZM4NTC1MDI0LCJQDGKIOIIYNJLJNJG3YMMWZMM0NGEXODGXZJJHNGJKZTI0NZFHOSISINVZZXJFAWQIOJF9.HK3AVEHL_ZDQPPP3NVHGIVJYRNUHY7TIMCFS6DRZO5S','2025-02-03 09:30:24.171684','2025-02-04 09:30:24.000000',1,'269C687BC0FC44A1881F2A4BDE2471A9'),(783,'EYJHBGCIOIJIUZI1NIISINR5CCI6IKPXVCJ9.EYJ0B2TLBL90EXBLIJOIC2XPZGLUZYISIMV4CCI6MTCZODU3ODYYNIWIAWF0IJOXNZM4NTC1MDI2LCJQDGKIOIJIZWM2NGE5NGY1Y2U0MDZKYWJHYZJJYWQ2N2E2YTBKYSISINJLZNJLC2HFZXHWIJOXNZM4NJYXNDI2LCJ1C2VYX2LKIJOXFQ.TDQ_RXKTWIBKPX4G0I-ARQ1ULO_5ALEO3AHFADTDP8Y','2025-02-03 09:30:26.929050','2025-02-03 10:30:26.000000',1,'BEC64A94F5CE406DABAC2CAD67A6A0DA'),(784,'EYJHBGCIOIJIUZI1NIISINR5CCI6IKPXVCJ9.EYJ0B2TLBL90EXBLIJOICMVMCMVZACISIMV4CCI6MTCZODGZMDQYMSWIAWF0IJOXNZM4NZQ0MDIXLCJQDGKIOIJJODDMZTEXYTC0YZI0Y2Y3ODUYMMRIZWVMZMQ0MWFIZIISINVZZXJFAWQIOJF9.NB6885SZ2LBBXHXAZRHV1SYDTFY1FC5RWAGHTK6M0QO','2025-02-05 08:27:01.368125','2025-02-06 08:27:01.000000',1,'C87FE11A74C24CF78522DBEEFFD41ABF'),(785,'EYJHBGCIOIJIUZI1NIISINR5CCI6IKPXVCJ9.EYJ0B2TLBL90EXBLIJOIC2XPZGLUZYISIMV4CCI6MTCZODC0NZYYNSWIAWF0IJOXNZM4NZQ0MDI1LCJQDGKIOIJMNTU4ZWVMMJA4YZI0MWNIOTG0NZEZZTA5YWQXYMU4ZCISINJLZNJLC2HFZXHWIJOXNZM4ODMWNDI1LCJ1C2VYX2LKIJOXFQ.3PZFR7NEENPXYVCNVCXZUD-3TTL0_WQK0MKBUSVK_8O','2025-02-05 08:27:05.813274','2025-02-05 09:27:05.000000',1,'F558EEF208C241CB984713E09AD1BE8D'),(786,'EYJHBGCIOIJIUZI1NIISINR5CCI6IKPXVCJ9.EYJ0B2TLBL90EXBLIJOICMVMCMVZACISIMV4CCI6MTCZODKXODQ0MCWIAWF0IJOXNZM4ODMYMDQWLCJQDGKIOII4ZWEYOTBMM2E4NTG0ZTIWYWNIZJNKNMVMMMVMOWNJYYISINVZZXJFAWQIOJF9.R-D2MUANS0UMA3T5OH1J9LUMH5LLQLJ5MUI1EQIT2LU','2025-02-06 08:54:00.356159','2025-02-07 08:54:00.000000',1,'8EA290F3A8584E20ACBF3D6EF2EF9CCC'),(787,'EYJHBGCIOIJIUZI1NIISINR5CCI6IKPXVCJ9.EYJ0B2TLBL90EXBLIJOIC2XPZGLUZYISIMV4CCI6MTCZODGZNTY0NCWIAWF0IJOXNZM4ODMYMDQ0LCJQDGKIOIIZN2Q0MWJLMTY1ZMU0MWEZOWVIMDCYNDHINZI5ZDVLNIISINJLZNJLC2HFZXHWIJOXNZM4OTE4NDQ0LCJ1C2VYX2LKIJOXFQ._BPKFM4B3UJV5QHWQTFEZ6H3TN312WYQBWV7PPRDJOM','2025-02-06 08:54:04.018987','2025-02-06 09:54:04.000000',1,'37D41BE165FE41A39EB07248B729D5E6'),(788,'EYJHBGCIOIJIUZI1NIISINR5CCI6IKPXVCJ9.EYJ0B2TLBL90EXBLIJOICMVMCMVZACISIMV4CCI6MTCZOTAXNTAYNCWIAWF0IJOXNZM4OTI4NJI0LCJQDGKIOIJMNMNMZJUZNJAXNTY0NZHLOGFLMTZKMGQ5MGU0MZYWMIISINVZZXJFAWQIOJF9.3-P_W_GWYMQ3Y5NTR_HGOVWXXVZHPJR1DX28SHMXZNQ','2025-02-07 11:43:44.928339','2025-02-08 11:43:44.000000',1,'F6CFF5360156478E8AE16D0D90E43602'),(789,'EYJHBGCIOIJIUZI1NIISINR5CCI6IKPXVCJ9.EYJ0B2TLBL90EXBLIJOIC2XPZGLUZYISIMV4CCI6MTCZODKZMJIYNYWIAWF0IJOXNZM4OTI4NJI3LCJQDGKIOIIZNJG2ZWQ2MDLKZDI0NWVJYJE0NDVHZGM0OTFJNGQXZIISINJLZNJLC2HFZXHWIJOXNZM5MDE1MDI3LCJ1C2VYX2LKIJOXFQ.EGP6EAFFWPA-CPY0CZWOEJIG1D6QE4ROT2BE_UUKDTM','2025-02-07 11:43:47.844825','2025-02-07 12:43:47.000000',1,'3686ED609DD245ECB1445ADC491C4D1F'),(790,'EYJHBGCIOIJIUZI1NIISINR5CCI6IKPXVCJ9.EYJ0B2TLBL90EXBLIJOICMVMCMVZACISIMV4CCI6MTCZOTA3NJUWMCWIAWF0IJOXNZM4OTKWMTAWLCJQDGKIOIIZYZI3MDG1YMZIOWY0ZMFJOGM2NGIXYJAYOWQ4OWM1NSISINVZZXJFAWQIOJF9.WCIGKYTEK2CC4PACMXITDSC3V-BLR8CH79JCSQEEEGY','2025-02-08 04:48:20.178655','2025-02-09 04:48:20.000000',1,'3C27085BFB9F4FAC8C64B1B029D89C55'),(791,'EYJHBGCIOIJIUZI1NIISINR5CCI6IKPXVCJ9.EYJ0B2TLBL90EXBLIJOIC2XPZGLUZYISIMV4CCI6MTCZODK5MZCWMYWIAWF0IJOXNZM4OTKWMTAZLCJQDGKIOII4YTI0ZTJLNJK5NTK0YTAWYJYZMJRINWUXYWQYODBLNYISINJLZNJLC2HFZXHWIJOXNZM5MDC2NTAZLCJ1C2VYX2LKIJOXFQ.0AKFLZCLU9I6RFPBM8NAJ1FUHBO7EZL0BFNSRMKHRVG','2025-02-08 04:48:23.621749','2025-02-08 05:48:23.000000',1,'8A24E2E699594A00B6324B5E1AD280E7'),(792,'EYJHBGCIOIJIUZI1NIISINR5CCI6IKPXVCJ9.EYJ0B2TLBL90EXBLIJOICMVMCMVZACISIMV4CCI6MTCZOTA3NJUYNSWIAWF0IJOXNZM4OTKWMTI1LCJQDGKIOIIXNJA0NJE0MMVHYJE0N2EWOTC4ZWI2NTIXZDVHZDBLMYISINVZZXJFAWQIOJF9.R2UUBIE1IDBIGBKHYRUFOZUWGXMD1N7WB-I0NUWSEUK','2025-02-08 04:48:45.057623','2025-02-09 04:48:45.000000',1,'16046142EAB147A0978EB6521D5AD0E3'),(793,'EYJHBGCIOIJIUZI1NIISINR5CCI6IKPXVCJ9.EYJ0B2TLBL90EXBLIJOIC2XPZGLUZYISIMV4CCI6MTCZODK5MZCYOSWIAWF0IJOXNZM4OTKWMTI5LCJQDGKIOII1N2NKMGQ1YTDIOTC0ZDNLYWU5MDI2MJG3NGE1YTFLNYISINJLZNJLC2HFZXHWIJOXNZM5MDC2NTI5LCJ1C2VYX2LKIJOXFQ.XKDYONQS3M8S5HDFSUBGKSIZBXPDMH45ITIFMXD4RPW','2025-02-08 04:48:49.979959','2025-02-08 05:48:49.000000',1,'57CD0D5A7B974D3EAE90262874A5A1E7'),(794,'EYJHBGCIOIJIUZI1NIISINR5CCI6IKPXVCJ9.EYJ0B2TLBL90EXBLIJOICMVMCMVZACISIMV4CCI6MTCZOTA3NJU4MCWIAWF0IJOXNZM4OTKWMTGWLCJQDGKIOIJMMZKXNZRJYZC5MGI0ZDJHOWE5YMUXODHLN2VMMJEYNIISINVZZXJFAWQIOJF9.BIGWESJCVGRT3QDORCC5SVBFYALESL0PNSCU1ZJYZGM','2025-02-08 04:49:40.796215','2025-02-09 04:49:40.000000',1,'F39174CC790B4D2A9A9BE188E7EF2126'),(795,'EYJHBGCIOIJIUZI1NIISINR5CCI6IKPXVCJ9.EYJ0B2TLBL90EXBLIJOIC2XPZGLUZYISIMV4CCI6MTCZODK5MZC4NCWIAWF0IJOXNZM4OTKWMTG0LCJQDGKIOIJKNDC4ZGYZNJEYM2U0MTE5YJAWYTHIOGY5ZGRMODMXMCISINJLZNJLC2HFZXHWIJOXNZM5MDC2NTG0LCJ1C2VYX2LKIJOXFQ.GUBNHMR6IXX2QGYWII-PM7KXBO-LRVYS6VXQTO7EVOI','2025-02-08 04:49:44.006038','2025-02-08 05:49:44.000000',1,'D478DF36123E4119B00A8B8F9DDF8310'),(796,'EYJHBGCIOIJIUZI1NIISINR5CCI6IKPXVCJ9.EYJ0B2TLBL90EXBLIJOICMVMCMVZACISIMV4CCI6MTCZOTA3NJK4MSWIAWF0IJOXNZM4OTKWNTGXLCJQDGKIOIJMYTE4YMM3ZWQ2NDQ0MZHMOWZIZGFKOWM3NGFLYJVHMSISINVZZXJFAWQIOJF9.4PZXYDDIX1Z1CB2B8M1K7YWDEPYIFWCA7HGTJ2FSGH4','2025-02-08 04:56:21.777225','2025-02-09 04:56:21.000000',1,'FA18BC7ED644438F9FBDAD9C74AEB5A1'),(797,'EYJHBGCIOIJIUZI1NIISINR5CCI6IKPXVCJ9.EYJ0B2TLBL90EXBLIJOIC2XPZGLUZYISIMV4CCI6MTCZODK5NDE4NYWIAWF0IJOXNZM4OTKWNTG3LCJQDGKIOIJIOWQ0M2M0NJLJYME0MWMWYJK2NJHINZIYMTG4MZHIZCISINJLZNJLC2HFZXHWIJOXNZM5MDC2OTG3LCJ1C2VYX2LKIJOXFQ.TUWBC6TXKNRV6Y-LY9Q3QF07LL7MCOUP_ONXEMKZVQY','2025-02-08 04:56:27.888288','2025-02-08 05:56:27.000000',1,'B9D43C469CBA41C0B9668B72218838BD'),(798,'EYJHBGCIOIJIUZI1NIISINR5CCI6IKPXVCJ9.EYJ0B2TLBL90EXBLIJOICMVMCMVZACISIMV4CCI6MTCZOTA3OTC0MCWIAWF0IJOXNZM4OTKZMZQWLCJQDGKIOIJLNGEXMJEWYTY3ZGQ0MDY0ODI2OTG3N2Q1OWZIOGFJYSISINVZZXJFAWQIOJF9.LCQ1M6MHWJXPGEO_5GF8UAD8RXGHVFGRJM9W9BVEX5W','2025-02-08 05:42:20.385114','2025-02-09 05:42:20.000000',1,'E4A1210A67DD40648269877D59FB8ACA'),(799,'EYJHBGCIOIJIUZI1NIISINR5CCI6IKPXVCJ9.EYJ0B2TLBL90EXBLIJOICMVMCMVZACISIMV4CCI6MTCZOTA3OTC0NIWIAWF0IJOXNZM4OTKZMZQ2LCJQDGKIOII2MZFKOTDKNJHMMZE0MTMYYJVHNTLKZTQYOWMYYZMXZSISINVZZXJFAWQIOJF9.JONRZ-XRDCC9ZRCM7YGFEDDMUD7IELTF3ZAEUWQ_AW4','2025-02-08 05:42:26.474667','2025-02-09 05:42:26.000000',1,'631D97D68F314132B5A59DE429C2C31E'),(800,'EYJHBGCIOIJIUZI1NIISINR5CCI6IKPXVCJ9.EYJ0B2TLBL90EXBLIJOIC2XPZGLUZYISIMV4CCI6MTCZODK5NJK1NYWIAWF0IJOXNZM4OTKZMZU3LCJQDGKIOIJLYWI1YMUZNTLKMWE0MDBIOWNMNMQ1ZGEXNWNJN2I1MIISINJLZNJLC2HFZXHWIJOXNZM5MDC5NZU3LCJ1C2VYX2LKIJOXFQ.DVSHJ3C9TAUJ1GBRIV4T5QNGOG71ZUKSISUUXUH2MTI','2025-02-08 05:42:37.369856','2025-02-08 06:42:37.000000',1,'EAB5BE359D1A400B9CF6D5DA15CC7B52'),(801,'EYJHBGCIOIJIUZI1NIISINR5CCI6IKPXVCJ9.EYJ0B2TLBL90EXBLIJOIC2XPZGLUZYISIMV4CCI6MTCZOTAWMDI3MCWIAWF0IJOXNZM4OTK2NJCWLCJQDGKIOIJJMZGZNZA2OTNLNTU0NMNMOWZLYZNHNMU1YJGXMWJJYSISINJLZNJLC2HFZXHWIJOXNZM5MDGZMDCWLCJ1C2VYX2LKIJOXFQ.YT8KFQ5ILP8NPFAJ1KYTNING3I2HAOTPFDW297M518S','2025-02-08 06:37:50.749483','2025-02-08 07:37:50.000000',1,'C38370693E5546CF9FEC3A6E5B811BCA'),(802,'EYJHBGCIOIJIUZI1NIISINR5CCI6IKPXVCJ9.EYJ0B2TLBL90EXBLIJOIC2XPZGLUZYISIMV4CCI6MTCZOTAWMDI3MCWIAWF0IJOXNZM4OTK2NJCWLCJQDGKIOIJHNDK4YWFHOTCWM2U0MWIZYMQ0ZDFJODQ1M2VKOTQ1MSISINJLZNJLC2HFZXHWIJOXNZM5MDGZMDCWLCJ1C2VYX2LKIJOXFQ.3VAW5RXOEMLUXIBXWVAUSLVTANUYHXIPIIOEQWOG_MU','2025-02-08 06:37:50.767558','2025-02-08 07:37:50.000000',1,'A498AAA9703E41B3BD4D1C8453ED9451'),(803,'EYJHBGCIOIJIUZI1NIISINR5CCI6IKPXVCJ9.EYJ0B2TLBL90EXBLIJOIC2XPZGLUZYISIMV4CCI6MTCZOTAWMDI3MCWIAWF0IJOXNZM4OTK2NJCWLCJQDGKIOIJKOTMXMWM1YTM2OTE0ODIYYMJLODE4M2I2YMYYMGFKMYISINJLZNJLC2HFZXHWIJOXNZM5MDGZMDCWLCJ1C2VYX2LKIJOXFQ.HORKJRSY2V9WDSOIO9UTQRZHPVL8XF9AUML7WGPUF1A','2025-02-08 06:37:50.838757','2025-02-08 07:37:50.000000',1,'D9311C5A36914822BBE8183B6BF20AD3'),(804,'EYJHBGCIOIJIUZI1NIISINR5CCI6IKPXVCJ9.EYJ0B2TLBL90EXBLIJOICMVMCMVZACISIMV4CCI6MTCZOTA5MZU2MCWIAWF0IJOXNZM5MDA3MTYWLCJQDGKIOII3NTE2ZDE0M2MZOGY0OWRJYJHMY2E5NJY5M2UWZMVKMIISINVZZXJFAWQIOJF9.JFUGUSDPCMQ8HUGHHRL4VCUQ77JOZB5YD7FIOLGXLES','2025-02-08 09:32:40.288255','2025-02-09 09:32:40.000000',1,'7516D143C38F49DCB8FCA96693E0FED2'),(805,'EYJHBGCIOIJIUZI1NIISINR5CCI6IKPXVCJ9.EYJ0B2TLBL90EXBLIJOIC2XPZGLUZYISIMV4CCI6MTCZOTAXMDC2OCWIAWF0IJOXNZM5MDA3MTY4LCJQDGKIOIJLYWUXZGQ4ZJFKMME0NZG5OTQ3YWVIZDLMMWRHZDA2MIISINJLZNJLC2HFZXHWIJOXNZM5MDKZNTY4LCJ1C2VYX2LKIJOXFQ.MPJJRHLB-XNFYFGIUFBCYUBIOXGE9COV0R5UHCSEF3G','2025-02-08 09:32:48.028158','2025-02-08 10:32:48.000000',1,'EAE1DD8F1D2A4789947AEBD9F1DAD062'),(806,'EYJHBGCIOIJIUZI1NIISINR5CCI6IKPXVCJ9.EYJ0B2TLBL90EXBLIJOICMVMCMVZACISIMV4CCI6MTCZOTE2MJE4MIWIAWF0IJOXNZM5MDC1NZGYLCJQDGKIOIJLY2Y2ZGVIM2Q3OGQ0NGZLYMNJMJM5MDMXMZVLYTNIOCISINVZZXJFAWQIOJF9.ADOOZ1OT13IWECQJISYHZVDRY4VPPXHQTVCINK820B4','2025-02-09 04:36:22.594708','2025-02-10 04:36:22.000000',1,'ECF6DEB3D78D44FEBCC23903135EA3B8'),(807,'EYJHBGCIOIJIUZI1NIISINR5CCI6IKPXVCJ9.EYJ0B2TLBL90EXBLIJOIC2XPZGLUZYISIMV4CCI6MTCZOTA3OTM4OSWIAWF0IJOXNZM5MDC1NZG5LCJQDGKIOIIZMMQ1ZDU3YZZINZU0ZJMZOGRKZTY0NZZMYTFKNGFJOSISINJLZNJLC2HFZXHWIJOXNZM5MTYYMTG5LCJ1C2VYX2LKIJOXFQ.8X9QDZQA3DJ9DWREF8E0IJCAGPSLOZQHFMQVJ7D__LU','2025-02-09 04:36:29.379902','2025-02-09 05:36:29.000000',1,'32D5D57C6B754F338DDE6476FA1D4AC9'),(808,'EYJHBGCIOIJIUZI1NIISINR5CCI6IKPXVCJ9.EYJ0B2TLBL90EXBLIJOICMVMCMVZACISIMV4CCI6MTCZOTE2MZAYOSWIAWF0IJOXNZM5MDC2NJI5LCJQDGKIOII3NDLMYZBINDJJYZE0YJGYOGJIOTIYMMQYODQWODC2ZIISINVZZXJFAWQIOJF9.6K615XIYOUMWBDP2MQT22WICUQOAEQPL50QRGRZKPME','2025-02-09 04:50:29.232318','2025-02-10 04:50:29.000000',1,'749FC0B42CC14B828BB9222D2840876F'),(809,'EYJHBGCIOIJIUZI1NIISINR5CCI6IKPXVCJ9.EYJ0B2TLBL90EXBLIJOIC2XPZGLUZYISIMV4CCI6MTCZOTA4MDIZMYWIAWF0IJOXNZM5MDC2NJMZLCJQDGKIOII0NDUWYJVKOTY0MZE0YJHMYJC2MTRLZJNKNZBJNDDLNIISINJLZNJLC2HFZXHWIJOXNZM5MTYZMDMZLCJ1C2VYX2LKIJOXFQ.KNVZPLTGVJ4PVDVFO8KSVVTPDXIUFY5FQKV_F15JWPC','2025-02-09 04:50:33.076602','2025-02-09 05:50:33.000000',1,'4450B5D964314B8FB7614EF3D70C47E6'),(810,'EYJHBGCIOIJIUZI1NIISINR5CCI6IKPXVCJ9.EYJ0B2TLBL90EXBLIJOICMVMCMVZACISIMV4CCI6MTCZOTE4MJQ5OCWIAWF0IJOXNZM5MDK2MDK4LCJQDGKIOIJKY2E3NTMXZDIZN2E0NMY5YTG3ZTVMZJRHMTRIOGE4YSISINVZZXJFAWQIOJF9.Q86PVW0WRBCYYJCFUP89EGHWNGVSXGKXTIQAXCH5FOM','2025-02-09 10:14:58.899957','2025-02-10 10:14:58.000000',1,'DCA7531D237A46F9A87E5FF4A14B8A8A'),(811,'EYJHBGCIOIJIUZI1NIISINR5CCI6IKPXVCJ9.EYJ0B2TLBL90EXBLIJOIC2XPZGLUZYISIMV4CCI6MTCZOTA5OTCWMSWIAWF0IJOXNZM5MDK2MTAXLCJQDGKIOIJKMDC0NTIWYWZJMWU0ZJIYYJQ3OTCXMZY2NWEXYTK0YIISINJLZNJLC2HFZXHWIJOXNZM5MTGYNTAXLCJ1C2VYX2LKIJOXFQ.YO8LGLBOXLMQHAKEBQLDVEGVMGOGVWNIFPMT9CBVG3Y','2025-02-09 10:15:01.466928','2025-02-09 11:15:01.000000',1,'D074520AFC1E4F22B479713665A1A94B'),(812,'EYJHBGCIOIJIUZI1NIISINR5CCI6IKPXVCJ9.EYJ0B2TLBL90EXBLIJOICMVMCMVZACISIMV4CCI6MTCZOTE4NJKXOCWIAWF0IJOXNZM5MTAWNTE4LCJQDGKIOII2MJRHZGM0OTQXNWU0ZJGYYTIZMZFHNDLMOGI0MJI2YYISINVZZXJFAWQIOJF9.PAZ6XUKNDV_D0EJVWDNBTZUPMW6JTUICTO1H7CLOBIA','2025-02-09 11:28:38.641576','2025-02-10 11:28:38.000000',1,'624ADC49415E4F82A2331A49F8B4226C'),(813,'EYJHBGCIOIJIUZI1NIISINR5CCI6IKPXVCJ9.EYJ0B2TLBL90EXBLIJOIC2XPZGLUZYISIMV4CCI6MTCZOTEWNDEYMIWIAWF0IJOXNZM5MTAWNTIYLCJQDGKIOIJIOTVLZDM5ODQ5NJY0NZHKYMU4ZWIWYMM5ZTQYMDQ3MYISINJLZNJLC2HFZXHWIJOXNZM5MTG2OTIYLCJ1C2VYX2LKIJOXFQ.VSBS-ULTT6L4FZ9FISU0FY-UATRA6OOKNSO9JXXG60M','2025-02-09 11:28:42.175509','2025-02-09 12:28:42.000000',1,'B95ED3984966478DBE8EB0BC9E420473'),(814,'EYJHBGCIOIJIUZI1NIISINR5CCI6IKPXVCJ9.EYJ0B2TLBL90EXBLIJOICMVMCMVZACISIMV4CCI6MTCZOTE4NJKZMCWIAWF0IJOXNZM5MTAWNTMWLCJQDGKIOIJHYME3NTQXYTNJMWM0OTHKYME4YJY3M2MYOWZLOTU0OCISINVZZXJFAWQIOJF9.OZLKJ-VBHXNV1NKD5-F54TGHZZF_FVSBEWQJFVXBUDK','2025-02-09 11:28:50.011434','2025-02-10 11:28:50.000000',1,'ABA7541A3C1C498DBA8B673C29FE9548'),(815,'EYJHBGCIOIJIUZI1NIISINR5CCI6IKPXVCJ9.EYJ0B2TLBL90EXBLIJOIC2XPZGLUZYISIMV4CCI6MTCZOTEWNDEZMIWIAWF0IJOXNZM5MTAWNTMYLCJQDGKIOIIYNJVKODKWMZKWZTC0NJY5OTAWYJA3NZU1MDYYNTG4YYISINJLZNJLC2HFZXHWIJOXNZM5MTG2OTMYLCJ1C2VYX2LKIJOXFQ.OW0RYPCBK9AHYXIDXP9YSOV7NHONKUUKMR-4HWG9CJA','2025-02-09 11:28:52.904806','2025-02-09 12:28:52.000000',1,'265D890390E74669900B07755062588C'),(816,'EYJHBGCIOIJIUZI1NIISINR5CCI6IKPXVCJ9.EYJ0B2TLBL90EXBLIJOICMVMCMVZACISIMV4CCI6MTCZOTE4NZIYNYWIAWF0IJOXNZM5MTAWODI3LCJQDGKIOIJLNJE4OTCZYZZIZJK0MZNJYMJJNZM1MDLLZJA1YJE1NSISINVZZXJFAWQIOJF9.XW9SGUL0PVR9VFNFSLDCJI5RCW-BZJ6MVKUC0USUSVM','2025-02-09 11:33:47.588239','2025-02-10 11:33:47.000000',1,'E618973C6BF9433CBBC73509EF05B155'),(817,'EYJHBGCIOIJIUZI1NIISINR5CCI6IKPXVCJ9.EYJ0B2TLBL90EXBLIJOIC2XPZGLUZYISIMV4CCI6MTCZOTEWNDQZMSWIAWF0IJOXNZM5MTAWODMXLCJQDGKIOIJKNZU5MJRMMWM4NWU0ZDMWYTBMMZKWMMIZZGJMYTC0YIISINJLZNJLC2HFZXHWIJOXNZM5MTG3MJMXLCJ1C2VYX2LKIJOXFQ.IQLEYQGQRJH0IVPMA4_YN-N06MG_E0PIJYAJI3TXOZO','2025-02-09 11:33:51.843261','2025-02-09 12:33:51.000000',1,'D75924F1C85E4D30A0F3902B3DBFA74B'),(818,'EYJHBGCIOIJIUZI1NIISINR5CCI6IKPXVCJ9.EYJ0B2TLBL90EXBLIJOICMVMCMVZACISIMV4CCI6MTCZOTI1OTY3NSWIAWF0IJOXNZM5MTCZMJC1LCJQDGKIOIJMNTRKZDZHNTQ4NZC0OGQ3ODC0YMEYM2ZMNTJJNJEWNCISINVZZXJFAWQIOJF9.5WXIF38ZVUSTKGCOBRXKFEGNDPWMGF-IYUG4COPPTPO','2025-02-10 07:41:15.762321','2025-02-11 07:41:15.000000',1,'F54DD6A5487748D7874BA23FF52C6104'),(819,'EYJHBGCIOIJIUZI1NIISINR5CCI6IKPXVCJ9.EYJ0B2TLBL90EXBLIJOIC2XPZGLUZYISIMV4CCI6MTCZOTE3NJG3OCWIAWF0IJOXNZM5MTCZMJC4LCJQDGKIOIIWY2RIODFINZQ0ODK0MDA4YWQYMTKYYZBKODMXY2M5YYISINJLZNJLC2HFZXHWIJOXNZM5MJU5NJC4LCJ1C2VYX2LKIJOXFQ.TOQXVYZFAMDTVE-AGA-9TE4NXD5CXGZXFITDQTXZIL4','2025-02-10 07:41:18.624744','2025-02-10 08:41:18.000000',1,'0CDB81B744894008AD2192C0D831CC9C'),(820,'EYJHBGCIOIJIUZI1NIISINR5CCI6IKPXVCJ9.EYJ0B2TLBL90EXBLIJOICMVMCMVZACISIMV4CCI6MTCZOTI2NDK3NIWIAWF0IJOXNZM5MTC4NTC2LCJQDGKIOII1NWNKNDJJMJFJM2Y0OTFIOTC5NTVJYJCYNME1YTG2MIISINVZZXJFAWQIOJF9.1NCTHVLECMBJXFJWWX-ZJ8_1YISPMTE9QOLA8QAF9GO','2025-02-10 09:09:36.566298','2025-02-11 09:09:36.000000',1,'55CD42C21C3F491B97955CB726A5A862'),(821,'EYJHBGCIOIJIUZI1NIISINR5CCI6IKPXVCJ9.EYJ0B2TLBL90EXBLIJOIC2XPZGLUZYISIMV4CCI6MTCZOTE4MJE3OCWIAWF0IJOXNZM5MTC4NTC4LCJQDGKIOIJHYJQXZWQ0YZFLODY0MJDJYJI1NGNLNDA3MDC5NDDJOSISINJLZNJLC2HFZXHWIJOXNZM5MJY0OTC4LCJ1C2VYX2LKIJOXFQ.ESWFM8NOQTZNOJOVO0H_GVXZJRGQHD_TOZV2PI5IYMK','2025-02-10 09:09:38.601154','2025-02-10 10:09:38.000000',1,'AB41ED4C1E86427CB254CE40707947C9'),(822,'EYJHBGCIOIJIUZI1NIISINR5CCI6IKPXVCJ9.EYJ0B2TLBL90EXBLIJOICMVMCMVZACISIMV4CCI6MTCZOTI2NTG4NYWIAWF0IJOXNZM5MTC5NDG3LCJQDGKIOII4YWQXYTHMM2E4MZA0OGY4YJEXMJFIN2E5ZGRKYZA1YYISINVZZXJFAWQIOJF9.DUM5SUE6A6WXPRBPUXMD5MY2JFHBNJ4KY13QRGPHDLE','2025-02-10 09:24:47.434251','2025-02-11 09:24:47.000000',1,'8AD1A8F3A83048F8B1121B7A9DDDC05C'),(823,'EYJHBGCIOIJIUZI1NIISINR5CCI6IKPXVCJ9.EYJ0B2TLBL90EXBLIJOIC2XPZGLUZYISIMV4CCI6MTCZOTE4MZA5MCWIAWF0IJOXNZM5MTC5NDKWLCJQDGKIOIJHYMNIY2VHMDY0MZG0ZDY4ODFLYZVJYWM5NTJIZTY5MSISINJLZNJLC2HFZXHWIJOXNZM5MJY1ODKWLCJ1C2VYX2LKIJOXFQ.DFCQH2KE7BGVGKOMAHEWIRZRGVDP8KS3-HQKLLG_QNK','2025-02-10 09:24:50.767431','2025-02-10 10:24:50.000000',1,'ABCBCEA064384D6881EC5CAC952BE691'),(824,'EYJHBGCIOIJIUZI1NIISINR5CCI6IKPXVCJ9.EYJ0B2TLBL90EXBLIJOIC2XPZGLUZYISIMV4CCI6MTCZOTE4MZA5MSWIAWF0IJOXNZM5MTC5NDKXLCJQDGKIOII0M2FLMZRIZJCXMZY0OTLKYMRHMJY2NDHLZTQ5MGUWNCISINJLZNJLC2HFZXHWIJOXNZM5MJY1ODKXLCJ1C2VYX2LKIJOXFQ.L2ZTMUVWSAY7STGUOV3LEVQ0ZDKB-YEOOSLTOGNB_CG','2025-02-10 09:24:51.224551','2025-02-10 10:24:51.000000',1,'43AE34BF7136499DBDA26648EE490E04'),(825,'EYJHBGCIOIJIUZI1NIISINR5CCI6IKPXVCJ9.EYJ0B2TLBL90EXBLIJOICMVMCMVZACISIMV4CCI6MTCZOTI3NJM2NYWIAWF0IJOXNZM5MTG5OTY3LCJQDGKIOIIYM2U2MGEYNDYYMWE0YZRMYME5ZJNHOWVJMDCZOTIXZIISINVZZXJFAWQIOJF9.XLOR0OOMZ4QEIYDAF9YJVB0XBEIWX-EWUI2HISR1EQY','2025-02-10 12:19:27.970097','2025-02-11 12:19:27.000000',1,'23E60A24621A4C4FBA9F3A9EC073921F'),(826,'EYJHBGCIOIJIUZI1NIISINR5CCI6IKPXVCJ9.EYJ0B2TLBL90EXBLIJOIC2XPZGLUZYISIMV4CCI6MTCZOTE5MZU3MCWIAWF0IJOXNZM5MTG5OTCWLCJQDGKIOIIWZJY5MZVKYTFHYTE0YZHMYTKYOGE5MMM3YJMYNTLHOCISINJLZNJLC2HFZXHWIJOXNZM5MJC2MZCWLCJ1C2VYX2LKIJOXFQ.EEUJ9KITZTBWAPRLDOQOOA3GBLNEJBWFRZWLXFIILXC','2025-02-10 12:19:30.508544','2025-02-10 13:19:30.000000',1,'0F6935DA1AA14C8FA928A92C7B3259A8'),(827,'EYJHBGCIOIJIUZI1NIISINR5CCI6IKPXVCJ9.EYJ0B2TLBL90EXBLIJOICMVMCMVZACISIMV4CCI6MTCZOTI3NZE4NIWIAWF0IJOXNZM5MTKWNZG2LCJQDGKIOIIWYMI0ZJNJOTCYY2U0ODRKYTEYMZK1NTE5YZGYZWVJOCISINVZZXJFAWQIOJF9.37HVH2RHO4PCYZTHIB8ZSXBRUGUBC4P8CCSTTI2ZXDW','2025-02-10 12:33:06.593973','2025-02-11 12:33:06.000000',1,'0BB4F3C972CE484DA12395519C82EEC8'),(828,'EYJHBGCIOIJIUZI1NIISINR5CCI6IKPXVCJ9.EYJ0B2TLBL90EXBLIJOIC2XPZGLUZYISIMV4CCI6MTCZOTE5NDM4OSWIAWF0IJOXNZM5MTKWNZG5LCJQDGKIOII1Y2VJMTEZY2Y1OTE0NZK2YMQ3YTCXOGJMNGYZOTVMZCISINJLZNJLC2HFZXHWIJOXNZM5MJC3MTG5LCJ1C2VYX2LKIJOXFQ.DOWKX2LVHF0KFGLQCUPYBZJ4-A3MHMMSGRLAXWNRMPK','2025-02-10 12:33:09.480085','2025-02-10 13:33:09.000000',1,'5CEC113CF5914796BD7A718BF4F395FD'),(829,'EYJHBGCIOIJIUZI1NIISINR5CCI6IKPXVCJ9.EYJ0B2TLBL90EXBLIJOICMVMCMVZACISIMV4CCI6MTCZOTMZODQYNSWIAWF0IJOXNZM5MJUYMDI1LCJQDGKIOII0ZMI3YJCXMJEWMGY0M2M4YJVHNZCZZJCYMMNMZJY4MCISINVZZXJFAWQIOJF9.IGIJRRPINTQD5UB5PXI6EV2JECLFABTIR2MDMLYZS5O','2025-02-11 05:33:45.072497','2025-02-12 05:33:45.000000',1,'4FB7B712100F43C8B5A773F722CFF680'),(830,'EYJHBGCIOIJIUZI1NIISINR5CCI6IKPXVCJ9.EYJ0B2TLBL90EXBLIJOIC2XPZGLUZYISIMV4CCI6MTCZOTI1NTYYOCWIAWF0IJOXNZM5MJUYMDI4LCJQDGKIOII5YJK4M2ZHNZK3MJE0YTY4ODE3ODZLZGZIOWZHNMU3ZCISINJLZNJLC2HFZXHWIJOXNZM5MZM4NDI4LCJ1C2VYX2LKIJOXFQ.5336_XD0YRVTRP7L_G5WHCD9OMPPMY9RME2B2NKOTRM','2025-02-11 05:33:48.847273','2025-02-11 06:33:48.000000',1,'9B983FA797214A6881786EDFB9FA6E7D'),(831,'EYJHBGCIOIJIUZI1NIISINR5CCI6IKPXVCJ9.EYJ0B2TLBL90EXBLIJOICMVMCMVZACISIMV4CCI6MTCZOTMZODQ1MSWIAWF0IJOXNZM5MJUYMDUXLCJQDGKIOII0MDDHNTI4ZTCYYZK0YWYXOWMZYZDLYTHLMWI2ZGZJYYISINVZZXJFAWQIOJF9.GUFGSVCURYCKIHC5BYYWUSMH6RWZCHIFLM3EZWXOVTQ','2025-02-11 05:34:11.081681','2025-02-12 05:34:11.000000',1,'407A528E72C94AF19C3C7EA8E1B6DFCC'),(832,'EYJHBGCIOIJIUZI1NIISINR5CCI6IKPXVCJ9.EYJ0B2TLBL90EXBLIJOIC2XPZGLUZYISIMV4CCI6MTCZOTI1NTY1NSWIAWF0IJOXNZM5MJUYMDU1LCJQDGKIOIJKN2VJYZGXMTVHZMY0ZDAYODA0ODAYNJM0OTFHM2NIZSISINJLZNJLC2HFZXHWIJOXNZM5MZM4NDU1LCJ1C2VYX2LKIJOXFQ.LPVQRQMY8GXFOTIQKN3HDUB3STCQAXQBMKSSLWB_3-0','2025-02-11 05:34:15.080182','2025-02-11 06:34:15.000000',1,'D7ECC8115AFF4D0280480263491A3CBE'),(833,'EYJHBGCIOIJIUZI1NIISINR5CCI6IKPXVCJ9.EYJ0B2TLBL90EXBLIJOICMVMCMVZACISIMV4CCI6MTCZOTQYMTAXNIWIAWF0IJOXNZM5MZM0NJE2LCJQDGKIOIJHY2M4YTY5YMI3OWY0ZTC5ODRLZJKWYJY5N2JLMTAWZCISINVZZXJFAWQIOJF9.NOK2U6MSQ04WAFZP4FUDXLJHWBC2EW6FYMXZFOSL5GA','2025-02-12 04:30:16.161718','2025-02-13 04:30:16.000000',1,'ACC8A69BB79F4E7984EF90B697BE100D'),(834,'EYJHBGCIOIJIUZI1NIISINR5CCI6IKPXVCJ9.EYJ0B2TLBL90EXBLIJOIC2XPZGLUZYISIMV4CCI6MTCZOTMZODIXOCWIAWF0IJOXNZM5MZM0NJE4LCJQDGKIOIJKYJMXN2FIZWJMNTU0NTE1ODU5Y2E5NZG5ZWM0ZDKYZIISINJLZNJLC2HFZXHWIJOXNZM5NDIXMDE4LCJ1C2VYX2LKIJOXFQ.F6BLKVQNYAFBCDB4M9BDZNVXR7GGVWUO_W96R7R3WXY','2025-02-12 04:30:18.777647','2025-02-12 05:30:18.000000',1,'DB317ABEBF554515859CA9789EC4D92F'),(835,'EYJHBGCIOIJIUZI1NIISINR5CCI6IKPXVCJ9.EYJ0B2TLBL90EXBLIJOICMVMCMVZACISIMV4CCI6MTCZOTQ0MJGZMSWIAWF0IJOXNZM5MZU2NDMXLCJQDGKIOIJINDIWOWM4MGJKMDG0YZI5OWQ5ODLMZDGYMTZMN2QWYSISINVZZXJFAWQIOJF9.CTUW5HTCPN4VJOCK4X0YXRMJAS3LCYHT0FZEMQIGIHK','2025-02-12 10:33:51.507205','2025-02-13 10:33:51.000000',1,'B4209C80BD084C299D989FD8216F7D0A'),(836,'EYJHBGCIOIJIUZI1NIISINR5CCI6IKPXVCJ9.EYJ0B2TLBL90EXBLIJOIC2XPZGLUZYISIMV4CCI6MTCZOTM2MDAZMYWIAWF0IJOXNZM5MZU2NDMZLCJQDGKIOIIWMJFJZTAZMZZLMJQ0MGJMOTM0MTKYNTI1MTLJYZYYYYISINJLZNJLC2HFZXHWIJOXNZM5NDQYODMZLCJ1C2VYX2LKIJOXFQ.QIDJKX9GCU5KHUK7JEM3MZGMKO6MZ5QOLBCM_NT_VDY','2025-02-12 10:33:53.918534','2025-02-12 11:33:53.000000',1,'021CE0336E2440BF93419252519CC62C'),(837,'EYJHBGCIOIJIUZI1NIISINR5CCI6IKPXVCJ9.EYJ0B2TLBL90EXBLIJOICMVMCMVZACISIMV4CCI6MTCZOTQ0MZAYNSWIAWF0IJOXNZM5MZU2NJI1LCJQDGKIOIJKODGZOTEYZDK0MJK0NZQ2ODYXZJKWZTHKYMNKYWUYZSISINVZZXJFAWQIOJF9.PAWTKZ7ZPKHETE6OPYGFCFPFNEP9-QMW8-C8CKHUI3G','2025-02-12 10:37:05.295851','2025-02-13 10:37:05.000000',1,'D883912D94294746861F90E8DBCDAE2E'),(838,'EYJHBGCIOIJIUZI1NIISINR5CCI6IKPXVCJ9.EYJ0B2TLBL90EXBLIJOIC2XPZGLUZYISIMV4CCI6MTCZOTM2MDIYNYWIAWF0IJOXNZM5MZU2NJI3LCJQDGKIOIJKMZBKYTAZNDFLMZQ0MJE2YTMYZGY3OTY5ZGVHMWM4OSISINJLZNJLC2HFZXHWIJOXNZM5NDQZMDI3LCJ1C2VYX2LKIJOXFQ.M9LZPPKF_KXSRYY55AHBAHEBRTFMIIDEOYLDL1FE0Y4','2025-02-12 10:37:07.807246','2025-02-12 11:37:07.000000',1,'D30DA0341E344216A32DF7969DEA1C89'),(839,'EYJHBGCIOIJIUZI1NIISINR5CCI6IKPXVCJ9.EYJ0B2TLBL90EXBLIJOICMVMCMVZACISIMV4CCI6MTCZOTQ0NZGZNSWIAWF0IJOXNZM5MZYXNDM1LCJQDGKIOIJJOTDHYWZHYZU0MTM0Y2FKOWRMZGJLMDK2NZCZMGUZMYISINVZZXJFAWQIOJF9.CUI4GMJEEEX0-KHWPTFVIYIZSSNUIO4Q6J7C3XGY2M4','2025-02-12 11:57:15.891257','2025-02-13 11:57:15.000000',1,'C97AAFAC54134CAD9DFDBE0967730E33'),(840,'EYJHBGCIOIJIUZI1NIISINR5CCI6IKPXVCJ9.EYJ0B2TLBL90EXBLIJOIC2XPZGLUZYISIMV4CCI6MTCZOTM2NTAZOCWIAWF0IJOXNZM5MZYXNDM4LCJQDGKIOIJKZGFMMGZJMJM3YJG0MTU5YJA1MZMXZWZKYTYYYMQ1ZSISINJLZNJLC2HFZXHWIJOXNZM5NDQ3ODM4LCJ1C2VYX2LKIJOXFQ.AZOA_DKVTXHDDEOHFPIZAPF-DT6M65GTMSBFUVURH50','2025-02-12 11:57:18.436966','2025-02-12 12:57:18.000000',1,'DDAF0FC237B84159B05331EFDA62BD5E'),(841,'EYJHBGCIOIJIUZI1NIISINR5CCI6IKPXVCJ9.EYJ0B2TLBL90EXBLIJOICMVMCMVZACISIMV4CCI6MTCZOTUWNTGXMYWIAWF0IJOXNZM5NDE5NDEZLCJQDGKIOII5ZGYWODCYYWQXOWI0ODZKYMQZMDYYN2MYZTM4MTC4MIISINVZZXJFAWQIOJF9.QO7TNGQZDZZWBNNLRG1OELWVKXUHJ5MA2VF59TYMHB4','2025-02-13 04:03:33.541825','2025-02-14 04:03:33.000000',1,'9DF0872AD19B486DBD30627C2E381782'),(842,'EYJHBGCIOIJIUZI1NIISINR5CCI6IKPXVCJ9.EYJ0B2TLBL90EXBLIJOIC2XPZGLUZYISIMV4CCI6MTCZOTQYMZAZMSWIAWF0IJOXNZM5NDE5NDMXLCJQDGKIOII2ZJRIMTE1ZMNHZJK0ZJM4OTM3NDA2MTYYNZHIODE2NYISINJLZNJLC2HFZXHWIJOXNZM5NTA1ODMXLCJ1C2VYX2LKIJOXFQ.OUM5YAM7QA_SJM92JIXOAPSGT1QSW-MSBE-3EFPZ_XC','2025-02-13 04:03:51.431633','2025-02-13 05:03:51.000000',1,'6F4B115FCAF94F3893740616278B8167'),(843,'EYJHBGCIOIJIUZI1NIISINR5CCI6IKPXVCJ9.EYJ0B2TLBL90EXBLIJOICMVMCMVZACISIMV4CCI6MTCZOTUWOTU0MSWIAWF0IJOXNZM5NDIZMTQXLCJQDGKIOII0MTEWODFLM2I5Y2I0ZDGXYWYXYZAZNZNKYZHIYMFIZIISINVZZXJFAWQIOJF9.JWB8SWQMMAS1LAGYPADN9VPNNEY_E93QMNHVRUZ6SJI','2025-02-13 05:05:41.644323','2025-02-14 05:05:41.000000',1,'411081E3B9CB4D81AF1C0373DC8BBABF'),(844,'EYJHBGCIOIJIUZI1NIISINR5CCI6IKPXVCJ9.EYJ0B2TLBL90EXBLIJOIC2XPZGLUZYISIMV4CCI6MTCZOTQYNJC0MYWIAWF0IJOXNZM5NDIZMTQZLCJQDGKIOIIWZDVHOTK5OGRKMTC0YWFLODU3ZGNKYMRIN2M2OWM2NCISINJLZNJLC2HFZXHWIJOXNZM5NTA5NTQZLCJ1C2VYX2LKIJOXFQ.9ZA7-ZXPGC7TRZT516MURCJENXD8XD8MFETT4VZO4SO','2025-02-13 05:05:43.691718','2025-02-13 06:05:43.000000',1,'0D5A9998DD174AAE857DCDBDB7C69C64'),(845,'EYJHBGCIOIJIUZI1NIISINR5CCI6IKPXVCJ9.EYJ0B2TLBL90EXBLIJOICMVMCMVZACISIMV4CCI6MTCZOTUXMJYYMCWIAWF0IJOXNZM5NDI2MJIWLCJQDGKIOII4YTUWMWNLYZC0ZWE0MGQWYJMXMZJLNZG1NTJLMMU3YSISINVZZXJFAWQIOJF9.VZF_VE2QH7R_DPMEPYOIXILTDGWCXZHF2RKQQPB1VR0','2025-02-13 05:57:00.898673','2025-02-14 05:57:00.000000',1,'8A501CEC74EA40D0B3132E78552E2E7A'),(846,'EYJHBGCIOIJIUZI1NIISINR5CCI6IKPXVCJ9.EYJ0B2TLBL90EXBLIJOIC2XPZGLUZYISIMV4CCI6MTCZOTQYOTGYMYWIAWF0IJOXNZM5NDI2MJIZLCJQDGKIOII3YZBHZMVLZJZJZJQ0NJFMOGQ5ZMUWZGNLNDQWNWZIZIISINJLZNJLC2HFZXHWIJOXNZM5NTEYNJIZLCJ1C2VYX2LKIJOXFQ.I9CAJKNNZIRQEGMUFPGYVZICE5EEF9VIBC5GCA9WASY','2025-02-13 05:57:03.992422','2025-02-13 06:57:03.000000',1,'7C0AFEEF6CF4461F8D9FE0DCE4405FBF'),(847,'EYJHBGCIOIJIUZI1NIISINR5CCI6IKPXVCJ9.EYJ0B2TLBL90EXBLIJOICMVMCMVZACISIMV4CCI6MTCZOTUZMZG2MYWIAWF0IJOXNZM5NDQ3NDYZLCJQDGKIOIJKYTY3ZJFLNDDMZJY0MTHJOTU0YTYWMGE5ZTKYN2JKMYISINVZZXJFAWQIOJF9.W7WCF2GKHTVCISXLEJGHPOALXUALB6QU9JSUQ301ENO','2025-02-13 11:51:03.312283','2025-02-14 11:51:03.000000',1,'DA67F1E47FF6418C954A600A9E927BD3'),(848,'EYJHBGCIOIJIUZI1NIISINR5CCI6IKPXVCJ9.EYJ0B2TLBL90EXBLIJOIC2XPZGLUZYISIMV4CCI6MTCZOTQ1MTA2NIWIAWF0IJOXNZM5NDQ3NDY2LCJQDGKIOII1OTDKODIXMZFHOGU0NJA3OWYXN2NJNWEYYZA3MDHINCISINJLZNJLC2HFZXHWIJOXNZM5NTMZODY2LCJ1C2VYX2LKIJOXFQ.F6APHXS47GPVB6CIPVP1AQQ2MKKB1WJK5V1FOSCHT0C','2025-02-13 11:51:06.387560','2025-02-13 12:51:06.000000',1,'597D82131A8E46079F17CC5A2C0708B4'),(849,'EYJHBGCIOIJIUZI1NIISINR5CCI6IKPXVCJ9.EYJ0B2TLBL90EXBLIJOIC2XPZGLUZYISIMV4CCI6MTCZOTQ1MTA2NIWIAWF0IJOXNZM5NDQ3NDY2LCJQDGKIOIJLZJUZNZC3ZJZLZWY0ZTZLYJYZNTIWMJFMZJI4NTNIMIISINJLZNJLC2HFZXHWIJOXNZM5NTMZODY2LCJ1C2VYX2LKIJOXFQ.EUM91YO6U29DZE3WITWDWXY_HECGM9F7BGANNVNUCUE','2025-02-13 11:51:06.848539','2025-02-13 12:51:06.000000',1,'EF53777F6EEF4E6EB6352021FF2853B2'),(850,'EYJHBGCIOIJIUZI1NIISINR5CCI6IKPXVCJ9.EYJ0B2TLBL90EXBLIJOICMVMCMVZACISIMV4CCI6MTCZOTUZNZCWMYWIAWF0IJOXNZM5NDUXMZAZLCJQDGKIOII1ZJQ5YWVMNJFLYWM0NZZLYTY1MJQXZGY0M2EYM2UZNCISINVZZXJFAWQIOJF9.YYPGMITPRE9IXQEHETRMR_B0X4PBTHIINKZEO51GYR8','2025-02-13 12:55:03.995973','2025-02-14 12:55:03.000000',1,'5F49AEF61EAC476EA65241DF43A23E34'),(851,'EYJHBGCIOIJIUZI1NIISINR5CCI6IKPXVCJ9.EYJ0B2TLBL90EXBLIJOIC2XPZGLUZYISIMV4CCI6MTCZOTQ1NDKXMCWIAWF0IJOXNZM5NDUXMZEWLCJQDGKIOIIZMGVKM2I2YZLLNTM0MTKWYWE4Y2UZOGQ4YMVKM2IYMSISINJLZNJLC2HFZXHWIJOXNZM5NTM3NZEWLCJ1C2VYX2LKIJOXFQ.8ONACQJZQRCDMIZGA4WBXFJRH1UHOUXBYGCCNLXEJRU','2025-02-13 12:55:10.689524','2025-02-13 13:55:10.000000',1,'30ED3B6C9E534190AA8CE38D8BED3B21'),(852,'EYJHBGCIOIJIUZI1NIISINR5CCI6IKPXVCJ9.EYJ0B2TLBL90EXBLIJOICMVMCMVZACISIMV4CCI6MTCZOTUZODMZMSWIAWF0IJOXNZM5NDUXOTMXLCJQDGKIOIIWNZC3NGJLM2EXN2Y0ODI5OTVJNGFKMTLHM2MXYTQWYYISINVZZXJFAWQIOJF9.SHBNOBFWXKIT8I-ORNWKEWO-H75FF_DAJJU3IURFQBC','2025-02-13 13:05:31.650016','2025-02-14 13:05:31.000000',1,'07774BE3A17F482995C4AD19A3C1A40C'),(853,'EYJHBGCIOIJIUZI1NIISINR5CCI6IKPXVCJ9.EYJ0B2TLBL90EXBLIJOIC2XPZGLUZYISIMV4CCI6MTCZOTQ1NTUZNYWIAWF0IJOXNZM5NDUXOTM3LCJQDGKIOIIWMTQWNWM3ZDUYYTA0NDE4YMIWYWJMZTU0ZGI2YMQXMCISINJLZNJLC2HFZXHWIJOXNZM5NTM4MZM3LCJ1C2VYX2LKIJOXFQ.401SF7SXPI6-NFLQPTBOTGHOLJVR7LKW6KBFKYZP6OE','2025-02-13 13:05:37.467622','2025-02-13 14:05:37.000000',1,'01405C7D52A04418BB0ABFE54DB6BD10'),(854,'EYJHBGCIOIJIUZI1NIISINR5CCI6IKPXVCJ9.EYJ0B2TLBL90EXBLIJOICMVMCMVZACISIMV4CCI6MTCZOTUZODC1NIWIAWF0IJOXNZM5NDUYMZU2LCJQDGKIOIJLNWY2YJVHNJG1OGY0MGNLYJFHYWI3NTDHZTNINJNLNIISINVZZXJFAWQIOJF9.ETJRLD1Q4DYDK-GOCTACW7Z8S9JETBPMCYR7PAXJTPE','2025-02-13 13:12:36.943695','2025-02-14 13:12:36.000000',1,'E5F6B5A6858F40CEB1AAB757AE3B63E6'),(855,'EYJHBGCIOIJIUZI1NIISINR5CCI6IKPXVCJ9.EYJ0B2TLBL90EXBLIJOIC2XPZGLUZYISIMV4CCI6MTCZOTQ1NTK2MCWIAWF0IJOXNZM5NDUYMZYWLCJQDGKIOIJINZA5YJZHNTFKOTU0ZDGXYJK0MWIZZJC1NJC3NZVMNIISINJLZNJLC2HFZXHWIJOXNZM5NTM4NZYWLCJ1C2VYX2LKIJOXFQ.0ZAFRU2-19NNGZ9SRAY39SUGK6HMZQ4TN9RLAXXKCG0','2025-02-13 13:12:40.467697','2025-02-13 14:12:40.000000',1,'B709B6A51D954D81B941B3F7567775F6'),(856,'EYJHBGCIOIJIUZI1NIISINR5CCI6IKPXVCJ9.EYJ0B2TLBL90EXBLIJOIC2XPZGLUZYISIMV4CCI6MTCZOTQ1OTI3OSWIAWF0IJOXNZM5NDU1NJC5LCJQDGKIOII0MZLJM2VLMGQ4ZMM0YJMXOWY3OTRMMDI4ODRLNDJJMCISINJLZNJLC2HFZXHWIJOXNZM5NTQYMDC5LCJ1C2VYX2LKIJOXFQ.WQ5FMYK7A7RKJAGEWY_MVZWUGXA5OUAAMMMVHLG0DTM','2025-02-13 14:07:59.743979','2025-02-13 15:07:59.000000',1,'439C3EE0D8FC4B319F794F02884E42C0'),(857,'EYJHBGCIOIJIUZI1NIISINR5CCI6IKPXVCJ9.EYJ0B2TLBL90EXBLIJOIC2XPZGLUZYISIMV4CCI6MTCZOTQ1OTI3OSWIAWF0IJOXNZM5NDU1NJC5LCJQDGKIOIJHMWNLYWM0OWE5OGY0YZEWOGU4MGNJZJIWMWU5YJZMMYISINJLZNJLC2HFZXHWIJOXNZM5NTQYMDC5LCJ1C2VYX2LKIJOXFQ.GFQBBVJLIF0UKQUWNSID9CK2JT7DQ1PMF-_XWSJKWFS','2025-02-13 14:07:59.759333','2025-02-13 15:07:59.000000',1,'A1CEAC49A98F4C108E80CCF201E9B6F3'),(858,'EYJHBGCIOIJIUZI1NIISINR5CCI6IKPXVCJ9.EYJ0B2TLBL90EXBLIJOIC2XPZGLUZYISIMV4CCI6MTCZOTQ1OTI3OSWIAWF0IJOXNZM5NDU1NJC5LCJQDGKIOII2NDQXMTEXMJDLZDY0ODM2ODY3NJMYMDE4ZTLLNZBLZCISINJLZNJLC2HFZXHWIJOXNZM5NTQYMDC5LCJ1C2VYX2LKIJOXFQ.ORJC15XMPBHXGFHM3K1QFIDD6-0OASV1GMLTSGX6Z3W','2025-02-13 14:07:59.773106','2025-02-13 15:07:59.000000',1,'644111127ED64836867632018E9E70ED'),(859,'EYJHBGCIOIJIUZI1NIISINR5CCI6IKPXVCJ9.EYJ0B2TLBL90EXBLIJOIC2XPZGLUZYISIMV4CCI6MTCZOTQ1OTI3OSWIAWF0IJOXNZM5NDU1NJC5LCJQDGKIOIJMOTCXZDK2ZMVINTM0NZM0ODEWZTMXNWI3MMNJNGUXNCISINJLZNJLC2HFZXHWIJOXNZM5NTQYMDC5LCJ1C2VYX2LKIJOXFQ.GM3BX-GJZ7GNL07ZCABH6RG5BMFSCEZWMH1TU_HTBMW','2025-02-13 14:07:59.801831','2025-02-13 15:07:59.000000',1,'F971D96FEB534734810E315B72CC4E14'),(860,'EYJHBGCIOIJIUZI1NIISINR5CCI6IKPXVCJ9.EYJ0B2TLBL90EXBLIJOIC2XPZGLUZYISIMV4CCI6MTCZOTQ1OTI3OSWIAWF0IJOXNZM5NDU1NJC5LCJQDGKIOIJMMTM1ZGFHMTAWNGY0YJDHOGM2ZJY1YZY5OTC2ZJVHMCISINJLZNJLC2HFZXHWIJOXNZM5NTQYMDC5LCJ1C2VYX2LKIJOXFQ.PFV7LCY79LJ2OSO1K3HIOWIYG91PMDPAAP9OI0SOD0O','2025-02-13 14:07:59.818919','2025-02-13 15:07:59.000000',1,'F135DAA1004F4B7A8C6F65C69976F5A0'),(861,'EYJHBGCIOIJIUZI1NIISINR5CCI6IKPXVCJ9.EYJ0B2TLBL90EXBLIJOIC2XPZGLUZYISIMV4CCI6MTCZOTQ1OTI3OSWIAWF0IJOXNZM5NDU1NJC5LCJQDGKIOII1ODK3MWE1ZGQ3ZDI0ZGNJYJRIMGUWNME2NDC2YWU1ZSISINJLZNJLC2HFZXHWIJOXNZM5NTQYMDC5LCJ1C2VYX2LKIJOXFQ.U6A6G7GV5BOZHYKXPCQEVIQV7NR9TSJ3YGJUK3ZKXI0','2025-02-13 14:07:59.835214','2025-02-13 15:07:59.000000',1,'58971A5DD7D24DCCB4B0E06A6476AE5E'),(862,'EYJHBGCIOIJIUZI1NIISINR5CCI6IKPXVCJ9.EYJ0B2TLBL90EXBLIJOIC2XPZGLUZYISIMV4CCI6MTCZOTQ1OTI3OSWIAWF0IJOXNZM5NDU1NJC5LCJQDGKIOIJJODKXMZVMMZVLNZC0OTUZYTI5NWU5Y2JINMU1MZIWOCISINJLZNJLC2HFZXHWIJOXNZM5NTQYMDC5LCJ1C2VYX2LKIJOXFQ.6MRKE2GK4M3HCF76NXGXHFQCTL8KFFX5J39EX4X3I3Y','2025-02-13 14:07:59.867330','2025-02-13 15:07:59.000000',1,'C89135F35E774953A295E9CBB6E53208'),(863,'EYJHBGCIOIJIUZI1NIISINR5CCI6IKPXVCJ9.EYJ0B2TLBL90EXBLIJOIC2XPZGLUZYISIMV4CCI6MTCZOTQ1OTI3OSWIAWF0IJOXNZM5NDU1NJC5LCJQDGKIOIIYOWVHZGEYMJJJMTM0ODUWOWQ4MDHHM2E3MDK1Y2Q5NSISINJLZNJLC2HFZXHWIJOXNZM5NTQYMDC5LCJ1C2VYX2LKIJOXFQ.4VPLQ3XREL-DMLR_GX5G2L_FPC6RTUDOZGMFTXQL1RU','2025-02-13 14:07:59.884032','2025-02-13 15:07:59.000000',1,'29EADA222C1348509D808A3A7095CD95'),(864,'EYJHBGCIOIJIUZI1NIISINR5CCI6IKPXVCJ9.EYJ0B2TLBL90EXBLIJOIC2XPZGLUZYISIMV4CCI6MTCZOTQ1OTI3OSWIAWF0IJOXNZM5NDU1NJC5LCJQDGKIOII4ZJHIY2MYNDUXZTU0NDY0OTA2ZWZHOWNMZDCXMTE1NYISINJLZNJLC2HFZXHWIJOXNZM5NTQYMDC5LCJ1C2VYX2LKIJOXFQ.NQLPKI_0KEIYVSS1YXO8XE1XEXNZVY8QDK0VAXTDOGC','2025-02-13 14:07:59.896709','2025-02-13 15:07:59.000000',1,'8F8BCC2451E54464906EFA9CFD711157'),(865,'EYJHBGCIOIJIUZI1NIISINR5CCI6IKPXVCJ9.EYJ0B2TLBL90EXBLIJOIC2XPZGLUZYISIMV4CCI6MTCZOTQ1OTI3OSWIAWF0IJOXNZM5NDU1NJC5LCJQDGKIOII5NJHJMZAZNGNHZDI0YTVKYMVLNWIWMWNKZTK4YTE5NSISINJLZNJLC2HFZXHWIJOXNZM5NTQYMDC5LCJ1C2VYX2LKIJOXFQ.-ECQ50K8-J_4T37O6QHWITETDDR_M3E97_JYNJUAV7M','2025-02-13 14:07:59.912312','2025-02-13 15:07:59.000000',1,'968C3034CAD24A5DBEE5B01CDE98A195'),(866,'EYJHBGCIOIJIUZI1NIISINR5CCI6IKPXVCJ9.EYJ0B2TLBL90EXBLIJOIC2XPZGLUZYISIMV4CCI6MTCZOTQ1OTI3OSWIAWF0IJOXNZM5NDU1NJC5LCJQDGKIOII3ZJHJM2ZKOTLLNGI0OTHJOTM2NJDHYZE5NMVIYTQZZIISINJLZNJLC2HFZXHWIJOXNZM5NTQYMDC5LCJ1C2VYX2LKIJOXFQ.ZECX0BHHNKL_TKYSH9SRIO4WROP5AYGZXIYBLTOFG1S','2025-02-13 14:07:59.928078','2025-02-13 15:07:59.000000',1,'7F8C3FD99E4B498C93667AC196EBA43F'),(867,'EYJHBGCIOIJIUZI1NIISINR5CCI6IKPXVCJ9.EYJ0B2TLBL90EXBLIJOIC2XPZGLUZYISIMV4CCI6MTCZOTQ1OTI3OSWIAWF0IJOXNZM5NDU1NJC5LCJQDGKIOIJJYJQWMZRLYJQ1NJE0MWM4YTU4NGU4YZAZOTY5NZQ2OSISINJLZNJLC2HFZXHWIJOXNZM5NTQYMDC5LCJ1C2VYX2LKIJOXFQ.G57X7AMPI8MBGLUNG1WK5DBGWEZKPHZMNQDVZ5RQXVQ','2025-02-13 14:07:59.946844','2025-02-13 15:07:59.000000',1,'CB4034EB456141C8A584E8C039697469'),(868,'EYJHBGCIOIJIUZI1NIISINR5CCI6IKPXVCJ9.EYJ0B2TLBL90EXBLIJOIC2XPZGLUZYISIMV4CCI6MTCZOTQ1OTI4MCWIAWF0IJOXNZM5NDU1NJGWLCJQDGKIOIJKMJY4OGU3ZDEYOTK0NMU4OWI4MJLKYZQWZTJLNTE1MSISINJLZNJLC2HFZXHWIJOXNZM5NTQYMDGWLCJ1C2VYX2LKIJOXFQ.MLJ4YTVOH6YA-MPITC4FXPKURYM1ZHZVCHQEWMH1_9G','2025-02-13 14:08:00.104250','2025-02-13 15:08:00.000000',1,'D2688E7D129946E89B829DC40E2E5151'),(869,'EYJHBGCIOIJIUZI1NIISINR5CCI6IKPXVCJ9.EYJ0B2TLBL90EXBLIJOIC2XPZGLUZYISIMV4CCI6MTCZOTQ1OTI4MCWIAWF0IJOXNZM5NDU1NJGWLCJQDGKIOII2MDGWMJI2ZMMZZJY0ZGEYOTYYNWJJZDZINZE1NDBIOSISINJLZNJLC2HFZXHWIJOXNZM5NTQYMDGWLCJ1C2VYX2LKIJOXFQ.TZY2LEL20RZINNC0TV_-EJ6COYIQPDAP_PS326LQKBC','2025-02-13 14:08:00.120911','2025-02-13 15:08:00.000000',1,'6080226FC3F64DA29625BCD6B71540B9'),(870,'EYJHBGCIOIJIUZI1NIISINR5CCI6IKPXVCJ9.EYJ0B2TLBL90EXBLIJOIC2XPZGLUZYISIMV4CCI6MTCZOTQ1OTI4MCWIAWF0IJOXNZM5NDU1NJGWLCJQDGKIOIJMNZDJMJIYZGU0NDU0N2UYOWY3OTM4ZJHHMJY2ZWUWMYISINJLZNJLC2HFZXHWIJOXNZM5NTQYMDGWLCJ1C2VYX2LKIJOXFQ.JY6FGPC5YIVFD-PGVPUZ1KDZJG3EIB8_CXRKUDQPELG','2025-02-13 14:08:00.133778','2025-02-13 15:08:00.000000',1,'F77C222DE44547E29F7938F8A266EE03'),(871,'EYJHBGCIOIJIUZI1NIISINR5CCI6IKPXVCJ9.EYJ0B2TLBL90EXBLIJOIC2XPZGLUZYISIMV4CCI6MTCZOTQ1OTI4MCWIAWF0IJOXNZM5NDU1NJGWLCJQDGKIOIJMNZU5YTGWNGMZNDI0ODM1YWI5ZWM3NJK4NGYZNMU0MIISINJLZNJLC2HFZXHWIJOXNZM5NTQYMDGWLCJ1C2VYX2LKIJOXFQ.ISL9M5Q1EKZGQ6XRCIDK0LOYRH0XJFYRDBYWJS9JGOS','2025-02-13 14:08:00.147581','2025-02-13 15:08:00.000000',1,'F759A804C3424835AB9EC76984F36E42'),(872,'EYJHBGCIOIJIUZI1NIISINR5CCI6IKPXVCJ9.EYJ0B2TLBL90EXBLIJOIC2XPZGLUZYISIMV4CCI6MTCZOTQ1OTI4MCWIAWF0IJOXNZM5NDU1NJGWLCJQDGKIOIIZZMI1OTGYZTY4NGQ0YJDKYJC0MJRHZDQYOGMYMMRIMSISINJLZNJLC2HFZXHWIJOXNZM5NTQYMDGWLCJ1C2VYX2LKIJOXFQ.15UBEDH_OAGHW79-XBBJN0NDVNU5FXPKWOLTGSDDZBU','2025-02-13 14:08:00.179710','2025-02-13 15:08:00.000000',1,'3FB5982E684D4B7DB7424AD428C22DB1'),(873,'EYJHBGCIOIJIUZI1NIISINR5CCI6IKPXVCJ9.EYJ0B2TLBL90EXBLIJOIC2XPZGLUZYISIMV4CCI6MTCZOTQ1OTI4MCWIAWF0IJOXNZM5NDU1NJGWLCJQDGKIOII5ZDYXMDA1MJJHYJC0YWZMOTRKM2M5MZLMNZQ4MZYZNIISINJLZNJLC2HFZXHWIJOXNZM5NTQYMDGWLCJ1C2VYX2LKIJOXFQ.CFRFUPXN1ODLKFRKIJ6LZBVOUOZPRPDL1YVCC88KMZU','2025-02-13 14:08:00.199307','2025-02-13 15:08:00.000000',1,'9D6100522AB74AFF94D3C939F7483636'),(874,'EYJHBGCIOIJIUZI1NIISINR5CCI6IKPXVCJ9.EYJ0B2TLBL90EXBLIJOIC2XPZGLUZYISIMV4CCI6MTCZOTQ1OTI4MCWIAWF0IJOXNZM5NDU1NJGWLCJQDGKIOII5NTNIYJKYNZQ2OWE0ODZKODZKZJIXZTUYMZM0OGJMYSISINJLZNJLC2HFZXHWIJOXNZM5NTQYMDGWLCJ1C2VYX2LKIJOXFQ.BZEB6QOYKJ8IJVQVMMTTLKMB6ZLBSOLF7_QRCIWAYTY','2025-02-13 14:08:00.235156','2025-02-13 15:08:00.000000',1,'953BB927469A486D86DF21E523348BFA'),(875,'EYJHBGCIOIJIUZI1NIISINR5CCI6IKPXVCJ9.EYJ0B2TLBL90EXBLIJOIC2XPZGLUZYISIMV4CCI6MTCZOTQ1OTI4MCWIAWF0IJOXNZM5NDU1NJGWLCJQDGKIOII5OWM4ZWI1MJFJZDA0ZGUYODC0MTIYZDHJYZUYZGQYNSISINJLZNJLC2HFZXHWIJOXNZM5NTQYMDGWLCJ1C2VYX2LKIJOXFQ.-MBTKYKCZ87R1WTFDYSP3CPSMYOOJ1DCGJGW45QA2QI','2025-02-13 14:08:00.250174','2025-02-13 15:08:00.000000',1,'99C8EB521CD04DE2874122D8CC52DD25'),(876,'EYJHBGCIOIJIUZI1NIISINR5CCI6IKPXVCJ9.EYJ0B2TLBL90EXBLIJOIC2XPZGLUZYISIMV4CCI6MTCZOTQ1OTI4MCWIAWF0IJOXNZM5NDU1NJGWLCJQDGKIOII4ODBKZDY3YTDIYTC0ZWQ5ODA5OTK3MJHJNGYWMZCWYSISINJLZNJLC2HFZXHWIJOXNZM5NTQYMDGWLCJ1C2VYX2LKIJOXFQ.6LLQAX4C3SIHGF8LRECWJQI0D_ZXYQ-TECPNCHX5VPW','2025-02-13 14:08:00.265556','2025-02-13 15:08:00.000000',1,'880DD67A7BA74ED980999728C4F0370A'),(877,'EYJHBGCIOIJIUZI1NIISINR5CCI6IKPXVCJ9.EYJ0B2TLBL90EXBLIJOIC2XPZGLUZYISIMV4CCI6MTCZOTQ1OTI4MCWIAWF0IJOXNZM5NDU1NJGWLCJQDGKIOIJLNGFIZDC4YWYYYJY0MWI4OTFKYMJHYMM0MZU3MZQWZIISINJLZNJLC2HFZXHWIJOXNZM5NTQYMDGWLCJ1C2VYX2LKIJOXFQ.NPPHK3KEO-YS_SDQLMUOL7BES_GP44VHANS_UQNHOJM','2025-02-13 14:08:00.284614','2025-02-13 15:08:00.000000',1,'E4ABD78AF2B641B891DBBABC4357340F'),(878,'EYJHBGCIOIJIUZI1NIISINR5CCI6IKPXVCJ9.EYJ0B2TLBL90EXBLIJOIC2XPZGLUZYISIMV4CCI6MTCZOTQ1OTI4MCWIAWF0IJOXNZM5NDU1NJGWLCJQDGKIOII2NDIYMDYYNJM0NJI0OTZIOWQ4NDA0OTNMMDRLOWM0ZSISINJLZNJLC2HFZXHWIJOXNZM5NTQYMDGWLCJ1C2VYX2LKIJOXFQ.VSCQJFDRQFZOJPPGPKXTCB7BXI9WHFBSKFN7OBMTNIK','2025-02-13 14:08:00.299272','2025-02-13 15:08:00.000000',1,'642206263462496B9D840493F04E9C4E'),(879,'EYJHBGCIOIJIUZI1NIISINR5CCI6IKPXVCJ9.EYJ0B2TLBL90EXBLIJOIC2XPZGLUZYISIMV4CCI6MTCZOTQ1OTI4MCWIAWF0IJOXNZM5NDU1NJGWLCJQDGKIOIIYMGY2MGI1YJCZMTC0YJA0OWI0MTZLMZMWMGNJZTDHMYISINJLZNJLC2HFZXHWIJOXNZM5NTQYMDGWLCJ1C2VYX2LKIJOXFQ.5K5E_HKVWD0LYUU71VX7CGS_AN13M61MO7JGS4AOIFC','2025-02-13 14:08:00.312768','2025-02-13 15:08:00.000000',1,'20F60B5B73174B049B416E3300CCE7A3'),(880,'EYJHBGCIOIJIUZI1NIISINR5CCI6IKPXVCJ9.EYJ0B2TLBL90EXBLIJOIC2XPZGLUZYISIMV4CCI6MTCZOTQ1OTI4MCWIAWF0IJOXNZM5NDU1NJGWLCJQDGKIOII0MDUXYWZKOTKXMJC0ZWM0YWIZNMJMODZKOTU2YZHMZSISINJLZNJLC2HFZXHWIJOXNZM5NTQYMDGWLCJ1C2VYX2LKIJOXFQ.WDOS2HRLUJ9AGX3V38ZEVZRPR8RLKTQ3TB4YRBFDY9Q','2025-02-13 14:08:00.331517','2025-02-13 15:08:00.000000',1,'4051AFD991274EC4AB36BF86D956C8FE'),(881,'EYJHBGCIOIJIUZI1NIISINR5CCI6IKPXVCJ9.EYJ0B2TLBL90EXBLIJOIC2XPZGLUZYISIMV4CCI6MTCZOTQ1OTI4MCWIAWF0IJOXNZM5NDU1NJGWLCJQDGKIOIJJYMQ1ZTE5MMEZZDU0YZUYOWYZNTY3ZJHLOWIWZWE0MCISINJLZNJLC2HFZXHWIJOXNZM5NTQYMDGWLCJ1C2VYX2LKIJOXFQ.0Y5J9YO1CWXOGGUOVJRJT415RE8G2U5NZZQZA7SK_6Y','2025-02-13 14:08:00.345044','2025-02-13 15:08:00.000000',1,'CBD5E192A3D54C529F3567F8E9B0EA40'),(882,'EYJHBGCIOIJIUZI1NIISINR5CCI6IKPXVCJ9.EYJ0B2TLBL90EXBLIJOIC2XPZGLUZYISIMV4CCI6MTCZOTQ1OTI4MCWIAWF0IJOXNZM5NDU1NJGWLCJQDGKIOIJJZWMZYZGWZTM3MZA0MWYZOGY3ZJMXZGQ5ZWY0Y2QWMCISINJLZNJLC2HFZXHWIJOXNZM5NTQYMDGWLCJ1C2VYX2LKIJOXFQ.PRR2_TPPP8KLGU37PVKQXZBPUCUHSCLK5OUVCISS8WA','2025-02-13 14:08:00.373253','2025-02-13 15:08:00.000000',1,'CEC3C80E373041F38F7F31DD9EF4CD00'),(883,'EYJHBGCIOIJIUZI1NIISINR5CCI6IKPXVCJ9.EYJ0B2TLBL90EXBLIJOIC2XPZGLUZYISIMV4CCI6MTCZOTQ1OTI4MCWIAWF0IJOXNZM5NDU1NJGWLCJQDGKIOII0ZGQXYJU4MTI1ZDE0ZDM5YJIYMGUZNDA2NWIYYZQ0YIISINJLZNJLC2HFZXHWIJOXNZM5NTQYMDGWLCJ1C2VYX2LKIJOXFQ.HLOPTK05LVZH8UCTTUJ3F4ILK5OI3LSJDUTQLW4IPDA','2025-02-13 14:08:00.385390','2025-02-13 15:08:00.000000',1,'4DD1B58125D14D39B220E34065B2C44B'),(884,'EYJHBGCIOIJIUZI1NIISINR5CCI6IKPXVCJ9.EYJ0B2TLBL90EXBLIJOIC2XPZGLUZYISIMV4CCI6MTCZOTQ1OTI4MCWIAWF0IJOXNZM5NDU1NJGWLCJQDGKIOIJKZJGXNZIWNMQ4NJA0ODFJODAYMWQ4NJIZMJQ4YTA0ZSISINJLZNJLC2HFZXHWIJOXNZM5NTQYMDGWLCJ1C2VYX2LKIJOXFQ.2FSM2F9H6WGII75RBOGOGMMIEYEWYGO5N3-PISQF7YK','2025-02-13 14:08:00.400931','2025-02-13 15:08:00.000000',1,'DF817206D860481C8021D8623248A04E'),(885,'EYJHBGCIOIJIUZI1NIISINR5CCI6IKPXVCJ9.EYJ0B2TLBL90EXBLIJOIC2XPZGLUZYISIMV4CCI6MTCZOTQ1OTI4MCWIAWF0IJOXNZM5NDU1NJGWLCJQDGKIOIJHMZM2NZNJYZC2YTG0ODUYOWM2ZDNLODNKOGZIZJG1ZIISINJLZNJLC2HFZXHWIJOXNZM5NTQYMDGWLCJ1C2VYX2LKIJOXFQ.7Y7ASAQO6JMQROTAOS9IQCI8MLXXRKSVUTWS6GLLQXQ','2025-02-13 14:08:00.412930','2025-02-13 15:08:00.000000',1,'A33673CC76A848529C6D3E83D8FBF85F'),(886,'EYJHBGCIOIJIUZI1NIISINR5CCI6IKPXVCJ9.EYJ0B2TLBL90EXBLIJOIC2XPZGLUZYISIMV4CCI6MTCZOTQ1OTI4MCWIAWF0IJOXNZM5NDU1NJGWLCJQDGKIOIIZM2YXYTRKNDE5ZDQ0MZU5YJLIYZU2ZTEZN2MZZMJKZCISINJLZNJLC2HFZXHWIJOXNZM5NTQYMDGWLCJ1C2VYX2LKIJOXFQ.OZWUKSIIOFB0OOZ0SH478TNS-Q7C7_N1MUJXLQJL_N0','2025-02-13 14:08:00.432464','2025-02-13 15:08:00.000000',1,'33F1A4D419D44359B9BC56E137C3FBDD'),(887,'EYJHBGCIOIJIUZI1NIISINR5CCI6IKPXVCJ9.EYJ0B2TLBL90EXBLIJOIC2XPZGLUZYISIMV4CCI6MTCZOTQ1OTI4MCWIAWF0IJOXNZM5NDU1NJGWLCJQDGKIOIJJZJC5OGE1YWY5ZDE0MJZKOTG3MMRIZTE3MZLIOWMYNIISINJLZNJLC2HFZXHWIJOXNZM5NTQYMDGWLCJ1C2VYX2LKIJOXFQ.HREEACDA-3RSTRRYYTNQ2U1-OSM0PLMJQ56KLFMA-ZS','2025-02-13 14:08:00.447574','2025-02-13 15:08:00.000000',1,'CF798A5AF9D1426D9872DBE1739B9C26'),(888,'EYJHBGCIOIJIUZI1NIISINR5CCI6IKPXVCJ9.EYJ0B2TLBL90EXBLIJOIC2XPZGLUZYISIMV4CCI6MTCZOTQ1OTI4MCWIAWF0IJOXNZM5NDU1NJGWLCJQDGKIOIIXMMEWNZY1MGQ4YJE0MJQ3YTAZMJLHMWU2M2FIZTEXMYISINJLZNJLC2HFZXHWIJOXNZM5NTQYMDGWLCJ1C2VYX2LKIJOXFQ.D2BLE2MFKPC0-O2R0FSHFPYBJP1IRICBDRUG-1QXT28','2025-02-13 14:08:00.464659','2025-02-13 15:08:00.000000',1,'12A07650D8B14247A0329A1E63ABE113'),(889,'EYJHBGCIOIJIUZI1NIISINR5CCI6IKPXVCJ9.EYJ0B2TLBL90EXBLIJOIC2XPZGLUZYISIMV4CCI6MTCZOTQ1OTI4MCWIAWF0IJOXNZM5NDU1NJGWLCJQDGKIOII3ODI4NZHHOWY0ODY0MJDJOTFIYJZMYMUYOTDKODG3ZIISINJLZNJLC2HFZXHWIJOXNZM5NTQYMDGWLCJ1C2VYX2LKIJOXFQ.UCU-SWJTJ-DFYQ-QGVDPGVHHKXWXXVLYHIQP69RXQMQ','2025-02-13 14:08:00.495480','2025-02-13 15:08:00.000000',1,'782878A9F486427C91BB6FBE297D887F'),(890,'EYJHBGCIOIJIUZI1NIISINR5CCI6IKPXVCJ9.EYJ0B2TLBL90EXBLIJOIC2XPZGLUZYISIMV4CCI6MTCZOTQ1OTI4MCWIAWF0IJOXNZM5NDU1NJGWLCJQDGKIOIJKMTNJYWFJY2Y4MMY0Y2M1ODVKMZFMM2JJZJHLYZFIZCISINJLZNJLC2HFZXHWIJOXNZM5NTQYMDGWLCJ1C2VYX2LKIJOXFQ.9PFFAMTVGCNF7XFTOEABR78TYPCINZA1DGPCR-ST3JW','2025-02-13 14:08:00.510899','2025-02-13 15:08:00.000000',1,'D13CAACCF82F4CC585D31F3BCF8EC1BD'),(891,'EYJHBGCIOIJIUZI1NIISINR5CCI6IKPXVCJ9.EYJ0B2TLBL90EXBLIJOIC2XPZGLUZYISIMV4CCI6MTCZOTQ1OTI4MCWIAWF0IJOXNZM5NDU1NJGWLCJQDGKIOIIXZGQ3OTMZY2ZKZTQ0ZGNHOGEYNTYWZMNMOWE4ZJEZMSISINJLZNJLC2HFZXHWIJOXNZM5NTQYMDGWLCJ1C2VYX2LKIJOXFQ.R6EUIQFC9KNRK58EVJV3QGVUJ7VC8SEW6VBWUYR6N4Y','2025-02-13 14:08:00.520787','2025-02-13 15:08:00.000000',1,'1DD7933CFDE44DCA8A2560FCF9A8F131'),(892,'EYJHBGCIOIJIUZI1NIISINR5CCI6IKPXVCJ9.EYJ0B2TLBL90EXBLIJOIC2XPZGLUZYISIMV4CCI6MTCZOTQ1OTI4MCWIAWF0IJOXNZM5NDU1NJGWLCJQDGKIOII0NGNLMWJIYTKZNZK0NGY4OTUZODRKMDVLYTU2YWZKOCISINJLZNJLC2HFZXHWIJOXNZM5NTQYMDGWLCJ1C2VYX2LKIJOXFQ.J7FCXOKQZVLQOP-WYVWWQUHZDQDS9DL6WDKBZWCK3VQ','2025-02-13 14:08:00.581909','2025-02-13 15:08:00.000000',1,'44CE1BBA937944F895384D05EA56AFD8'),(893,'EYJHBGCIOIJIUZI1NIISINR5CCI6IKPXVCJ9.EYJ0B2TLBL90EXBLIJOIC2XPZGLUZYISIMV4CCI6MTCZOTQ1OTI4MCWIAWF0IJOXNZM5NDU1NJGWLCJQDGKIOIIXMZNIYMIZZDDIZDU0M2Y5YTEXYJDLODM1NTU3NGYZZSISINJLZNJLC2HFZXHWIJOXNZM5NTQYMDGWLCJ1C2VYX2LKIJOXFQ.JA7ONOLGWUAQSW77DSU0BGOQNPYZT3NK8MP8SK9ATGW','2025-02-13 14:08:00.664578','2025-02-13 15:08:00.000000',1,'133BBB3D7BD543F9A11B7E8355574F3E'),(894,'EYJHBGCIOIJIUZI1NIISINR5CCI6IKPXVCJ9.EYJ0B2TLBL90EXBLIJOICMVMCMVZACISIMV4CCI6MTCZOTU0MZE3NIWIAWF0IJOXNZM5NDU2NZC2LCJQDGKIOIJJZGFLODFHMJE5MJC0ZDHHYJNLYMJHZDAZNGRJN2Y3NSISINVZZXJFAWQIOJF9._QNMUQ6MTXWN6HV60FIZA3OM2XPBM1AQROJFJKS8AS8','2025-02-13 14:26:16.548777','2025-02-14 14:26:16.000000',1,'CDAE81A219274D8AB3EBBAD034DC7F75'),(895,'EYJHBGCIOIJIUZI1NIISINR5CCI6IKPXVCJ9.EYJ0B2TLBL90EXBLIJOIC2XPZGLUZYISIMV4CCI6MTCZOTQ2MDM4MCWIAWF0IJOXNZM5NDU2NZGWLCJQDGKIOII3YTE3MJY0ZTM3NJA0Y2FKOTE2NJRLOTNMNDA1Y2IWMCISINJLZNJLC2HFZXHWIJOXNZM5NTQZMTGWLCJ1C2VYX2LKIJOXFQ.4HMJPF8IIO6POBTMZQPTL1B_SY5HDRU8VEHBSQ_ZDHA','2025-02-13 14:26:20.767752','2025-02-13 15:26:20.000000',1,'7A17264E37604CAD91664E93F405CB00'),(896,'EYJHBGCIOIJIUZI1NIISINR5CCI6IKPXVCJ9.EYJ0B2TLBL90EXBLIJOICMVMCMVZACISIMV4CCI6MTCZOTU5MJQYMCWIAWF0IJOXNZM5NTA2MDIWLCJQDGKIOIJMYZQ1YJA5ZWVLNDK0NTMWOGM1YMM4ZTHKZTIXYTUXMSISINVZZXJFAWQIOJF9.LAFI_OFZO93BW1YC9HGCC0DG0RJBKJZS9Z6JF07CIKU','2025-02-14 04:07:00.945679','2025-02-15 04:07:00.000000',1,'FC45B09EEE4945308C5BC8E8DE21A511'),(897,'EYJHBGCIOIJIUZI1NIISINR5CCI6IKPXVCJ9.EYJ0B2TLBL90EXBLIJOIC2XPZGLUZYISIMV4CCI6MTCZOTUWOTYZMSWIAWF0IJOXNZM5NTA2MDMXLCJQDGKIOIIYYTKYNMM2MZLKNJY0ZGM5YTA2YTU2OTLIOTC4NMEZYYISINJLZNJLC2HFZXHWIJOXNZM5NTKYNDMXLCJ1C2VYX2LKIJOXFQ.OZ4QF0PCKIBKSPBQFZXS3IT8IMXAPGICYW1X3N7YMMS','2025-02-14 04:07:11.828380','2025-02-14 05:07:11.000000',1,'2A926C639D664DC9A06A5699B9786A3C'),(898,'EYJHBGCIOIJIUZI1NIISINR5CCI6IKPXVCJ9.EYJ0B2TLBL90EXBLIJOICMVMCMVZACISIMV4CCI6MTCZOTU5MZI0NSWIAWF0IJOXNZM5NTA2ODQ1LCJQDGKIOII2MMI4MWRLMJI3ODE0MJLLYWVLMZQXZWZJYTJKODC5NSISINVZZXJFAWQIOJF9.GJ93B_J7VVEE7XKLHBN7HLA99YXZ6NR-LL4LZNMJQEG','2025-02-14 04:20:45.786479','2025-02-15 04:20:45.000000',1,'62B81DE22781429EAEE341EFCA2D8795'),(899,'EYJHBGCIOIJIUZI1NIISINR5CCI6IKPXVCJ9.EYJ0B2TLBL90EXBLIJOIC2XPZGLUZYISIMV4CCI6MTCZOTUXMDQ0OCWIAWF0IJOXNZM5NTA2ODQ4LCJQDGKIOIIXYJNJMDLJYTMZNWE0ZJY5OWVKMGVINGEZYJLJNGYZYSISINJLZNJLC2HFZXHWIJOXNZM5NTKZMJQ4LCJ1C2VYX2LKIJOXFQ.CVQK0ERG8OULQYG463MZL9WTCJOEK_C0EIHBGIMNE_G','2025-02-14 04:20:48.248718','2025-02-14 05:20:48.000000',1,'1B3C09CA335A4F699ED0EB4A3B9C4F3A'),(900,'EYJHBGCIOIJIUZI1NIISINR5CCI6IKPXVCJ9.EYJ0B2TLBL90EXBLIJOICMVMCMVZACISIMV4CCI6MTCZOTU5NTAXNSWIAWF0IJOXNZM5NTA4NJE1LCJQDGKIOII1N2M1NDNHNDQXYMY0MDUZYTJLMDU3MTRKYWIZMJC3NYISINVZZXJFAWQIOJF9.AC6Y0GU6XH28LNX_ESMZ93YD1QCJPRLJWDLENTMKGOW','2025-02-14 04:50:15.783276','2025-02-15 04:50:15.000000',1,'57C543A441BF4053A2E05714DAB32777'),(901,'EYJHBGCIOIJIUZI1NIISINR5CCI6IKPXVCJ9.EYJ0B2TLBL90EXBLIJOIC2XPZGLUZYISIMV4CCI6MTCZOTUXMJIYMCWIAWF0IJOXNZM5NTA4NJIWLCJQDGKIOIIWYWUYMJGWMJK1NWI0YWIXOGNIMZU0MWFLMZIZZJG2MSISINJLZNJLC2HFZXHWIJOXNZM5NTK1MDIWLCJ1C2VYX2LKIJOXFQ.UMRO_6P1KSHPV4MI94J1PY3BAF8_VRDRJ9_ERABFM3E','2025-02-14 04:50:20.248049','2025-02-14 05:50:20.000000',1,'0AE22802955B4AB18CB3541AE323F861'),(902,'EYJHBGCIOIJIUZI1NIISINR5CCI6IKPXVCJ9.EYJ0B2TLBL90EXBLIJOICMVMCMVZACISIMV4CCI6MTCZOTU5NTY0OCWIAWF0IJOXNZM5NTA5MJQ4LCJQDGKIOIJIYTJJN2VHMZJKMWY0Y2YWYWZMMJQ0ODUYNDIWNMU5YIISINVZZXJFAWQIOJF9.XKJUW1QDV-ANFB3PSFLL-VQNN8C5G8DUH7ZYPR_CCBO','2025-02-14 05:00:48.825018','2025-02-15 05:00:48.000000',1,'BA2C7EA32D1F4CF0AFF2448524206E9B'),(903,'EYJHBGCIOIJIUZI1NIISINR5CCI6IKPXVCJ9.EYJ0B2TLBL90EXBLIJOIC2XPZGLUZYISIMV4CCI6MTCZOTUXMJG1NCWIAWF0IJOXNZM5NTA5MJU0LCJQDGKIOII4MDNLZDY0MDIXZDY0ZGM1YTC2ZJIZZME4YTCZMJZKZIISINJLZNJLC2HFZXHWIJOXNZM5NTK1NJU0LCJ1C2VYX2LKIJOXFQ.4UZNNTP5I4CY2GQ_ULZ1UICYJEGOGQJSB-_OPBUWIKM','2025-02-14 05:00:54.428547','2025-02-14 06:00:54.000000',1,'803ED64021D64DC5A76F23FA8A7326DF'),(904,'EYJHBGCIOIJIUZI1NIISINR5CCI6IKPXVCJ9.EYJ0B2TLBL90EXBLIJOICMVMCMVZACISIMV4CCI6MTCZOTYXMDA2MIWIAWF0IJOXNZM5NTIZNJYYLCJQDGKIOII2OTA5ZMFHZDY4ZTA0MGEZYTMYYZC2OGYXMJAXMZQ0MIISINVZZXJFAWQIOJF9.NRJULQLTUBVABDDGHTD_ZCFZ0_4S-VXQWJPQRCOLNYK','2025-02-14 09:01:02.671656','2025-02-15 09:01:02.000000',1,'6909FAAD68E040A3A32C768F12013442'),(905,'EYJHBGCIOIJIUZI1NIISINR5CCI6IKPXVCJ9.EYJ0B2TLBL90EXBLIJOIC2XPZGLUZYISIMV4CCI6MTCZOTUYNZI2NSWIAWF0IJOXNZM5NTIZNJY1LCJQDGKIOII0MTC4MDCYZMFJMZI0OTNHYMJHNDG1MGIZOGU2MDNKZCISINJLZNJLC2HFZXHWIJOXNZM5NJEWMDY1LCJ1C2VYX2LKIJOXFQ.BOCSCC9S_WFNK7REJ8M458JMRQVIGAV5UTZRQ76RRIA','2025-02-14 09:01:05.848537','2025-02-14 10:01:05.000000',1,'4178072FAC32493ABBA4850B38E603DD'),(906,'EYJHBGCIOIJIUZI1NIISINR5CCI6IKPXVCJ9.EYJ0B2TLBL90EXBLIJOICMVMCMVZACISIMV4CCI6MTCZOTYYNDI4MIWIAWF0IJOXNZM5NTM3ODGYLCJQDGKIOIJKMZKWZTAWYZDMZMU0OTAWYJU5MDJHNTHHNDDJNGQ1MIISINVZZXJFAWQIOJF9.YFN7PR2JCVULOY4EWW8GPGDXNZKUFOVXMNCNJHUC6BI','2025-02-14 12:58:02.364918','2025-02-15 12:58:02.000000',1,'D390E00C7FFE4900B5902A58A47C4D52'),(907,'EYJHBGCIOIJIUZI1NIISINR5CCI6IKPXVCJ9.EYJ0B2TLBL90EXBLIJOIC2XPZGLUZYISIMV4CCI6MTCZOTU0MTQ4OCWIAWF0IJOXNZM5NTM3ODG4LCJQDGKIOIIXYMEZNWYWZWUWMTC0ZDYYYTJMMGZMNDYXMDY0MDUWZIISINJLZNJLC2HFZXHWIJOXNZM5NJI0MJG4LCJ1C2VYX2LKIJOXFQ.FRWFHSMB4DLKQHJ6BAWA6MG-RVVMNCBMJDXYIY9DOUY','2025-02-14 12:58:08.984240','2025-02-14 13:58:08.000000',1,'1BA35F0EE0174D62A2F0FF461064050F'),(908,'EYJHBGCIOIJIUZI1NIISINR5CCI6IKPXVCJ9.EYJ0B2TLBL90EXBLIJOICMVMCMVZACISIMV4CCI6MTCZOTYYNZK1OCWIAWF0IJOXNZM5NTQXNTU4LCJQDGKIOIIWYZG5M2EZZGQ1OGI0OWJMOGQ3MDVKZTZMZJAXNMJJMYISINVZZXJFAWQIOJF9.EEIKXAUD6LHE_DIQWWKLXPNZAZDCZ9UZ4ECCMD83LV4','2025-02-14 13:59:18.394917','2025-02-15 13:59:18.000000',1,'0C893A3DD58B49BF8D705DE6FF016BC3'),(909,'EYJHBGCIOIJIUZI1NIISINR5CCI6IKPXVCJ9.EYJ0B2TLBL90EXBLIJOIC2XPZGLUZYISIMV4CCI6MTCZOTU0NTE2MIWIAWF0IJOXNZM5NTQXNTYYLCJQDGKIOIJIYMM0ZJHKYWY1NJI0YMMYODC5OGZLZGZIMZAXMDQXNCISINJLZNJLC2HFZXHWIJOXNZM5NJI3OTYYLCJ1C2VYX2LKIJOXFQ.1YZXLJMQKVHFJI-C_4UKNOKL_Q1D87FTDGMEKZ993NK','2025-02-14 13:59:22.313664','2025-02-14 14:59:22.000000',1,'BBC4F8DAF5624BC28798FEDFB3010414'),(910,'EYJHBGCIOIJIUZI1NIISINR5CCI6IKPXVCJ9.EYJ0B2TLBL90EXBLIJOICMVMCMVZACISIMV4CCI6MTCZOTYZMTY0NSWIAWF0IJOXNZM5NTQ1MJQ1LCJQDGKIOIJJOTU0M2FKNMI3ZJG0MDFIOTQ5MTMYMTLKZGM3MTK4NSISINVZZXJFAWQIOJF9.P7NK6RC7CRWLF5TTCGAFCCJVGKUG4ID6OQVHJM08FVS','2025-02-14 15:00:45.676375','2025-02-15 15:00:45.000000',1,'C9543AD6B7F8401B94913219DDC71985'),(911,'EYJHBGCIOIJIUZI1NIISINR5CCI6IKPXVCJ9.EYJ0B2TLBL90EXBLIJOIC2XPZGLUZYISIMV4CCI6MTCZOTU0ODG1MIWIAWF0IJOXNZM5NTQ1MJUYLCJQDGKIOIJHNDDKMZA2ZGE1MME0OTYXYMM4ODQ5ZMU0ZMM4MMY4ZCISINJLZNJLC2HFZXHWIJOXNZM5NJMXNJUYLCJ1C2VYX2LKIJOXFQ.G654GBDX_V3FFCOICWHNRTOTHXBSQ6YWXSI8CATJQVS','2025-02-14 15:00:52.309464','2025-02-14 16:00:52.000000',1,'A47D306DA52A4961BC8849FE4FC82F8D'),(912,'EYJHBGCIOIJIUZI1NIISINR5CCI6IKPXVCJ9.EYJ0B2TLBL90EXBLIJOICMVMCMVZACISIMV4CCI6MTCZOTY4MTY5NYWIAWF0IJOXNZM5NTK1MJK3LCJQDGKIOIIZMDVKNDJJMWEYNZY0ODZJOWMYYTZMYTGWZJK5NDBHNCISINVZZXJFAWQIOJF9.2TBYH2FES6HAYXUI8WI-I5W04O4T9ZMB9FW9M_NZ1PM','2025-02-15 04:54:57.058222','2025-02-16 04:54:57.000000',1,'305D42C1A276486C9C2A6FA80F9940A4'),(913,'EYJHBGCIOIJIUZI1NIISINR5CCI6IKPXVCJ9.EYJ0B2TLBL90EXBLIJOIC2XPZGLUZYISIMV4CCI6MTCZOTU5ODG5OSWIAWF0IJOXNZM5NTK1MJK5LCJQDGKIOIIXMDDHNWVMZDJKODU0YZVIOTQYYJA3YJY3OTYWN2M5ZIISINJLZNJLC2HFZXHWIJOXNZM5NJGXNJK5LCJ1C2VYX2LKIJOXFQ.SE0F1KNXICCKSQILH7_ZSJ2K_YTCDMM7VVKMMYAZRAW','2025-02-15 04:54:59.522221','2025-02-15 05:54:59.000000',1,'107A5EFD2D854C5B942B07B679607C9F'),(914,'EYJHBGCIOIJIUZI1NIISINR5CCI6IKPXVCJ9.EYJ0B2TLBL90EXBLIJOICMVMCMVZACISIMV4CCI6MTCZOTY4MZY2MCWIAWF0IJOXNZM5NTK3MJYWLCJQDGKIOIJMYMRINZNHNZZLZDY0MZC0ODHKNTK1ZTQ3MZK0M2IZOSISINVZZXJFAWQIOJF9.JECHNDA4HESGX2HZDTNNOPRLEPRISKWBWLH3I_OR6BQ','2025-02-15 05:27:40.776116','2025-02-16 05:27:40.000000',1,'FBDB73A76ED6437488D595E473943B39'),(915,'EYJHBGCIOIJIUZI1NIISINR5CCI6IKPXVCJ9.EYJ0B2TLBL90EXBLIJOIC2XPZGLUZYISIMV4CCI6MTCZOTYWMDG2NCWIAWF0IJOXNZM5NTK3MJY0LCJQDGKIOIIXNMFIOGNIMDG0YZE0ZMNJYJM2ZTK3NWM5YJVLOTQWNCISINJLZNJLC2HFZXHWIJOXNZM5NJGZNJY0LCJ1C2VYX2LKIJOXFQ.DQ1SCRVXABVF02SZGK1HM6AWVV6KZVVPFB3Z1T6LW8K','2025-02-15 05:27:44.047551','2025-02-15 06:27:44.000000',1,'16AB8CB084C14FCCB36E975C9B5E9404'),(916,'EYJHBGCIOIJIUZI1NIISINR5CCI6IKPXVCJ9.EYJ0B2TLBL90EXBLIJOICMVMCMVZACISIMV4CCI6MTCZOTY4NDK1MSWIAWF0IJOXNZM5NTK4NTUXLCJQDGKIOIJJNMMWZJG3YZC2Y2I0ZWI1ODEZYZYYOTYZMWRKM2E3YYISINVZZXJFAWQIOJF9.K_HPHVILV5KSYPFHRHHRVS_AALJEWEJRCE2ISAX4CKY','2025-02-15 05:49:11.684450','2025-02-16 05:49:11.000000',1,'C6C0F87C76CB4EB5813C629631DD3A7C'),(917,'EYJHBGCIOIJIUZI1NIISINR5CCI6IKPXVCJ9.EYJ0B2TLBL90EXBLIJOIC2XPZGLUZYISIMV4CCI6MTCZOTYWMJE1NCWIAWF0IJOXNZM5NTK4NTU0LCJQDGKIOIIZN2I3MDCZOTC3MZE0YTU1OWU0YWMXYZI3MGEYMDRMNYISINJLZNJLC2HFZXHWIJOXNZM5NJG0OTU0LCJ1C2VYX2LKIJOXFQ.9NNPO0TG9HSV1BQEGYCIYMFH6BIWH_RJB1S5AXVWWFQ','2025-02-15 05:49:14.438102','2025-02-15 06:49:14.000000',1,'37B7073977314A559E4AC1C270A204F7'),(918,'EYJHBGCIOIJIUZI1NIISINR5CCI6IKPXVCJ9.EYJ0B2TLBL90EXBLIJOICMVMCMVZACISIMV4CCI6MTCZOTY5MDKZNYWIAWF0IJOXNZM5NJA0NTM3LCJQDGKIOII3YZM1NTIZZJA1MZE0MZC4ODBIYZU3ZWUZMJQ3ZMMXNSISINVZZXJFAWQIOJF9.Z9DXZ1VGGJV8CKSTTZ8RE0BYQ8Y2WZMZYZKBUIGPBGY','2025-02-15 07:28:57.437251','2025-02-16 07:28:57.000000',1,'7C35523F0531437880BC57EE3247FC15'),(919,'EYJHBGCIOIJIUZI1NIISINR5CCI6IKPXVCJ9.EYJ0B2TLBL90EXBLIJOICMVMCMVZACISIMV4CCI6MTCZOTY5MDKZOSWIAWF0IJOXNZM5NJA0NTM5LCJQDGKIOIJLZMMZZGZMMJU2OGE0NGRLOWMZMDCYNWRKZGU3Y2VKYIISINVZZXJFAWQIOJF9.UVRAYMSABTMFNTJGXUMB_XWVWKUFFWIR9DRRNR6-LYQ','2025-02-15 07:28:59.615806','2025-02-16 07:28:59.000000',1,'EFC3DFF2568A44DE9C30725DDDE7CEDB'),(920,'EYJHBGCIOIJIUZI1NIISINR5CCI6IKPXVCJ9.EYJ0B2TLBL90EXBLIJOIC2XPZGLUZYISIMV4CCI6MTCZOTYWODE0MIWIAWF0IJOXNZM5NJA0NTQYLCJQDGKIOII1ZJVMYZEWMJBHZJM0YJQ0OTEWZDAYNMRKZJBIMTQ1NIISINJLZNJLC2HFZXHWIJOXNZM5NJKWOTQYLCJ1C2VYX2LKIJOXFQ.G6Y5OFJYG0CS7N_ATTF4YTEUDALS2ZAM0BZZRIUZ_5E','2025-02-15 07:29:02.567754','2025-02-15 08:29:02.000000',1,'5F5FC1020AF34B44910D026DDF0B1456'),(921,'EYJHBGCIOIJIUZI1NIISINR5CCI6IKPXVCJ9.EYJ0B2TLBL90EXBLIJOIC2XPZGLUZYISIMV4CCI6MTCZOTYWODE0MYWIAWF0IJOXNZM5NJA0NTQZLCJQDGKIOII1ZGFJNZY1M2QWMZY0Y2Y3OGEXMDGYZDE4Y2Y4NDI5NYISINJLZNJLC2HFZXHWIJOXNZM5NJKWOTQZLCJ1C2VYX2LKIJOXFQ.FCRVALA1R0UB_GTBIK4_HQ15BR5NTQ4SYRVXNZNPWZU','2025-02-15 07:29:03.015716','2025-02-15 08:29:03.000000',1,'5DAC7653D0364CF78A1082D18CF84297'),(922,'EYJHBGCIOIJIUZI1NIISINR5CCI6IKPXVCJ9.EYJ0B2TLBL90EXBLIJOIC2XPZGLUZYISIMV4CCI6MTCZOTYXMTUWNIWIAWF0IJOXNZM5NJA3OTA2LCJQDGKIOIJJNGEZMGQ5ZMQ3NTM0YJM0YJUYNDHLYMU2OTDMODG5YYISINJLZNJLC2HFZXHWIJOXNZM5NJK0MZA2LCJ1C2VYX2LKIJOXFQ.JSWUHFZ7U5QDC9G4VLZBIQU3XLG3RDMXF4QFHJP9HZM','2025-02-15 08:25:06.278010','2025-02-15 09:25:06.000000',1,'C4A30D9FD7534B34B5248EBE697F889C'),(923,'EYJHBGCIOIJIUZI1NIISINR5CCI6IKPXVCJ9.EYJ0B2TLBL90EXBLIJOIC2XPZGLUZYISIMV4CCI6MTCZOTYXMTUWNIWIAWF0IJOXNZM5NJA3OTA2LCJQDGKIOIIZYTJMMTU5YMQWM2U0Y2FLODK0ZGQWZTY2ODVIYZJJNIISINJLZNJLC2HFZXHWIJOXNZM5NJK0MZA2LCJ1C2VYX2LKIJOXFQ.7SNAO_GDGJJL6WIAOHEW_GD3YLSDB7NZDODZCJC_GZM','2025-02-15 08:25:06.295051','2025-02-15 09:25:06.000000',1,'3A2F159BD03E4CAE894DD0E6685BC2C6'),(924,'EYJHBGCIOIJIUZI1NIISINR5CCI6IKPXVCJ9.EYJ0B2TLBL90EXBLIJOIC2XPZGLUZYISIMV4CCI6MTCZOTYXMTUWNIWIAWF0IJOXNZM5NJA3OTA2LCJQDGKIOII3OGJMZJYYYJZJOWI0OWM5OWEWMTY1YWYYNGMYZMFLNIISINJLZNJLC2HFZXHWIJOXNZM5NJK0MZA2LCJ1C2VYX2LKIJOXFQ.Z4M6MEERXAAAOGQQH5LKED54W-ACMCZ0TE2XETIVRDM','2025-02-15 08:25:06.312004','2025-02-15 09:25:06.000000',1,'78BFF62B6C9B49C99A0165AF24C2FAE6'),(925,'EYJHBGCIOIJIUZI1NIISINR5CCI6IKPXVCJ9.EYJ0B2TLBL90EXBLIJOIC2XPZGLUZYISIMV4CCI6MTCZOTYXMTUWNIWIAWF0IJOXNZM5NJA3OTA2LCJQDGKIOII4YZBIZGYWNDYYYJE0MJNIYTK3MZVINDI5NMM1NDYWNIISINJLZNJLC2HFZXHWIJOXNZM5NJK0MZA2LCJ1C2VYX2LKIJOXFQ.DMQYJLRA7Q8TEIXQJAZW5PJUQZPM12Y4YY1ZE9C0VDY','2025-02-15 08:25:06.328267','2025-02-15 09:25:06.000000',1,'8C0BDF0462B1423BA9735B4296C54606'),(926,'EYJHBGCIOIJIUZI1NIISINR5CCI6IKPXVCJ9.EYJ0B2TLBL90EXBLIJOIC2XPZGLUZYISIMV4CCI6MTCZOTYXMTUWNIWIAWF0IJOXNZM5NJA3OTA2LCJQDGKIOII4ZJMWYZZKMDHIYTU0NMFIOGJLNZFLZJYZMGIXYZUZOCISINJLZNJLC2HFZXHWIJOXNZM5NJK0MZA2LCJ1C2VYX2LKIJOXFQ.7QJHRC4-AQLMO_QWQB7DR6TEOGTRQNFNIH7ICNFCRV8','2025-02-15 08:25:06.343017','2025-02-15 09:25:06.000000',1,'8F30C6D08BA546AB8BE71EF630B1C538'),(927,'EYJHBGCIOIJIUZI1NIISINR5CCI6IKPXVCJ9.EYJ0B2TLBL90EXBLIJOIC2XPZGLUZYISIMV4CCI6MTCZOTYXMTUWNIWIAWF0IJOXNZM5NJA3OTA2LCJQDGKIOIJJMJUWYWUZZTIYNWM0NZK0YWFJMDAWZTDIMZRHY2NHOSISINJLZNJLC2HFZXHWIJOXNZM5NJK0MZA2LCJ1C2VYX2LKIJOXFQ.WJ7ZBSGAT_3SDVIEWRKXQAO1URWAKX37M75F6RGR63A','2025-02-15 08:25:06.356366','2025-02-15 09:25:06.000000',1,'C250AE3E225C4794AAC000E7B34ACCA9'),(928,'EYJHBGCIOIJIUZI1NIISINR5CCI6IKPXVCJ9.EYJ0B2TLBL90EXBLIJOIC2XPZGLUZYISIMV4CCI6MTCZOTYXMTUWNIWIAWF0IJOXNZM5NJA3OTA2LCJQDGKIOII3YJAWZTMWZTJLZDM0OGY4OWZLZMRKODI4YMNHODHHMYISINJLZNJLC2HFZXHWIJOXNZM5NJK0MZA2LCJ1C2VYX2LKIJOXFQ.IFUBEKEBCUGTLN3T9-OEKSNT0U23XDKP7YQLNFQYELC','2025-02-15 08:25:06.371891','2025-02-15 09:25:06.000000',1,'7B00E30E2ED348F89FEFDD828BCA88A3'),(929,'EYJHBGCIOIJIUZI1NIISINR5CCI6IKPXVCJ9.EYJ0B2TLBL90EXBLIJOIC2XPZGLUZYISIMV4CCI6MTCZOTYXMTUWNIWIAWF0IJOXNZM5NJA3OTA2LCJQDGKIOII5NZG3Y2QZM2NHZDG0Y2VLYMRHODG0MMMWMWYYNDVHMCISINJLZNJLC2HFZXHWIJOXNZM5NJK0MZA2LCJ1C2VYX2LKIJOXFQ.DIEM1OIGANQQPOHLAKYWF38TNFH6ABF-7JO3YGEUD-8','2025-02-15 08:25:06.388761','2025-02-15 09:25:06.000000',1,'9787CD33CAD84CEEBDA8842C01F245A0'),(930,'EYJHBGCIOIJIUZI1NIISINR5CCI6IKPXVCJ9.EYJ0B2TLBL90EXBLIJOIC2XPZGLUZYISIMV4CCI6MTCZOTYXMTUWNIWIAWF0IJOXNZM5NJA3OTA2LCJQDGKIOIIXMJRIZDZHOGY4YJQ0YTKYODZMNGQ4NDVMZTJMMGJHMSISINJLZNJLC2HFZXHWIJOXNZM5NJK0MZA2LCJ1C2VYX2LKIJOXFQ.AHKD6ACHSXJZPDLYTMGU5GTQMSXQMTLVWBRP-AEDPXS','2025-02-15 08:25:06.401569','2025-02-15 09:25:06.000000',1,'124BD6A8F8B44A9286F4D845FE2F0BA1'),(931,'EYJHBGCIOIJIUZI1NIISINR5CCI6IKPXVCJ9.EYJ0B2TLBL90EXBLIJOIC2XPZGLUZYISIMV4CCI6MTCZOTYXMTUWNIWIAWF0IJOXNZM5NJA3OTA2LCJQDGKIOIIXNZQ0YWMYZJLLNDM0OTC0YJM2YJFJYTC1YMI4MDI2YYISINJLZNJLC2HFZXHWIJOXNZM5NJK0MZA2LCJ1C2VYX2LKIJOXFQ.DZQZDW2XRCPCTJ3CTI3NNHRF_JESRNFH4OPZJQZR_SM','2025-02-15 08:25:06.415854','2025-02-15 09:25:06.000000',1,'1744AC2F9E434974B36B1CA75BB8026C'),(932,'EYJHBGCIOIJIUZI1NIISINR5CCI6IKPXVCJ9.EYJ0B2TLBL90EXBLIJOIC2XPZGLUZYISIMV4CCI6MTCZOTYXMTUWNIWIAWF0IJOXNZM5NJA3OTA2LCJQDGKIOIJINDU2NWY4MWUWMDQ0ZTLKOTG3ZGQWNWNKZWU1NZRHZCISINJLZNJLC2HFZXHWIJOXNZM5NJK0MZA2LCJ1C2VYX2LKIJOXFQ.C33GP-SK2HRHVSQFQB8MRL7IEQ8CD--DIBHCO6KVT4U','2025-02-15 08:25:06.428701','2025-02-15 09:25:06.000000',1,'B4565F81E0044E9D987DD05CDEE574AD'),(933,'EYJHBGCIOIJIUZI1NIISINR5CCI6IKPXVCJ9.EYJ0B2TLBL90EXBLIJOIC2XPZGLUZYISIMV4CCI6MTCZOTYXMTUWNIWIAWF0IJOXNZM5NJA3OTA2LCJQDGKIOII2N2QZNMQYYWZKNTC0NGQWOWEYYMZMNDY4ZWMXNDM1OSISINJLZNJLC2HFZXHWIJOXNZM5NJK0MZA2LCJ1C2VYX2LKIJOXFQ.EPEKQNLLMBL76JLDCLBXHWMFA0D-DVRJMLU6O-SWSF0','2025-02-15 08:25:06.448616','2025-02-15 09:25:06.000000',1,'67D36D2AFD5744D09A2BFF468EC14359'),(934,'EYJHBGCIOIJIUZI1NIISINR5CCI6IKPXVCJ9.EYJ0B2TLBL90EXBLIJOIC2XPZGLUZYISIMV4CCI6MTCZOTYXMTUWNIWIAWF0IJOXNZM5NJA3OTA2LCJQDGKIOII0ZMNJZDKWMWFLM2U0YZGXODI5MTHHZMFKMMFLYMEZMIISINJLZNJLC2HFZXHWIJOXNZM5NJK0MZA2LCJ1C2VYX2LKIJOXFQ.HFAIY9BKXIZJ_YQRR0-LTE47RMSY0DAZVIYIAFD-EQS','2025-02-15 08:25:06.462763','2025-02-15 09:25:06.000000',1,'4FCCD901AE3E4C8182918AFAD2AEBA32'),(935,'EYJHBGCIOIJIUZI1NIISINR5CCI6IKPXVCJ9.EYJ0B2TLBL90EXBLIJOIC2XPZGLUZYISIMV4CCI6MTCZOTYXMTUWNIWIAWF0IJOXNZM5NJA3OTA2LCJQDGKIOIJLZGJKMDZJMDRKNGQ0OTNMYJZIMTY5MDJJMWMYZJQ1ZSISINJLZNJLC2HFZXHWIJOXNZM5NJK0MZA2LCJ1C2VYX2LKIJOXFQ.NN_QIVJHMNM3CO1CLSHKEUNXVIB--UQ50FSG16KS3IU','2025-02-15 08:25:06.519542','2025-02-15 09:25:06.000000',1,'EDBD06C04D4D493FB6B16902C1C2F45E'),(936,'EYJHBGCIOIJIUZI1NIISINR5CCI6IKPXVCJ9.EYJ0B2TLBL90EXBLIJOIC2XPZGLUZYISIMV4CCI6MTCZOTYXMTUWNIWIAWF0IJOXNZM5NJA3OTA2LCJQDGKIOIJMNTG1NZI2ZJQ1ODQ0MDY5YJEWNDM3MDRIYWI5YTVJYYISINJLZNJLC2HFZXHWIJOXNZM5NJK0MZA2LCJ1C2VYX2LKIJOXFQ.UINRJK8YXJGESYECACIB0H9IBSLNKZ2UUTRENDIIWUS','2025-02-15 08:25:06.539269','2025-02-15 09:25:06.000000',1,'F585726F45844069B1043704BAB9A5CC'),(937,'EYJHBGCIOIJIUZI1NIISINR5CCI6IKPXVCJ9.EYJ0B2TLBL90EXBLIJOIC2XPZGLUZYISIMV4CCI6MTCZOTYXMTUWNIWIAWF0IJOXNZM5NJA3OTA2LCJQDGKIOIJMZDNKNDAZMJZMN2U0M2MXOTIZMGI0MJE0MWY5NDQWMSISINJLZNJLC2HFZXHWIJOXNZM5NJK0MZA2LCJ1C2VYX2LKIJOXFQ.IHJILCTCJQA_5YMHZE4_8WERHL-XU_6HZG6WJL9WYF0','2025-02-15 08:25:06.554569','2025-02-15 09:25:06.000000',1,'FD3D40326F7E43C19230B42141F94401'),(938,'EYJHBGCIOIJIUZI1NIISINR5CCI6IKPXVCJ9.EYJ0B2TLBL90EXBLIJOIC2XPZGLUZYISIMV4CCI6MTCZOTYXMTUWNIWIAWF0IJOXNZM5NJA3OTA2LCJQDGKIOIIWZTE1MDDMZDDKMDM0YWJMYJM0OTRKNJA3ZWI2YTAXZCISINJLZNJLC2HFZXHWIJOXNZM5NJK0MZA2LCJ1C2VYX2LKIJOXFQ.QTSKKPUEY4TMT6TYFC_ER5BZOOLXRM1YHGHQ3QLZGPU','2025-02-15 08:25:06.577463','2025-02-15 09:25:06.000000',1,'0E1507FD7D034ABFB3494D607EB6A01D'),(939,'EYJHBGCIOIJIUZI1NIISINR5CCI6IKPXVCJ9.EYJ0B2TLBL90EXBLIJOIC2XPZGLUZYISIMV4CCI6MTCZOTYXMTUWNIWIAWF0IJOXNZM5NJA3OTA2LCJQDGKIOIIYMDU2NZE5MDQ1Y2Y0NDK2OTZIYZNIYWQ1OWY4MGIWZCISINJLZNJLC2HFZXHWIJOXNZM5NJK0MZA2LCJ1C2VYX2LKIJOXFQ.K77CDQMJCQZVEP68L3UNHL0FVG4WHIPWE8KJVJIC9VG','2025-02-15 08:25:06.593526','2025-02-15 09:25:06.000000',1,'2056719045CF449696BC3BAD59F80B0D'),(940,'EYJHBGCIOIJIUZI1NIISINR5CCI6IKPXVCJ9.EYJ0B2TLBL90EXBLIJOIC2XPZGLUZYISIMV4CCI6MTCZOTYXMTUWNIWIAWF0IJOXNZM5NJA3OTA2LCJQDGKIOII1MZFMNMM2ZJA1MJQ0MTI2YWQYYMUWOTI5Y2NJYZY5YIISINJLZNJLC2HFZXHWIJOXNZM5NJK0MZA2LCJ1C2VYX2LKIJOXFQ.U4MKVEMZTAP0XFVDOOQXPNU4QQGDGW5XOLFOLRA-_ZG','2025-02-15 08:25:06.650762','2025-02-15 09:25:06.000000',1,'531F6C6F05244126AD2BE0929CCCC69B'),(941,'EYJHBGCIOIJIUZI1NIISINR5CCI6IKPXVCJ9.EYJ0B2TLBL90EXBLIJOIC2XPZGLUZYISIMV4CCI6MTCZOTYXNDGXMSWIAWF0IJOXNZM5NJEXMJEXLCJQDGKIOIIZODK4MDFIOTLMZTK0NJC1YWM3YTM2MZQZZDI0MTQYMSISINJLZNJLC2HFZXHWIJOXNZM5NJK3NJEXLCJ1C2VYX2LKIJOXFQ.FTYB3IFZNFBSU8JAAXPYIQFVOHZJ-YDI2XBL4RIPYPO','2025-02-15 09:20:11.496690','2025-02-15 10:20:11.000000',1,'389801B99FE94675AC7A36343D241421'),(942,'EYJHBGCIOIJIUZI1NIISINR5CCI6IKPXVCJ9.EYJ0B2TLBL90EXBLIJOIC2XPZGLUZYISIMV4CCI6MTCZOTYXNDGXMSWIAWF0IJOXNZM5NJEXMJEXLCJQDGKIOIJMNTGZZWFLNJMXNTK0NDC3YMM3NMJJM2Q4NZHLMTFJMIISINJLZNJLC2HFZXHWIJOXNZM5NJK3NJEXLCJ1C2VYX2LKIJOXFQ.0LVUKRMD4BGQFRZGEBW-OLL9WLN9EU5-G8NXLGM38ZA','2025-02-15 09:20:11.512593','2025-02-15 10:20:11.000000',1,'F583EAE631594477BC76BC3D878E11C2'),(943,'EYJHBGCIOIJIUZI1NIISINR5CCI6IKPXVCJ9.EYJ0B2TLBL90EXBLIJOIC2XPZGLUZYISIMV4CCI6MTCZOTYXNDGXMSWIAWF0IJOXNZM5NJEXMJEXLCJQDGKIOII2YWE3Y2Q3Y2U1MZE0YWUWYJHJYWRHYMY3Y2JMM2I1MSISINJLZNJLC2HFZXHWIJOXNZM5NJK3NJEXLCJ1C2VYX2LKIJOXFQ.VUOJ5HJT18LHXJPHPUMRGWY3ZISTSBRTAWAAQZIKOPC','2025-02-15 09:20:11.528010','2025-02-15 10:20:11.000000',1,'6AA7CD7CE5314AE0B8CADABF7CBF3B51'),(944,'EYJHBGCIOIJIUZI1NIISINR5CCI6IKPXVCJ9.EYJ0B2TLBL90EXBLIJOIC2XPZGLUZYISIMV4CCI6MTCZOTYXNDGXMSWIAWF0IJOXNZM5NJEXMJEXLCJQDGKIOIIWOWFIZTRKZWU4ZDG0YWUZYWM3ZTE4MJEXOGI3NJYWZCISINJLZNJLC2HFZXHWIJOXNZM5NJK3NJEXLCJ1C2VYX2LKIJOXFQ.XCP7FOBCABLJBMSUHUHOFKJR7WZEBBF3WZF5WUZ2Y9K','2025-02-15 09:20:11.551907','2025-02-15 10:20:11.000000',1,'09ABE4DEE8D84AE3AC7E182118B7660D'),(945,'EYJHBGCIOIJIUZI1NIISINR5CCI6IKPXVCJ9.EYJ0B2TLBL90EXBLIJOIC2XPZGLUZYISIMV4CCI6MTCZOTYXNDGXMSWIAWF0IJOXNZM5NJEXMJEXLCJQDGKIOII5YWEXY2Y5YWQWMWI0NGFJODC1ODLMOGQ5M2Y1M2I3NIISINJLZNJLC2HFZXHWIJOXNZM5NJK3NJEXLCJ1C2VYX2LKIJOXFQ._1YG-XC_XUUGKQK3A2MHGIM_ZOFCH1YHPJB_TNKDY2Y','2025-02-15 09:20:11.572718','2025-02-15 10:20:11.000000',1,'9AA1CF9AD01B44AC87589F8D93F53B76'),(946,'EYJHBGCIOIJIUZI1NIISINR5CCI6IKPXVCJ9.EYJ0B2TLBL90EXBLIJOIC2XPZGLUZYISIMV4CCI6MTCZOTYXNDGXMSWIAWF0IJOXNZM5NJEXMJEXLCJQDGKIOIJKNZC4NDNJMDVKZWM0ZTQ1OGQ1ZJYXMTU0MMRLZJE4YIISINJLZNJLC2HFZXHWIJOXNZM5NJK3NJEXLCJ1C2VYX2LKIJOXFQ.V9JXKPWRQ90HRBW7ASPQ2O7E4L9YT3QOU_K55HGMG9Q','2025-02-15 09:20:11.589181','2025-02-15 10:20:11.000000',1,'D77843C05DEC4E458D5F611542DEF18B'),(947,'EYJHBGCIOIJIUZI1NIISINR5CCI6IKPXVCJ9.EYJ0B2TLBL90EXBLIJOIC2XPZGLUZYISIMV4CCI6MTCZOTYXNDGXMSWIAWF0IJOXNZM5NJEXMJEXLCJQDGKIOII0Y2QYOTMYNZNIZDQ0NGYWYTU2ZDFKMZYXOTKYYWVJNYISINJLZNJLC2HFZXHWIJOXNZM5NJK3NJEXLCJ1C2VYX2LKIJOXFQ.BWUAD796TD06KAU3ZIGF7NPYVXGZNSR4V8V5UGLIPSY','2025-02-15 09:20:11.611513','2025-02-15 10:20:11.000000',1,'4CD293273BD444F0A56D1D361992AEC7'),(948,'EYJHBGCIOIJIUZI1NIISINR5CCI6IKPXVCJ9.EYJ0B2TLBL90EXBLIJOIC2XPZGLUZYISIMV4CCI6MTCZOTYXNDGXMSWIAWF0IJOXNZM5NJEXMJEXLCJQDGKIOII3OTA4OWFHOWMXMTM0ZWEXYMU3NJA2ZJBJZWEYMDEXMYISINJLZNJLC2HFZXHWIJOXNZM5NJK3NJEXLCJ1C2VYX2LKIJOXFQ.KEJUGFNNDPAZ7RWCNYLKMHKD5FYO5FVEMXZIAPFEPFM','2025-02-15 09:20:11.625384','2025-02-15 10:20:11.000000',1,'79089AA9C1134EA1BE7606F0CEA20113'),(949,'EYJHBGCIOIJIUZI1NIISINR5CCI6IKPXVCJ9.EYJ0B2TLBL90EXBLIJOIC2XPZGLUZYISIMV4CCI6MTCZOTYXNDGXMSWIAWF0IJOXNZM5NJEXMJEXLCJQDGKIOII1MJA0MJQ3ZWI1MDI0OWVKYTRHZDIWYMY0M2VKMGNJOSISINJLZNJLC2HFZXHWIJOXNZM5NJK3NJEXLCJ1C2VYX2LKIJOXFQ.ZV4NPE47VURQZQFPT_TL8EETGTWONU1YZECKJMCIWEM','2025-02-15 09:20:11.638996','2025-02-15 10:20:11.000000',1,'5204247EB50249EDA4AD20BF43ED0CC9'),(950,'EYJHBGCIOIJIUZI1NIISINR5CCI6IKPXVCJ9.EYJ0B2TLBL90EXBLIJOIC2XPZGLUZYISIMV4CCI6MTCZOTYXNDGXMSWIAWF0IJOXNZM5NJEXMJEXLCJQDGKIOII2NZU2ZDK5ODCZYTI0OGFMOTAWNDFMN2Y1YMUYMGFLZIISINJLZNJLC2HFZXHWIJOXNZM5NJK3NJEXLCJ1C2VYX2LKIJOXFQ.S8V_AJUJAVZ2IV7ISHOTV_IVOLXMLVBJM4TG0IBNH8K','2025-02-15 09:20:11.653773','2025-02-15 10:20:11.000000',1,'6756D99873A248AF90041F7F5BE20AEF'),(951,'EYJHBGCIOIJIUZI1NIISINR5CCI6IKPXVCJ9.EYJ0B2TLBL90EXBLIJOIC2XPZGLUZYISIMV4CCI6MTCZOTYXNDGXMSWIAWF0IJOXNZM5NJEXMJEXLCJQDGKIOIJLYZK2ODE0NWNLMDQ0ZWIXYTQZNJLIOTA4OGM4MZBKYSISINJLZNJLC2HFZXHWIJOXNZM5NJK3NJEXLCJ1C2VYX2LKIJOXFQ.9P5T2CLUHYIU5XMKHWDNCHUE8BEYZIHVSQDRJH3STA8','2025-02-15 09:20:11.666877','2025-02-15 10:20:11.000000',1,'EC968145CE044EB1A4369B9088C830DA'),(952,'EYJHBGCIOIJIUZI1NIISINR5CCI6IKPXVCJ9.EYJ0B2TLBL90EXBLIJOIC2XPZGLUZYISIMV4CCI6MTCZOTYXNDGXMSWIAWF0IJOXNZM5NJEXMJEXLCJQDGKIOII4MJHMOTG2ZTA5MDI0MJM1YJUZMWRMNGMYNZGYODIXMYISINJLZNJLC2HFZXHWIJOXNZM5NJK3NJEXLCJ1C2VYX2LKIJOXFQ.OC7GEW4YSVKGWRTOACYATM5LB4BOTQILSU_RF5NF5K8','2025-02-15 09:20:11.682213','2025-02-15 10:20:11.000000',1,'828F986E09024235B531DF4C27828213'),(953,'EYJHBGCIOIJIUZI1NIISINR5CCI6IKPXVCJ9.EYJ0B2TLBL90EXBLIJOIC2XPZGLUZYISIMV4CCI6MTCZOTYXNDGXMSWIAWF0IJOXNZM5NJEXMJEXLCJQDGKIOIIZMZNLZDC3OGE4ZTQ0MGIXODGYMZCWOTIYOTBLYZK4MIISINJLZNJLC2HFZXHWIJOXNZM5NJK3NJEXLCJ1C2VYX2LKIJOXFQ.WQKZQ8ELSR7BQUYWHLC5MU5-OS59-WTFGCORKA6E3YW','2025-02-15 09:20:11.704284','2025-02-15 10:20:11.000000',1,'333ED778A8E440B188237092290EC982'),(954,'EYJHBGCIOIJIUZI1NIISINR5CCI6IKPXVCJ9.EYJ0B2TLBL90EXBLIJOIC2XPZGLUZYISIMV4CCI6MTCZOTYXNDGXMSWIAWF0IJOXNZM5NJEXMJEXLCJQDGKIOII4NDEYYWEZMTJJMTG0N2VKYTI3YMNMZDYYYTLIOGJIYIISINJLZNJLC2HFZXHWIJOXNZM5NJK3NJEXLCJ1C2VYX2LKIJOXFQ.3C2F2N1MOUGRMC6MSGIOKRIBZPXKOZMZVOZSYWPQDIY','2025-02-15 09:20:11.720629','2025-02-15 10:20:11.000000',1,'8412AA312C1847EDA27BCFD62A9B8BBB'),(955,'EYJHBGCIOIJIUZI1NIISINR5CCI6IKPXVCJ9.EYJ0B2TLBL90EXBLIJOIC2XPZGLUZYISIMV4CCI6MTCZOTYXNDGXMSWIAWF0IJOXNZM5NJEXMJEXLCJQDGKIOII0YZCXZTA2ZTU0NGY0MTBIYTI0MDZMZDVLMDQXOGQZOSISINJLZNJLC2HFZXHWIJOXNZM5NJK3NJEXLCJ1C2VYX2LKIJOXFQ.ND3UBPK3P3QYJIFWQALAWJS5-ES2ZV1M3S2CAB5WQ_S','2025-02-15 09:20:11.734557','2025-02-15 10:20:11.000000',1,'4C71E06E544F410BA2406FD5E0418D39'),(956,'EYJHBGCIOIJIUZI1NIISINR5CCI6IKPXVCJ9.EYJ0B2TLBL90EXBLIJOIC2XPZGLUZYISIMV4CCI6MTCZOTYXNDGXMSWIAWF0IJOXNZM5NJEXMJEXLCJQDGKIOIJIM2I4NDJINGI3OGE0YJE5ODJIOTU1NGE3MZC3NZCZOSISINJLZNJLC2HFZXHWIJOXNZM5NJK3NJEXLCJ1C2VYX2LKIJOXFQ.YG3KEABWMRM5ESTIZEHKULBPGTJX9KU8-JIDIJXW_II','2025-02-15 09:20:11.758373','2025-02-15 10:20:11.000000',1,'B3B842B4B78A4B1982B9554A73777739'),(957,'EYJHBGCIOIJIUZI1NIISINR5CCI6IKPXVCJ9.EYJ0B2TLBL90EXBLIJOIC2XPZGLUZYISIMV4CCI6MTCZOTYXNDGXMSWIAWF0IJOXNZM5NJEXMJEXLCJQDGKIOIIXMTK0NDDLYJRKNDK0MZM2OTA4OGNJYME0MZRKNTJKYYISINJLZNJLC2HFZXHWIJOXNZM5NJK3NJEXLCJ1C2VYX2LKIJOXFQ.3KK5LBOLJQUQHQO_WYKJAXYJP9JVA1LIBZLEKNV8TNQ','2025-02-15 09:20:11.772665','2025-02-15 10:20:11.000000',1,'119447EB4D4943369088CCBA434D52DC'),(958,'EYJHBGCIOIJIUZI1NIISINR5CCI6IKPXVCJ9.EYJ0B2TLBL90EXBLIJOIC2XPZGLUZYISIMV4CCI6MTCZOTYXNDGXMSWIAWF0IJOXNZM5NJEXMJEXLCJQDGKIOIIWNJY0ZGRHZJVLYMY0NZRMYJDLOWYXZJHIZTAXNJY2ZIISINJLZNJLC2HFZXHWIJOXNZM5NJK3NJEXLCJ1C2VYX2LKIJOXFQ.1PDBX0XYW43E7_JZ127FNZCQEVFWP1EOA0BYZ9VNMW4','2025-02-15 09:20:11.788260','2025-02-15 10:20:11.000000',1,'0664DDAF5EBF474FB7E9F1F8BE01666F'),(959,'EYJHBGCIOIJIUZI1NIISINR5CCI6IKPXVCJ9.EYJ0B2TLBL90EXBLIJOIC2XPZGLUZYISIMV4CCI6MTCZOTYXNDGXMSWIAWF0IJOXNZM5NJEXMJEXLCJQDGKIOII5MMMYMWU1ZDYZYTM0NMVHOWY0MZFIYZFLOWQ0ZJMZNYISINJLZNJLC2HFZXHWIJOXNZM5NJK3NJEXLCJ1C2VYX2LKIJOXFQ.JO7XEUCAGLYIPLPLOMJXIGSMVRMGSPENIOK75-Q5YOC','2025-02-15 09:20:11.800354','2025-02-15 10:20:11.000000',1,'92C21E5D63A346EA9F431BC1E9D4F337'),(960,'EYJHBGCIOIJIUZI1NIISINR5CCI6IKPXVCJ9.EYJ0B2TLBL90EXBLIJOIC2XPZGLUZYISIMV4CCI6MTCZOTYXNDGXMSWIAWF0IJOXNZM5NJEXMJEXLCJQDGKIOII2MJG5M2NJZTHMM2I0ZTRKODFIYJE1ZTYYNGIWMDVINCISINJLZNJLC2HFZXHWIJOXNZM5NJK3NJEXLCJ1C2VYX2LKIJOXFQ.6LPBTTQXW6IFC2NLLY0DJXEI_O3G-HJLD1FZHMQGDCK','2025-02-15 09:20:11.815488','2025-02-15 10:20:11.000000',1,'62893CCE8F3B4E4D81BB15E624B005B4'),(961,'EYJHBGCIOIJIUZI1NIISINR5CCI6IKPXVCJ9.EYJ0B2TLBL90EXBLIJOIC2XPZGLUZYISIMV4CCI6MTCZOTYXNDGXMSWIAWF0IJOXNZM5NJEXMJEXLCJQDGKIOIIWODUYOTHIYJM4MTY0MDUZYWVHYTQYN2JJMZDLOWM1YIISINJLZNJLC2HFZXHWIJOXNZM5NJK3NJEXLCJ1C2VYX2LKIJOXFQ.RXYLLFELX-XBFGZ8VEGN1RSUBVVMJ6LQULCP7HDUXIE','2025-02-15 09:20:11.828468','2025-02-15 10:20:11.000000',1,'085298BB38164053AEAA427BC37E9C5B'),(962,'EYJHBGCIOIJIUZI1NIISINR5CCI6IKPXVCJ9.EYJ0B2TLBL90EXBLIJOIC2XPZGLUZYISIMV4CCI6MTCZOTYXNDGXMSWIAWF0IJOXNZM5NJEXMJEXLCJQDGKIOII5MGI5YZEWODUYM2Y0YZGWODNLY2VLMJQ0MTHKMDY2YYISINJLZNJLC2HFZXHWIJOXNZM5NJK3NJEXLCJ1C2VYX2LKIJOXFQ.QBRSFBJNW3FG-WPXNWX7ALD-AEOBGFDQNL7IHWKQ0TC','2025-02-15 09:20:11.868510','2025-02-15 10:20:11.000000',1,'90B9C108523F4C8083ECEE24418D066C'),(963,'EYJHBGCIOIJIUZI1NIISINR5CCI6IKPXVCJ9.EYJ0B2TLBL90EXBLIJOIC2XPZGLUZYISIMV4CCI6MTCZOTYXNDGXMSWIAWF0IJOXNZM5NJEXMJEXLCJQDGKIOII5MDI1NJC5ZTQWMWM0NJYXYMNKYMI5MDZJNDRKYTJHZIISINJLZNJLC2HFZXHWIJOXNZM5NJK3NJEXLCJ1C2VYX2LKIJOXFQ.KJNAZRUBJKSYWAN3BF0EDT1QQB2VUCQ31445DWPA-40','2025-02-15 09:20:11.884607','2025-02-15 10:20:11.000000',1,'9025679E401C4661BCDBB906C44DA2AF'),(964,'EYJHBGCIOIJIUZI1NIISINR5CCI6IKPXVCJ9.EYJ0B2TLBL90EXBLIJOIC2XPZGLUZYISIMV4CCI6MTCZOTYXNDGXMSWIAWF0IJOXNZM5NJEXMJEXLCJQDGKIOIJHOTZJN2E1YJAZYMY0ZMNLYTI3YMRJNTHJNTE2NWJJZSISINJLZNJLC2HFZXHWIJOXNZM5NJK3NJEXLCJ1C2VYX2LKIJOXFQ.12DSPXSS9MZ2ZBXEEE2CBIF0VSYAKY3SWLVMY_SQP2K','2025-02-15 09:20:11.923027','2025-02-15 10:20:11.000000',1,'A96C7A5B03BF4FCEA27BDC58C5165BCE'),(965,'EYJHBGCIOIJIUZI1NIISINR5CCI6IKPXVCJ9.EYJ0B2TLBL90EXBLIJOIC2XPZGLUZYISIMV4CCI6MTCZOTYXNDGXMSWIAWF0IJOXNZM5NJEXMJEXLCJQDGKIOIJKYWRMM2EYMTA0MZK0MDAXOGI0NJY2NJUWYWE1OGNJZSISINJLZNJLC2HFZXHWIJOXNZM5NJK3NJEXLCJ1C2VYX2LKIJOXFQ.K-KQYV9T1SPRWFJAQV_BOFSALT2N_K3FZZX2FMY6FXW','2025-02-15 09:20:11.937202','2025-02-15 10:20:11.000000',1,'DADF3A21043940018B4666650AA58CCE'),(966,'EYJHBGCIOIJIUZI1NIISINR5CCI6IKPXVCJ9.EYJ0B2TLBL90EXBLIJOIC2XPZGLUZYISIMV4CCI6MTCZOTYXNDGXMSWIAWF0IJOXNZM5NJEXMJEXLCJQDGKIOIJMZGRLMMJKNWNJNWU0M2JLYJNHNDLLMTLKZMI0MGQYMCISINJLZNJLC2HFZXHWIJOXNZM5NJK3NJEXLCJ1C2VYX2LKIJOXFQ.DMPFOIBRSQN0NONIH7AIWLRII2YANNKGWPO3_IIY_I8','2025-02-15 09:20:11.949747','2025-02-15 10:20:11.000000',1,'FDDE2BD5CC5E43BEB3A49E19DFB40D20'),(967,'EYJHBGCIOIJIUZI1NIISINR5CCI6IKPXVCJ9.EYJ0B2TLBL90EXBLIJOIC2XPZGLUZYISIMV4CCI6MTCZOTYXNDGXMSWIAWF0IJOXNZM5NJEXMJEXLCJQDGKIOIIZYZI1MTY4NJVIMDU0Y2QWOGRIZJM2M2IZZDG1Y2RHNYISINJLZNJLC2HFZXHWIJOXNZM5NJK3NJEXLCJ1C2VYX2LKIJOXFQ.Y61EWOJF9MYTWRAIMSM3ZV4MRLF4FKGVH-WEOTQRXEQ','2025-02-15 09:20:11.967549','2025-02-15 10:20:11.000000',1,'3C2516865B054CD08DBF363B3D85CDA7'),(968,'EYJHBGCIOIJIUZI1NIISINR5CCI6IKPXVCJ9.EYJ0B2TLBL90EXBLIJOIC2XPZGLUZYISIMV4CCI6MTCZOTYXNDGXMSWIAWF0IJOXNZM5NJEXMJEXLCJQDGKIOIJKNZIYZJDKMWM1ZJM0YMJIYTE2ZGM4NWQ0ZGE2NDCWMSISINJLZNJLC2HFZXHWIJOXNZM5NJK3NJEXLCJ1C2VYX2LKIJOXFQ.JEY7FBN4YJ2G6LFIOMMBOF6L9IXZ2X37MA9PZGTHNP4','2025-02-15 09:20:11.981753','2025-02-15 10:20:11.000000',1,'D722F7D1C5F34BBBA16DC85D4DA64701'),(969,'EYJHBGCIOIJIUZI1NIISINR5CCI6IKPXVCJ9.EYJ0B2TLBL90EXBLIJOIC2XPZGLUZYISIMV4CCI6MTCZOTYXNDGXMSWIAWF0IJOXNZM5NJEXMJEXLCJQDGKIOIIZNMQ0M2I5MGI1Y2Q0NZCZYMUXY2JLMJYZZWI4NDYXYYISINJLZNJLC2HFZXHWIJOXNZM5NJK3NJEXLCJ1C2VYX2LKIJOXFQ.VF94JFOWOLUXAM0_L_IVW3IPYGOQGBUPB66P2QSS8KW','2025-02-15 09:20:11.994837','2025-02-15 10:20:11.000000',1,'36D43B90B5CD4773BE1CBE263EB8461C'),(970,'EYJHBGCIOIJIUZI1NIISINR5CCI6IKPXVCJ9.EYJ0B2TLBL90EXBLIJOIC2XPZGLUZYISIMV4CCI6MTCZOTYXNDGXMIWIAWF0IJOXNZM5NJEXMJEYLCJQDGKIOIIYZGMWNZJMMTFINJY0ODMXYJNHNTC2OTRJYZK2M2I1NCISINJLZNJLC2HFZXHWIJOXNZM5NJK3NJEYLCJ1C2VYX2LKIJOXFQ.8D7SO-HZZ7GVZUH8JKM0TC6HHJBM6UYLIUKMA7PXDX8','2025-02-15 09:20:12.008856','2025-02-15 10:20:12.000000',1,'2DC072F11B664831B3A57694CC963B54'),(971,'EYJHBGCIOIJIUZI1NIISINR5CCI6IKPXVCJ9.EYJ0B2TLBL90EXBLIJOIC2XPZGLUZYISIMV4CCI6MTCZOTYXNDGXMIWIAWF0IJOXNZM5NJEXMJEYLCJQDGKIOII3YZAZYMM3ZDBLMTE0MMU1YJVLYWZMNMVJZJJKZTKYOSISINJLZNJLC2HFZXHWIJOXNZM5NJK3NJEYLCJ1C2VYX2LKIJOXFQ.MSBUHSLIIWIBGSXBIDKHANUDHRWMVVF9YJABSZ8TF_8','2025-02-15 09:20:12.021107','2025-02-15 10:20:12.000000',1,'7C03BC7D0E1142E5B5EAFF6ECF2DE929'),(972,'EYJHBGCIOIJIUZI1NIISINR5CCI6IKPXVCJ9.EYJ0B2TLBL90EXBLIJOIC2XPZGLUZYISIMV4CCI6MTCZOTYXNDGXMIWIAWF0IJOXNZM5NJEXMJEYLCJQDGKIOII1ODAXZWQ2ODU5MZA0MJQWYTM4OTU1MZVIZGQXNZI1ZSISINJLZNJLC2HFZXHWIJOXNZM5NJK3NJEYLCJ1C2VYX2LKIJOXFQ.PCENRQTJBAU2AI5WRGBEMZHL1BHX47ROZXIF32EKGKI','2025-02-15 09:20:12.033427','2025-02-15 10:20:12.000000',1,'5801ED6859304240A3895535BDD1725E'),(973,'EYJHBGCIOIJIUZI1NIISINR5CCI6IKPXVCJ9.EYJ0B2TLBL90EXBLIJOIC2XPZGLUZYISIMV4CCI6MTCZOTYXNDGXMIWIAWF0IJOXNZM5NJEXMJEYLCJQDGKIOII0NTHHYWI5NTNLYMY0YWNIOGIYZMEXZWZHOGUWZJHMYYISINJLZNJLC2HFZXHWIJOXNZM5NJK3NJEYLCJ1C2VYX2LKIJOXFQ.QGRX9WTMXPWMFJEWVBSZKFRFN7APCYKHVSPG0PJO9ZC','2025-02-15 09:20:12.051208','2025-02-15 10:20:12.000000',1,'458AAB953EBF4ACB8B2FA1EFA8E0F8FC'),(974,'EYJHBGCIOIJIUZI1NIISINR5CCI6IKPXVCJ9.EYJ0B2TLBL90EXBLIJOIC2XPZGLUZYISIMV4CCI6MTCZOTYXNDGXMIWIAWF0IJOXNZM5NJEXMJEYLCJQDGKIOII3MGE3ZTI2ZTK4YTI0YTGXYTU5NTE4ZGUWMZRKNTQZZCISINJLZNJLC2HFZXHWIJOXNZM5NJK3NJEYLCJ1C2VYX2LKIJOXFQ.ZOU-FNPTIY42AKUEV-2790S-KA31Z599FOWJDW-WO3E','2025-02-15 09:20:12.091166','2025-02-15 10:20:12.000000',1,'70A7E26E98A24A81A59518DE034D543D'),(975,'EYJHBGCIOIJIUZI1NIISINR5CCI6IKPXVCJ9.EYJ0B2TLBL90EXBLIJOIC2XPZGLUZYISIMV4CCI6MTCZOTYXNDGXMIWIAWF0IJOXNZM5NJEXMJEYLCJQDGKIOII2ZGYZOWNKZDGWNTE0NMNJYTNIYWFINTAZZDVKNGQ5MIISINJLZNJLC2HFZXHWIJOXNZM5NJK3NJEYLCJ1C2VYX2LKIJOXFQ.4VBKN9Q5BJ5KWX9KEODY_QEXDBK5V3PWXZCBN558VXC','2025-02-15 09:20:12.106228','2025-02-15 10:20:12.000000',1,'6DF39CDD805146CCA3BAAB503D5D4D92'),(976,'EYJHBGCIOIJIUZI1NIISINR5CCI6IKPXVCJ9.EYJ0B2TLBL90EXBLIJOIC2XPZGLUZYISIMV4CCI6MTCZOTYXNDGXMIWIAWF0IJOXNZM5NJEXMJEYLCJQDGKIOII5NMI2NDVIMJG5NJK0YJFIODLJM2VMMJRHM2VINZDMMYISINJLZNJLC2HFZXHWIJOXNZM5NJK3NJEYLCJ1C2VYX2LKIJOXFQ.POA0T_0I2TYGOU2V17RMPKZ2AKNMB5GL1D0QEB2AI1A','2025-02-15 09:20:12.120929','2025-02-15 10:20:12.000000',1,'96B645B289694B1B89C3EF24A3EB77F3'),(977,'EYJHBGCIOIJIUZI1NIISINR5CCI6IKPXVCJ9.EYJ0B2TLBL90EXBLIJOIC2XPZGLUZYISIMV4CCI6MTCZOTYXNDGXMIWIAWF0IJOXNZM5NJEXMJEYLCJQDGKIOIJMM2RLOTC0ZMMYODQ0Y2U2ODAWOTKYNDI4YTU2NZAXYSISINJLZNJLC2HFZXHWIJOXNZM5NJK3NJEYLCJ1C2VYX2LKIJOXFQ.DGVMWTUQEHMHIPAOK4E39VWDBLMWX5XLGZDL2ZZ_WJO','2025-02-15 09:20:12.161858','2025-02-15 10:20:12.000000',1,'F3DE974FC2844CE6800992428A56701A'),(978,'EYJHBGCIOIJIUZI1NIISINR5CCI6IKPXVCJ9.EYJ0B2TLBL90EXBLIJOIC2XPZGLUZYISIMV4CCI6MTCZOTYXNDGXMIWIAWF0IJOXNZM5NJEXMJEYLCJQDGKIOIIWZJFMODY5ZTKZYJY0MMU4YJGXNGY2ZDLJNMFLMDGZMCISINJLZNJLC2HFZXHWIJOXNZM5NJK3NJEYLCJ1C2VYX2LKIJOXFQ.LIUVMPDYVETBQJQKRXGC45S_LISB01EEL1TEZIABYOQ','2025-02-15 09:20:12.176822','2025-02-15 10:20:12.000000',1,'0F1F869E93B642E8B814F6D9C6AE0830'),(979,'EYJHBGCIOIJIUZI1NIISINR5CCI6IKPXVCJ9.EYJ0B2TLBL90EXBLIJOIC2XPZGLUZYISIMV4CCI6MTCZOTYXNDGXMIWIAWF0IJOXNZM5NJEXMJEYLCJQDGKIOII3NTA4Y2Y0MMIWNDE0YJFJOTDJODJHYZJJYWI0YTUZNIISINJLZNJLC2HFZXHWIJOXNZM5NJK3NJEYLCJ1C2VYX2LKIJOXFQ.UX_EJJFAEHL_SSYDFF-EXDWV0F-1DIUUPPODBLQVM5S','2025-02-15 09:20:12.191539','2025-02-15 10:20:12.000000',1,'7508CF42B0414B1C97C82AC2CAB4A536'),(980,'EYJHBGCIOIJIUZI1NIISINR5CCI6IKPXVCJ9.EYJ0B2TLBL90EXBLIJOIC2XPZGLUZYISIMV4CCI6MTCZOTYXNDGXMIWIAWF0IJOXNZM5NJEXMJEYLCJQDGKIOIIXNZNJODJIMDKXNMU0MMI4ODI2YJRMODG4YTHIZDKWZIISINJLZNJLC2HFZXHWIJOXNZM5NJK3NJEYLCJ1C2VYX2LKIJOXFQ.0OGQAEB9FFJLSDN6SJBQU-WQOJBD8RFPFJ-RB7AUNGW','2025-02-15 09:20:12.215989','2025-02-15 10:20:12.000000',1,'173C82B0916E42B8826B4F888A8BD90F'),(981,'EYJHBGCIOIJIUZI1NIISINR5CCI6IKPXVCJ9.EYJ0B2TLBL90EXBLIJOIC2XPZGLUZYISIMV4CCI6MTCZOTYXNDGXMIWIAWF0IJOXNZM5NJEXMJEYLCJQDGKIOIJJY2QWN2E2MZLJYTY0YZI5OTU4YZK4NDVHY2ZJMTKXYSISINJLZNJLC2HFZXHWIJOXNZM5NJK3NJEYLCJ1C2VYX2LKIJOXFQ.WS6ZDS2LN5YEWRAUUNA9B7S0F_XZVBOCZS35V0H1HAQ','2025-02-15 09:20:12.231152','2025-02-15 10:20:12.000000',1,'CCD07A639CA64C29958C9845ACFC191A'),(982,'EYJHBGCIOIJIUZI1NIISINR5CCI6IKPXVCJ9.EYJ0B2TLBL90EXBLIJOIC2XPZGLUZYISIMV4CCI6MTCZOTYXNDGXMIWIAWF0IJOXNZM5NJEXMJEYLCJQDGKIOIJJZJLJMJJLNZFHZWE0NJRJODUZOWM2ZGZLNGM5NWYWNCISINJLZNJLC2HFZXHWIJOXNZM5NJK3NJEYLCJ1C2VYX2LKIJOXFQ.VKQL8TMGSA-0K0FVLRX1GMWWRCJUPHF7L_T560_FPRU','2025-02-15 09:20:12.245634','2025-02-15 10:20:12.000000',1,'CF9C22E71AEA464C8539C6DFE4C95F04'),(983,'EYJHBGCIOIJIUZI1NIISINR5CCI6IKPXVCJ9.EYJ0B2TLBL90EXBLIJOIC2XPZGLUZYISIMV4CCI6MTCZOTYXNDGXMIWIAWF0IJOXNZM5NJEXMJEYLCJQDGKIOII4NDU4MTZMM2IZOTG0Y2EWYTLIMJHKNGY1MZVJNWY5NIISINJLZNJLC2HFZXHWIJOXNZM5NJK3NJEYLCJ1C2VYX2LKIJOXFQ.CLNWYN4CV6XH4DG6RF-XOGHALUTCQG8ZZEKXFCWV51C','2025-02-15 09:20:12.269968','2025-02-15 10:20:12.000000',1,'845816F3B3984CA0A9B28D4F535C5F96'),(984,'EYJHBGCIOIJIUZI1NIISINR5CCI6IKPXVCJ9.EYJ0B2TLBL90EXBLIJOIC2XPZGLUZYISIMV4CCI6MTCZOTYXNDK4MSWIAWF0IJOXNZM5NJEXMZGXLCJQDGKIOIJIMJKZZDE5NZJKMJC0NGM0OWQYN2UZMWE3MDG4MDY3OSISINJLZNJLC2HFZXHWIJOXNZM5NJK3NZGXLCJ1C2VYX2LKIJOXFQ.MW_ESVZYBE3DK83PAU67_XRKME72F8FF382V1FR_QTM','2025-02-15 09:23:01.408868','2025-02-15 10:23:01.000000',1,'B293D1972D2744C49D27E31A70880679'),(985,'EYJHBGCIOIJIUZI1NIISINR5CCI6IKPXVCJ9.EYJ0B2TLBL90EXBLIJOICMVMCMVZACISIMV4CCI6MTCZOTY5ODC0NCWIAWF0IJOXNZM5NJEYMZQ0LCJQDGKIOIIYM2M4OGZMMMQXNTC0YTJKODCWOWJLZJEXMTQ1ZGQWMYISINVZZXJFAWQIOJF9.WTVXT6IH2GSUOGPM1KC9XNEPLPZAWJPJMSHHVII75K4','2025-02-15 09:39:04.611097','2025-02-16 09:39:04.000000',1,'23C88FF2D1574A2D8709BEF11145DD03'),(986,'EYJHBGCIOIJIUZI1NIISINR5CCI6IKPXVCJ9.EYJ0B2TLBL90EXBLIJOIC2XPZGLUZYISIMV4CCI6MTCZOTYXNTK1MIWIAWF0IJOXNZM5NJEYMZUYLCJQDGKIOIJHYTK5YJQYNTI4M2I0ODBMODNKODZKODIZNTHHNWJKNYISINJLZNJLC2HFZXHWIJOXNZM5NJK4NZUYLCJ1C2VYX2LKIJOXFQ.CMPNJHV7CJ81XPWGB40GJK00GIDFCOBIA1WXW2D8VNI','2025-02-15 09:39:12.647865','2025-02-15 10:39:12.000000',1,'AA99B425283B480F83D86D82358A5BD7'),(987,'EYJHBGCIOIJIUZI1NIISINR5CCI6IKPXVCJ9.EYJ0B2TLBL90EXBLIJOICMVMCMVZACISIMV4CCI6MTCZOTY5OTIZMYWIAWF0IJOXNZM5NJEYODMZLCJQDGKIOIJJMWFKMZNKMZK3YMU0OWNJYWFMNJA3ZWM0MZY5YTCXZIISINVZZXJFAWQIOJF9.Y-J3WLLVM9OBGMGMKBNT37HVNVFK5P7EBC7IW56YM1U','2025-02-15 09:47:13.337198','2025-02-16 09:47:13.000000',1,'C1AD33D397BE49CCAAF607EC4369A71F'),(988,'EYJHBGCIOIJIUZI1NIISINR5CCI6IKPXVCJ9.EYJ0B2TLBL90EXBLIJOIC2XPZGLUZYISIMV4CCI6MTCZOTYXNJQZOSWIAWF0IJOXNZM5NJEYODM5LCJQDGKIOIJHM2Y4MDA5ZTA4NGE0ODUYOTFLM2ZJNTFKZTFIZJEZNSISINJLZNJLC2HFZXHWIJOXNZM5NJK5MJM5LCJ1C2VYX2LKIJOXFQ.OPUEL6GNIK5LAI0DBVVUAVSAAQTXRTKYQQJA3OGFW0A','2025-02-15 09:47:19.062443','2025-02-15 10:47:19.000000',1,'A3F8009E084A485291E3FC51DE1BF135'),(989,'EYJHBGCIOIJIUZI1NIISINR5CCI6IKPXVCJ9.EYJ0B2TLBL90EXBLIJOICMVMCMVZACISIMV4CCI6MTCZOTCWMDCYMSWIAWF0IJOXNZM5NJE0MZIXLCJQDGKIOIJMMMJHMTDJNGY5MMQ0MZQ1OWM2NWUWZDK2YTRHYZRHNYISINVZZXJFAWQIOJF9.RMZWAID6PNFRM9J4CPD93P5BBKT66DYRIV2TLK6Y5SU','2025-02-15 10:12:01.213874','2025-02-16 10:12:01.000000',1,'F2BA17C4F92D43459C65E0D96A4AC4A7'),(990,'EYJHBGCIOIJIUZI1NIISINR5CCI6IKPXVCJ9.EYJ0B2TLBL90EXBLIJOIC2XPZGLUZYISIMV4CCI6MTCZOTYXNZKYMYWIAWF0IJOXNZM5NJE0MZIZLCJQDGKIOIJLMJJMYWE3YJFKMZE0ZJNKOWM1ZTNHYWQ3NTAZNZQYNSISINJLZNJLC2HFZXHWIJOXNZM5NZAWNZIZLCJ1C2VYX2LKIJOXFQ.AOKWRUXSYIKQAJJDYJRERPAEADJUYBA4QE2T0BYXJAK','2025-02-15 10:12:03.749218','2025-02-15 11:12:03.000000',1,'E22FAA7B1D314F3D9C5E3AAD75037425'),(991,'EYJHBGCIOIJIUZI1NIISINR5CCI6IKPXVCJ9.EYJ0B2TLBL90EXBLIJOICMVMCMVZACISIMV4CCI6MTCZOTCWNTI5MYWIAWF0IJOXNZM5NJE4ODKZLCJQDGKIOII1NTVMOTBIODAXOGQ0ZTI0OTM3ZTC1NZEYNJFLYTY3NCISINVZZXJFAWQIOJF9.WEPHFEPZB49TOD6NSH44NRBIJMWYUQIPBDMWVXP-DNE','2025-02-15 11:28:13.575536','2025-02-16 11:28:13.000000',1,'555F90B8018D4E24937E7571261EA674'),(992,'EYJHBGCIOIJIUZI1NIISINR5CCI6IKPXVCJ9.EYJ0B2TLBL90EXBLIJOIC2XPZGLUZYISIMV4CCI6MTCZOTYYMJUWMYWIAWF0IJOXNZM5NJE4OTAZLCJQDGKIOII4ZGMXMTVKMZVHNME0NZZKYTNLODUYOTM2NMM3N2Q4MYISINJLZNJLC2HFZXHWIJOXNZM5NZA1MZAZLCJ1C2VYX2LKIJOXFQ.R6KDBMHX-0SBMHOHQH1U9QTVTUHUB8KO4X5JKFDC868','2025-02-15 11:28:23.549187','2025-02-15 12:28:23.000000',1,'8DC115D35A6A476DA3E8529366C77D83'),(993,'EYJHBGCIOIJIUZI1NIISINR5CCI6IKPXVCJ9.EYJ0B2TLBL90EXBLIJOICMVMCMVZACISIMV4CCI6MTCZOTCWNTQ5OSWIAWF0IJOXNZM5NJE5MDK5LCJQDGKIOIJMZDNHODGYY2VJODC0YTHKYTM3ZMU3YTJIYZEXNJA1NCISINVZZXJFAWQIOJF9.NFDJ3QQFQBWHTTKQ4HNEYXIWTHQV8J-GB7DLSHBBTXU','2025-02-15 11:31:39.112429','2025-02-16 11:31:39.000000',1,'FD3A882CEC874A8DA37FE7A2BC116054'),(994,'EYJHBGCIOIJIUZI1NIISINR5CCI6IKPXVCJ9.EYJ0B2TLBL90EXBLIJOIC2XPZGLUZYISIMV4CCI6MTCZOTYYMJCWMSWIAWF0IJOXNZM5NJE5MTAXLCJQDGKIOIIYODA1YZMWMGRMYJG0ZDFLOGRIODEZMJE1YTI0YJQWNIISINJLZNJLC2HFZXHWIJOXNZM5NZA1NTAXLCJ1C2VYX2LKIJOXFQ.USJBUGTXTGIR_DA635MZQ20W6ZEIOMBB9DEI6UPAU_U','2025-02-15 11:31:41.636923','2025-02-15 12:31:41.000000',1,'2805C300DFB84D1E8DB813215A24B406'),(995,'EYJHBGCIOIJIUZI1NIISINR5CCI6IKPXVCJ9.EYJ0B2TLBL90EXBLIJOICMVMCMVZACISIMV4CCI6MTCZOTCWNJU2NCWIAWF0IJOXNZM5NJIWMTY0LCJQDGKIOII2MMQ4YMYWNGRMZMU0N2MYOTE4YWI2MZG2MWQ2ZTI1OCISINVZZXJFAWQIOJF9.FYELCJMI_LARV5TSL8WLJDTG520QYOIGP-MXMOJC784','2025-02-15 11:49:24.261659','2025-02-16 11:49:24.000000',1,'62D8BF04DFFE47C2918AB63861D6E258'),(996,'EYJHBGCIOIJIUZI1NIISINR5CCI6IKPXVCJ9.EYJ0B2TLBL90EXBLIJOIC2XPZGLUZYISIMV4CCI6MTCZOTYYMZC2NIWIAWF0IJOXNZM5NJIWMTY2LCJQDGKIOII3NJQXM2ZJOWI5NDM0ZMI0YME5NDVKNTI3MJBLZTK2MCISINJLZNJLC2HFZXHWIJOXNZM5NZA2NTY2LCJ1C2VYX2LKIJOXFQ.1F3GPT9DLQEDY7T6I3ZJVWHRVEV63N3ETUBVQXKHI8U','2025-02-15 11:49:26.652646','2025-02-15 12:49:26.000000',1,'76413FC9B9434FB4BA945D52720EE960'),(997,'EYJHBGCIOIJIUZI1NIISINR5CCI6IKPXVCJ9.EYJ0B2TLBL90EXBLIJOICMVMCMVZACISIMV4CCI6MTCZOTCWODIZMIWIAWF0IJOXNZM5NJIXODMYLCJQDGKIOII4ZGQ2ZWE4ODLIZTE0YZMYYJCWOTFJNDNHMJA4YJJMYSISINVZZXJFAWQIOJF9.TKQBQF5-TLNMSJPXMHNW2NVWHVIYUXAOPSCJ8DH5KG4','2025-02-15 12:17:12.606829','2025-02-16 12:17:12.000000',1,'8DD6EA889BE14C32B7091C43A208B2FA'),(998,'EYJHBGCIOIJIUZI1NIISINR5CCI6IKPXVCJ9.EYJ0B2TLBL90EXBLIJOIC2XPZGLUZYISIMV4CCI6MTCZOTYYNTQZNCWIAWF0IJOXNZM5NJIXODM0LCJQDGKIOIIZMJI2YZI1ODBINZG0NMQXOWE2NTM0MTYYMZBMOTGWNYISINJLZNJLC2HFZXHWIJOXNZM5NZA4MJM0LCJ1C2VYX2LKIJOXFQ.4MSDZ5ESA710YXMVFABGLV2YTG5ZRBUHGCPRLTHNRJY','2025-02-15 12:17:14.874861','2025-02-15 13:17:14.000000',1,'3226C2580B7846D19A653416230F9807'),(999,'EYJHBGCIOIJIUZI1NIISINR5CCI6IKPXVCJ9.EYJ0B2TLBL90EXBLIJOICMVMCMVZACISIMV4CCI6MTCZOTCWODI0OCWIAWF0IJOXNZM5NJIXODQ4LCJQDGKIOIIYY2M5YMNKN2UWZTG0MMY0YWFJNWNKMMUWZMZINMIYZSISINVZZXJFAWQIOJF9.AO_UPFVWMPRI-8O-BU7CMRHO-RO8IYL70TWHEEFV6XW','2025-02-15 12:17:28.574535','2025-02-16 12:17:28.000000',1,'2CC9BCD7E0E842F4AAC5CD2E0FFB6B2E'),(1000,'EYJHBGCIOIJIUZI1NIISINR5CCI6IKPXVCJ9.EYJ0B2TLBL90EXBLIJOIC2XPZGLUZYISIMV4CCI6MTCZOTYYNTQ1MCWIAWF0IJOXNZM5NJIXODUWLCJQDGKIOIJKODY2YJC4OGZLNDA0NTAWYJKYZTG3MJGYZTU0NWQ2OSISINJLZNJLC2HFZXHWIJOXNZM5NZA4MJUWLCJ1C2VYX2LKIJOXFQ.KLHPXALWPY4AJKUP6J06PFGD234DHUDZCU99NBPV08I','2025-02-15 12:17:30.904379','2025-02-15 13:17:30.000000',1,'D866B788FE404500B92E87282E545D69'),(1001,'EYJHBGCIOIJIUZI1NIISINR5CCI6IKPXVCJ9.EYJ0B2TLBL90EXBLIJOICMVMCMVZACISIMV4CCI6MTCZOTCWODG4NCWIAWF0IJOXNZM5NJIYNDG0LCJQDGKIOII4OGVKOGM0YJUYMZY0YWI5YMRHMDM1MZY3ZGM0NWY4MSISINVZZXJFAWQIOJF9.MEV6APSOGNHKS3TQPEVGQ1NPF9ZS_4Y4PZS3BTIX6HA','2025-02-15 12:28:04.449921','2025-02-16 12:28:04.000000',1,'88ED8C4B52364AB9BDA035367DC45F81'),(1002,'EYJHBGCIOIJIUZI1NIISINR5CCI6IKPXVCJ9.EYJ0B2TLBL90EXBLIJOIC2XPZGLUZYISIMV4CCI6MTCZOTYYNJA4NYWIAWF0IJOXNZM5NJIYNDG3LCJQDGKIOIJHYWE2N2U0OGRIZMY0MMY1YJI5NDC1ZGNIMTY0MMJJMIISINJLZNJLC2HFZXHWIJOXNZM5NZA4ODG3LCJ1C2VYX2LKIJOXFQ.KXWR8FNJJ9RJNFYOMTFRPV9UQPDGFGYPMVBSHAPAGK8','2025-02-15 12:28:07.304648','2025-02-15 13:28:07.000000',1,'AAA67E48DBFF42F5B29475DCB1642BC2'),(1003,'EYJHBGCIOIJIUZI1NIISINR5CCI6IKPXVCJ9.EYJ0B2TLBL90EXBLIJOICMVMCMVZACISIMV4CCI6MTCZOTCWOTQ2MYWIAWF0IJOXNZM5NJIZMDYZLCJQDGKIOII1MJIXMTJHMTCZZDA0YZFLYTM5NTKZOWI5MZVKMZM4NSISINVZZXJFAWQIOJF9.QOJBRSTZNMTKW3MRQFR4YSSN61TKP4COXQ01MUGVNOU','2025-02-15 12:37:43.910464','2025-02-16 12:37:43.000000',1,'522112A173D04C1EA395939B935D3385'),(1004,'EYJHBGCIOIJIUZI1NIISINR5CCI6IKPXVCJ9.EYJ0B2TLBL90EXBLIJOIC2XPZGLUZYISIMV4CCI6MTCZOTYYNJY2NIWIAWF0IJOXNZM5NJIZMDY2LCJQDGKIOIJMOGIYNJRLZJY4YZM0NGJMODC2ODE5ZDLKMZZIMTYXNIISINJLZNJLC2HFZXHWIJOXNZM5NZA5NDY2LCJ1C2VYX2LKIJOXFQ.SLMGEUWM7CEJONR0T7QT2GID1ZBLUJRRB_LY-QPA4HO','2025-02-15 12:37:46.075723','2025-02-15 13:37:46.000000',1,'F8B264EF68C344BF876819D9D36B1616'),(1005,'EYJHBGCIOIJIUZI1NIISINR5CCI6IKPXVCJ9.EYJ0B2TLBL90EXBLIJOICMVMCMVZACISIMV4CCI6MTCZOTCWOTK5MSWIAWF0IJOXNZM5NJIZNTKXLCJQDGKIOIJJMZMXMWJHYWJHNGM0YJJHOTVJMDRIZGI0MTIWNZNKMCISINVZZXJFAWQIOJF9.U9QS-JHK5LKGFOO93_B6O7QQXQ_CN0ZTDNVZ3TSNLX0','2025-02-15 12:46:31.185472','2025-02-16 12:46:31.000000',1,'C3311BAABA4C4B2A95C04BDB412073D0'),(1006,'EYJHBGCIOIJIUZI1NIISINR5CCI6IKPXVCJ9.EYJ0B2TLBL90EXBLIJOIC2XPZGLUZYISIMV4CCI6MTCZOTYYNZE5MYWIAWF0IJOXNZM5NJIZNTKZLCJQDGKIOII4ZTIXZDKZZGI4NGU0YZVJODA5ZJZMMZCYNTRHMZU1NCISINJLZNJLC2HFZXHWIJOXNZM5NZA5OTKZLCJ1C2VYX2LKIJOXFQ.ACURG6IUI07UT4Y_RI385VRB9CHL2P_7N4M5SBR5SMQ','2025-02-15 12:46:33.254690','2025-02-15 13:46:33.000000',1,'8E21D93DB84E4C5C809F6F37254A3554'),(1007,'EYJHBGCIOIJIUZI1NIISINR5CCI6IKPXVCJ9.EYJ0B2TLBL90EXBLIJOICMVMCMVZACISIMV4CCI6MTCZOTCXMDMWMSWIAWF0IJOXNZM5NJIZOTAXLCJQDGKIOIJHNZHHNDIWYWIWZDK0ZTCZYWZKMTM3MDBJYZC5ZDK5MIISINVZZXJFAWQIOJF9.IWHSWSIF5JSXWII6SVU_D0UWSOHPH4WAK7XPT_4AOFK','2025-02-15 12:51:41.861287','2025-02-16 12:51:41.000000',1,'A78A420AB0D94E73AFD13700CC79D992'),(1008,'EYJHBGCIOIJIUZI1NIISINR5CCI6IKPXVCJ9.EYJ0B2TLBL90EXBLIJOIC2XPZGLUZYISIMV4CCI6MTCZOTYYNZUXMCWIAWF0IJOXNZM5NJIZOTEWLCJQDGKIOII1MJNIM2E0NZDKNTC0YJAXODG4MWQXNWFLZTAXNTY3OCISINJLZNJLC2HFZXHWIJOXNZM5NZEWMZEWLCJ1C2VYX2LKIJOXFQ.CAPKXG4BSM-P7UG4X0EVSLMDDTXATW6HGPGUMXQDZBA','2025-02-15 12:51:50.321641','2025-02-15 13:51:50.000000',1,'523B3A477D574B018881D15AEE015678'),(1009,'EYJHBGCIOIJIUZI1NIISINR5CCI6IKPXVCJ9.EYJ0B2TLBL90EXBLIJOICMVMCMVZACISIMV4CCI6MTCZOTC2NTI5NCWIAWF0IJOXNZM5NJC4ODK0LCJQDGKIOIJIOGJMMZEXZDVJMWU0ZGM5OTEWMZI5OWU5ODDIZJUWMIISINVZZXJFAWQIOJF9.IAKSWWAB-SAVT57DSSVYSCO-KZSU5FOJ7-JIRLONFLG','2025-02-16 04:08:14.316744','2025-02-17 04:08:14.000000',1,'B8BF311D5C1E4DC99103299E987BF502'),(1010,'EYJHBGCIOIJIUZI1NIISINR5CCI6IKPXVCJ9.EYJ0B2TLBL90EXBLIJOIC2XPZGLUZYISIMV4CCI6MTCZOTY4MJQ5NYWIAWF0IJOXNZM5NJC4ODK3LCJQDGKIOII0ZDFLNJNHYTM4MJG0OTBHOTLMMTKZYMM1ODZLMDE1MYISINJLZNJLC2HFZXHWIJOXNZM5NZY1MJK3LCJ1C2VYX2LKIJOXFQ.2XAFFXL5MLIDXXTJGWXEP-56KMGLB7WLGF01MWGR4LS','2025-02-16 04:08:17.207653','2025-02-16 05:08:17.000000',1,'4D1E63AA3828490A99F193BC586E0153'),(1011,'EYJHBGCIOIJIUZI1NIISINR5CCI6IKPXVCJ9.EYJ0B2TLBL90EXBLIJOICMVMCMVZACISIMV4CCI6MTCZOTC2NJUZMIWIAWF0IJOXNZM5NJGWMTMYLCJQDGKIOIJMMZBLMZAWZDFIM2U0ODAZOGRIYJI5MWE2NMQ1ODE2NYISINVZZXJFAWQIOJF9.FBURZXOB7GADIBDL8MQ3TRIYAHTRP_PND7BI9EGVCZM','2025-02-16 04:28:52.677646','2025-02-17 04:28:52.000000',1,'F30E300D1B3E48038DBB291A66D58167'),(1012,'EYJHBGCIOIJIUZI1NIISINR5CCI6IKPXVCJ9.EYJ0B2TLBL90EXBLIJOIC2XPZGLUZYISIMV4CCI6MTCZOTY4MZCZNCWIAWF0IJOXNZM5NJGWMTM0LCJQDGKIOII0ZMUXNDAXYZFMYWQ0YWYYYTFMYJC2MGI3NJA0ZTM0NCISINJLZNJLC2HFZXHWIJOXNZM5NZY2NTM0LCJ1C2VYX2LKIJOXFQ.1VAZ3Z7YPD-JBZGVSKG0ZT2UEEJCNLNNBH1YMNOMGCG','2025-02-16 04:28:54.545772','2025-02-16 05:28:54.000000',1,'4FE1401C1FAD4AF2A1FB760B7604E344'),(1013,'EYJHBGCIOIJIUZI1NIISINR5CCI6IKPXVCJ9.EYJ0B2TLBL90EXBLIJOICMVMCMVZACISIMV4CCI6MTCZOTC3OTAZNCWIAWF0IJOXNZM5NJKYNJM0LCJQDGKIOII5NTIWNDYYOTBLMTA0ZDRHYWMYOTNIYZE3YZFIOGE4ZSISINVZZXJFAWQIOJF9.7PUNSZOREEWH-GO5RIP4PL9HVIC17GUPCFYQO1XZWMK','2025-02-16 07:57:14.247253','2025-02-17 07:57:14.000000',1,'952046290E104D4AAC293BC17C1B8A8E'),(1014,'EYJHBGCIOIJIUZI1NIISINR5CCI6IKPXVCJ9.EYJ0B2TLBL90EXBLIJOIC2XPZGLUZYISIMV4CCI6MTCZOTY5NJI0MCWIAWF0IJOXNZM5NJKYNJQWLCJQDGKIOIJMYWUXYMM3MMQZNTI0YMJKYTIZNDKXY2RLYWRMM2YXMIISINJLZNJLC2HFZXHWIJOXNZM5NZC5MDQWLCJ1C2VYX2LKIJOXFQ.DFIEEROHLOUUR8PAIEJNLKZ9BT6ZVLPSOMIEXLPAW6I','2025-02-16 07:57:20.376572','2025-02-16 08:57:20.000000',1,'FAE1BC72D3524BBDA23491CDEADF3F12'),(1015,'EYJHBGCIOIJIUZI1NIISINR5CCI6IKPXVCJ9.EYJ0B2TLBL90EXBLIJOICMVMCMVZACISIMV4CCI6MTCZOTC5MDEXOSWIAWF0IJOXNZM5NZAZNZE5LCJQDGKIOIJINMQWYMU2NZJMYWU0ZDGXOWM2NMRLZJFLYZG1OTDJOCISINVZZXJFAWQIOJF9.PADAENVYZ38BI5SALZTM1_O7VXWMKO5T3NH0BPGFKGQ','2025-02-16 11:01:59.511740','2025-02-17 11:01:59.000000',1,'B6D0BE672FAE4D819C66DEF1EC8597C8'),(1016,'EYJHBGCIOIJIUZI1NIISINR5CCI6IKPXVCJ9.EYJ0B2TLBL90EXBLIJOIC2XPZGLUZYISIMV4CCI6MTCZOTCWNZMYMYWIAWF0IJOXNZM5NZAZNZIZLCJQDGKIOIIZNZGZZGFMMWMYMTQ0NMYYOTVJNMM4MTDINWRMZTE2ZIISINJLZNJLC2HFZXHWIJOXNZM5NZKWMTIZLCJ1C2VYX2LKIJOXFQ.YJDUFBTJ5O8S1LT1CVZCHDVZ4LKIJNUAYVBNVZY_NRO','2025-02-16 11:02:03.601052','2025-02-16 12:02:03.000000',1,'3783DAF1C21446F295C6C817B5DFE16F'),(1017,'EYJHBGCIOIJIUZI1NIISINR5CCI6IKPXVCJ9.EYJ0B2TLBL90EXBLIJOICMVMCMVZACISIMV4CCI6MTCZOTC5MDGWMCWIAWF0IJOXNZM5NZA0NDAWLCJQDGKIOIIYYTY3MDZJNMU5OWY0MMNHODHHZJE0ZTZIZDE5ZDQ4MYISINVZZXJFAWQIOJF9.6MX1T0D4NIEVOTAQ1B7OUBRP4UZ-KA9OO0_OEM6RTSS','2025-02-16 11:13:20.856526','2025-02-17 11:13:20.000000',1,'2A6706C6E99F42CA88AF14E6BD19D483'),(1018,'EYJHBGCIOIJIUZI1NIISINR5CCI6IKPXVCJ9.EYJ0B2TLBL90EXBLIJOIC2XPZGLUZYISIMV4CCI6MTCZOTCWODAWNSWIAWF0IJOXNZM5NZA0NDA1LCJQDGKIOIJHODU4MJBJMMVMZGU0M2I2YWIYNMUYYWFKMTIZM2M3MSISINJLZNJLC2HFZXHWIJOXNZM5NZKWODA1LCJ1C2VYX2LKIJOXFQ.SRAJ-5P3F3ZZUBDSZZNH6IMMHYA0ECEXNFJBPVMQZ_G','2025-02-16 11:13:25.674008','2025-02-16 12:13:25.000000',1,'A85820C2EFDE43B6AB26E2AAD1233C71'),(1019,'EYJHBGCIOIJIUZI1NIISINR5CCI6IKPXVCJ9.EYJ0B2TLBL90EXBLIJOICMVMCMVZACISIMV4CCI6MTCZOTC5NDQ2MCWIAWF0IJOXNZM5NZA4MDYWLCJQDGKIOII1ZTU3ZGU1YWNKZWE0ODMZYJI2NZE4ZWU2ZTZKZTA3MIISINVZZXJFAWQIOJF9.BPCBGULPNLEW7W3FWXCG-H0XSIMKL204RREOGJTWPRS','2025-02-16 12:14:20.506064','2025-02-17 12:14:20.000000',1,'5E57DE5ACDEA4833B26718EE6E6DE072'),(1020,'EYJHBGCIOIJIUZI1NIISINR5CCI6IKPXVCJ9.EYJ0B2TLBL90EXBLIJOIC2XPZGLUZYISIMV4CCI6MTCZOTCXMTY2MYWIAWF0IJOXNZM5NZA4MDYZLCJQDGKIOII1NDAYMDG2MJEXOGM0ZJNLODA0OWY2MDJLYWM2NTJJOCISINJLZNJLC2HFZXHWIJOXNZM5NZK0NDYZLCJ1C2VYX2LKIJOXFQ.3QXNYPR19ILE2YQ8OD_NO8RZFYZOYTAF0YR7Z_UZHYI','2025-02-16 12:14:23.931797','2025-02-16 13:14:23.000000',1,'54020862118C4F3E8049F602EAC652C8'),(1021,'EYJHBGCIOIJIUZI1NIISINR5CCI6IKPXVCJ9.EYJ0B2TLBL90EXBLIJOICMVMCMVZACISIMV4CCI6MTCZOTC5ODK2NSWIAWF0IJOXNZM5NZEYNTY1LCJQDGKIOIJLNDNLNJC5NDQWMJC0OWIZOWZJN2E4ZGFLNDAWMDGZNIISINVZZXJFAWQIOJF9.MCT8TYQ_EQQKF52GHN3LJMFBJMHKW603X3DGNGB4QU0','2025-02-16 13:29:25.521109','2025-02-17 13:29:25.000000',1,'E43E6794402749B39FC7A8DAE4000836'),(1022,'EYJHBGCIOIJIUZI1NIISINR5CCI6IKPXVCJ9.EYJ0B2TLBL90EXBLIJOIC2XPZGLUZYISIMV4CCI6MTCZOTCXNJE3MCWIAWF0IJOXNZM5NZEYNTCWLCJQDGKIOIJKM2M4MWI2NZYZYWM0ZMFLYTQ1NJYZNZBJNZBIZGU2NIISINJLZNJLC2HFZXHWIJOXNZM5NZK4OTCWLCJ1C2VYX2LKIJOXFQ.DL-YL9P8Z4ZSBKSDYWXTYTSYSSFNZFIPXJQ_GACEEGK','2025-02-16 13:29:30.685495','2025-02-16 14:29:30.000000',1,'D3C81B6763AC4FAEA4566370C70BDE66'),(1023,'EYJHBGCIOIJIUZI1NIISINR5CCI6IKPXVCJ9.EYJ0B2TLBL90EXBLIJOICMVMCMVZACISIMV4CCI6MTCZOTGWNDI5OSWIAWF0IJOXNZM5NZE3ODK5LCJQDGKIOIJLZJKXMWI2Y2Q0YJE0ZDYXODBHYWRJMGQ2NZYZMJHKNSISINVZZXJFAWQIOJF9.TA5RBCFDWVTVJZT80CETYSAP_YSRMK1U6T5OFA_ISKQ','2025-02-16 14:58:19.526977','2025-02-17 14:58:19.000000',1,'EF911B6CD4B14D6180AADC0D676328D5'),(1024,'EYJHBGCIOIJIUZI1NIISINR5CCI6IKPXVCJ9.EYJ0B2TLBL90EXBLIJOICMVMCMVZACISIMV4CCI6MTCZOTGWNDMYMIWIAWF0IJOXNZM5NZE3OTIYLCJQDGKIOIJIZTAXMJCWMDNHMTA0NJI0YMM1ZGMZNJUZNDZKNJRLZIISINVZZXJFAWQIOJF9.UTABYINVW6DCG1IK0OGE7QVXWJYAT6B_QYCVAGICPPA','2025-02-16 14:58:42.148027','2025-02-17 14:58:42.000000',1,'BE0127003A104624BC5DC365346D64EF'),(1025,'EYJHBGCIOIJIUZI1NIISINR5CCI6IKPXVCJ9.EYJ0B2TLBL90EXBLIJOIC2XPZGLUZYISIMV4CCI6MTCZOTCYMTUYNIWIAWF0IJOXNZM5NZE3OTI2LCJQDGKIOIJKZWMYNZI0OGJKNWY0ZDDHOTQ5YJGYODJHMTFLN2Y5ZCISINJLZNJLC2HFZXHWIJOXNZM5ODA0MZI2LCJ1C2VYX2LKIJOXFQ.YY9DB0CG5WSEB-9ESHTPNQ4GEC7SEV4GF9OUFHLHOZA','2025-02-16 14:58:46.557219','2025-02-16 15:58:46.000000',1,'DEC27248BD5F4D7A949B8282A11E7F9D'),(1026,'EYJHBGCIOIJIUZI1NIISINR5CCI6IKPXVCJ9.EYJ0B2TLBL90EXBLIJOICMVMCMVZACISIMV4CCI6MTCZOTGWNJIWOCWIAWF0IJOXNZM5NZE5ODA4LCJQDGKIOIIYODYWNDG3NDMZNJA0M2ZMYMNJZTGXOTY5YZHINTNKNYISINVZZXJFAWQIOJF9.RBGF9QEJD-_CKMVULING2BQQ8P9S3UPZQ7G-G_NIOLO','2025-02-16 15:30:08.888322','2025-02-17 15:30:08.000000',1,'28604874336043FFBCCE81969C8B53D7'),(1027,'EYJHBGCIOIJIUZI1NIISINR5CCI6IKPXVCJ9.EYJ0B2TLBL90EXBLIJOICMVMCMVZACISIMV4CCI6MTCZOTGWNJIXMYWIAWF0IJOXNZM5NZE5ODEZLCJQDGKIOIIYNWEYZJDLNDY3YZE0MDM2YTC0NGI1OTRJMTCWMMQ5ZCISINVZZXJFAWQIOJF9.OMWJ38IZA8P38KIJT1GAYTV6G0QG0JTFYA57ZUA0EH4','2025-02-16 15:30:13.761450','2025-02-17 15:30:13.000000',1,'25A2F7E467C14036A744B594C1702D9D'),(1028,'EYJHBGCIOIJIUZI1NIISINR5CCI6IKPXVCJ9.EYJ0B2TLBL90EXBLIJOIC2XPZGLUZYISIMV4CCI6MTCZOTCYMZQXNIWIAWF0IJOXNZM5NZE5ODE2LCJQDGKIOIJINZAXMDQZYWMWY2Y0MZQ3YWZJYJM2ZJQ0OTNLNZEYOCISINJLZNJLC2HFZXHWIJOXNZM5ODA2MJE2LCJ1C2VYX2LKIJOXFQ.JDAMQSSYKOWGMYNATEMJM7QMCWCXJCGQ6TQBSOOTD3E','2025-02-16 15:30:16.347981','2025-02-16 16:30:16.000000',1,'B701043AC0CF4347AFCB36F4493E7128'),(1029,'EYJHBGCIOIJIUZI1NIISINR5CCI6IKPXVCJ9.EYJ0B2TLBL90EXBLIJOICMVMCMVZACISIMV4CCI6MTCZOTG3MZMYMYWIAWF0IJOXNZM5NZG2OTIZLCJQDGKIOIJMNTMYYMUWMZDHMGE0YTMZOGYXZJLJOTA1ZMQ4NJE0MSISINVZZXJFAWQIOJF9.BKDD_DYMWHR6T_HL40-8PR1U2C0OTNVWCBX0PJMFX74','2025-02-17 10:08:43.829145','2025-02-18 10:08:43.000000',1,'F532BE037A0A4A338F1F9C905FD86141'),(1030,'EYJHBGCIOIJIUZI1NIISINR5CCI6IKPXVCJ9.EYJ0B2TLBL90EXBLIJOIC2XPZGLUZYISIMV4CCI6MTCZOTC5MDUYNIWIAWF0IJOXNZM5NZG2OTI2LCJQDGKIOIJIMGE4ZTAWZDVKODM0MZMYOWU3ZJK2ZDHLNZK2NDI5MIISINJLZNJLC2HFZXHWIJOXNZM5ODCZMZI2LCJ1C2VYX2LKIJOXFQ._TDBLCQCV6DMZRQDP-FHBGN2MTSW3CILE4LTLCOJADO','2025-02-17 10:08:46.072473','2025-02-17 11:08:46.000000',1,'B0A8E00D5D8343329E7F96D8E7964292'),(1031,'EYJHBGCIOIJIUZI1NIISINR5CCI6IKPXVCJ9.EYJ0B2TLBL90EXBLIJOICMVMCMVZACISIMV4CCI6MTCZOTG3ODMZNIWIAWF0IJOXNZM5NZKXOTM2LCJQDGKIOIJHM2UXNDE5OGJKYZA0Y2IWYMY4ODKYNZU0N2QWYMJJNYISINVZZXJFAWQIOJF9.I4TG1I90IUQPS9XZKK88PLHNLYDKKZJX8PWDF0QZ8WQ','2025-02-17 11:32:16.829343','2025-02-18 11:32:16.000000',1,'A3E14198BDC04CB0BF88927547D0BBC7'),(1032,'EYJHBGCIOIJIUZI1NIISINR5CCI6IKPXVCJ9.EYJ0B2TLBL90EXBLIJOIC2XPZGLUZYISIMV4CCI6MTCZOTC5NTUZOSWIAWF0IJOXNZM5NZKXOTM5LCJQDGKIOIIXMMNKZME3Y2FIZDM0OTQWODRHODA4NZRHZTY3Y2QXMSISINJLZNJLC2HFZXHWIJOXNZM5ODC4MZM5LCJ1C2VYX2LKIJOXFQ.DBAOU2OYV2I3WKPPECDEMECZBBG0POIE8VY5DIU1CEA','2025-02-17 11:32:19.724619','2025-02-17 12:32:19.000000',1,'12CDFA7CABD3494084A80874AE67CD11'),(1033,'EYJHBGCIOIJIUZI1NIISINR5CCI6IKPXVCJ9.EYJ0B2TLBL90EXBLIJOICMVMCMVZACISIMV4CCI6MTCZOTG3OTM4MCWIAWF0IJOXNZM5NZKYOTGWLCJQDGKIOIIYYMZKZJEYZJRKM2M0MDQXYMNINJI3YMQ0ZGJHYWQ1MYISINVZZXJFAWQIOJF9.7CI7ML-FDWY22ACWGWACOCQ9P3XDVWPJNRGTS1W0SFK','2025-02-17 11:49:40.445591','2025-02-18 11:49:40.000000',1,'2BFDF12F4D3C4041BCB627BD4DBAAD53'),(1034,'EYJHBGCIOIJIUZI1NIISINR5CCI6IKPXVCJ9.EYJ0B2TLBL90EXBLIJOIC2XPZGLUZYISIMV4CCI6MTCZOTC5NJU4MIWIAWF0IJOXNZM5NZKYOTGYLCJQDGKIOIJHNZLJYZAWZTY3ZMU0MZZLYTI5YJNJMTK3OGIWNME0MYISINJLZNJLC2HFZXHWIJOXNZM5ODC5MZGYLCJ1C2VYX2LKIJOXFQ.NAWTAQNRBUCRCGQD6-QVSG073LZZT60IJJUFJ2NEVLS','2025-02-17 11:49:42.200717','2025-02-17 12:49:42.000000',1,'A79CC00E67FE436EA29B3C1978B06A43'),(1035,'EYJHBGCIOIJIUZI1NIISINR5CCI6IKPXVCJ9.EYJ0B2TLBL90EXBLIJOICMVMCMVZACISIMV4CCI6MTCZOTG4NJU5NSWIAWF0IJOXNZM5ODAWMTK1LCJQDGKIOIJKZTZLZJEXMTUYOTE0NWEZYWFKZDQ4OWY0NGMYYZY3ZSISINVZZXJFAWQIOJF9.E7KDNTM572PSOX8KVRYTOXMR6KLR2RG65CAKRHC5HMY','2025-02-17 13:49:55.085081','2025-02-18 13:49:55.000000',1,'DE6EF111529145A3AADD489F44C2C67E'),(1036,'EYJHBGCIOIJIUZI1NIISINR5CCI6IKPXVCJ9.EYJ0B2TLBL90EXBLIJOIC2XPZGLUZYISIMV4CCI6MTCZOTGWMZGWOSWIAWF0IJOXNZM5ODAWMJA5LCJQDGKIOIJKNJKYZWM3MDVJNJM0MWYYYTY1NWZJZDDMNGQ3MWZIYYISINJLZNJLC2HFZXHWIJOXNZM5ODG2NJA5LCJ1C2VYX2LKIJOXFQ.V0VBZJUPVSXZBXKSJSITL9DNS7XDFTUPU3W9JIH7U-8','2025-02-17 13:50:09.233353','2025-02-17 14:50:09.000000',1,'D692EC705C6341F2A655FCD7F4D71FBC'),(1037,'EYJHBGCIOIJIUZI1NIISINR5CCI6IKPXVCJ9.EYJ0B2TLBL90EXBLIJOICMVMCMVZACISIMV4CCI6MTCZOTG4NJC2MYWIAWF0IJOXNZM5ODAWMZYZLCJQDGKIOIJHM2I1ZWVJNTNLNWQ0MJKZOTFKNZDKMTK1MTQ5NDJMOSISINVZZXJFAWQIOJF9.WCDJ0ISG50MNWEDDFB9QXPSDSIPDCMB6UZ4RX9VC5YK','2025-02-17 13:52:43.051828','2025-02-18 13:52:43.000000',1,'A3B5EEC53E5D429391D77D19514942F9'),(1038,'EYJHBGCIOIJIUZI1NIISINR5CCI6IKPXVCJ9.EYJ0B2TLBL90EXBLIJOIC2XPZGLUZYISIMV4CCI6MTCZOTGWMZK2OSWIAWF0IJOXNZM5ODAWMZY5LCJQDGKIOII0NDUXNJYYNDZHYJK0MGQYODNKY2Y2NWI5MWE0NTFHZSISINJLZNJLC2HFZXHWIJOXNZM5ODG2NZY5LCJ1C2VYX2LKIJOXFQ.6MHPZS1HQ-CFXTHABWTZXJHXUKSS2PDFI8U3FX4JDK4','2025-02-17 13:52:49.088345','2025-02-17 14:52:49.000000',1,'445166246AB940D283DCF65B91A451AE'),(1039,'EYJHBGCIOIJIUZI1NIISINR5CCI6IKPXVCJ9.EYJ0B2TLBL90EXBLIJOICMVMCMVZACISIMV4CCI6MTCZOTG4OTAZNIWIAWF0IJOXNZM5ODAYNJM2LCJQDGKIOII2MJUZMZHMMJC4MDE0ZDA5YJLKZWU1NTC4ZMQ2OWI1MYISINVZZXJFAWQIOJF9.NYEMBNLNQKWNSH5CDOKCPYZEONB8NLVXMTZXTUYBQVE','2025-02-17 14:30:36.022752','2025-02-18 14:30:36.000000',1,'625338F278014D09B9DEE5578FD69B53'),(1040,'EYJHBGCIOIJIUZI1NIISINR5CCI6IKPXVCJ9.EYJ0B2TLBL90EXBLIJOIC2XPZGLUZYISIMV4CCI6MTCZOTGWNJI0NSWIAWF0IJOXNZM5ODAYNJQ1LCJQDGKIOIJHY2FLZMQWOTE5MJG0NWZMOGU4MDA5MDLJN2YZMTMYNYISINJLZNJLC2HFZXHWIJOXNZM5ODG5MDQ1LCJ1C2VYX2LKIJOXFQ.QL6YFMVEW4QF0UEMVOW9AVOR4QCNYFGSHNF42OL94XW','2025-02-17 14:30:45.175531','2025-02-17 15:30:45.000000',1,'ACAEFD09192845FF8E800909C7F31327'),(1041,'EYJHBGCIOIJIUZI1NIISINR5CCI6IKPXVCJ9.EYJ0B2TLBL90EXBLIJOIC2XPZGLUZYISIMV4CCI6MTCZOTGWNJI0OCWIAWF0IJOXNZM5ODAYNJQ4LCJQDGKIOIJMODBIMTJLNJLHYJQ0NZVHYWE0ZGU1NZYWMDI1YWFMNYISINJLZNJLC2HFZXHWIJOXNZM5ODG5MDQ4LCJ1C2VYX2LKIJOXFQ.XE5ECXA7DIAVILXCHIDACHIQXQ57OEQDXUCYX-AKVCG','2025-02-17 14:30:48.383951','2025-02-17 15:30:48.000000',1,'F80B12E69AB4475AAA4DE5760025AAF7'),(1042,'EYJHBGCIOIJIUZI1NIISINR5CCI6IKPXVCJ9.EYJ0B2TLBL90EXBLIJOICMVMCMVZACISIMV4CCI6MTCZOTG5MDQ2MIWIAWF0IJOXNZM5ODA0MDYYLCJQDGKIOII3MDQ3MTY2ZJE0ZJG0YJDLOWUWOWVHNWY3NZY5NDBINYISINVZZXJFAWQIOJF9.CTMSUG9KHHE-ZNSPPJM8POAQPYQUML1TA6NDNLT6OYE','2025-02-17 14:54:22.518750','2025-02-18 14:54:22.000000',1,'7047166F14F84B7E9E09EA5F776940B7'),(1043,'EYJHBGCIOIJIUZI1NIISINR5CCI6IKPXVCJ9.EYJ0B2TLBL90EXBLIJOIC2XPZGLUZYISIMV4CCI6MTCZOTGWNZY2OSWIAWF0IJOXNZM5ODA0MDY5LCJQDGKIOIJJYZNIODQZNJAZYZG0ZGVKYWUXOTE4MTU1ZDKWNGJLYSISINJLZNJLC2HFZXHWIJOXNZM5ODKWNDY5LCJ1C2VYX2LKIJOXFQ.M4G0QW6ATSPX7B5CVOZKC5JH2YNLAQNUXPD-O_RKPKG','2025-02-17 14:54:29.848327','2025-02-17 15:54:29.000000',1,'CC3B843603C84DEDAE1918155D904BEA'),(1044,'EYJHBGCIOIJIUZI1NIISINR5CCI6IKPXVCJ9.EYJ0B2TLBL90EXBLIJOICMVMCMVZACISIMV4CCI6MTCZOTKZOTU4MSWIAWF0IJOXNZM5ODUZMTGXLCJQDGKIOIJLY2M0OGRMNJY1YTQ0M2M5OGVLNDU5MGZMZGQ4YTCWMCISINVZZXJFAWQIOJF9.N2OHEFFGVQVLL-EJXPVND6X4SVMZACLTNYNPPGRY9HY','2025-02-18 04:33:01.013966','2025-02-19 04:33:01.000000',1,'ECC48DF665A443C98EE4590FFDD8A700'),(1045,'EYJHBGCIOIJIUZI1NIISINR5CCI6IKPXVCJ9.EYJ0B2TLBL90EXBLIJOIC2XPZGLUZYISIMV4CCI6MTCZOTG1NJC4NCWIAWF0IJOXNZM5ODUZMTG0LCJQDGKIOIIYZMYXZWI2OTA1ODE0NTCYOTDIM2U3ZGZLNMQ0NMRIZCISINJLZNJLC2HFZXHWIJOXNZM5OTM5NTG0LCJ1C2VYX2LKIJOXFQ.ELKKIL7G6MAVT_Y3XKSFJI0JEJ6WUP2BRMDHICQ0AHG','2025-02-18 04:33:04.506676','2025-02-18 05:33:04.000000',1,'2FF1EB690581457297B3E7DFE6D46DBD'),(1046,'EYJHBGCIOIJIUZI1NIISINR5CCI6IKPXVCJ9.EYJ0B2TLBL90EXBLIJOICMVMCMVZACISIMV4CCI6MTCZOTK0MJQ1NYWIAWF0IJOXNZM5ODU2MDU3LCJQDGKIOIJKYZKWZJDKNTIZMJI0MTU5YJRHNDEYNJY1MWI5MZRJOCISINVZZXJFAWQIOJF9.9FUFFSVWTOQH1SLNSGIZ9WRVD-IZJBWCVIVQLWFKCHG','2025-02-18 05:20:57.069738','2025-02-19 05:20:57.000000',1,'DC90F7D523224159B4A4126651B934C8'),(1047,'EYJHBGCIOIJIUZI1NIISINR5CCI6IKPXVCJ9.EYJ0B2TLBL90EXBLIJOIC2XPZGLUZYISIMV4CCI6MTCZOTG1OTY1OSWIAWF0IJOXNZM5ODU2MDU5LCJQDGKIOIJKMJA2MZA2OGU4NZQ0ZDZMYMIXNZMXOTY4NDM4ZTBKZCISINJLZNJLC2HFZXHWIJOXNZM5OTQYNDU5LCJ1C2VYX2LKIJOXFQ.4JR9O-86RQ4RQSP8OOLZHPP69NZTL8BTQKTIOV5XCPG','2025-02-18 05:20:59.143028','2025-02-18 06:20:59.000000',1,'D2063068E8744D6FBB1731968438E0DD'),(1048,'EYJHBGCIOIJIUZI1NIISINR5CCI6IKPXVCJ9.EYJ0B2TLBL90EXBLIJOICMVMCMVZACISIMV4CCI6MTCZOTK0ODA3MSWIAWF0IJOXNZM5ODYXNJCXLCJQDGKIOIIZMDI5ZJQ0NDNMZDE0OGVMODBLOTZIMZDKNZK2ZDQ4MYISINVZZXJFAWQIOJF9.D4MOT6JVQ13E6CQGG7IJWB9XUVLXU4EZJJLAIACW868','2025-02-18 06:54:31.212891','2025-02-19 06:54:31.000000',1,'3029F4443FD148EF80E96B37D796D483'),(1049,'EYJHBGCIOIJIUZI1NIISINR5CCI6IKPXVCJ9.EYJ0B2TLBL90EXBLIJOIC2XPZGLUZYISIMV4CCI6MTCZOTG2NTI3NCWIAWF0IJOXNZM5ODYXNJC0LCJQDGKIOIJHMJM5NZK0ZJFHNDA0MZKXODK2Y2IXYWRLY2NJMWUXZIISINJLZNJLC2HFZXHWIJOXNZM5OTQ4MDC0LCJ1C2VYX2LKIJOXFQ.D3HLN2BLHDCEGER2HKKJ9IB9GWKEDEXVYWIRNMRIXZO','2025-02-18 06:54:34.533065','2025-02-18 07:54:34.000000',1,'A239794F1A404391896CB1ADECCC1E1F'),(1050,'EYJHBGCIOIJIUZI1NIISINR5CCI6IKPXVCJ9.EYJ0B2TLBL90EXBLIJOICMVMCMVZACISIMV4CCI6MTCZOTK0ODM0NCWIAWF0IJOXNZM5ODYXOTQ0LCJQDGKIOIJHNZUYZJE2NMFINDA0NDE4OTA5YJC4ZGNLMJMXZJA5NIISINVZZXJFAWQIOJF9.97ETB57DXHCQL6V24YWSRNDL7H9QAP2UFINGR5EOTS0','2025-02-18 06:59:04.503953','2025-02-19 06:59:04.000000',1,'A752F166AB404418909B78DCE231F096'),(1051,'EYJHBGCIOIJIUZI1NIISINR5CCI6IKPXVCJ9.EYJ0B2TLBL90EXBLIJOIC2XPZGLUZYISIMV4CCI6MTCZOTG2NTU0NYWIAWF0IJOXNZM5ODYXOTQ3LCJQDGKIOII3YWNKNGJJMTMXZTU0MMQ5YTI3NDC2YMNKNTQYY2JLYYISINJLZNJLC2HFZXHWIJOXNZM5OTQ4MZQ3LCJ1C2VYX2LKIJOXFQ.YWBQ0_6OQSLK73IDZ1DUF08J5WW9T0JEOPRALVMZLSO','2025-02-18 06:59:07.255164','2025-02-18 07:59:07.000000',1,'7ACD4BC131E542D9A27476BCD542CBEC'),(1052,'EYJHBGCIOIJIUZI1NIISINR5CCI6IKPXVCJ9.EYJ0B2TLBL90EXBLIJOICMVMCMVZACISIMV4CCI6MTCZOTK1NTI2MYWIAWF0IJOXNZM5ODY4ODYZLCJQDGKIOII4NDAWNZFMYWM2MMY0YMJIYTQZZTNJNDI4NJC1NGQ2YIISINVZZXJFAWQIOJF9.J4GURCFQOQT8QRA_KLDXLOU1O_5IZYNUBT_PI6NHKAW','2025-02-18 08:54:23.497729','2025-02-19 08:54:23.000000',1,'840071FAC62F4BBBA43E3C4286754D6B'),(1053,'EYJHBGCIOIJIUZI1NIISINR5CCI6IKPXVCJ9.EYJ0B2TLBL90EXBLIJOIC2XPZGLUZYISIMV4CCI6MTCZOTG3MJQ2NSWIAWF0IJOXNZM5ODY4ODY1LCJQDGKIOIIZMDKWMZE2ZJBMNJE0ZJZIOTE0YMY0OGY4YZA0YWI2MIISINJLZNJLC2HFZXHWIJOXNZM5OTU1MJY1LCJ1C2VYX2LKIJOXFQ.G-PCDLTA8CNZ4XP8KH-HT9RVKQ0FAFZUIZIE03XLELK','2025-02-18 08:54:25.900693','2025-02-18 09:54:25.000000',1,'3090316F0F614F6B914BF48F8C04AB62'),(1054,'EYJHBGCIOIJIUZI1NIISINR5CCI6IKPXVCJ9.EYJ0B2TLBL90EXBLIJOICMVMCMVZACISIMV4CCI6MTC0MDE0MDQ3OSWIAWF0IJOXNZQWMDU0MDC5LCJQDGKIOIIXOGE3NGNIMDBHMZE0NZHJYTFKYTLHYZM0ZJBLNWFHZIISINVZZXJFAWQIOJF9.II0RZZH0FXQVMNPIQ042J1E6FU2QPAXVENHBJOYGH40','2025-02-20 12:21:19.959677','2025-02-21 12:21:19.000000',1,'18A74CB00A31478CA1DA9AC34F0E5AAF'),(1055,'EYJHBGCIOIJIUZI1NIISINR5CCI6IKPXVCJ9.EYJ0B2TLBL90EXBLIJOIC2XPZGLUZYISIMV4CCI6MTC0MDA1NZY4MIWIAWF0IJOXNZQWMDU0MDGYLCJQDGKIOII0NJRKYWE1ODHHNDU0NWMYODY5YZU0YJHINZQ2ZGNJYSISINJLZNJLC2HFZXHWIJOXNZQWMTQWNDGYLCJ1C2VYX2LKIJOXFQ.QL_ER48YQUWK8CDXSGTIIAROFD3DKLSVTFKNN2VGAI8','2025-02-20 12:21:22.366878','2025-02-20 13:21:22.000000',1,'464DAA588A4545C2869C54B8B746DCCA'),(1056,'EYJHBGCIOIJIUZI1NIISINR5CCI6IKPXVCJ9.EYJ0B2TLBL90EXBLIJOICMVMCMVZACISIMV4CCI6MTC0MDE5NZI1MSWIAWF0IJOXNZQWMTEWODUXLCJQDGKIOIIXZGVMMDNHYTJKNWI0OGJLYWI5ZMY1MDRMZDNMNZJHYYISINVZZXJFAWQIOJF9.JPJIJ-3NI-M0AXWQSZZ9YUDY__GLQCQ98CQYRF396XM','2025-02-21 04:07:31.228111','2025-02-22 04:07:31.000000',1,'1DEF03AA2D5B48BEAB9FF504FD3F72AC'),(1057,'EYJHBGCIOIJIUZI1NIISINR5CCI6IKPXVCJ9.EYJ0B2TLBL90EXBLIJOIC2XPZGLUZYISIMV4CCI6MTC0MDEXNDQ1MIWIAWF0IJOXNZQWMTEWODUYLCJQDGKIOIJMNWI2MJUXMJM5ZDK0ZDQZYJAWZDQ5MGRLY2E5MJI3YIISINJLZNJLC2HFZXHWIJOXNZQWMTK3MJUYLCJ1C2VYX2LKIJOXFQ.ATIHG2RJK-FK0QUFRPHQ6ZFUWWFULVEOMH1DNFYI_GE','2025-02-21 04:07:32.894571','2025-02-21 05:07:32.000000',1,'F5B6251239D94D43B00D490DECA9227B'),(1058,'EYJHBGCIOIJIUZI1NIISINR5CCI6IKPXVCJ9.EYJ0B2TLBL90EXBLIJOICMVMCMVZACISIMV4CCI6MTC0MDE5NZQ1NIWIAWF0IJOXNZQWMTEXMDU2LCJQDGKIOII5MDVJODHINTGWYJC0YTNMYMU0NMJMZDRKZTFHYZFMMIISINVZZXJFAWQIOJF9.HGLGZI5W1LEMOV43LQJRAYETZ4A9WU7SHFFQQWW3YSG','2025-02-21 04:10:56.790370','2025-02-22 04:10:56.000000',1,'905C88B580B74A3FBE46BFD4DE1AC1F2'),(1059,'EYJHBGCIOIJIUZI1NIISINR5CCI6IKPXVCJ9.EYJ0B2TLBL90EXBLIJOIC2XPZGLUZYISIMV4CCI6MTC0MDEXNDY1OSWIAWF0IJOXNZQWMTEXMDU5LCJQDGKIOIJHMWQYZTK2NMUWZJI0NTQ1YTBLYWVIOTC0ZJFHN2Q4YIISINJLZNJLC2HFZXHWIJOXNZQWMTK3NDU5LCJ1C2VYX2LKIJOXFQ.AYCGUK63AGALVA7YOBOFECMT2GMBWF3-0QACJYXFUTS','2025-02-21 04:10:59.873260','2025-02-21 05:10:59.000000',1,'A1D2E966E0F24545A0EAEB974F1A7D8B'),(1060,'EYJHBGCIOIJIUZI1NIISINR5CCI6IKPXVCJ9.EYJ0B2TLBL90EXBLIJOICMVMCMVZACISIMV4CCI6MTC0MDE5ODG1NIWIAWF0IJOXNZQWMTEYNDU2LCJQDGKIOIJJMTU1NMQ2ZDC1OTA0ZJQ1ODC2MJY5NZCWNMRLMGE2YYISINVZZXJFAWQIOJF9.UQG0GNJ6VOM3MUTNAAOA9N56LY7B9Z4KF4KMCBMSJHE','2025-02-21 04:34:16.526756','2025-02-22 04:34:16.000000',1,'C1556D6D75904F458762697706DE0A6C'),(1061,'EYJHBGCIOIJIUZI1NIISINR5CCI6IKPXVCJ9.EYJ0B2TLBL90EXBLIJOIC2XPZGLUZYISIMV4CCI6MTC0MDEXNJA1OCWIAWF0IJOXNZQWMTEYNDU4LCJQDGKIOIJHZJYWM2ZMMGMZODU0MJE1ODG3ZTAZYTG3MMRHZJJLMIISINJLZNJLC2HFZXHWIJOXNZQWMTK4ODU4LCJ1C2VYX2LKIJOXFQ.R6TUVDPVHKZF8PO6GV5ZOIX1ZYSVSRIRC2QJGYE1FYW','2025-02-21 04:34:18.058070','2025-02-21 05:34:18.000000',1,'AF603FF0C3854215887E03A872DAF2E2'),(1062,'EYJHBGCIOIJIUZI1NIISINR5CCI6IKPXVCJ9.EYJ0B2TLBL90EXBLIJOICMVMCMVZACISIMV4CCI6MTC0MDIWMDEYMYWIAWF0IJOXNZQWMTEZNZIZLCJQDGKIOIIZMDMXZWUZODYYMJM0MTCYYTDLMDDMYWE0MJMWMWZLNSISINVZZXJFAWQIOJF9.Y8VCMGLTVEORQVY8HRINHGF_DRGGZC9P_YFOQZUKVUE','2025-02-21 04:55:23.483846','2025-02-22 04:55:23.000000',1,'3031EE3862234172A7E07FAA42301FE5'),(1063,'EYJHBGCIOIJIUZI1NIISINR5CCI6IKPXVCJ9.EYJ0B2TLBL90EXBLIJOICMVMCMVZACISIMV4CCI6MTC0MDIWMTQ4MIWIAWF0IJOXNZQWMTE1MDGYLCJQDGKIOIIYMDVMZDI1OGRJMTE0MWU2YTMWNMVMNDAZZJY0YZM4YYISINVZZXJFAWQIOJF9.DVFJ690BBL_-TASKT9GXALYZNSPHVFID8NGIXVOA6ZM','2025-02-21 05:18:02.277285','2025-02-22 05:18:02.000000',1,'205FD258DC1141E6A306EF403F64C38C'),(1064,'EYJHBGCIOIJIUZI1NIISINR5CCI6IKPXVCJ9.EYJ0B2TLBL90EXBLIJOIC2XPZGLUZYISIMV4CCI6MTC0MDEXODY4NSWIAWF0IJOXNZQWMTE1MDG1LCJQDGKIOIIWNMNJYJG1MJI3ZDA0OGY5YWVMMTJHMWE2MZVKNDNHMSISINJLZNJLC2HFZXHWIJOXNZQWMJAXNDG1LCJ1C2VYX2LKIJOXFQ.YXFKKY4KBJFNVEOUDSZ5IADDDFW71IY9C0EVNRW4DVA','2025-02-21 05:18:05.386164','2025-02-21 06:18:05.000000',1,'06CCB85227D048F9AEF12A1A635D43A1'),(1065,'EYJHBGCIOIJIUZI1NIISINR5CCI6IKPXVCJ9.EYJ0B2TLBL90EXBLIJOICMVMCMVZACISIMV4CCI6MTC0MDIWMTG2MYWIAWF0IJOXNZQWMTE1NDYZLCJQDGKIOIJJYJM3MMYXNDE1YWE0MJKXODDMZTGXNDZKZME0YJFKNYISINVZZXJFAWQIOJF9.-BXIMFEDSHIY0OMPSHSP5WZKNTN6I7TGUGZROUWHFUE','2025-02-21 05:24:23.343529','2025-02-22 05:24:23.000000',1,'CB372F1415AA429187FE8146DFA4B1D7'),(1066,'EYJHBGCIOIJIUZI1NIISINR5CCI6IKPXVCJ9.EYJ0B2TLBL90EXBLIJOIC2XPZGLUZYISIMV4CCI6MTC0MDEXOTA2NSWIAWF0IJOXNZQWMTE1NDY1LCJQDGKIOIJMMTYXNDKXYTJKNJQ0YTGWYTC4ZGZKNZVLNJFMMWQ3NSISINJLZNJLC2HFZXHWIJOXNZQWMJAXODY1LCJ1C2VYX2LKIJOXFQ.JIGFUGVPVO-RHE66MIKNJJ2YVZEOC3DTL201_4HNL6Y','2025-02-21 05:24:25.950631','2025-02-21 06:24:25.000000',1,'F161491A2D644A80A78DFD75E61F1D75'),(1067,'EYJHBGCIOIJIUZI1NIISINR5CCI6IKPXVCJ9.EYJ0B2TLBL90EXBLIJOICMVMCMVZACISIMV4CCI6MTC0MDIWMTKZNSWIAWF0IJOXNZQWMTE1NTM1LCJQDGKIOIJMZJVKMJK1YMU3YTY0ZGJJODG4ODYYOTG2ZDK1NJU0MYISINVZZXJFAWQIOJF9.K3F0YQFJ9VACHEUUTDEB4ED6NZ6INUDRCPQQV4VG7TK','2025-02-21 05:25:35.920206','2025-02-22 05:25:35.000000',1,'FF5D295BE7A64DBC888862986D956543'),(1068,'EYJHBGCIOIJIUZI1NIISINR5CCI6IKPXVCJ9.EYJ0B2TLBL90EXBLIJOIC2XPZGLUZYISIMV4CCI6MTC0MDEXOTEZOCWIAWF0IJOXNZQWMTE1NTM4LCJQDGKIOII1MZUZZTEYMWE2NZY0NZUXOTZMOGZKZDHMNTLLZTZLYYISINJLZNJLC2HFZXHWIJOXNZQWMJAXOTM4LCJ1C2VYX2LKIJOXFQ.E2KTHC5U7LSRMXHWKP-FLUKAC2MNPDJO5SBR20W_ZDK','2025-02-21 05:25:38.426630','2025-02-21 06:25:38.000000',1,'5353E121A676475196F8FDD8F59EE6EC'),(1069,'EYJHBGCIOIJIUZI1NIISINR5CCI6IKPXVCJ9.EYJ0B2TLBL90EXBLIJOICMVMCMVZACISIMV4CCI6MTC0MDIWMJCXOSWIAWF0IJOXNZQWMTE2MZE5LCJQDGKIOII0ZWNJNGEZOGY4MTA0YZVLYTBKMTGXNDE5YZU4MGUYOSISINVZZXJFAWQIOJF9.1TNWVTAMOICGK_IOVXEQANF_ETWFPZ6FV3ZWJIN7JW8','2025-02-21 05:38:39.827932','2025-02-22 05:38:39.000000',1,'4ECC4A38F8104C5EA0D181419C580E29'),(1070,'EYJHBGCIOIJIUZI1NIISINR5CCI6IKPXVCJ9.EYJ0B2TLBL90EXBLIJOIC2XPZGLUZYISIMV4CCI6MTC0MDEXOTKYNIWIAWF0IJOXNZQWMTE2MZI2LCJQDGKIOIIZNTU3MWJLYZCYODY0N2QXYMY0OTG4NGQ3YTY2YJI1MCISINJLZNJLC2HFZXHWIJOXNZQWMJAYNZI2LCJ1C2VYX2LKIJOXFQ.9BAVNLQOQVDQM6JDS1-WSFTNMRT0RAZX7JEA480X_DS','2025-02-21 05:38:46.314878','2025-02-21 06:38:46.000000',1,'35571BEC728647D1BF49884D7A66B250'),(1071,'EYJHBGCIOIJIUZI1NIISINR5CCI6IKPXVCJ9.EYJ0B2TLBL90EXBLIJOICMVMCMVZACISIMV4CCI6MTC0MDIWMJC0OSWIAWF0IJOXNZQWMTE2MZQ5LCJQDGKIOIIXMTLLODY1ZMU0YZA0MDGYYMQYNGIZYMQYNDIZMTJLMCISINVZZXJFAWQIOJF9.52XD_8WRUJCGBX_E7IAVKCNNPBIYP8Y5YL7UDSYRTUM','2025-02-21 05:39:09.827298','2025-02-22 05:39:09.000000',1,'119E865FE4C04082BD24B3BD242312E0'),(1072,'EYJHBGCIOIJIUZI1NIISINR5CCI6IKPXVCJ9.EYJ0B2TLBL90EXBLIJOICMVMCMVZACISIMV4CCI6MTC0MDIWMZE5OSWIAWF0IJOXNZQWMTE2NZK5LCJQDGKIOIIYMTK4YJNIY2QXOGI0MZUXYWIXN2UYOWVIZTYWODY0ZCISINVZZXJFAWQIOJF9.RM7F4T8QF2TFNDJ7BRJKOZDLY4RNCE6LFUPAJ_YMQ1C','2025-02-21 05:46:39.967871','2025-02-22 05:46:39.000000',1,'2198B3BCD18B4351AB17E29EBE60864D'),(1073,'EYJHBGCIOIJIUZI1NIISINR5CCI6IKPXVCJ9.EYJ0B2TLBL90EXBLIJOIC2XPZGLUZYISIMV4CCI6MTC0MDEYMDQWMYWIAWF0IJOXNZQWMTE2ODAZLCJQDGKIOIJMNJY5NJBJMGYZMZY0NDFIYTA4YTA5MDIZOTRHZMEZMSISINJLZNJLC2HFZXHWIJOXNZQWMJAZMJAZLCJ1C2VYX2LKIJOXFQ.9QRRO5S0XCIPTIQ1UVTKTQBTE6E8_BB9YCWDNIHTOWW','2025-02-21 05:46:43.325267','2025-02-21 06:46:43.000000',1,'F66960C0F336441BA08A0902394AFA31'),(1074,'EYJHBGCIOIJIUZI1NIISINR5CCI6IKPXVCJ9.EYJ0B2TLBL90EXBLIJOICMVMCMVZACISIMV4CCI6MTC0MDIWNTY2NCWIAWF0IJOXNZQWMTE5MJY0LCJQDGKIOIJHZTAZN2UZM2I0NDA0ZJLLYTRLOWU1ZMI1MJZJYZHMOCISINVZZXJFAWQIOJF9.ACSA23QF67UBM9POBWNIMWS6KAZNWK2BILJNIWT3HI4','2025-02-21 06:27:44.310599','2025-02-22 06:27:44.000000',1,'AE037E33B4404F9EA4E9E5FB526CC8F8'),(1075,'EYJHBGCIOIJIUZI1NIISINR5CCI6IKPXVCJ9.EYJ0B2TLBL90EXBLIJOIC2XPZGLUZYISIMV4CCI6MTC0MDEYMJG2NIWIAWF0IJOXNZQWMTE5MJY2LCJQDGKIOII3NMI2YWY3YWU2MZK0YWY2YWEWNTBLZDU2MMQXMDNIZSISINJLZNJLC2HFZXHWIJOXNZQWMJA1NJY2LCJ1C2VYX2LKIJOXFQ.O66FX51GEDWVVNCVBVQADTU6CDF9E6SXEOU9HCZSA2C','2025-02-21 06:27:46.902916','2025-02-21 07:27:46.000000',1,'76B6AF7AE6394AF6AA050ED562D103BE'),(1076,'EYJHBGCIOIJIUZI1NIISINR5CCI6IKPXVCJ9.EYJ0B2TLBL90EXBLIJOICMVMCMVZACISIMV4CCI6MTC0MDIWNTGZNCWIAWF0IJOXNZQWMTE5NDM0LCJQDGKIOIJHNTEWNTVMZTK3ZJM0MWRIYMNINWZLNJDHM2IZYZZMZIISINVZZXJFAWQIOJF9.PGTWIYLIUU_BGJ0BJLHXX_TZ6YOINT2XJ65TXJLIHZU','2025-02-21 06:30:34.424996','2025-02-22 06:30:34.000000',1,'A51055FE97F341DBBCB5FE67A3B3C6FF'),(1077,'EYJHBGCIOIJIUZI1NIISINR5CCI6IKPXVCJ9.EYJ0B2TLBL90EXBLIJOIC2XPZGLUZYISIMV4CCI6MTC0MDEYMZAZOCWIAWF0IJOXNZQWMTE5NDM4LCJQDGKIOIIXZTC0OWJLNJY3ZJA0ZJU0YJC5ODEWNMYZYZFIYMI0YSISINJLZNJLC2HFZXHWIJOXNZQWMJA1ODM4LCJ1C2VYX2LKIJOXFQ.0ZDCT9P9NZJQTOTADCWTHWWAKLNETYV3PPUNBTLEUA8','2025-02-21 06:30:38.208640','2025-02-21 07:30:38.000000',1,'1E749BE667F04F54B798106F3C1BBB4A'),(1078,'EYJHBGCIOIJIUZI1NIISINR5CCI6IKPXVCJ9.EYJ0B2TLBL90EXBLIJOICMVMCMVZACISIMV4CCI6MTC0MDIWNTG4NCWIAWF0IJOXNZQWMTE5NDG0LCJQDGKIOIJLZTU2ZWM4ZGQYNZG0OGRHYJDKOTM4NWYXNZUXOGQZOSISINVZZXJFAWQIOJF9.HVDPUDTHUDFSBJNXROS41V7E4HT4WHJC-YA_2TRWCTU','2025-02-21 06:31:24.801146','2025-02-22 06:31:24.000000',1,'EE56EC8DD27848DAB7D9385F17518D39'),(1079,'EYJHBGCIOIJIUZI1NIISINR5CCI6IKPXVCJ9.EYJ0B2TLBL90EXBLIJOIC2XPZGLUZYISIMV4CCI6MTC0MDEYMZA4OSWIAWF0IJOXNZQWMTE5NDG5LCJQDGKIOII0ZDI0ZDNINZLHYTU0Y2M3YJC1YTY0ZJIZZMVMMWNMOCISINJLZNJLC2HFZXHWIJOXNZQWMJA1ODG5LCJ1C2VYX2LKIJOXFQ.J62N2BEJISXP0SQPSI8-VI-2ISA--44HZKYME5HIDXU','2025-02-21 06:31:29.424532','2025-02-21 07:31:29.000000',1,'4D24D3B79AA54CC7B75A64F23FEF1CF8'),(1080,'EYJHBGCIOIJIUZI1NIISINR5CCI6IKPXVCJ9.EYJ0B2TLBL90EXBLIJOICMVMCMVZACISIMV4CCI6MTC0MDIWNZI2OSWIAWF0IJOXNZQWMTIWODY5LCJQDGKIOIJKMDMYYJEZZWJIZDG0ZTZMODQ4NZRIYTA5NWRIY2U5MIISINVZZXJFAWQIOJF9.WEGHBLCWAORGUJYO-QDHBGUFJ5KJSUOBFUCOOAU4KSW','2025-02-21 06:54:29.268343','2025-02-22 06:54:29.000000',1,'D032B13EBBD84E6F84874BA095DBCE92'),(1081,'EYJHBGCIOIJIUZI1NIISINR5CCI6IKPXVCJ9.EYJ0B2TLBL90EXBLIJOIC2XPZGLUZYISIMV4CCI6MTC0MDEYNDQ4MIWIAWF0IJOXNZQWMTIWODGYLCJQDGKIOIIZNWRKYWJHYZLIM2Q0ZJU3YWJJOTKZZJCZODUWMTBMNYISINJLZNJLC2HFZXHWIJOXNZQWMJA3MJGYLCJ1C2VYX2LKIJOXFQ.QRJG1S4OLIUJE0TRESMEKZFBEUGZX7A1GLCH-9YBMMW','2025-02-21 06:54:42.190778','2025-02-21 07:54:42.000000',1,'35DDABAC9B3D4F57ABC993F7385010F7'),(1082,'EYJHBGCIOIJIUZI1NIISINR5CCI6IKPXVCJ9.EYJ0B2TLBL90EXBLIJOICMVMCMVZACISIMV4CCI6MTC0MDIXNDYYNIWIAWF0IJOXNZQWMTI4MJI2LCJQDGKIOIJLODC5N2RMNZI3MMI0MJUXYJC5ZTLLZWE4NMQWZDGWYSISINVZZXJFAWQIOJF9.XQ6_YP9SQ88LLFI6SXWQCLE_L-BK7WE0EYBXQCFSHH0','2025-02-21 08:57:06.928085','2025-02-22 08:57:06.000000',1,'E8797DF7272B4251B79E9EEA86D0D80A'),(1083,'EYJHBGCIOIJIUZI1NIISINR5CCI6IKPXVCJ9.EYJ0B2TLBL90EXBLIJOIC2XPZGLUZYISIMV4CCI6MTC0MDEZMTGZMCWIAWF0IJOXNZQWMTI4MJMWLCJQDGKIOIJMOGUXNZK1MJCYYZK0ZTEXOGYYMTHJODAXMWMXN2ZMZCISINJLZNJLC2HFZXHWIJOXNZQWMJE0NJMWLCJ1C2VYX2LKIJOXFQ.WDCAMPNNUNB_WLEVJMKX4NGK7GCBDKHPLWAAUFODIS4','2025-02-21 08:57:10.268819','2025-02-21 09:57:10.000000',1,'F8E1795272C94E118F218C8011C17FFD'),(1084,'EYJHBGCIOIJIUZI1NIISINR5CCI6IKPXVCJ9.EYJ0B2TLBL90EXBLIJOICMVMCMVZACISIMV4CCI6MTC0MDIXNJA5MSWIAWF0IJOXNZQWMTI5NJKXLCJQDGKIOII1OGJJODMYZDQ2NJK0YWEZYJHJODUYZJZHZGM5NJG0YSISINVZZXJFAWQIOJF9.C71DLU1PJCDT-CLYTZ-6J3VE8C66XOESZEFETGCX0SA','2025-02-21 09:21:31.565535','2025-02-22 09:21:31.000000',1,'58BC832D46694AA3B8C852F6ADC9684A'),(1085,'EYJHBGCIOIJIUZI1NIISINR5CCI6IKPXVCJ9.EYJ0B2TLBL90EXBLIJOIC2XPZGLUZYISIMV4CCI6MTC0MDEZMZI5MYWIAWF0IJOXNZQWMTI5NJKZLCJQDGKIOII5NMMXMTM3YTY4ODY0Y2Q4YTE5YMIYYMVJOWJLMDMYMCISINJLZNJLC2HFZXHWIJOXNZQWMJE2MDKZLCJ1C2VYX2LKIJOXFQ.HRB3DTH0US8N5OKY9T7SNXBRSUDTYNUNMMMSDMFHT_G','2025-02-21 09:21:33.384204','2025-02-21 10:21:33.000000',1,'96C1137A68864CD8A19BB2BEC9BE0320'),(1086,'EYJHBGCIOIJIUZI1NIISINR5CCI6IKPXVCJ9.EYJ0B2TLBL90EXBLIJOICMVMCMVZACISIMV4CCI6MTC0MDIXNJMYNSWIAWF0IJOXNZQWMTI5OTI1LCJQDGKIOIIZNJIYYWNJYWU1ZGI0ZWUZYMZKMJE5MMZLNTRLOWY1YYISINVZZXJFAWQIOJF9.T04CANFORUAZ1QBUBAWLMZIQQBFAGP7GXEI-4VI2OJQ','2025-02-21 09:25:25.250327','2025-02-22 09:25:25.000000',1,'3622ACCAE5DB4EE3BFD2192FE54E9F5C'),(1087,'EYJHBGCIOIJIUZI1NIISINR5CCI6IKPXVCJ9.EYJ0B2TLBL90EXBLIJOIC2XPZGLUZYISIMV4CCI6MTC0MDEZMZUYNYWIAWF0IJOXNZQWMTI5OTI3LCJQDGKIOIJHNGMWZDGWMWZJYZY0MDMZYWYWZTQ1OTQWYJYXYMUYMSISINJLZNJLC2HFZXHWIJOXNZQWMJE2MZI3LCJ1C2VYX2LKIJOXFQ.FGYTBZYEPOI-LY4-FNFGBGRFADZCNK4VMNTZL3_J01G','2025-02-21 09:25:27.386107','2025-02-21 10:25:27.000000',1,'A4C0D801FCC64033AF0E45940B61BE21'),(1088,'EYJHBGCIOIJIUZI1NIISINR5CCI6IKPXVCJ9.EYJ0B2TLBL90EXBLIJOICMVMCMVZACISIMV4CCI6MTC0MDIXNZKYOSWIAWF0IJOXNZQWMTMXNTI5LCJQDGKIOIIXZJCXOTI0YTC5NZC0YME4YWE1ZGRLOWYYY2MZMJDJNSISINVZZXJFAWQIOJF9.7JS3Y_SJ6MHMMCOYG4OUESDICE32G3B7-JJ9B979AP8','2025-02-21 09:52:09.411641','2025-02-22 09:52:09.000000',1,'1F71924A79774BA8AA5DDE9F2CC327C5'),(1089,'EYJHBGCIOIJIUZI1NIISINR5CCI6IKPXVCJ9.EYJ0B2TLBL90EXBLIJOIC2XPZGLUZYISIMV4CCI6MTC0MDEZNTEZMSWIAWF0IJOXNZQWMTMXNTMXLCJQDGKIOIJLYZM0ZTQ3ZGNMZJQ0ZDI5ODM2NDZINDE5YWFMZGZJNSISINJLZNJLC2HFZXHWIJOXNZQWMJE3OTMXLCJ1C2VYX2LKIJOXFQ.9GA4RLZWKTTKS0GLWMEMNTAWO9UMNEAMLPR0VOO3CFU','2025-02-21 09:52:11.412861','2025-02-21 10:52:11.000000',1,'EC34E47DCFF44D2983646B419AAFDFC5'),(1090,'EYJHBGCIOIJIUZI1NIISINR5CCI6IKPXVCJ9.EYJ0B2TLBL90EXBLIJOICMVMCMVZACISIMV4CCI6MTC0MDIYNZA5MCWIAWF0IJOXNZQWMTQWNJKWLCJQDGKIOII0YZG3Y2MXYTHKYWM0ZJZMYTU1MTVIYWRIZTYWZWE3ZCISINVZZXJFAWQIOJF9.ONT_OYMZBPWVKCJLLQIPXE5OYD1M0VSFIB9UV46QZNY','2025-02-21 12:24:50.194453','2025-02-22 12:24:50.000000',1,'4C87CC1A8DAC4F6FA5515BADBE60EA7D'),(1091,'EYJHBGCIOIJIUZI1NIISINR5CCI6IKPXVCJ9.EYJ0B2TLBL90EXBLIJOIC2XPZGLUZYISIMV4CCI6MTC0MDE0NDI5MIWIAWF0IJOXNZQWMTQWNJKYLCJQDGKIOIIYMDG1MZHJMTCZOTC0MME5YTE4YWE2NWU5YMYZYZM5OCISINJLZNJLC2HFZXHWIJOXNZQWMJI3MDKYLCJ1C2VYX2LKIJOXFQ.YOI1TMZHVBWJAZF-RIVBP9OHPUU7XFKVAKNGMWP5HY8','2025-02-21 12:24:52.388692','2025-02-21 13:24:52.000000',1,'208538C1739742A9A18AA65E9BF3C398'),(1092,'EYJHBGCIOIJIUZI1NIISINR5CCI6IKPXVCJ9.EYJ0B2TLBL90EXBLIJOICMVMCMVZACISIMV4CCI6MTC0MDIYODK2MIWIAWF0IJOXNZQWMTQYNTYYLCJQDGKIOII0NMYYOTLMNZZMYTC0ZWE4YJEYYMRMZTJMYTQZODNHMCISINVZZXJFAWQIOJF9.MGBIBWW0E1TBRF54LOVBSTZYI8UFIXY1MS8AT-_KA2K','2025-02-21 12:56:02.738616','2025-02-22 12:56:02.000000',1,'46F299F76FA74EA8B12BDFE2FA4383A0'),(1093,'EYJHBGCIOIJIUZI1NIISINR5CCI6IKPXVCJ9.EYJ0B2TLBL90EXBLIJOIC2XPZGLUZYISIMV4CCI6MTC0MDE0NJE2OSWIAWF0IJOXNZQWMTQYNTY5LCJQDGKIOIJMZME2NWI3ZTAXYWY0ZGU3YWU5MZFLMTVHZTAZYTEXYYISINJLZNJLC2HFZXHWIJOXNZQWMJI4OTY5LCJ1C2VYX2LKIJOXFQ.XVECHSHGL_QV63PRSJRULGTJMQWT58LZWYAE0AI_A9I','2025-02-21 12:56:09.761587','2025-02-21 13:56:09.000000',1,'FFA65B7E01AF4DE7AE931E15AE03A11C'),(1094,'EYJHBGCIOIJIUZI1NIISINR5CCI6IKPXVCJ9.EYJ0B2TLBL90EXBLIJOICMVMCMVZACISIMV4CCI6MTC0MDIZNDQYNSWIAWF0IJOXNZQWMTQ4MDI1LCJQDGKIOII4MWI1MDBIYTJIZTA0NDG4YWM2ZMQ1M2E2ZGI5ZGI4OSISINVZZXJFAWQIOJF9.F0IQD-XLRMLMWFKYL9BVE1CIZRHSHZIE3L-AN2UF3V4','2025-02-21 14:27:05.566575','2025-02-22 14:27:05.000000',1,'81B500BA2BE04488AC6FD53A6DB9DB89'),(1095,'EYJHBGCIOIJIUZI1NIISINR5CCI6IKPXVCJ9.EYJ0B2TLBL90EXBLIJOIC2XPZGLUZYISIMV4CCI6MTC0MDE1MTYZMCWIAWF0IJOXNZQWMTQ4MDMWLCJQDGKIOIJJODRMMDQYZTRLMGE0Y2RLYTU4ZJNKZTI3YJI5NZJMZIISINJLZNJLC2HFZXHWIJOXNZQWMJM0NDMWLCJ1C2VYX2LKIJOXFQ.IVT0PK3-FTTSN6OUUSZJINIC8GFWI_-QJYQ8RDYAJ-E','2025-02-21 14:27:10.083779','2025-02-21 15:27:10.000000',1,'C84F042E4E0A4CDEA58F3DE27B2972FF'),(1096,'EYJHBGCIOIJIUZI1NIISINR5CCI6IKPXVCJ9.EYJ0B2TLBL90EXBLIJOICMVMCMVZACISIMV4CCI6MTC0MDI4NDQ0NCWIAWF0IJOXNZQWMTK4MDQ0LCJQDGKIOIJHZJVJNGEZY2Y4NZA0ZGQ3ODEZNMUZNTIWZMMXMTMXNIISINVZZXJFAWQIOJF9._O3D9DSUP6-02EIWSGETEMCF9M6GK_R7ADU6R2X7DDE','2025-02-22 04:20:44.380727','2025-02-23 04:20:44.000000',1,'AF5C4A3CF8704DD78136E3520FC11316'),(1097,'EYJHBGCIOIJIUZI1NIISINR5CCI6IKPXVCJ9.EYJ0B2TLBL90EXBLIJOIC2XPZGLUZYISIMV4CCI6MTC0MDIWMTY0NIWIAWF0IJOXNZQWMTK4MDQ2LCJQDGKIOIIYMTE2ZTYZYTM3ZTI0MDU4OGNMYZFIYZA3YTM5M2Q0YSISINJLZNJLC2HFZXHWIJOXNZQWMJG0NDQ2LCJ1C2VYX2LKIJOXFQ.U1NYS4RRXBVUT18RYKVMWEKSKNCBS2BWFDICJGUNUOW','2025-02-22 04:20:46.635310','2025-02-22 05:20:46.000000',1,'2116E63A37E240588CFC1BC07A393D4A'),(1098,'EYJHBGCIOIJIUZI1NIISINR5CCI6IKPXVCJ9.EYJ0B2TLBL90EXBLIJOICMVMCMVZACISIMV4CCI6MTC0MDI4NTY4NYWIAWF0IJOXNZQWMTK5MJG3LCJQDGKIOIJLMDGWZGEZMJU4ODC0OGEYOWJIZMQ5MJRJZGFJN2Q1NCISINVZZXJFAWQIOJF9.FUXSFIY4C-BNHRJ_WU2L1UBEVQACDBJUUCYV8YQUFRQ','2025-02-22 04:41:27.891752','2025-02-23 04:41:27.000000',1,'E080DA32588748A29BBFD924CDAC7D54'),(1099,'EYJHBGCIOIJIUZI1NIISINR5CCI6IKPXVCJ9.EYJ0B2TLBL90EXBLIJOIC2XPZGLUZYISIMV4CCI6MTC0MDIWMJG5MSWIAWF0IJOXNZQWMTK5MJKXLCJQDGKIOII3NWY3ZMQYYTQ2MDQ0NZE1OTQZMWNMMZQ2YZA4NWQWYSISINJLZNJLC2HFZXHWIJOXNZQWMJG1NJKXLCJ1C2VYX2LKIJOXFQ.AZYXGD-FIDEMTAGXULHUF5LDGU5FMVZ3ZKB96MELGWY','2025-02-22 04:41:31.773204','2025-02-22 05:41:31.000000',1,'75F7FD2A460447159431CF346C085D0A'),(1100,'EYJHBGCIOIJIUZI1NIISINR5CCI6IKPXVCJ9.EYJ0B2TLBL90EXBLIJOICMVMCMVZACISIMV4CCI6MTC0MDI5MDK2MSWIAWF0IJOXNZQWMJA0NTYXLCJQDGKIOIJIYTQ2YJC3MZG0ZDM0YTHIOWJHNMNKZWMXYMIZNMNHMYISINVZZXJFAWQIOJF9.SMOWWDIUSGESGY8ZME_MCJSFOERSCUJRM2_YQDWHKRC','2025-02-22 06:09:21.850829','2025-02-23 06:09:21.000000',1,'BA46B77384D34A8B9BA6CDEC1BB36CA3'),(1101,'EYJHBGCIOIJIUZI1NIISINR5CCI6IKPXVCJ9.EYJ0B2TLBL90EXBLIJOIC2XPZGLUZYISIMV4CCI6MTC0MDIWODE2NSWIAWF0IJOXNZQWMJA0NTY1LCJQDGKIOIJKZDKZZDKZOGZHNJM0ODQ4YWU3ZGJMOGFKZWM1NWVKMYISINJLZNJLC2HFZXHWIJOXNZQWMJKWOTY1LCJ1C2VYX2LKIJOXFQ.7BMQMSLDL1XMECQOYQGSY8DCHGOIWXVM7CR6D0BZW2U','2025-02-22 06:09:25.742064','2025-02-22 07:09:25.000000',1,'DD93D938FA634848AE7DBF8ADEC55ED3'),(1102,'EYJHBGCIOIJIUZI1NIISINR5CCI6IKPXVCJ9.EYJ0B2TLBL90EXBLIJOICMVMCMVZACISIMV4CCI6MTC0MDI5MZEYOCWIAWF0IJOXNZQWMJA2NZI4LCJQDGKIOII1MDFIODFLOGIXNZC0YMZIYTJMODHMYTQ5Y2FJNDHINCISINVZZXJFAWQIOJF9.LDKKYYFMGMDNAWPE-XMKXHWTN5F9PCDO2EBBZWKJELK','2025-02-22 06:45:28.875302','2025-02-23 06:45:28.000000',1,'501B81E8B1774BFBA2F88FA49CAC48B4'),(1103,'EYJHBGCIOIJIUZI1NIISINR5CCI6IKPXVCJ9.EYJ0B2TLBL90EXBLIJOIC2XPZGLUZYISIMV4CCI6MTC0MDIXMDMZMIWIAWF0IJOXNZQWMJA2NZMYLCJQDGKIOII4OGY3NZCYNTZMNDK0YTBKOGQWY2JMYZFMMTA3YTA4YSISINJLZNJLC2HFZXHWIJOXNZQWMJKZMTMYLCJ1C2VYX2LKIJOXFQ.ZCSSRBH4EJTT4Q6V4ICF51SPPYSNSZAZQK3SNWIVFUW','2025-02-22 06:45:32.320318','2025-02-22 07:45:32.000000',1,'88F777256F494A0D8D0CBFC1F107A08A'),(1104,'EYJHBGCIOIJIUZI1NIISINR5CCI6IKPXVCJ9.EYJ0B2TLBL90EXBLIJOICMVMCMVZACISIMV4CCI6MTC0MDI5NZMYNIWIAWF0IJOXNZQWMJEWOTI2LCJQDGKIOIJHZJFLYZHJZJUYYWY0MWEZYJDKM2QZOGI0ZDVJNMEWMIISINVZZXJFAWQIOJF9.2CERKDGR2PRDCANNVOW3NZWVF-KZSN2FDRV7XF4BL9I','2025-02-22 07:55:26.088500','2025-02-23 07:55:26.000000',1,'AF1EC8CF52AF41A3B7D3D38B4D5C6A02'),(1105,'EYJHBGCIOIJIUZI1NIISINR5CCI6IKPXVCJ9.EYJ0B2TLBL90EXBLIJOIC2XPZGLUZYISIMV4CCI6MTC0MDIXNDUYNYWIAWF0IJOXNZQWMJEWOTI3LCJQDGKIOIIYMDHIN2RHMJCWNME0YJNLOWQ4Y2U5ZDA5YMU4NGE0MCISINJLZNJLC2HFZXHWIJOXNZQWMJK3MZI3LCJ1C2VYX2LKIJOXFQ.SYDT0PUTCYVOY5S71A5MS9ML_2YUBXY_OMOICF-HWY4','2025-02-22 07:55:27.919830','2025-02-22 08:55:27.000000',1,'208B7DA2706A4B3E9D8CE9D09BE84A40'),(1106,'EYJHBGCIOIJIUZI1NIISINR5CCI6IKPXVCJ9.EYJ0B2TLBL90EXBLIJOICMVMCMVZACISIMV4CCI6MTC0MDMWNJGYMSWIAWF0IJOXNZQWMJIWNDIXLCJQDGKIOIJINJC4MDJJMTUYZJA0YZY5YMEWMMYZN2VKNTEYOTE1MIISINVZZXJFAWQIOJF9.SYCGFWUCURIGFB0CQFP3NOZELB63LGJUWETJIFMMSLO','2025-02-22 10:33:41.027476','2025-02-23 10:33:41.000000',1,'B67802C152F04C69BA02F37ED5129152'),(1107,'EYJHBGCIOIJIUZI1NIISINR5CCI6IKPXVCJ9.EYJ0B2TLBL90EXBLIJOIC2XPZGLUZYISIMV4CCI6MTC0MDIYNDAYMYWIAWF0IJOXNZQWMJIWNDIZLCJQDGKIOIJHYZI0NJHMY2VLYTE0MZK1YMQ2ZDDIOGU0YMMYNDJMYIISINJLZNJLC2HFZXHWIJOXNZQWMZA2ODIZLCJ1C2VYX2LKIJOXFQ.IYX23DJDJ3BPH8C1DJI69R2N3VYUSUDSH0ZVFNUTEB0','2025-02-22 10:33:43.511961','2025-02-22 11:33:43.000000',1,'AC2468FCEEA14395BD6D7B8E4BC242FB'),(1108,'EYJHBGCIOIJIUZI1NIISINR5CCI6IKPXVCJ9.EYJ0B2TLBL90EXBLIJOICMVMCMVZACISIMV4CCI6MTC0MDMWODE5NCWIAWF0IJOXNZQWMJIXNZK0LCJQDGKIOIJIYZCZODVMYZYYYJQ0NME5YJKZZWZLOTLLMDDHY2MZMCISINVZZXJFAWQIOJF9.WFIB8TEESSHL6TYJJWDXTRH4WNQBXMKLGCZKQKKMARC','2025-02-22 10:56:34.055385','2025-02-23 10:56:34.000000',1,'BC7385FC62B446A9B93EFE99E07ACC30'),(1109,'EYJHBGCIOIJIUZI1NIISINR5CCI6IKPXVCJ9.EYJ0B2TLBL90EXBLIJOIC2XPZGLUZYISIMV4CCI6MTC0MDIYNTM5NIWIAWF0IJOXNZQWMJIXNZK2LCJQDGKIOIIZZWYZNZZIMZU4OWY0MGU1YJG5MDJKNWE1YJA5MJCWNYISINJLZNJLC2HFZXHWIJOXNZQWMZA4MTK2LCJ1C2VYX2LKIJOXFQ.BU3AHK8ZHOXPLZIEH8UY7BASHXIT6HMUI-VO26GCQ9M','2025-02-22 10:56:36.787652','2025-02-22 11:56:36.000000',1,'3EF376B3589F40E5B8902D5A5B092707'),(1110,'EYJHBGCIOIJIUZI1NIISINR5CCI6IKPXVCJ9.EYJ0B2TLBL90EXBLIJOICMVMCMVZACISIMV4CCI6MTC0MDMXNDI5NSWIAWF0IJOXNZQWMJI3ODK1LCJQDGKIOII5NGQ1MGRIODEWY2E0NDBJYTK4ZJHMNDI2MJE1ZTDKNSISINVZZXJFAWQIOJF9.EJSWZ3Z1FOTYXFBNOVRQNXGRF8SP21YACJMUFBFJ0EG','2025-02-22 12:38:15.691896','2025-02-23 12:38:15.000000',1,'94D50DB810CA440CA98F8F426215E7D5'),(1111,'EYJHBGCIOIJIUZI1NIISINR5CCI6IKPXVCJ9.EYJ0B2TLBL90EXBLIJOIC2XPZGLUZYISIMV4CCI6MTC0MDIZMTQ5OSWIAWF0IJOXNZQWMJI3ODK5LCJQDGKIOIJJOGQZYMI3YTK5ZTU0OTBHYJE1NDLKNZI4OTFKMJZLZCISINJLZNJLC2HFZXHWIJOXNZQWMZE0MJK5LCJ1C2VYX2LKIJOXFQ.8-20HUDTWDRESFFZFGNYCXRSPI5PHWXB0CKUDVRK-UK','2025-02-22 12:38:19.144739','2025-02-22 13:38:19.000000',1,'C8D3BB7A99E5490AB1549D72891D26ED'),(1112,'EYJHBGCIOIJIUZI1NIISINR5CCI6IKPXVCJ9.EYJ0B2TLBL90EXBLIJOICMVMCMVZACISIMV4CCI6MTC0MDM3NDCZMIWIAWF0IJOXNZQWMJG4MZMYLCJQDGKIOIIZZTHKZTAZMTE3OTU0NZK4ODM0ODGWZTFJYWM1NDK4OSISINVZZXJFAWQIOJF9.EM-Q_U9CEGKVIFODIQ9LYGYRF4V-FVPDI_OXHXPSJW0','2025-02-23 05:25:32.047102','2025-02-24 05:25:32.000000',1,'3E8DE03117954798834880E1CAC54989'),(1113,'EYJHBGCIOIJIUZI1NIISINR5CCI6IKPXVCJ9.EYJ0B2TLBL90EXBLIJOIC2XPZGLUZYISIMV4CCI6MTC0MDI5MTKZNCWIAWF0IJOXNZQWMJG4MZM0LCJQDGKIOIJJMJBKMDYXMTC0N2E0MMQZOTVMMZLKYMM4ZJVMYZFMOSISINJLZNJLC2HFZXHWIJOXNZQWMZC0NZM0LCJ1C2VYX2LKIJOXFQ.ONE9OYK6MAACBOJXVVYCL03_IUTVG6U1K7BEWDWD0BY','2025-02-23 05:25:34.555227','2025-02-23 06:25:34.000000',1,'C20D0611747A42D395F39DBC8F5FC1F9'),(1114,'EYJHBGCIOIJIUZI1NIISINR5CCI6IKPXVCJ9.EYJ0B2TLBL90EXBLIJOICMVMCMVZACISIMV4CCI6MTC0MDM3NDK5MIWIAWF0IJOXNZQWMJG4NTKYLCJQDGKIOIJHNGM0NWVMMGRLMDK0MZNIOGIYODM4ZTAXMTKWNDBKMIISINVZZXJFAWQIOJF9.DKUI82D-TDS7DNO14VW3-HFXLNIAK6-NA3NTW-J-PWA','2025-02-23 05:29:52.715639','2025-02-24 05:29:52.000000',1,'A4C45EF0DE09433B8B2838E0119040D2'),(1115,'EYJHBGCIOIJIUZI1NIISINR5CCI6IKPXVCJ9.EYJ0B2TLBL90EXBLIJOIC2XPZGLUZYISIMV4CCI6MTC0MDI5MJE5NYWIAWF0IJOXNZQWMJG4NTK3LCJQDGKIOII3MWNMNZGWYMQ4NTG0M2Y5YWQ4NDDIN2I1MWU2ZDU3ZSISINJLZNJLC2HFZXHWIJOXNZQWMZC0OTK3LCJ1C2VYX2LKIJOXFQ.AZ4WF9COTCO6A61XBNOCGHYS8AAYI1TWHORJHWQ2D40','2025-02-23 05:29:57.075505','2025-02-23 06:29:57.000000',1,'71CF780BD85843F9AD847B7B51E6D57E'),(1116,'EYJHBGCIOIJIUZI1NIISINR5CCI6IKPXVCJ9.EYJ0B2TLBL90EXBLIJOICMVMCMVZACISIMV4CCI6MTC0MDM3ODGWMIWIAWF0IJOXNZQWMJKYNDAYLCJQDGKIOII4MZA1NZGXZJHLNZA0M2MZODIYNTGYODGYOTHKZGJMNCISINVZZXJFAWQIOJF9.G1YBUV1YW8B55QXNSP364D2MX_5MTETPTLZ-ACNUY04','2025-02-23 06:33:22.719648','2025-02-24 06:33:22.000000',1,'8305781F8E7043C382258288298DDBF4'),(1117,'EYJHBGCIOIJIUZI1NIISINR5CCI6IKPXVCJ9.EYJ0B2TLBL90EXBLIJOIC2XPZGLUZYISIMV4CCI6MTC0MDI5NJAWNIWIAWF0IJOXNZQWMJKYNDA2LCJQDGKIOIJJNTNJMZKYZTY5YZC0MTYWOGY4MDKXZMUXMWMXYTRKZIISINJLZNJLC2HFZXHWIJOXNZQWMZC4ODA2LCJ1C2VYX2LKIJOXFQ.QYGBJACIERN-XLG0UW98KKEHPHVMJWNCKBLMFLUJKD0','2025-02-23 06:33:26.975314','2025-02-23 07:33:26.000000',1,'C53C392E69C741608F8091FE11C1A4DF'),(1118,'EYJHBGCIOIJIUZI1NIISINR5CCI6IKPXVCJ9.EYJ0B2TLBL90EXBLIJOICMVMCMVZACISIMV4CCI6MTC0MDM5NTEZNIWIAWF0IJOXNZQWMZA4NZM2LCJQDGKIOIJKNDA4YZFKYZE0NJM0OGM2ODC1ODFINDAZYWMZZJE3MSISINVZZXJFAWQIOJF9.ZAUNT1Q2UGVLJDAIKIZ9IZG0CLM8YWV8MZPFDAXD6GC','2025-02-23 11:05:36.815366','2025-02-24 11:05:36.000000',1,'D408C1DC146348C687581B403AC3F171'),(1119,'EYJHBGCIOIJIUZI1NIISINR5CCI6IKPXVCJ9.EYJ0B2TLBL90EXBLIJOIC2XPZGLUZYISIMV4CCI6MTC0MDMXMJM0MSWIAWF0IJOXNZQWMZA4NZQXLCJQDGKIOIJJYWQ3YJZLNWI5ZGY0ZDM1YTNJMZZMMZMXZGEWYTJHYSISINJLZNJLC2HFZXHWIJOXNZQWMZK1MTQXLCJ1C2VYX2LKIJOXFQ.1VGYLBC5RDT6C1EI1KIIWJHRD-DKCLS9746EFDNEYH4','2025-02-23 11:05:41.552665','2025-02-23 12:05:41.000000',1,'CAD7B6E5B9DF4D35A3C36F331DA0A2AA'),(1120,'EYJHBGCIOIJIUZI1NIISINR5CCI6IKPXVCJ9.EYJ0B2TLBL90EXBLIJOICMVMCMVZACISIMV4CCI6MTC0MDM5NTM3OCWIAWF0IJOXNZQWMZA4OTC4LCJQDGKIOIIYZDK0NZI1ZDAXM2I0MGY1YTRLMTVIZJG4MWE1ODE4ZIISINVZZXJFAWQIOJF9.Z0TPNP3Y9RFZXECAWQYZQ7U5PTF3ER1PUOKQUXM3FWQ','2025-02-23 11:09:38.355721','2025-02-24 11:09:38.000000',1,'2D94725D013B40F5A4E15BF881A5818F'),(1121,'EYJHBGCIOIJIUZI1NIISINR5CCI6IKPXVCJ9.EYJ0B2TLBL90EXBLIJOIC2XPZGLUZYISIMV4CCI6MTC0MDMXMJU4NCWIAWF0IJOXNZQWMZA4OTG0LCJQDGKIOIIZZTBHYZGXMZQ0NDE0ZTC1YWQYOWJJYMQ5MJK0MTC3OSISINJLZNJLC2HFZXHWIJOXNZQWMZK1MZG0LCJ1C2VYX2LKIJOXFQ.RW-R-XV8SDVJKMBMNKHIAKIB5PDFFXIX2X0MAE0CLGW','2025-02-23 11:09:44.732770','2025-02-23 12:09:44.000000',1,'3E0AC81344414E75AD29BCBD92941779'),(1122,'EYJHBGCIOIJIUZI1NIISINR5CCI6IKPXVCJ9.EYJ0B2TLBL90EXBLIJOICMVMCMVZACISIMV4CCI6MTC0MDQWNDAXMIWIAWF0IJOXNZQWMZE3NJEYLCJQDGKIOIJHY2M2NGVHNJLMZJM0MJGZYWIZZGEZYJKZNDQXZTUXMCISINVZZXJFAWQIOJF9.A93G9NTEYU7KNLHFEMG_J8HBVYKF1AFNNJ5Y1MG4ARA','2025-02-23 13:33:32.292980','2025-02-24 13:33:32.000000',1,'ACC64EA69FF34283AB3DA3B93441E510'),(1123,'EYJHBGCIOIJIUZI1NIISINR5CCI6IKPXVCJ9.EYJ0B2TLBL90EXBLIJOIC2XPZGLUZYISIMV4CCI6MTC0MDMYMTIXNIWIAWF0IJOXNZQWMZE3NJE2LCJQDGKIOIJHNTU1NMIZNDJJNJM0NTNJOGI3YMJKMJKXNZZINJI5ZIISINJLZNJLC2HFZXHWIJOXNZQWNDA0MDE2LCJ1C2VYX2LKIJOXFQ.2UHDPITCTUVG0TJ8_IX4K1X5APZJWXVWNHIJLQB36LA','2025-02-23 13:33:36.894214','2025-02-23 14:33:36.000000',1,'A5556B342C63453C8B7BBD29176B629F'),(1124,'EYJHBGCIOIJIUZI1NIISINR5CCI6IKPXVCJ9.EYJ0B2TLBL90EXBLIJOICMVMCMVZACISIMV4CCI6MTC0MDQ1ODUWMYWIAWF0IJOXNZQWMZCYMTAZLCJQDGKIOII4ODE2MZKXMGVJYTC0YMI2ODLIMWZIZMFMZTRHMDUZYIISINVZZXJFAWQIOJF9.YAID4BFY4VW83JGM8Y5CEJVDA2I32ZALNRNNUG5B9ME','2025-02-24 04:41:43.266510','2025-02-25 04:41:43.000000',1,'88163910ECA74BB689B1FBFAFE4A053B'),(1125,'EYJHBGCIOIJIUZI1NIISINR5CCI6IKPXVCJ9.EYJ0B2TLBL90EXBLIJOIC2XPZGLUZYISIMV4CCI6MTC0MDM3NTCWNSWIAWF0IJOXNZQWMZCYMTA1LCJQDGKIOII4NDM4ZJBIZJHHMWI0OTVIOTHHNDQXNTYXMMEYZDEXZSISINJLZNJLC2HFZXHWIJOXNZQWNDU4NTA1LCJ1C2VYX2LKIJOXFQ.7H9_YLUDVEGD0TVZA2Q1G5B2AYDGDJY8GY4URDM2PVW','2025-02-24 04:41:45.724692','2025-02-24 05:41:45.000000',1,'8438F0BF8A1B495B98A4415612A2D11E'),(1126,'EYJHBGCIOIJIUZI1NIISINR5CCI6IKPXVCJ9.EYJ0B2TLBL90EXBLIJOICMVMCMVZACISIMV4CCI6MTC0MDQ2MJY3NYWIAWF0IJOXNZQWMZC2MJC3LCJQDGKIOII1NGY0YMVKNJI0ZMQ0NMEXOWI0YJCWMDAYMGRKMTRJOCISINVZZXJFAWQIOJF9.6JIOVG1WG_3OB_WPBOKOUXQAG1Y5OQOJ3LFGBXJ6H9M','2025-02-24 05:51:17.586172','2025-02-25 05:51:17.000000',1,'54F4BED624FD46A19B4B700020DD14C8'),(1127,'EYJHBGCIOIJIUZI1NIISINR5CCI6IKPXVCJ9.EYJ0B2TLBL90EXBLIJOIC2XPZGLUZYISIMV4CCI6MTC0MDM3OTG3OSWIAWF0IJOXNZQWMZC2MJC5LCJQDGKIOIJLNTAWMZRLYWMXOTM0OTA2YJBHZJQ2ZJK2NJA0NWE5ZCISINJLZNJLC2HFZXHWIJOXNZQWNDYYNJC5LCJ1C2VYX2LKIJOXFQ.5IPVHCD2BHWAOWBKR8ZRSG8R_CG1T4HLAMLBC6D0PAY','2025-02-24 05:51:19.209937','2025-02-24 06:51:19.000000',1,'E50034EAC1934906B0AF46F966045A9D'),(1128,'EYJHBGCIOIJIUZI1NIISINR5CCI6IKPXVCJ9.EYJ0B2TLBL90EXBLIJOICMVMCMVZACISIMV4CCI6MTC0MDQ2MZQ1MIWIAWF0IJOXNZQWMZC3MDUYLCJQDGKIOII1NZM3M2I0ZJGZZDI0ZDFKODQYOWRJMTLLMJHLYTHIYYISINVZZXJFAWQIOJF9.RGCDN3XIJVUPUG-JXYRMWINAKMMZL_SBRDAUE4GIZME','2025-02-24 06:04:12.103790','2025-02-25 06:04:12.000000',1,'57373B4F83D24D1D8429DC19E28EA8BC'),(1129,'EYJHBGCIOIJIUZI1NIISINR5CCI6IKPXVCJ9.EYJ0B2TLBL90EXBLIJOIC2XPZGLUZYISIMV4CCI6MTC0MDM4MDY1MYWIAWF0IJOXNZQWMZC3MDUZLCJQDGKIOII5NWE3YJDLMDQ1NWU0YJG4OWY4Y2MZNZY3YMFHYZBMZIISINJLZNJLC2HFZXHWIJOXNZQWNDYZNDUZLCJ1C2VYX2LKIJOXFQ.HTZPB5WZUKE4_QVSNC2AFZAEODOCDHA52EKXTQFXJP8','2025-02-24 06:04:13.942918','2025-02-24 07:04:13.000000',1,'95A7B7E0455E4B889F8CC3767BAAC0FF'),(1130,'EYJHBGCIOIJIUZI1NIISINR5CCI6IKPXVCJ9.EYJ0B2TLBL90EXBLIJOICMVMCMVZACISIMV4CCI6MTC0MDQ2NDQZOCWIAWF0IJOXNZQWMZC4MDM4LCJQDGKIOIIYYZC5YWQ3MZLLMZI0MWJLOWNMMJMZODG5MTYWOWNJYYISINVZZXJFAWQIOJF9.8_IWDWB25CB5EX9GEZYDMFBLMRI1FRU8E7C9PIZ0VES','2025-02-24 06:20:38.978173','2025-02-25 06:20:38.000000',1,'2C79AD739E3241BE9CF2338891609CCC'),(1131,'EYJHBGCIOIJIUZI1NIISINR5CCI6IKPXVCJ9.EYJ0B2TLBL90EXBLIJOIC2XPZGLUZYISIMV4CCI6MTC0MDM4MTY0MIWIAWF0IJOXNZQWMZC4MDQYLCJQDGKIOIJHOGFLYJK5NZQXMTE0NJLJYTMWNTQWZWZHNDM4YTA2MYISINJLZNJLC2HFZXHWIJOXNZQWNDY0NDQYLCJ1C2VYX2LKIJOXFQ.QS4NVS0ROFCJUR_EKSZ2SPGALRG19U_CJUJR7HLEEHE','2025-02-24 06:20:42.357525','2025-02-24 07:20:42.000000',1,'A8AEB9974111469CA30540EFA438A063'),(1132,'EYJHBGCIOIJIUZI1NIISINR5CCI6IKPXVCJ9.EYJ0B2TLBL90EXBLIJOICMVMCMVZACISIMV4CCI6MTC0MDQ4NJY0NCWIAWF0IJOXNZQWNDAWMJQ0LCJQDGKIOIJLZJNLNTYYMZRJYTQ0NDKXOTJJZTU3NJJJMDBJMTLHZIISINVZZXJFAWQIOJF9.P-34FRDGQIEDDYT4XQMWPYM9XGYJJ9FJQZGDOEEON6U','2025-02-24 12:30:44.223388','2025-02-25 12:30:44.000000',1,'EF3E56234CA4449192CE5762C00C19AF'),(1133,'EYJHBGCIOIJIUZI1NIISINR5CCI6IKPXVCJ9.EYJ0B2TLBL90EXBLIJOIC2XPZGLUZYISIMV4CCI6MTC0MDQWMZG0NIWIAWF0IJOXNZQWNDAWMJQ2LCJQDGKIOIIYOGY2N2MZZJU1OWQ0NTC5OTC4YJQ0MGMYMGQ3ZDK1NIISINJLZNJLC2HFZXHWIJOXNZQWNDG2NJQ2LCJ1C2VYX2LKIJOXFQ.XWVRC8X0ILGJCX6NHWI2ZEFIZEF8_WEOLIOYVV4VPBE','2025-02-24 12:30:46.348559','2025-02-24 13:30:46.000000',1,'28F67C3F559D4579978B440C20D7D956'),(1134,'EYJHBGCIOIJIUZI1NIISINR5CCI6IKPXVCJ9.EYJ0B2TLBL90EXBLIJOICMVMCMVZACISIMV4CCI6MTC0MDQ4NZA5MIWIAWF0IJOXNZQWNDAWNJKYLCJQDGKIOIIZNDY5MJMXYTY3YMY0MJKYYJBJNGIZZDGWMZUWM2E0MCISINVZZXJFAWQIOJF9.ME68XTTEBHQZ_2VTXEKJYUBNQ-YZWA61OO1RQFSDOHM','2025-02-24 12:38:12.907315','2025-02-25 12:38:12.000000',1,'3469231A67BF4292B0C4B3D803503A40'),(1135,'EYJHBGCIOIJIUZI1NIISINR5CCI6IKPXVCJ9.EYJ0B2TLBL90EXBLIJOIC2XPZGLUZYISIMV4CCI6MTC0MDQWNDI5NYWIAWF0IJOXNZQWNDAWNJK3LCJQDGKIOII0MTEZMZQZNZM4MMY0ZTI5YWJMOWIXODUXOTJHMJJIOSISINJLZNJLC2HFZXHWIJOXNZQWNDG3MDK3LCJ1C2VYX2LKIJOXFQ.DMUSFTG8BP97EH-8VKZWJXRQAFWTNV8LEFFEGHPHEFC','2025-02-24 12:38:17.350779','2025-02-24 13:38:17.000000',1,'41133437382F4E29ABF9B185192A22B9'),(1136,'EYJHBGCIOIJIUZI1NIISINR5CCI6IKPXVCJ9.EYJ0B2TLBL90EXBLIJOICMVMCMVZACISIMV4CCI6MTC0MDU2MZM3MCWIAWF0IJOXNZQWNDC2OTCWLCJQDGKIOIJJMTHIMWUYZJFKY2M0YWRHYTAZNTA1ODU4ZDU2YJLJOCISINVZZXJFAWQIOJF9.1ZBZ_5JBZTLQNKPUDU1N7S4UOHWV1A67F9A8T6KOZQU','2025-02-25 09:49:30.448318','2025-02-26 09:49:30.000000',1,'C18B1E2F1DCC4ADAA03505858D56B9C8'),(1137,'EYJHBGCIOIJIUZI1NIISINR5CCI6IKPXVCJ9.EYJ0B2TLBL90EXBLIJOIC2XPZGLUZYISIMV4CCI6MTC0MDQ4MDU3NCWIAWF0IJOXNZQWNDC2OTC0LCJQDGKIOIIZZDNKZJE5MDYYYJY0YMU4OGEWOWQXNJHJZME5NDK0OSISINJLZNJLC2HFZXHWIJOXNZQWNTYZMZC0LCJ1C2VYX2LKIJOXFQ.FGH8WCXTDBDLX6AOU9IGRNCUGLN_RI5W-IBATW1RCLW','2025-02-25 09:49:34.910139','2025-02-25 10:49:34.000000',1,'3D3DF19062B64BE88A09D168CFA94949'),(1138,'EYJHBGCIOIJIUZI1NIISINR5CCI6IKPXVCJ9.EYJ0B2TLBL90EXBLIJOICMVMCMVZACISIMV4CCI6MTC0MDYZMJC2NCWIAWF0IJOXNZQWNTQ2MZY0LCJQDGKIOII3NZG5NZNHOGY2OTU0OWM4YTK0YZY1NTE3N2M4ODNLNYISINVZZXJFAWQIOJF9.6UM48BTM5E4W_OTOMK_ESAF6FQ_IHDTLJN7Z_6XAOKU','2025-02-26 05:06:04.717858','2025-02-27 05:06:04.000000',1,'778973A8F69549C8A94C655177C883E7'),(1139,'EYJHBGCIOIJIUZI1NIISINR5CCI6IKPXVCJ9.EYJ0B2TLBL90EXBLIJOIC2XPZGLUZYISIMV4CCI6MTC0MDU0OTK3MCWIAWF0IJOXNZQWNTQ2MZCWLCJQDGKIOIJHYJKYODJLNZUWZDY0MMNHOTQ1YMQ1NTC2NJCXYZFKNYISINJLZNJLC2HFZXHWIJOXNZQWNJMYNZCWLCJ1C2VYX2LKIJOXFQ.JVBNATO2QRALK8JVWNROZ6ZXEBSLSIAS6PVKRUV4_SE','2025-02-26 05:06:10.145140','2025-02-26 06:06:10.000000',1,'AB9282E750D642CA945BD5576671C1D7'),(1140,'EYJHBGCIOIJIUZI1NIISINR5CCI6IKPXVCJ9.EYJ0B2TLBL90EXBLIJOICMVMCMVZACISIMV4CCI6MTC0MDYZMZGWOCWIAWF0IJOXNZQWNTQ3NDA4LCJQDGKIOII2MTDHZTY0MJBHMGQ0MGRHOGM3OTAZOGI4OWE2NGNLMCISINVZZXJFAWQIOJF9.RQCIEYGZ8WAC-RONQG7EE6YAGRUPAOCL17H9GVB8BBE','2025-02-26 05:23:28.701750','2025-02-27 05:23:28.000000',1,'617AE6420A0D40DA8C79038B89A64CE0'),(1141,'EYJHBGCIOIJIUZI1NIISINR5CCI6IKPXVCJ9.EYJ0B2TLBL90EXBLIJOIC2XPZGLUZYISIMV4CCI6MTC0MDU1MTAXMYWIAWF0IJOXNZQWNTQ3NDEZLCJQDGKIOIJHYWRLMTK1ZMMWM2I0MWIZYJI3Y2VLYTDKY2VJYJHKNSISINJLZNJLC2HFZXHWIJOXNZQWNJMZODEZLCJ1C2VYX2LKIJOXFQ.S2-B1THCE0VRHCWSIBBOMRB14MIZJQZ-KSVSHHPR6KK','2025-02-26 05:23:33.302874','2025-02-26 06:23:33.000000',1,'AADE195FC03B41B3B27CEEA7DCECB8D5'),(1142,'EYJHBGCIOIJIUZI1NIISINR5CCI6IKPXVCJ9.EYJ0B2TLBL90EXBLIJOICMVMCMVZACISIMV4CCI6MTC0MDYZNDY2NYWIAWF0IJOXNZQWNTQ4MJY3LCJQDGKIOIIWZTK2MGZIZDJMNDY0MWQYODGYYZC1YMFKNZY1YMI4MCISINVZZXJFAWQIOJF9.MV6W6E23KNCMDQAOSAWFV8CKSWH-ZCAYTRW6GUSK8WK','2025-02-26 05:37:47.823319','2025-02-27 05:37:47.000000',1,'0E960FBD2F4641D2882C75BAD765BB80'),(1143,'EYJHBGCIOIJIUZI1NIISINR5CCI6IKPXVCJ9.EYJ0B2TLBL90EXBLIJOIC2XPZGLUZYISIMV4CCI6MTC0MDU1MTG3MCWIAWF0IJOXNZQWNTQ4MJCWLCJQDGKIOIIZZGI0MDUXOGEXM2E0ZJMXOWQ4NJFHNTQXYWY2NJY3YIISINJLZNJLC2HFZXHWIJOXNZQWNJM0NJCWLCJ1C2VYX2LKIJOXFQ.KHVN-LTEDCGYU0BWAEFMLE7M7SNRX-IVCOTPRO-NOCS','2025-02-26 05:37:50.932584','2025-02-26 06:37:50.000000',1,'3DB40518A13A4F319D861A541AF6667B'),(1144,'EYJHBGCIOIJIUZI1NIISINR5CCI6IKPXVCJ9.EYJ0B2TLBL90EXBLIJOICMVMCMVZACISIMV4CCI6MTC0MDYZNTI5MSWIAWF0IJOXNZQWNTQ4ODKXLCJQDGKIOIIYMTRIODU4M2ZKN2Y0YMFHOTK3ZGZKMJUYNDKZYJEZNYISINVZZXJFAWQIOJF9.QOESZ18U9NLDTN2XL_AWNLWFH55HRLZU-4NE-OZAGX8','2025-02-26 05:48:11.262711','2025-02-27 05:48:11.000000',1,'214B8583FD7F4BAA997DFD252493B137'),(1145,'EYJHBGCIOIJIUZI1NIISINR5CCI6IKPXVCJ9.EYJ0B2TLBL90EXBLIJOIC2XPZGLUZYISIMV4CCI6MTC0MDU1MJQ5MYWIAWF0IJOXNZQWNTQ4ODKZLCJQDGKIOIJMNWQXYMQWYJQWZTE0ZGI4YTE4MJA0MDBLMZNKMJHINSISINJLZNJLC2HFZXHWIJOXNZQWNJM1MJKZLCJ1C2VYX2LKIJOXFQ.C1SWHFH3LNA8ELHTC2PK88MKLKDPL_KF1TRPIMIERLO','2025-02-26 05:48:13.716283','2025-02-26 06:48:13.000000',1,'F5D1BD0B40E14DB8A1820400E33D28B5'),(1146,'EYJHBGCIOIJIUZI1NIISINR5CCI6IKPXVCJ9.EYJ0B2TLBL90EXBLIJOICMVMCMVZACISIMV4CCI6MTC0MDCZMZK0MIWIAWF0IJOXNZQWNJQ3NTQYLCJQDGKIOIIZMWE2M2U2MTM0NGQ0YZJLOTFIM2M1YZDKNMY1MDCYOCISINVZZXJFAWQIOJF9.F4C3SJGS9ZQ3REXRDTS6QYXTPSXCZ8CDWWBNI0AWYNW','2025-02-27 09:12:22.941613','2025-02-28 09:12:22.000000',1,'31A63E61344D4C2E91B3C5C7D6F50728'),(1147,'EYJHBGCIOIJIUZI1NIISINR5CCI6IKPXVCJ9.EYJ0B2TLBL90EXBLIJOIC2XPZGLUZYISIMV4CCI6MTC0MDY1MTE0OSWIAWF0IJOXNZQWNJQ3NTQ5LCJQDGKIOIJJYTY3YWMZNWI0ODE0NJQ4ODCWZTUYMWUYYTU0ZDIZZCISINJLZNJLC2HFZXHWIJOXNZQWNZMZOTQ5LCJ1C2VYX2LKIJOXFQ.W3IBROKU-FNIYLLHYNZKME7QBSGSRS45LKVYLT9PSJW','2025-02-27 09:12:29.606285','2025-02-27 10:12:29.000000',1,'CA67AC35B4814648870E521E2A54D23D'),(1148,'EYJHBGCIOIJIUZI1NIISINR5CCI6IKPXVCJ9.EYJ0B2TLBL90EXBLIJOICMVMCMVZACISIMV4CCI6MTC0MDCZMZK3MIWIAWF0IJOXNZQWNJQ3NTCYLCJQDGKIOIJJMMY2NMRMMWYXZDU0YMYXYTI2OTQXYTFKNTM5YZZHNYISINVZZXJFAWQIOJF9.3BP67O4OLRHUV8T4FNSOK7AM6ADR5MXSW6EAD5LH3JC','2025-02-27 09:12:52.098877','2025-02-28 09:12:52.000000',1,'C2F66DF1F1D54BF1A26941A1D539C6A7'),(1149,'EYJHBGCIOIJIUZI1NIISINR5CCI6IKPXVCJ9.EYJ0B2TLBL90EXBLIJOIC2XPZGLUZYISIMV4CCI6MTC0MDY1MTE3OCWIAWF0IJOXNZQWNJQ3NTC4LCJQDGKIOIJKODI5MZI0ZDFKYWM0ZTQ5OTI0ZTLKYZK1YJQ2NTE1NYISINJLZNJLC2HFZXHWIJOXNZQWNZMZOTC4LCJ1C2VYX2LKIJOXFQ.SMMNW9ZPVW2QJ8A4WPSRJYVYFJ89KHKTTUKHDC5HHK4','2025-02-27 09:12:58.344513','2025-02-27 10:12:58.000000',1,'D829324D1DAC4E49924E9DC95B465157'),(1150,'EYJHBGCIOIJIUZI1NIISINR5CCI6IKPXVCJ9.EYJ0B2TLBL90EXBLIJOICMVMCMVZACISIMV4CCI6MTC0MDCZNDKYMCWIAWF0IJOXNZQWNJQ4NTIWLCJQDGKIOIJIOWUWMJBJYTFIMTE0ZDK5YJVIZMM4NZK2ODE4ODJMYSISINVZZXJFAWQIOJF9.KTO_9RULUQGYH8W02RQDWG3SPNPAEP-HQWKARM-XVDK','2025-02-27 09:28:40.814688','2025-02-28 09:28:40.000000',1,'B9E020CA1B114D99B5BFC879681882FA'),(1151,'EYJHBGCIOIJIUZI1NIISINR5CCI6IKPXVCJ9.EYJ0B2TLBL90EXBLIJOIC2XPZGLUZYISIMV4CCI6MTC0MDY1MJEYNYWIAWF0IJOXNZQWNJQ4NTI3LCJQDGKIOII0NWYYZJA3YZRIZTY0NZLKYWFKODE4NGNKNDNLN2Y2NCISINJLZNJLC2HFZXHWIJOXNZQWNZM0OTI3LCJ1C2VYX2LKIJOXFQ.MTKTLRXKAGASVARECNJRG9ZWCWTNJMJAYRR-BTQY-9U','2025-02-27 09:28:47.038001','2025-02-27 10:28:47.000000',1,'45F2F07C4BE6479DAAD8184CD43E7F64'),(1152,'EYJHBGCIOIJIUZI1NIISINR5CCI6IKPXVCJ9.EYJ0B2TLBL90EXBLIJOICMVMCMVZACISIMV4CCI6MTC0MDCZNTMYNIWIAWF0IJOXNZQWNJQ4OTI2LCJQDGKIOII4MWYWYZDKMDJJYZK0MMM4OTCYNJAZYJQYYJY2NTGXYYISINVZZXJFAWQIOJF9.NEWLAIQLV-UAUYCA-L-KO6HLSSFNPJEBP7UP2YEAZIA','2025-02-27 09:35:26.085513','2025-02-28 09:35:26.000000',1,'81F0C7D02CC942C8972603B42B66581C'),(1153,'EYJHBGCIOIJIUZI1NIISINR5CCI6IKPXVCJ9.EYJ0B2TLBL90EXBLIJOIC2XPZGLUZYISIMV4CCI6MTC0MDY1MJUYOSWIAWF0IJOXNZQWNJQ4OTI5LCJQDGKIOIIXMGE5MWQ1NJVINTQ0NMZHODLKMJG5OTRMYTIWNGM5YIISINJLZNJLC2HFZXHWIJOXNZQWNZM1MZI5LCJ1C2VYX2LKIJOXFQ.0DEEGVIK8GPS1HW9IGPAZPDJ49JLH0WSP0ETIUPZ99A','2025-02-27 09:35:29.029325','2025-02-27 10:35:29.000000',1,'10A91D565B5446FA89D28994FA204C9B'),(1154,'EYJHBGCIOIJIUZI1NIISINR5CCI6IKPXVCJ9.EYJ0B2TLBL90EXBLIJOICMVMCMVZACISIMV4CCI6MTC0MDCZODK0MSWIAWF0IJOXNZQWNJUYNTQXLCJQDGKIOII3NTQ2OGUZMDA2NTM0ZWUWOGE2NZFINZE1ZJE1ZTM1MYISINVZZXJFAWQIOJF9.9CXF0L7BDA6HRXG25TPWSSDMIQQKRYVAPAVS9N94H5W','2025-02-27 10:35:41.622878','2025-02-28 10:35:41.000000',1,'75468E3006534EE08A671B715F15E353'),(1155,'EYJHBGCIOIJIUZI1NIISINR5CCI6IKPXVCJ9.EYJ0B2TLBL90EXBLIJOIC2XPZGLUZYISIMV4CCI6MTC0MDY1NJE0MYWIAWF0IJOXNZQWNJUYNTQZLCJQDGKIOIJKYWU2NZC2YMRMNZG0YJAYYJVIN2E0MGVKZJYXMWZLNYISINJLZNJLC2HFZXHWIJOXNZQWNZM4OTQZLCJ1C2VYX2LKIJOXFQ.MG4KBLDG89PZHXLVE9MHPLWTCXBQBXL0ATGEBUDT4PW','2025-02-27 10:35:43.404043','2025-02-27 11:35:43.000000',1,'DAE6776BDF784B02B5B7A40EDF611FE7'),(1156,'EYJHBGCIOIJIUZI1NIISINR5CCI6IKPXVCJ9.EYJ0B2TLBL90EXBLIJOICMVMCMVZACISIMV4CCI6MTC0MDCZOTU3MCWIAWF0IJOXNZQWNJUZMTCWLCJQDGKIOIJIOWIZZDG0ZJQ3OGU0ZMQ1ODCZNZZKYJUYY2VHZJNHNCISINVZZXJFAWQIOJF9.NR6QTW_XKRWL_-JNE25IGEWNHN3BRCF6X9URDHWZNMG','2025-02-27 10:46:10.853072','2025-02-28 10:46:10.000000',1,'B9B3D84F478E4FD587376DB52CEAF3A4'),(1157,'EYJHBGCIOIJIUZI1NIISINR5CCI6IKPXVCJ9.EYJ0B2TLBL90EXBLIJOIC2XPZGLUZYISIMV4CCI6MTC0MDY1NJC3NCWIAWF0IJOXNZQWNJUZMTC0LCJQDGKIOIJLZJG1YJMXZMJLZWQ0YMQ0OWRINGJMOGFJNWU0NGI3NCISINJLZNJLC2HFZXHWIJOXNZQWNZM5NTC0LCJ1C2VYX2LKIJOXFQ.L0QFQB8BHHCS8U8RQAJJ6SIOVCE_YK_F-CNWUN5EES8','2025-02-27 10:46:14.480503','2025-02-27 11:46:14.000000',1,'EF85B31FBEED4BD49DB4BF8AC5E44B74'),(1158,'EYJHBGCIOIJIUZI1NIISINR5CCI6IKPXVCJ9.EYJ0B2TLBL90EXBLIJOICMVMCMVZACISIMV4CCI6MTC0MDCZOTU5OCWIAWF0IJOXNZQWNJUZMTK4LCJQDGKIOII1ZDZLMGYZOGI3ODI0Y2Q3YWVKOTU0NWFINDE3M2I4OCISINVZZXJFAWQIOJF9.4KDZS2ASZVP8USTJSWRWWYSIZBUK6C8W3GSHX6F0KTW','2025-02-27 10:46:38.373370','2025-02-28 10:46:38.000000',1,'5D6E0F38B7824CD7AED9545AB4173B88'),(1159,'EYJHBGCIOIJIUZI1NIISINR5CCI6IKPXVCJ9.EYJ0B2TLBL90EXBLIJOIC2XPZGLUZYISIMV4CCI6MTC0MDY1NJGWMCWIAWF0IJOXNZQWNJUZMJAWLCJQDGKIOIJIMJHLZTY4ZWJLNDQ0ZJI5YWVJNTI5MZNHN2M2YWNIMIISINJLZNJLC2HFZXHWIJOXNZQWNZM5NJAWLCJ1C2VYX2LKIJOXFQ.0VL-UP3YGL--P9U6Q5ZQQCNJEPNKIUKHDRG6FS2RKQW','2025-02-27 10:46:40.015857','2025-02-27 11:46:40.000000',1,'B28EE68EBE444F29AEC52933A7C6ACB2'),(1160,'EYJHBGCIOIJIUZI1NIISINR5CCI6IKPXVCJ9.EYJ0B2TLBL90EXBLIJOIC2XPZGLUZYISIMV4CCI6MTC0MDY1NZMWMIWIAWF0IJOXNZQWNJUZNZAYLCJQDGKIOII0MWRINMQWMJZKMJY0MMYXOTZKNTG2ZJDHZTEWMTFMNCISINJLZNJLC2HFZXHWIJOXNZQWNZQWMTAYLCJ1C2VYX2LKIJOXFQ.2ABW03CSTSLCLEUJDO2S-NF6AFMOEG8F_XC72LY_ZOU','2025-02-27 10:55:02.581383','2025-02-27 11:55:02.000000',1,'41DB6D026D2642F196D586F7AE1011F4'),(1161,'EYJHBGCIOIJIUZI1NIISINR5CCI6IKPXVCJ9.EYJ0B2TLBL90EXBLIJOICMVMCMVZACISIMV4CCI6MTC0MDC0MZA1NIWIAWF0IJOXNZQWNJU2NJU2LCJQDGKIOIJINMZIYMY4MWYZOWI0ODY4YTU0YZAYOGUXZDZHMWYXNIISINVZZXJFAWQIOJF9.VPRJS0SBWQDBQ0S0SVEXQLQQFXN94CRPOREOTOG31-U','2025-02-27 11:44:16.130250','2025-02-28 11:44:16.000000',1,'B6FBBF81F39B4868A54C028E1D6A1F16'),(1162,'EYJHBGCIOIJIUZI1NIISINR5CCI6IKPXVCJ9.EYJ0B2TLBL90EXBLIJOIC2XPZGLUZYISIMV4CCI6MTC0MDY2MDI1NYWIAWF0IJOXNZQWNJU2NJU3LCJQDGKIOIIXMTU3MZBMZGVHMDK0MDE0YTE1ODM1YZU2NDJMNMI3NYISINJLZNJLC2HFZXHWIJOXNZQWNZQZMDU3LCJ1C2VYX2LKIJOXFQ.9BWKZ9ZU8NEL5R2A3IQNQDW_Z61W1ERXF4KSAMQBGLM','2025-02-27 11:44:17.957984','2025-02-27 12:44:17.000000',1,'115730FDEA094014A15835C5642F6B77'),(1163,'EYJHBGCIOIJIUZI1NIISINR5CCI6IKPXVCJ9.EYJ0B2TLBL90EXBLIJOICMVMCMVZACISIMV4CCI6MTC0MDC1MJQ1MYWIAWF0IJOXNZQWNJY2MDUZLCJQDGKIOII5MGZHZTK5MMNIYZC0NDM5YWU2ZDQXYJLLZTMZYZAXNCISINVZZXJFAWQIOJF9.PQR_OF1TYVZB3R00XPOXYXKYPTJ4R6E3DO643B373YC','2025-02-27 14:20:53.958858','2025-02-28 14:20:53.000000',1,'90FAE992CBC74439AE6D41B9EE33C014'),(1164,'EYJHBGCIOIJIUZI1NIISINR5CCI6IKPXVCJ9.EYJ0B2TLBL90EXBLIJOIC2XPZGLUZYISIMV4CCI6MTC0MDY2OTY2MCWIAWF0IJOXNZQWNJY2MDYWLCJQDGKIOII2ODGWMDFKNJNKMTQ0NGVHOWVHN2UZNWUXNJU5OWRMZCISINJLZNJLC2HFZXHWIJOXNZQWNZUYNDYWLCJ1C2VYX2LKIJOXFQ.GXVZBQVX1PEETST4DILXRK_XF0I3SMMZKOLGD5ATFAK','2025-02-27 14:21:00.312609','2025-02-27 15:21:00.000000',1,'688001D63D1444EA9EA7E35E16599DFD'),(1165,'EYJHBGCIOIJIUZI1NIISINR5CCI6IKPXVCJ9.EYJ0B2TLBL90EXBLIJOICMVMCMVZACISIMV4CCI6MTC0MDGYNTGWNIWIAWF0IJOXNZQWNZM5NDA2LCJQDGKIOIJLM2U5NJBKZMNKMME0OWI1OTAZMDVMNDE2YTLMNME1YSISINVZZXJFAWQIOJF9.YEKBXMEZWQ5NY7JCKNYDL5U3XQCZAWHHKVG8MYHTU5C','2025-02-28 10:43:26.426529','2025-03-01 10:43:26.000000',1,'E3E960DFCD2A49B590305F416A9F6A5A'),(1166,'EYJHBGCIOIJIUZI1NIISINR5CCI6IKPXVCJ9.EYJ0B2TLBL90EXBLIJOIC2XPZGLUZYISIMV4CCI6MTC0MDC0MZAXNCWIAWF0IJOXNZQWNZM5NDE0LCJQDGKIOII1MWUWZTUWYWJIYTK0ZMNJYTJKMTAZMTA5YMEYNJKXOCISINJLZNJLC2HFZXHWIJOXNZQWODI1ODE0LCJ1C2VYX2LKIJOXFQ.IGCKTFH_5YC3TNRZE-NXPJ007R3MAOZL6BKSHEKAZJE','2025-02-28 10:43:34.752024','2025-02-28 11:43:34.000000',1,'51E0E50ABBA94FCCA2D103109BA26918'),(1167,'EYJHBGCIOIJIUZI1NIISINR5CCI6IKPXVCJ9.EYJ0B2TLBL90EXBLIJOICMVMCMVZACISIMV4CCI6MTC0MDGYNJMYOSWIAWF0IJOXNZQWNZM5OTI5LCJQDGKIOIJIN2FMYTGZOGU3ODY0YZVIYMRLOGQ2ZTI3OTKWNJZLMCISINVZZXJFAWQIOJF9.FWZ1DEKTVUEJBWNBFWL3AHQ2-Q6NU7CVG4VB8C1DZ3I','2025-02-28 10:52:09.585640','2025-03-01 10:52:09.000000',1,'B7AFA838E7864C5BBDE8D6E2799066E0'),(1168,'EYJHBGCIOIJIUZI1NIISINR5CCI6IKPXVCJ9.EYJ0B2TLBL90EXBLIJOIC2XPZGLUZYISIMV4CCI6MTC0MDC0MZUZMSWIAWF0IJOXNZQWNZM5OTMXLCJQDGKIOII1NDFKNWM1YZBIODA0ZMZJYTDJNWI3YMEXNZNLYWNKOSISINJLZNJLC2HFZXHWIJOXNZQWODI2MZMXLCJ1C2VYX2LKIJOXFQ.X2EGHM6FJ_DW6W3FVHRDHY-IA9R3L6VK1QMKV7BT9LE','2025-02-28 10:52:11.540786','2025-02-28 11:52:11.000000',1,'541D5C5C0B804FFCA7C5B7BA173EACD9'),(1169,'EYJHBGCIOIJIUZI1NIISINR5CCI6IKPXVCJ9.EYJ0B2TLBL90EXBLIJOICMVMCMVZACISIMV4CCI6MTC0MDGZMTQ2NSWIAWF0IJOXNZQWNZQ1MDY1LCJQDGKIOIIWMDBMNDQYZTFKODM0OTM3OWE1NZDMMMQ4OTK5MMU4NCISINVZZXJFAWQIOJF9.7FLS-YMRWVCOPAA_X-JUM81KATPAFH6QMPBHYIU2ATM','2025-02-28 12:17:45.876744','2025-03-01 12:17:45.000000',1,'000F442E1D8349379A577F2D89992E84'),(1170,'EYJHBGCIOIJIUZI1NIISINR5CCI6IKPXVCJ9.EYJ0B2TLBL90EXBLIJOIC2XPZGLUZYISIMV4CCI6MTC0MDC0ODY3MCWIAWF0IJOXNZQWNZQ1MDCWLCJQDGKIOII0ODJINME3Y2NMOWY0YWE0ODUZYTCWZJA0NWU3ZJMXMCISINJLZNJLC2HFZXHWIJOXNZQWODMXNDCWLCJ1C2VYX2LKIJOXFQ.6_EAVHOC7SRBZ0IOX5B720PUYMIRYNCFA1-9DL6VK1K','2025-02-28 12:17:50.596996','2025-02-28 13:17:50.000000',1,'482B6A7CCF9F4AA4853A70F045E7F310'),(1171,'EYJHBGCIOIJIUZI1NIISINR5CCI6IKPXVCJ9.EYJ0B2TLBL90EXBLIJOICMVMCMVZACISIMV4CCI6MTC0MDGZMTU4OCWIAWF0IJOXNZQWNZQ1MTG4LCJQDGKIOIJINGMYMTG5ZJY5YJG0NJI4YJE3ZDJKNGQ0ODMXNZC2MIISINVZZXJFAWQIOJF9.LSPIBHMY1AZG1PM1QDKFPSMCCG-QFEN_IA2H1JWXVP4','2025-02-28 12:19:48.864602','2025-03-01 12:19:48.000000',1,'B4C2189F69B84628B17D2D4D48317762'),(1172,'EYJHBGCIOIJIUZI1NIISINR5CCI6IKPXVCJ9.EYJ0B2TLBL90EXBLIJOIC2XPZGLUZYISIMV4CCI6MTC0MDC0ODC5NCWIAWF0IJOXNZQWNZQ1MTK0LCJQDGKIOII4ZTNIZJI5ZDFLZTA0MZZHYWJHZGI4MTHIZTIZMJI0MYISINJLZNJLC2HFZXHWIJOXNZQWODMXNTK0LCJ1C2VYX2LKIJOXFQ.0WIIELSB0SDDEOS6GLFDDPLY8DHCNRNDK1FJCSOQD5M','2025-02-28 12:19:54.832075','2025-02-28 13:19:54.000000',1,'8E3BF29D1EE0436AABADB818BE232243'),(1173,'EYJHBGCIOIJIUZI1NIISINR5CCI6IKPXVCJ9.EYJ0B2TLBL90EXBLIJOICMVMCMVZACISIMV4CCI6MTC0MDG5MZIXNYWIAWF0IJOXNZQWODA2ODE3LCJQDGKIOIIXMZJJNJLLYMIYYTE0NTIXYJK0MWRLMTUYMMNMYTEXMYISINVZZXJFAWQIOJF9.XQGC4ZWBCWIDVGNCWJS7ZICPKHC1FNWD1QYYHOFXOVG','2025-03-01 05:26:57.183571','2025-03-02 05:26:57.000000',1,'132C69EBB2A14521B941DE1522CFA113'),(1174,'EYJHBGCIOIJIUZI1NIISINR5CCI6IKPXVCJ9.EYJ0B2TLBL90EXBLIJOIC2XPZGLUZYISIMV4CCI6MTC0MDGXMDQYNCWIAWF0IJOXNZQWODA2ODI0LCJQDGKIOII4NMI0ODNLYTDIMJC0ZGVKYJNHNJA4NDK5NZIYOGFLYYISINJLZNJLC2HFZXHWIJOXNZQWODKZMJI0LCJ1C2VYX2LKIJOXFQ.YD_YKOBAWTGFRQHDQ8PTJKQVFXNO3NHG4DBRCORGO8E','2025-03-01 05:27:04.658294','2025-03-01 06:27:04.000000',1,'86B483EA7B274DEDB3A6084997228AEC'),(1175,'EYJHBGCIOIJIUZI1NIISINR5CCI6IKPXVCJ9.EYJ0B2TLBL90EXBLIJOICMVMCMVZACISIMV4CCI6MTC0MDKWMTU5NYWIAWF0IJOXNZQWODE1MTK3LCJQDGKIOIIXMJNJOTE1NGUXNDM0MDVLYTG4MDUZMWU3MTIXZTYXMIISINVZZXJFAWQIOJF9.XBRFRXAIR_XAJNHCAOX7MCJWQU9LM-QTOJT5I35_YZO','2025-03-01 07:46:37.978680','2025-03-02 07:46:37.000000',1,'123C9154E143405EA880531E7121E612'),(1176,'EYJHBGCIOIJIUZI1NIISINR5CCI6IKPXVCJ9.EYJ0B2TLBL90EXBLIJOIC2XPZGLUZYISIMV4CCI6MTC0MDGXODGWMIWIAWF0IJOXNZQWODE1MJAYLCJQDGKIOII3ODY1YZQYMWMXYWQ0ODY4YJK1OTLJMWJKYWFIMJK2ZIISINJLZNJLC2HFZXHWIJOXNZQWOTAXNJAYLCJ1C2VYX2LKIJOXFQ.ED7Q8QIJSCZNLOXEULHEBDQTSTB57S4F6ZHUUL6KYJW','2025-03-01 07:46:42.133499','2025-03-01 08:46:42.000000',1,'7865C421C1AD4868B9599C1BDAAB296F'),(1177,'EYJHBGCIOIJIUZI1NIISINR5CCI6IKPXVCJ9.EYJ0B2TLBL90EXBLIJOICMVMCMVZACISIMV4CCI6MTC0MDKXMTE1MSWIAWF0IJOXNZQWODI0NZUXLCJQDGKIOII3MZNMZGJLYTBLOWQ0NMIXOGQ2MWU3YTA2ZWNHMMYZNCISINVZZXJFAWQIOJF9.9EGNOVCCDDUXB3ANBEFUURUTHHDCR64NINNTWYWYFMO','2025-03-01 10:25:51.152742','2025-03-02 10:25:51.000000',1,'733FDBEA0E9D46B18D61E7A06ECA2F34'),(1178,'EYJHBGCIOIJIUZI1NIISINR5CCI6IKPXVCJ9.EYJ0B2TLBL90EXBLIJOIC2XPZGLUZYISIMV4CCI6MTC0MDGYODM1NSWIAWF0IJOXNZQWODI0NZU1LCJQDGKIOIIZNDMWNTKZOTVMMWQ0OWNKYJVHZTLKZDZJMDU1MDLKZCISINJLZNJLC2HFZXHWIJOXNZQWOTEXMTU1LCJ1C2VYX2LKIJOXFQ._-C267YVUTR4GPOZTM51OIZ31P_P8QUI_L0UA3MLEIU','2025-03-01 10:25:55.126372','2025-03-01 11:25:55.000000',1,'343059395F1D49CDB5AE9DD6C05509DD'),(1179,'EYJHBGCIOIJIUZI1NIISINR5CCI6IKPXVCJ9.EYJ0B2TLBL90EXBLIJOICMVMCMVZACISIMV4CCI6MTC0MDKXNTCYOCWIAWF0IJOXNZQWODI5MZI4LCJQDGKIOIJHZMEWZMEZNTBINJQ0MGYZYJBKOGQ1ZGU4ZTQ5MZHHYYISINVZZXJFAWQIOJF9.K6WMXKW5LGGFQBKIEG2W4X8IDHLHPGGT645FMZ-OM3W','2025-03-01 11:42:08.280362','2025-03-02 11:42:08.000000',1,'AFA0FA350B6440F3B0D8D5DE8E4938AC'),(1180,'EYJHBGCIOIJIUZI1NIISINR5CCI6IKPXVCJ9.EYJ0B2TLBL90EXBLIJOICMVMCMVZACISIMV4CCI6MTC0MDKXODI4MCWIAWF0IJOXNZQWODMXODGWLCJQDGKIOII3ZWM4ZJM0NWM3ZJU0NZE2YWQWOTJKZJK1N2IYM2NIMCISINVZZXJFAWQIOJF9.7XESNZSMH5GFW4FMZL3UZOW9PX4_H8LFYSPD4SK6NQK','2025-03-01 12:24:40.141605','2025-03-02 12:24:40.000000',1,'7EC8F345C7F54716AD092DF957B23CB0'),(1181,'EYJHBGCIOIJIUZI1NIISINR5CCI6IKPXVCJ9.EYJ0B2TLBL90EXBLIJOIC2XPZGLUZYISIMV4CCI6MTC0MDGZNTQ5MIWIAWF0IJOXNZQWODMXODKYLCJQDGKIOIJHN2FKMTA0NDY0NJE0ZTE3YJG1NTY5ZDA1OTHJYMRMYYISINJLZNJLC2HFZXHWIJOXNZQWOTE4MJKYLCJ1C2VYX2LKIJOXFQ.O-D9LH0F9TNRKDZ43Z-RATFZCDX7DMETRUQLVWNLGZI','2025-03-01 12:24:52.225389','2025-03-01 13:24:52.000000',1,'A7AD104464614E17B85569D0598CBDFC'),(1182,'EYJHBGCIOIJIUZI1NIISINR5CCI6IKPXVCJ9.EYJ0B2TLBL90EXBLIJOICMVMCMVZACISIMV4CCI6MTC0MDKXODUWOSWIAWF0IJOXNZQWODMYMTA5LCJQDGKIOIJMODC1MDGYMDI5ZDI0NJVJYWQZMME4N2UWMZAZMTIZNYISINVZZXJFAWQIOJF9.ZLUBAQR0EA-18BXAKD_1XOHOI3BCQCDUKGJH1BEMY18','2025-03-01 12:28:29.089926','2025-03-02 12:28:29.000000',1,'F875082029D2465CAD32A87E03031237'),(1183,'EYJHBGCIOIJIUZI1NIISINR5CCI6IKPXVCJ9.EYJ0B2TLBL90EXBLIJOIC2XPZGLUZYISIMV4CCI6MTC0MDGZNTCXMYWIAWF0IJOXNZQWODMYMTEZLCJQDGKIOII5ZDA2MDUXNJGYMDI0ZJU5OTG0NTG3NWI2M2RLNJRMNCISINJLZNJLC2HFZXHWIJOXNZQWOTE4NTEZLCJ1C2VYX2LKIJOXFQ.ZNUKDY8RTQ_SAZDI0298F1D2R4WHAKOYLLADOQ_TN5W','2025-03-01 12:28:33.035833','2025-03-01 13:28:33.000000',1,'9D06051682024F599845875B63DE64F4'),(1184,'EYJHBGCIOIJIUZI1NIISINR5CCI6IKPXVCJ9.EYJ0B2TLBL90EXBLIJOIC2XPZGLUZYISIMV4CCI6MTC0MDGZOTAXNIWIAWF0IJOXNZQWODM1NDE2LCJQDGKIOIJIMWNLMTVJMJMXY2Q0YTE1ODLKOWVHYMI1OTNINZG3ZIISINJLZNJLC2HFZXHWIJOXNZQWOTIXODE2LCJ1C2VYX2LKIJOXFQ.J0-CL5N74GO3OQXVBPJ6JDUYZKVX55RFAS3ANKYREOS','2025-03-01 13:23:36.499454','2025-03-01 14:23:36.000000',1,'B1CE15C231CD4A1589D9EABB593B787F'),(1185,'EYJHBGCIOIJIUZI1NIISINR5CCI6IKPXVCJ9.EYJ0B2TLBL90EXBLIJOIC2XPZGLUZYISIMV4CCI6MTC0MDG0MJM3MSWIAWF0IJOXNZQWODM4NZCXLCJQDGKIOII5YJRIMWNLNDRLNZM0OTBHYJG5MWQ5MZUYYMRMMWEWMCISINJLZNJLC2HFZXHWIJOXNZQWOTI1MTCXLCJ1C2VYX2LKIJOXFQ.3NVTWNPBG0FNI6SSOICQJL3EUUSFI1PZBT4SZCX8PH4','2025-03-01 14:19:31.479733','2025-03-01 15:19:31.000000',1,'9B4B1CE44E73490AB891D9352BDF1A00'),(1186,'EYJHBGCIOIJIUZI1NIISINR5CCI6IKPXVCJ9.EYJ0B2TLBL90EXBLIJOICMVMCMVZACISIMV4CCI6MTC0MDK4MTQ0MYWIAWF0IJOXNZQWODK1MDQZLCJQDGKIOIIZZDGWZTEWNTQ4NJU0ZWRKYWJLYZAYZTEYNTY0NMYXOSISINVZZXJFAWQIOJF9.OUORCPPM2SE2JJBZBMCOMPQC32BQOPCBREHSPKP0UZC','2025-03-02 05:57:23.272489','2025-03-03 05:57:23.000000',1,'3D80E10548654EDDABEC02E125646F19'),(1187,'EYJHBGCIOIJIUZI1NIISINR5CCI6IKPXVCJ9.EYJ0B2TLBL90EXBLIJOIC2XPZGLUZYISIMV4CCI6MTC0MDG5ODY0NYWIAWF0IJOXNZQWODK1MDQ3LCJQDGKIOII5MTKWZTA5OTZKZDQ0ODA0ODZLMMIWYJG1MGZHZDRIMIISINJLZNJLC2HFZXHWIJOXNZQWOTGXNDQ3LCJ1C2VYX2LKIJOXFQ.RARRMP_LFDNEDTRUTMMZT20HBIJYNSTYVG-JKL7O6JU','2025-03-02 05:57:27.422971','2025-03-02 06:57:27.000000',1,'9190E0996DD4480486E2B0B850FAD4B2'),(1188,'EYJHBGCIOIJIUZI1NIISINR5CCI6IKPXVCJ9.EYJ0B2TLBL90EXBLIJOICMVMCMVZACISIMV4CCI6MTC0MDK4OTKWNCWIAWF0IJOXNZQWOTAZNTA0LCJQDGKIOIJJZGY3ODQ5NGU2NWI0MZM2OGYZNZMZMMQZYZQWN2MZZIISINVZZXJFAWQIOJF9.ZKVNKC3V3SJMPEQII4AB6CWZB6CS2JYOP6AM1MI0ABQ','2025-03-02 08:18:24.818166','2025-03-03 08:18:24.000000',1,'CDF78494E65B43368F37332D3C407C3F'),(1189,'EYJHBGCIOIJIUZI1NIISINR5CCI6IKPXVCJ9.EYJ0B2TLBL90EXBLIJOIC2XPZGLUZYISIMV4CCI6MTC0MDKWNZEWNIWIAWF0IJOXNZQWOTAZNTA2LCJQDGKIOII5ZDMXZMNKNDK3MWU0ZWZKYWE0MZK2MZI3MGMXMTK2YYISINJLZNJLC2HFZXHWIJOXNZQWOTG5OTA2LCJ1C2VYX2LKIJOXFQ.88UEJZV9TJFHMYYAEDGILSV_DYLKZ0GGS1ZZE3D3RKA','2025-03-02 08:18:26.616265','2025-03-02 09:18:26.000000',1,'9D31FCD4971E4EFDAA43963270C1196C'),(1190,'EYJHBGCIOIJIUZI1NIISINR5CCI6IKPXVCJ9.EYJ0B2TLBL90EXBLIJOICMVMCMVZACISIMV4CCI6MTC0MTAWMJU2MIWIAWF0IJOXNZQWOTE2MTYYLCJQDGKIOII3MDQYM2UXZJBKOWI0ODC1YTUXNWVLN2UWMDA4MWEZYYISINVZZXJFAWQIOJF9.QKGT3OXQPKQAO_SLVB_X9RYDVJERBLGMHLJVUNZMJIE','2025-03-02 11:49:22.692925','2025-03-03 11:49:22.000000',1,'70423E1F0D9B4875A515EE7E00081A3C'),(1191,'EYJHBGCIOIJIUZI1NIISINR5CCI6IKPXVCJ9.EYJ0B2TLBL90EXBLIJOIC2XPZGLUZYISIMV4CCI6MTC0MDKXOTC2NIWIAWF0IJOXNZQWOTE2MTY2LCJQDGKIOIIYMJDMMWU1ZMZLMDG0NZNHYMJMOGFKMZUYMJM1MJHHMSISINJLZNJLC2HFZXHWIJOXNZQXMDAYNTY2LCJ1C2VYX2LKIJOXFQ.XMTVVPDLGPS1MX0ZDI7STIHPISPNP7HKNXXIIM3WKG8','2025-03-02 11:49:26.878379','2025-03-02 12:49:26.000000',1,'227F1E5FFE08473ABBF8AD35223528A1'),(1192,'EYJHBGCIOIJIUZI1NIISINR5CCI6IKPXVCJ9.EYJ0B2TLBL90EXBLIJOICMVMCMVZACISIMV4CCI6MTC0MTA3MJY3MIWIAWF0IJOXNZQWOTG2MJCYLCJQDGKIOII2OTY2NGM1NJDIOGQ0ODUYYTVJOWEXZTMZMTLLYTBJYYISINVZZXJFAWQIOJF9.IJANV418PJMP7HCPFNQWW2EMUNSHG9TKJNZO5V6COGU','2025-03-03 07:17:52.540535','2025-03-04 07:17:52.000000',1,'69664C567B8D4852A5C9A1E3319EA0CC'),(1193,'EYJHBGCIOIJIUZI1NIISINR5CCI6IKPXVCJ9.EYJ0B2TLBL90EXBLIJOIC2XPZGLUZYISIMV4CCI6MTC0MDK4OTG3NSWIAWF0IJOXNZQWOTG2MJC1LCJQDGKIOII1OWYXMMMXZMQ3ODC0YZNMODAYNTZLNTIXMZC1YZUZNYISINJLZNJLC2HFZXHWIJOXNZQXMDCYNJC1LCJ1C2VYX2LKIJOXFQ.W95FTRANWGRLOU0PNJIOTU_U5PVFSVPYV8QUUWXZ7P0','2025-03-03 07:17:55.832735','2025-03-03 08:17:55.000000',1,'59F12C1FD7874C3F80256E521375C537'),(1194,'EYJHBGCIOIJIUZI1NIISINR5CCI6IKPXVCJ9.EYJ0B2TLBL90EXBLIJOICMVMCMVZACISIMV4CCI6MTC0MTA3ODE3OCWIAWF0IJOXNZQWOTKXNZC4LCJQDGKIOII3YTU5YZM1NDNMODI0ZTGZOTE4MWQ2NDY1Y2QXMDYYOSISINVZZXJFAWQIOJF9.0AMSMBDKLCVCMEXD-ZFYY7-9I6XQJD96B-0F0PWGTVK','2025-03-03 08:49:38.561977','2025-03-04 08:49:38.000000',1,'7A59C3543F824E839181D6465CD10629'),(1195,'EYJHBGCIOIJIUZI1NIISINR5CCI6IKPXVCJ9.EYJ0B2TLBL90EXBLIJOIC2XPZGLUZYISIMV4CCI6MTC0MDK5NTM4MCWIAWF0IJOXNZQWOTKXNZGWLCJQDGKIOII5YTM3NMIYODIYMZA0YTK0YTMZYZY0M2RKODJHNMY5MIISINJLZNJLC2HFZXHWIJOXNZQXMDC4MTGWLCJ1C2VYX2LKIJOXFQ.UFHX9JJXPUSQUPZQTWFZH2EG3OPSNKQGU-DIPRDTU40','2025-03-03 08:49:40.894485','2025-03-03 09:49:40.000000',1,'9A376B2822304A94A33C643DD82A6F92'),(1196,'EYJHBGCIOIJIUZI1NIISINR5CCI6IKPXVCJ9.EYJ0B2TLBL90EXBLIJOICMVMCMVZACISIMV4CCI6MTC0MTA3OTUYOCWIAWF0IJOXNZQWOTKZMTI4LCJQDGKIOIIXOTEYZWEXNMU1N2M0MWFKYWI0NMU4NDI3NZKYZJLHNCISINVZZXJFAWQIOJF9.7QOUDFTDGBDSFBJRA69C3TGMA1LQXEEMHKSAK-6QTV4','2025-03-03 09:12:08.260152','2025-03-04 09:12:08.000000',1,'1912EA16E57C41ADAB46E8427792F9A4'),(1197,'EYJHBGCIOIJIUZI1NIISINR5CCI6IKPXVCJ9.EYJ0B2TLBL90EXBLIJOIC2XPZGLUZYISIMV4CCI6MTC0MDK5NJCZMIWIAWF0IJOXNZQWOTKZMTMYLCJQDGKIOIIZNZC3ZGZIMWVHNJU0NMFKYWE4Y2NIZJBKNZFIOWY2MYISINJLZNJLC2HFZXHWIJOXNZQXMDC5NTMYLCJ1C2VYX2LKIJOXFQ.EOWJ8AV5JRWMLLGHBBRXY9RURQTWUVU_Q9LM3IO5QAM','2025-03-03 09:12:12.629719','2025-03-03 10:12:12.000000',1,'3777DFB1EA6546ADAA8CCBF0D71B9F63'),(1198,'EYJHBGCIOIJIUZI1NIISINR5CCI6IKPXVCJ9.EYJ0B2TLBL90EXBLIJOICMVMCMVZACISIMV4CCI6MTC0MTA3OTU3OCWIAWF0IJOXNZQWOTKZMTC4LCJQDGKIOIJJNWYWMJYYZJCYYJU0YMU3YJM5NWMZYMI5ZDE5MTG2YYISINVZZXJFAWQIOJF9.YDWAYPJGYS2FSY3ARD2VPYHSBVNTT_Q4RZIBBCGB_VS','2025-03-03 09:12:58.318387','2025-03-04 09:12:58.000000',1,'C5F0262F72B54BE7B395C3BB9D19186C'),(1199,'EYJHBGCIOIJIUZI1NIISINR5CCI6IKPXVCJ9.EYJ0B2TLBL90EXBLIJOIC2XPZGLUZYISIMV4CCI6MTC0MDK5NJC3OSWIAWF0IJOXNZQWOTKZMTC5LCJQDGKIOII4ZWFLZGE3MZHJMMU0MMI2OTJLYWNKNME2ODUYY2YZZSISINJLZNJLC2HFZXHWIJOXNZQXMDC5NTC5LCJ1C2VYX2LKIJOXFQ.Z_ZGAP1G0EANLXKMV-IQA1MVRNWX1JGKZO4FDUOVOJA','2025-03-03 09:12:59.938696','2025-03-03 10:12:59.000000',1,'8EAEDA738C2E42B692EACD6A6852CF3E'),(1200,'EYJHBGCIOIJIUZI1NIISINR5CCI6IKPXVCJ9.EYJ0B2TLBL90EXBLIJOICMVMCMVZACISIMV4CCI6MTC0MTA4OTI2MCWIAWF0IJOXNZQXMDAYODYWLCJQDGKIOII1ZDIYMME4OGQYZDM0MWU3YTQZODBKNGY2M2Q3NGNLMSISINVZZXJFAWQIOJF9.MB_ZGAJHY_XIBTXNIK-DMTL22RW5QEETUDJ38HJ8TOG','2025-03-03 11:54:20.318748','2025-03-04 11:54:20.000000',1,'5D222A88D2D341E7A4380D4F63D74CE1'),(1201,'EYJHBGCIOIJIUZI1NIISINR5CCI6IKPXVCJ9.EYJ0B2TLBL90EXBLIJOIC2XPZGLUZYISIMV4CCI6MTC0MTAWNJQ2MYWIAWF0IJOXNZQXMDAYODYZLCJQDGKIOIJHNTHLNTY3ZTK3MJQ0OWNKYJQ0NTDMNTC1MJJKZGY2MCISINJLZNJLC2HFZXHWIJOXNZQXMDG5MJYZLCJ1C2VYX2LKIJOXFQ.RM6XCPEHJYAMMZGJR1FXNI-WRO2LW3143TWVZY-QRPQ','2025-03-03 11:54:23.341908','2025-03-03 12:54:23.000000',1,'A58E567E972449CDB4457F57522DDF60'),(1202,'EYJHBGCIOIJIUZI1NIISINR5CCI6IKPXVCJ9.EYJ0B2TLBL90EXBLIJOICMVMCMVZACISIMV4CCI6MTC0MTA4OTM1NIWIAWF0IJOXNZQXMDAYOTU2LCJQDGKIOIJJYZJLZJI1ZTZLM2Q0NGQXOTU1OWYYYZQXYWMYYMNHMIISINVZZXJFAWQIOJF9.9WPPAMN74XFSY5PKZXTMVUYI3CM7CSBGMJYBZXQHIC0','2025-03-03 11:55:56.387042','2025-03-04 11:55:56.000000',1,'CC2EF25E6E3D44D19559F2C41AC2BCA2'),(1203,'EYJHBGCIOIJIUZI1NIISINR5CCI6IKPXVCJ9.EYJ0B2TLBL90EXBLIJOIC2XPZGLUZYISIMV4CCI6MTC0MTAWNJU2MCWIAWF0IJOXNZQXMDAYOTYWLCJQDGKIOIIYYWRLNJUYZMFLYWI0M2Q0OTQ5YJRIZWEWN2E1ZJK2NIISINJLZNJLC2HFZXHWIJOXNZQXMDG5MZYWLCJ1C2VYX2LKIJOXFQ.LJ9BE6DHFGMMSLD8ECG7C4YSDZOIBKTDJCDIJPEYRCO','2025-03-03 11:56:00.747248','2025-03-03 12:56:00.000000',1,'2ADE652FAEAB43D4949B4BEA07A5F966'),(1204,'EYJHBGCIOIJIUZI1NIISINR5CCI6IKPXVCJ9.EYJ0B2TLBL90EXBLIJOICMVMCMVZACISIMV4CCI6MTC0MTA4OTG1MIWIAWF0IJOXNZQXMDAZNDUYLCJQDGKIOII0MTZJNMJIZWM5ZDQ0OWRHYMNLNJZJYMYXNJY0NDJMYSISINVZZXJFAWQIOJF9.GZJ3FH6GBTHXAZML4ICQZIEL-W_CTVALMYSW80NB1WA','2025-03-03 12:04:12.347227','2025-03-04 12:04:12.000000',1,'416C6BBEC9D449DABCE66CBF166442FA'),(1205,'EYJHBGCIOIJIUZI1NIISINR5CCI6IKPXVCJ9.EYJ0B2TLBL90EXBLIJOIC2XPZGLUZYISIMV4CCI6MTC0MTAWNZA1NCWIAWF0IJOXNZQXMDAZNDU0LCJQDGKIOII1MJK0ZWY4OTDHMDE0M2M4YJE0NTI1MGZKOGFKYWJLZIISINJLZNJLC2HFZXHWIJOXNZQXMDG5ODU0LCJ1C2VYX2LKIJOXFQ.2D88EI4XSWL93EUSIK2NHXU5U4QUVCWODZHBZA5QZHM','2025-03-03 12:04:14.870393','2025-03-03 13:04:14.000000',1,'5294EF897A0143C8B145250FD8ADABEF'),(1206,'EYJHBGCIOIJIUZI1NIISINR5CCI6IKPXVCJ9.EYJ0B2TLBL90EXBLIJOICMVMCMVZACISIMV4CCI6MTC0MTA5MTUWNSWIAWF0IJOXNZQXMDA1MTA1LCJQDGKIOIJMNTMWMJZJMZVKMTU0NTYYYTC0NWM3ZJFKNWQZYJC3ZCISINVZZXJFAWQIOJF9.OVV3W9GXXXE818UASFATE13KM3NDWN2UE9CDVXL56U8','2025-03-03 12:31:45.923254','2025-03-04 12:31:45.000000',1,'F53026C35D154562A745C7F1D5D3B77D'),(1207,'EYJHBGCIOIJIUZI1NIISINR5CCI6IKPXVCJ9.EYJ0B2TLBL90EXBLIJOIC2XPZGLUZYISIMV4CCI6MTC0MTAWODCXMSWIAWF0IJOXNZQXMDA1MTEXLCJQDGKIOIIXYJFJOGY5MJLJNZG0OWQWOGRHMTU0NWM4NMFLMTY3ZSISINJLZNJLC2HFZXHWIJOXNZQXMDKXNTEXLCJ1C2VYX2LKIJOXFQ.KNYIWDOLBTWFYNDHFFXHUJ1-1DFWLFVM6FXJ1K8P23I','2025-03-03 12:31:51.932350','2025-03-03 13:31:51.000000',1,'1B1C8F929C7849D08DA1545C86AE167E'),(1208,'EYJHBGCIOIJIUZI1NIISINR5CCI6IKPXVCJ9.EYJ0B2TLBL90EXBLIJOICMVMCMVZACISIMV4CCI6MTC0MTEWMDE3MYWIAWF0IJOXNZQXMDEZNZCZLCJQDGKIOII5YMUXNZJIZGI2NDU0YZBMYJQXYTRLMMJHOTA0YJYYYSISINVZZXJFAWQIOJF9.SR7TTAA3XSPEEITGKUJKRVY58RQCSGTU7KH3_0U2UI0','2025-03-03 14:56:13.589379','2025-03-04 14:56:13.000000',1,'9BE172BDB6454C0FB41A4E2BA904B62A'),(1209,'EYJHBGCIOIJIUZI1NIISINR5CCI6IKPXVCJ9.EYJ0B2TLBL90EXBLIJOIC2XPZGLUZYISIMV4CCI6MTC0MTAXNZM5OCWIAWF0IJOXNZQXMDEZNZK4LCJQDGKIOIIXY2VMN2U1NTCWNWY0ZJE3YWMYYZE2M2UWYTY0OTA0MYISINJLZNJLC2HFZXHWIJOXNZQXMTAWMTK4LCJ1C2VYX2LKIJOXFQ.MR6EQBULOGL937_JP2GX0W2ALLIAT7LM1PJTUDPZ6D4','2025-03-03 14:56:38.345632','2025-03-03 15:56:38.000000',1,'1CEF7E55705F4F17AC2C163E0A649043'),(1210,'EYJHBGCIOIJIUZI1NIISINR5CCI6IKPXVCJ9.EYJ0B2TLBL90EXBLIJOICMVMCMVZACISIMV4CCI6MTC0MTEWMTQXNSWIAWF0IJOXNZQXMDE1MDE1LCJQDGKIOII2YZA0NJVHNTY2OGY0NZEYOWM0MGZMYJC5ZTFLMTZMNIISINVZZXJFAWQIOJF9.MRYZFAMH82TRXUIXQ-UEUCSKGSATGMI55CYNN1EPAFS','2025-03-03 15:16:55.381800','2025-03-04 15:16:55.000000',1,'6C0465A5668F47129C40FFB79E1E16F6'),(1211,'EYJHBGCIOIJIUZI1NIISINR5CCI6IKPXVCJ9.EYJ0B2TLBL90EXBLIJOIC2XPZGLUZYISIMV4CCI6MTC0MTAXODYYMCWIAWF0IJOXNZQXMDE1MDIWLCJQDGKIOIJHYMFIZTUWMTBIMJI0YTBLOTJHMJIZZDA1NZU2YZNLNCISINJLZNJLC2HFZXHWIJOXNZQXMTAXNDIWLCJ1C2VYX2LKIJOXFQ.Y0VRQNMHUNOFSXKCN4_I59EUN556TFAZJBGN47WERBU','2025-03-03 15:17:00.888680','2025-03-03 16:17:00.000000',1,'ABABE5010B224A0E92A223D05756C3E4'),(1212,'EYJHBGCIOIJIUZI1NIISINR5CCI6IKPXVCJ9.EYJ0B2TLBL90EXBLIJOICMVMCMVZACISIMV4CCI6MTC0MTEWMTQ3NYWIAWF0IJOXNZQXMDE1MDC3LCJQDGKIOIJIYJUYNGIWYTFHYZU0YZVLYTDKMJFMZDBMOGRKN2ZLYIISINVZZXJFAWQIOJF9.TMR1WWYVADM4DXOPXYT12CJ64L4R2WK9WBKGRWSMJZE','2025-03-03 15:17:57.721000','2025-03-04 15:17:57.000000',1,'BB524B0A1AC54C5EA7D21FD0F8DD7FEB'),(1213,'EYJHBGCIOIJIUZI1NIISINR5CCI6IKPXVCJ9.EYJ0B2TLBL90EXBLIJOIC2XPZGLUZYISIMV4CCI6MTC0MTAXODY4MSWIAWF0IJOXNZQXMDE1MDGXLCJQDGKIOIIZNZAYNWM2NMM2MMI0NJG4YJDIYTC4NDGWMDZJZTFHMSISINJLZNJLC2HFZXHWIJOXNZQXMTAXNDGXLCJ1C2VYX2LKIJOXFQ.JBDG_UZ807NAGTSPYF2NBPMKYXVJQJNZ9LIBOWRNSKM','2025-03-03 15:18:01.915101','2025-03-03 16:18:01.000000',1,'37025C66C62B4688B7BA7848006CE1A1'),(1214,'EYJHBGCIOIJIUZI1NIISINR5CCI6IKPXVCJ9.EYJ0B2TLBL90EXBLIJOICMVMCMVZACISIMV4CCI6MTC0MTEWMTG2MSWIAWF0IJOXNZQXMDE1NDYXLCJQDGKIOIIXNJE5ZDHINMQ1YZQ0NWVKOTM4ZTBLMJE3ODFMMTM4YIISINVZZXJFAWQIOJF9.NLRMM_TAQWZXMPEVSI5BOLDQJRXYU6KADEF4HFJSYA8','2025-03-03 15:24:21.598420','2025-03-04 15:24:21.000000',1,'1619D8B6D5C445ED938E0E21781F138B'),(1215,'EYJHBGCIOIJIUZI1NIISINR5CCI6IKPXVCJ9.EYJ0B2TLBL90EXBLIJOIC2XPZGLUZYISIMV4CCI6MTC0MTAXOTA3MCWIAWF0IJOXNZQXMDE1NDCWLCJQDGKIOIJJNZLMNDK5ZWY0MGQ0MWJIYWZHMDGXZMMXNDA5NJM1OCISINJLZNJLC2HFZXHWIJOXNZQXMTAXODCWLCJ1C2VYX2LKIJOXFQ.9LBCTIYO9CVG5JENFXQSJHFAC96KSLGQ7KJFI06ES7K','2025-03-03 15:24:30.548414','2025-03-03 16:24:30.000000',1,'C79F499EF40D41BBAFA081FC14096358'),(1216,'EYJHBGCIOIJIUZI1NIISINR5CCI6IKPXVCJ9.EYJ0B2TLBL90EXBLIJOICMVMCMVZACISIMV4CCI6MTC0MTEWOTG1OSWIAWF0IJOXNZQXMDIZNDU5LCJQDGKIOIJJOTMYMGMYMTE2MGE0YWNIOWVJMMJMYZYYMDJKYZK0NYISINVZZXJFAWQIOJF9.WCVQ-UUJWWEX7QRJ-VNZH2HMNTC85TK9CM55ALF5LT8','2025-03-03 17:37:39.878945','2025-03-04 17:37:39.000000',1,'C9320C21160A4ACB9EC2BFC6202DC947'),(1217,'EYJHBGCIOIJIUZI1NIISINR5CCI6IKPXVCJ9.EYJ0B2TLBL90EXBLIJOIC2XPZGLUZYISIMV4CCI6MTC0MTAYNZA2MYWIAWF0IJOXNZQXMDIZNDYZLCJQDGKIOII3ZMQ4MJJLNGUXYWY0NWZLYJNLYMQZNDUZZTMXMTDJMIISINJLZNJLC2HFZXHWIJOXNZQXMTA5ODYZLCJ1C2VYX2LKIJOXFQ.LT5J_3SXJB0-P22ZR-JRTYIWWX1FYZYA_T5HNC1SPNM','2025-03-03 17:37:43.072204','2025-03-03 18:37:43.000000',1,'7FD822E4E1AF45FEB3EBD3453E3117C2'),(1218,'EYJHBGCIOIJIUZI1NIISINR5CCI6IKPXVCJ9.EYJ0B2TLBL90EXBLIJOICMVMCMVZACISIMV4CCI6MTC0MTEXMDM2MIWIAWF0IJOXNZQXMDIZOTYYLCJQDGKIOII5N2VMYTYWNZHIN2M0MTVIYJQXZGQYZDK3YTQ2ZMNIYYISINVZZXJFAWQIOJF9.N0N-7NSLX1YDWBLBKLITYEVKWW0KY-YOTJXHQAGF8FS','2025-03-03 17:46:02.196409','2025-03-04 17:46:02.000000',1,'97EFA6078B7C415BB41DD2D97A46FCBC'),(1219,'EYJHBGCIOIJIUZI1NIISINR5CCI6IKPXVCJ9.EYJ0B2TLBL90EXBLIJOIC2XPZGLUZYISIMV4CCI6MTC0MTAYNZU2OCWIAWF0IJOXNZQXMDIZOTY4LCJQDGKIOIJJNGIWZGI1NJBHMZU0NWFIOTFMYMEWNJZLMTMWODRLMSISINJLZNJLC2HFZXHWIJOXNZQXMTEWMZY4LCJ1C2VYX2LKIJOXFQ.QDU-2EYJ8FZIQ-WOZXHTR2PEDHI39NSIADMOPLNJXAY','2025-03-03 17:46:08.121892','2025-03-03 18:46:08.000000',1,'C4B0DB560A3545AB91FBA066E13084E1'),(1220,'EYJHBGCIOIJIUZI1NIISINR5CCI6IKPXVCJ9.EYJ0B2TLBL90EXBLIJOICMVMCMVZACISIMV4CCI6MTC0MTE1MJE3OSWIAWF0IJOXNZQXMDY1NZC5LCJQDGKIOIJKZGFINJI4YTHKZMQ0OWUXYJRIZGQWNZC0ZGQ3NMUYYYISINVZZXJFAWQIOJF9.ANLEDK3QPIZ4XV_XOZP6GIPXKEHY40JIIU58A7FLBVY','2025-03-04 05:22:59.075914','2025-03-05 05:22:59.000000',1,'DDAB628A8DFD49E1B4BDD0774DD76E2C'),(1221,'EYJHBGCIOIJIUZI1NIISINR5CCI6IKPXVCJ9.EYJ0B2TLBL90EXBLIJOIC2XPZGLUZYISIMV4CCI6MTC0MTA2OTM4MYWIAWF0IJOXNZQXMDY1NZGZLCJQDGKIOIJLYWE2NGVJYJGWNJI0ZJCXYWY4NJY5YWRHZMNKZGEXOCISINJLZNJLC2HFZXHWIJOXNZQXMTUYMTGZLCJ1C2VYX2LKIJOXFQ.0DOBGPZAG8AC15UDEG9XXTMKBZQTNAGAJAAT0TWBZNM','2025-03-04 05:23:03.728718','2025-03-04 06:23:03.000000',1,'EAA64ECB80624F71AF8669ADAFCDDA18'),(1222,'EYJHBGCIOIJIUZI1NIISINR5CCI6IKPXVCJ9.EYJ0B2TLBL90EXBLIJOICMVMCMVZACISIMV4CCI6MTC0MTE1MZA5MSWIAWF0IJOXNZQXMDY2NJKXLCJQDGKIOII0MZLKYJRJMGY1OTY0YTFKODK4ZJRIMTYWYZJJODQXYSISINVZZXJFAWQIOJF9.KJZSAADULYFTKLAPXIBGC33FCD1VDPVAEBB9H20ONFS','2025-03-04 05:38:11.395901','2025-03-05 05:38:11.000000',1,'439DB4C0F5964A1D898F4B160C2C841A'),(1223,'EYJHBGCIOIJIUZI1NIISINR5CCI6IKPXVCJ9.EYJ0B2TLBL90EXBLIJOIC2XPZGLUZYISIMV4CCI6MTC0MTA3MDI5NSWIAWF0IJOXNZQXMDY2NJK1LCJQDGKIOIJHODU3YJA1ZMVJZTC0YTC5YMZLZJLKZTAZZDE5YMZJOSISINJLZNJLC2HFZXHWIJOXNZQXMTUZMDK1LCJ1C2VYX2LKIJOXFQ.IJWJM-QZ-GF4MQXFIUQLH4B7OJOPYIWB7QEYORL_ABS','2025-03-04 05:38:15.148974','2025-03-04 06:38:15.000000',1,'A857B05FECE74A79BFEF9DE03D19BFC9'),(1224,'EYJHBGCIOIJIUZI1NIISINR5CCI6IKPXVCJ9.EYJ0B2TLBL90EXBLIJOICMVMCMVZACISIMV4CCI6MTC0MTE1NTQ0OSWIAWF0IJOXNZQXMDY5MDQ5LCJQDGKIOII4YTJJZTFKMZU3NTA0ZMJKOGVMOWJHMGE1OTI5YJYYMSISINVZZXJFAWQIOJF9.Y6IXQOIX7UJXNHVUEA0ZBIBFSBQABBJNZXQIEHSNFM0','2025-03-04 06:17:29.489751','2025-03-05 06:17:29.000000',1,'8A2CE1D357504FBD8EF9BA0A5929B621'),(1225,'EYJHBGCIOIJIUZI1NIISINR5CCI6IKPXVCJ9.EYJ0B2TLBL90EXBLIJOIC2XPZGLUZYISIMV4CCI6MTC0MTA3MJY1NSWIAWF0IJOXNZQXMDY5MDU1LCJQDGKIOIJMNTFLMGJLYJQ1ZJG0MZUYYWYWMDHINZHMNZRHZJVHMSISINJLZNJLC2HFZXHWIJOXNZQXMTU1NDU1LCJ1C2VYX2LKIJOXFQ.9GJAAV6DYAJ_I5B-32P92SWWEXLVPFTDL_V_-BQ3BGI','2025-03-04 06:17:35.149632','2025-03-04 07:17:35.000000',1,'F51E0BEB45F84352AF008B78F74AF5A1'),(1226,'EYJHBGCIOIJIUZI1NIISINR5CCI6IKPXVCJ9.EYJ0B2TLBL90EXBLIJOICMVMCMVZACISIMV4CCI6MTC0MTE1NJA2MYWIAWF0IJOXNZQXMDY5NJYZLCJQDGKIOII3ZGZHZWE0NJHLZJG0OWMZYJGZMDC5ZJKYMJRJMTYXMIISINVZZXJFAWQIOJF9.JNYEV6QCKRWLO6Y6PDVBVAYLVO-MPT4BJTCJK1I9ANE','2025-03-04 06:27:43.995784','2025-03-05 06:27:43.000000',1,'7DFAEA468EF849C3B83079F9224C1612'),(1227,'EYJHBGCIOIJIUZI1NIISINR5CCI6IKPXVCJ9.EYJ0B2TLBL90EXBLIJOIC2XPZGLUZYISIMV4CCI6MTC0MTA3MZI2OCWIAWF0IJOXNZQXMDY5NJY4LCJQDGKIOII2YTMXYZE3YTQZYJQ0NMYYOTYYOTUYZGRHOGE3MMUWNIISINJLZNJLC2HFZXHWIJOXNZQXMTU2MDY4LCJ1C2VYX2LKIJOXFQ._FODNZJF2-RJUPPUUAG7Z351LN0YTZJ4HY4XSV38IHQ','2025-03-04 06:27:48.930425','2025-03-04 07:27:48.000000',1,'6A31C17A43B446F2962952DDA8A72E06'),(1228,'EYJHBGCIOIJIUZI1NIISINR5CCI6IKPXVCJ9.EYJ0B2TLBL90EXBLIJOICMVMCMVZACISIMV4CCI6MTC0MTE1NJGZOSWIAWF0IJOXNZQXMDCWNDM5LCJQDGKIOIJJYWM0MMM5MTZHY2U0ZGI4OTRLNTM3YZE3NGQ0YTU1NSISINVZZXJFAWQIOJF9.9OXA0YWERDWZ0MHDUSK8JT4UKWMCYZQQL0XKQCVEZUW','2025-03-04 06:40:39.987919','2025-03-05 06:40:39.000000',1,'CAC42C916ACE4DB894E537C174D4A555'),(1229,'EYJHBGCIOIJIUZI1NIISINR5CCI6IKPXVCJ9.EYJ0B2TLBL90EXBLIJOIC2XPZGLUZYISIMV4CCI6MTC0MTA3NDA0MYWIAWF0IJOXNZQXMDCWNDQZLCJQDGKIOIJIMZI2ODZLYWM0NTA0NWE5YTQXOTJJOGVLMDHINDNIYSISINJLZNJLC2HFZXHWIJOXNZQXMTU2ODQZLCJ1C2VYX2LKIJOXFQ.ZVA1T_UIFQCAVEZ2IDMNMXUNHGY7-VXDCPEQ_L7CXF8','2025-03-04 06:40:43.977981','2025-03-04 07:40:43.000000',1,'B32686EAC45045A9A4192C8EE08B43BA'),(1230,'EYJHBGCIOIJIUZI1NIISINR5CCI6IKPXVCJ9.EYJ0B2TLBL90EXBLIJOICMVMCMVZACISIMV4CCI6MTC0MTE1NZI2MIWIAWF0IJOXNZQXMDCWODYYLCJQDGKIOIIZMJFJNZQZZMNMMZG0NMY0OGUWMDI3MWVHNWU2NZCWNIISINVZZXJFAWQIOJF9.KXMUA-DYHNFUBVE-O_XREUR5KHSVD4UTX7BZPTOMDYO','2025-03-04 06:47:42.498461','2025-03-05 06:47:42.000000',1,'321C743FCF3846F48E00271EA5E67706'),(1231,'EYJHBGCIOIJIUZI1NIISINR5CCI6IKPXVCJ9.EYJ0B2TLBL90EXBLIJOIC2XPZGLUZYISIMV4CCI6MTC0MTA3NDQ2NIWIAWF0IJOXNZQXMDCWODY2LCJQDGKIOIJIODQ1ZJA4MMQYMDQ0ODFLOGE0NZMWMDC0YMQ5NZQ1MYISINJLZNJLC2HFZXHWIJOXNZQXMTU3MJY2LCJ1C2VYX2LKIJOXFQ.J28_P8ANR239PSPFIWCIJJNTGSGAT94OU1YVZITZX9O','2025-03-04 06:47:46.654867','2025-03-04 07:47:46.000000',1,'B845F082D204481E8A4730074BD97453'),(1232,'EYJHBGCIOIJIUZI1NIISINR5CCI6IKPXVCJ9.EYJ0B2TLBL90EXBLIJOICMVMCMVZACISIMV4CCI6MTC0MTE1NZYZMCWIAWF0IJOXNZQXMDCXMJMWLCJQDGKIOIJHOWQ1YJA1MGRHZMY0ODG4OTGXYJVHY2FLNWU5ZGM3YIISINVZZXJFAWQIOJF9.BOAD5OWCC-D52C9ITQ-BGPVOYYURTIJMKLFW9GGB1GO','2025-03-04 06:53:50.102681','2025-03-05 06:53:50.000000',1,'A9D5B050DAFF4888981B5ACAE5E9DC7B'),(1233,'EYJHBGCIOIJIUZI1NIISINR5CCI6IKPXVCJ9.EYJ0B2TLBL90EXBLIJOIC2XPZGLUZYISIMV4CCI6MTC0MTA3NDGZMYWIAWF0IJOXNZQXMDCXMJMZLCJQDGKIOIJMNWJIYZQ0MGJKZJC0ODA5OTGZMTHLNDQWNWIYODZHNSISINJLZNJLC2HFZXHWIJOXNZQXMTU3NJMZLCJ1C2VYX2LKIJOXFQ.DVYF7A6EXJLXJK1IWZELKVIAOQNSYT6VAEVHQTS8UPI','2025-03-04 06:53:53.965349','2025-03-04 07:53:53.000000',1,'F5BBC440BDF7480998318E4405B286A5'),(1234,'EYJHBGCIOIJIUZI1NIISINR5CCI6IKPXVCJ9.EYJ0B2TLBL90EXBLIJOICMVMCMVZACISIMV4CCI6MTC0MTE1ODA0OCWIAWF0IJOXNZQXMDCXNJQ4LCJQDGKIOIJLYWRIM2JLYTEYNJA0NWUZYWI4MMM1YZE2YTY2Y2NINCISINVZZXJFAWQIOJF9.5KX46NRXBPGPYKTVKPN8AKCD6GDMIZCELXMI12VMVUW','2025-03-04 07:00:48.804817','2025-03-05 07:00:48.000000',1,'EADB3BEA126045E3AB82C5C16A66CCB4'),(1235,'EYJHBGCIOIJIUZI1NIISINR5CCI6IKPXVCJ9.EYJ0B2TLBL90EXBLIJOIC2XPZGLUZYISIMV4CCI6MTC0MTA3NTI1MYWIAWF0IJOXNZQXMDCXNJUZLCJQDGKIOIIZODE2ZTC4M2QXYJU0M2NLOTMXMMUYOTQZNDUWNGJJYSISINJLZNJLC2HFZXHWIJOXNZQXMTU4MDUZLCJ1C2VYX2LKIJOXFQ.MNDBE50MOOIZKJECHC0W98OW8OXII7SA0IVTBWI7G8Q','2025-03-04 07:00:53.259378','2025-03-04 08:00:53.000000',1,'3816E783D1B543CE9312E29434504BCA'),(1236,'EYJHBGCIOIJIUZI1NIISINR5CCI6IKPXVCJ9.EYJ0B2TLBL90EXBLIJOICMVMCMVZACISIMV4CCI6MTC0MTE1ODYZMYWIAWF0IJOXNZQXMDCYMJMZLCJQDGKIOII1NWRIMTKWNZEZYTC0NTBMYTHHMGRJMTIYZJCXZWIXMYISINVZZXJFAWQIOJF9.FZCAKF-9W-JK4D-OTP_HP7HUAHIYSFKKBKBVNKHWBFK','2025-03-04 07:10:33.344744','2025-03-05 07:10:33.000000',1,'55DB190713A7450FA8A0DC122F71EB13'),(1237,'EYJHBGCIOIJIUZI1NIISINR5CCI6IKPXVCJ9.EYJ0B2TLBL90EXBLIJOIC2XPZGLUZYISIMV4CCI6MTC0MTA3NTGZNYWIAWF0IJOXNZQXMDCYMJM3LCJQDGKIOIIZMZLHZTCYNJVIMTM0NMUWOTA1NDZMMZKYMGUYNZU1MSISINJLZNJLC2HFZXHWIJOXNZQXMTU4NJM3LCJ1C2VYX2LKIJOXFQ.F5ZB9UNEVWAHPRH7SHH7OMJFKW6IUM59J7YC4NWXQ0O','2025-03-04 07:10:37.829755','2025-03-04 08:10:37.000000',1,'339AE7265B1346E090546F3920E27551'),(1238,'EYJHBGCIOIJIUZI1NIISINR5CCI6IKPXVCJ9.EYJ0B2TLBL90EXBLIJOICMVMCMVZACISIMV4CCI6MTC0MTE1OTK1NYWIAWF0IJOXNZQXMDCZNTU3LCJQDGKIOII0ZDDJNJFMMJNJZMY0MTQYOTGZZWI3MZQ3YTBKZDFMYSISINVZZXJFAWQIOJF9.WFNNYXVWKA5PJPODKJN0XIMHRXUYZ-QGK__IJY2_CFG','2025-03-04 07:32:37.862813','2025-03-05 07:32:37.000000',1,'4D7C61F23CFF4142983EB7347A0DD1FA'),(1239,'EYJHBGCIOIJIUZI1NIISINR5CCI6IKPXVCJ9.EYJ0B2TLBL90EXBLIJOIC2XPZGLUZYISIMV4CCI6MTC0MTA3NZE2MSWIAWF0IJOXNZQXMDCZNTYXLCJQDGKIOIJINJBKZDA0OWYWYJK0ODZKYWM3ZMMWNJAWYWNMMWFMMSISINJLZNJLC2HFZXHWIJOXNZQXMTU5OTYXLCJ1C2VYX2LKIJOXFQ.NRUIXDTYU3I8JPRBBIAAON_DLSODYCZPO1FZFSO-A3G','2025-03-04 07:32:41.677987','2025-03-04 08:32:41.000000',1,'B60DD049F0B9486DAC7FC0600ACF1AF1'),(1240,'EYJHBGCIOIJIUZI1NIISINR5CCI6IKPXVCJ9.EYJ0B2TLBL90EXBLIJOICMVMCMVZACISIMV4CCI6MTC0MTE2MJQ5MSWIAWF0IJOXNZQXMDC2MDKXLCJQDGKIOIIWZTQXZDU1MGVINMM0OWU3OTLHODYZNMVLNTQ5NTQYZCISINVZZXJFAWQIOJF9.BVZCUPTKPBKRZRHCTTYWKSPPESKGKIVVKXZ5M9LEXQQ','2025-03-04 08:14:51.314897','2025-03-05 08:14:51.000000',1,'0E41D550EB6C49E799A8636EE549542D'),(1241,'EYJHBGCIOIJIUZI1NIISINR5CCI6IKPXVCJ9.EYJ0B2TLBL90EXBLIJOIC2XPZGLUZYISIMV4CCI6MTC0MTA3OTY5NYWIAWF0IJOXNZQXMDC2MDK3LCJQDGKIOIJIYJI0OTY3ZDBHNWQ0ZDUWODYZNTY3OTY1MZJLYJUWZSISINJLZNJLC2HFZXHWIJOXNZQXMTYYNDK3LCJ1C2VYX2LKIJOXFQ.ELMTLGY3ZN4HS5HLON3QH-ALQWQO_E8MGRWN4U_BXL4','2025-03-04 08:14:57.576941','2025-03-04 09:14:57.000000',1,'BB24967D0A5D4D5086356796532EB50E'),(1242,'EYJHBGCIOIJIUZI1NIISINR5CCI6IKPXVCJ9.EYJ0B2TLBL90EXBLIJOICMVMCMVZACISIMV4CCI6MTC0MTE2MJU4MSWIAWF0IJOXNZQXMDC2MTGXLCJQDGKIOIJMZTC0OGM0ZDRMMJC0MJIWYTNMZDVLNGQXYJI5OGE2MYISINVZZXJFAWQIOJF9.A_0TRJS9DZVKZZ1YHA0HQLC7YDTWN4AYLAPRIGFDDQM','2025-03-04 08:16:21.081569','2025-03-05 08:16:21.000000',1,'FE748C4D4F274220A3FD5E4D1B298A63'),(1243,'EYJHBGCIOIJIUZI1NIISINR5CCI6IKPXVCJ9.EYJ0B2TLBL90EXBLIJOIC2XPZGLUZYISIMV4CCI6MTC0MTA3OTC4NCWIAWF0IJOXNZQXMDC2MTG0LCJQDGKIOII5YMIZOTNHMZJLNMI0NZZHYTLHZDE1NDDHMZAWNWZLMYISINJLZNJLC2HFZXHWIJOXNZQXMTYYNTG0LCJ1C2VYX2LKIJOXFQ.HFB_WHXRMRXATBRLJRE7WGUYGD_7BXAMU8NJ9YW0PKM','2025-03-04 08:16:24.221569','2025-03-04 09:16:24.000000',1,'9BB393A32E6B476AA9AD1547A3005FE3'),(1244,'EYJHBGCIOIJIUZI1NIISINR5CCI6IKPXVCJ9.EYJ0B2TLBL90EXBLIJOICMVMCMVZACISIMV4CCI6MTC0MTE2MJU5MCWIAWF0IJOXNZQXMDC2MTKWLCJQDGKIOII0N2ZJOWMZMJU2ZDI0ZGFLYTYYN2E3MZGZY2FJMJQ4MSISINVZZXJFAWQIOJF9.390HR6BNJZNYD2WL9N1UJ50EQY-8UYSZMGZUU9GDM-G','2025-03-04 08:16:30.481004','2025-03-05 08:16:30.000000',1,'47FC9C3256D24DAEA627A7383CAC2481'),(1245,'EYJHBGCIOIJIUZI1NIISINR5CCI6IKPXVCJ9.EYJ0B2TLBL90EXBLIJOIC2XPZGLUZYISIMV4CCI6MTC0MTA3OTC5MYWIAWF0IJOXNZQXMDC2MTKZLCJQDGKIOIJIY2FMNMJHMTMXZDI0YZU1OTQXNTI5ZJLJYZDMNZUXMCISINJLZNJLC2HFZXHWIJOXNZQXMTYYNTKZLCJ1C2VYX2LKIJOXFQ.ZYSTANNX99QA3GVCZCWN8ZLHM2FGFCNQLU4-WJIW4BM','2025-03-04 08:16:33.702878','2025-03-04 09:16:33.000000',1,'BCAF6BA131D24C55941529F9CC7F7510'),(1246,'EYJHBGCIOIJIUZI1NIISINR5CCI6IKPXVCJ9.EYJ0B2TLBL90EXBLIJOICMVMCMVZACISIMV4CCI6MTC0MTE4MZIXMIWIAWF0IJOXNZQXMDK2ODEYLCJQDGKIOIJKNZM5YZC0NGM4NJA0OGQ2OTZJYJCXNZUYNJRMOGU0NSISINVZZXJFAWQIOJF9.7L6GC2DPUSCJEMMGBMLAPM6AW4FJZCZATHJNB1OEAHE','2025-03-04 14:00:12.657877','2025-03-05 14:00:12.000000',1,'D739C744C86048D696CB7175264F8E45'),(1247,'EYJHBGCIOIJIUZI1NIISINR5CCI6IKPXVCJ9.EYJ0B2TLBL90EXBLIJOIC2XPZGLUZYISIMV4CCI6MTC0MTEWMDQXNYWIAWF0IJOXNZQXMDK2ODE3LCJQDGKIOIIXNDK0ZJQYM2FIMTM0ZGM0OTIWMZBKYTCXNJAXOWZKMIISINJLZNJLC2HFZXHWIJOXNZQXMTGZMJE3LCJ1C2VYX2LKIJOXFQ.MAX36201HF8P0BPLVR8SIH-PIGT0WBTGTSUGFJ3LDAA','2025-03-04 14:00:17.376306','2025-03-04 15:00:17.000000',1,'1494F423AB134DC492030DA716019FD2'),(1248,'EYJHBGCIOIJIUZI1NIISINR5CCI6IKPXVCJ9.EYJ0B2TLBL90EXBLIJOICMVMCMVZACISIMV4CCI6MTC0MTIZMZU0NIWIAWF0IJOXNZQXMTQ3MTQ2LCJQDGKIOIJJZGM1YMQ4YJI1OTY0M2M3YJY0ZTQXNZM4MDZKYZU1NCISINVZZXJFAWQIOJF9.IPHVMEIOWNPLDT4PQWHYRSUNNIHPI7WWD0OY3WK5MUW','2025-03-05 03:59:06.449965','2025-03-06 03:59:06.000000',1,'CDC5BD8B259643C7B64E4173806DC554'),(1249,'EYJHBGCIOIJIUZI1NIISINR5CCI6IKPXVCJ9.EYJ0B2TLBL90EXBLIJOIC2XPZGLUZYISIMV4CCI6MTC0MTE1MDC1MCWIAWF0IJOXNZQXMTQ3MTUWLCJQDGKIOIJHNDHHYWIWMDNHNWU0MDVKYWJJOTI4MJG4ZDCYN2U1MIISINJLZNJLC2HFZXHWIJOXNZQXMJMZNTUWLCJ1C2VYX2LKIJOXFQ.DCURXGAQOQ2ZEPIXJ3SREA_5COU5Y5RBSCKXCM1W7N0','2025-03-05 03:59:10.212906','2025-03-05 04:59:10.000000',1,'A48AAB003A5E405DABC928288D727E52'),(1250,'EYJHBGCIOIJIUZI1NIISINR5CCI6IKPXVCJ9.EYJ0B2TLBL90EXBLIJOICMVMCMVZACISIMV4CCI6MTC0MTIZNJE1MCWIAWF0IJOXNZQXMTQ5NZUWLCJQDGKIOII2ZWM1MTU4NGVKMGE0ZGZMYTRJM2Y4NJI5NMIYN2Q4YYISINVZZXJFAWQIOJF9.37L7GDY8B2YYZXEEEDJM2HMJXUN_T1KFQUJE3ZOCKJC','2025-03-05 04:42:30.946031','2025-03-06 04:42:30.000000',1,'6EC51584ED0A4DFFA4C3F86296B27D8C'),(1251,'EYJHBGCIOIJIUZI1NIISINR5CCI6IKPXVCJ9.EYJ0B2TLBL90EXBLIJOIC2XPZGLUZYISIMV4CCI6MTC0MTE1MZM1NCWIAWF0IJOXNZQXMTQ5NZU0LCJQDGKIOIIYN2ZKMDA3NGM2MJU0NTYXYWY0OWJIMTAWMZM5YTK2ZSISINJLZNJLC2HFZXHWIJOXNZQXMJM2MTU0LCJ1C2VYX2LKIJOXFQ.8MNPDVTRTGE3CK1RJZQUI9TBE7_AYJFZZZEJZOLCM5Q','2025-03-05 04:42:34.812369','2025-03-05 05:42:34.000000',1,'27FD0074C6254561AF49BB100339A96E'),(1252,'EYJHBGCIOIJIUZI1NIISINR5CCI6IKPXVCJ9.EYJ0B2TLBL90EXBLIJOIC2XPZGLUZYISIMV4CCI6MTC0MTE1NDE0MYWIAWF0IJOXNZQXMTUWNTQZLCJQDGKIOII1MZJIMMQ3YWY3MJC0MWUWYJU5NJZIZTG3ZJZKMDZLMYISINJLZNJLC2HFZXHWIJOXNZQXMJM2OTQZLCJ1C2VYX2LKIJOXFQ.X_V-EKCHROTN6RXKCF1K2PVR7EA6ZUPFEAXR0QDXXBE','2025-03-05 04:55:43.142148','2025-03-05 05:55:43.000000',1,'532B2D7AF72741E0B5966BE87F6D06E3'),(1253,'EYJHBGCIOIJIUZI1NIISINR5CCI6IKPXVCJ9.EYJ0B2TLBL90EXBLIJOIC2XPZGLUZYISIMV4CCI6MTC0MTE1NDE0MYWIAWF0IJOXNZQXMTUWNTQZLCJQDGKIOII4MWEZMJA4MJE5NMY0MDCYYMRJODY2OTBIZGMZMZEZNSISINJLZNJLC2HFZXHWIJOXNZQXMJM2OTQZLCJ1C2VYX2LKIJOXFQ.QL_-G7HVJRMWCVS9-QFJ7KREFCHQBFDGMXLLZVD_E5W','2025-03-05 04:55:43.174708','2025-03-05 05:55:43.000000',1,'81A32082196F4072BDC86690BDC33135'),(1254,'EYJHBGCIOIJIUZI1NIISINR5CCI6IKPXVCJ9.EYJ0B2TLBL90EXBLIJOIC2XPZGLUZYISIMV4CCI6MTC0MTE1NDE0MYWIAWF0IJOXNZQXMTUWNTQZLCJQDGKIOIIYNTU0NTYXOTHLMDY0ZJRJOTM1MZVINMYYMWNMNMFKOSISINJLZNJLC2HFZXHWIJOXNZQXMJM2OTQZLCJ1C2VYX2LKIJOXFQ._6DK1EGCBPN5OJS1MOEI519MARM8WY78GC2Z7Y2TC-K','2025-03-05 04:55:43.208754','2025-03-05 05:55:43.000000',1,'255456198E064F4C93535B6F21CF6AD9'),(1255,'EYJHBGCIOIJIUZI1NIISINR5CCI6IKPXVCJ9.EYJ0B2TLBL90EXBLIJOIC2XPZGLUZYISIMV4CCI6MTC0MTE1NDE0MYWIAWF0IJOXNZQXMTUWNTQZLCJQDGKIOIJJNZQ1ZMU4OTVIYZG0MTU0OGM3NZUWNJKWMJQ4ZDJINYISINJLZNJLC2HFZXHWIJOXNZQXMJM2OTQZLCJ1C2VYX2LKIJOXFQ.LNQ364LUHVMKLDYHGMJ_M8QZDGH3QEZWZ7YT1YXBN8C','2025-03-05 04:55:43.225524','2025-03-05 05:55:43.000000',1,'C745FE895BC841548C7750690248D2B7'),(1256,'EYJHBGCIOIJIUZI1NIISINR5CCI6IKPXVCJ9.EYJ0B2TLBL90EXBLIJOIC2XPZGLUZYISIMV4CCI6MTC0MTE1NDE0MYWIAWF0IJOXNZQXMTUWNTQZLCJQDGKIOII3NTC3ZWI5NTLKZMU0YJLJYWI5NWIXZGFIZJM1ZTNHZCISINJLZNJLC2HFZXHWIJOXNZQXMJM2OTQZLCJ1C2VYX2LKIJOXFQ.H63QTHAX4D-JDDLC87NREGCPMBXQVZIMZJPSAN4WDMY','2025-03-05 04:55:43.241531','2025-03-05 05:55:43.000000',1,'7577EB959DFE4B9CAB95B1DABF35E3AD'),(1257,'EYJHBGCIOIJIUZI1NIISINR5CCI6IKPXVCJ9.EYJ0B2TLBL90EXBLIJOIC2XPZGLUZYISIMV4CCI6MTC0MTE1NDE0MYWIAWF0IJOXNZQXMTUWNTQZLCJQDGKIOIIYZMFHNWFHNZQXM2Q0MZHLOTRHYMEWZTU2OWI4MGMZZCISINJLZNJLC2HFZXHWIJOXNZQXMJM2OTQZLCJ1C2VYX2LKIJOXFQ.HA5VUDZ5SQNFOU5MCIXVUVLY6YDOM8EGK5GSIRAU2PY','2025-03-05 04:55:43.256254','2025-03-05 05:55:43.000000',1,'2FAA5AA7413D438E94ABA0E569B80C3D'),(1258,'EYJHBGCIOIJIUZI1NIISINR5CCI6IKPXVCJ9.EYJ0B2TLBL90EXBLIJOIC2XPZGLUZYISIMV4CCI6MTC0MTE1NDE0MYWIAWF0IJOXNZQXMTUWNTQZLCJQDGKIOIIYODDIMJI4MMI1ZJG0ODQ0YJYYZDEYYWE1NJEYM2MXYYISINJLZNJLC2HFZXHWIJOXNZQXMJM2OTQZLCJ1C2VYX2LKIJOXFQ.YDGQLYILFONJX-FKZ81RBWJPEXN4ZKTIAR--K-9_BYO','2025-03-05 04:55:43.276375','2025-03-05 05:55:43.000000',1,'287B2282B5F84844B62D12AA56123C1C'),(1259,'EYJHBGCIOIJIUZI1NIISINR5CCI6IKPXVCJ9.EYJ0B2TLBL90EXBLIJOIC2XPZGLUZYISIMV4CCI6MTC0MTE1NDE0MYWIAWF0IJOXNZQXMTUWNTQZLCJQDGKIOII5YTRMMDKWMZC3NDI0MTNHOTQZYZVKNWNINWQWY2E3ZIISINJLZNJLC2HFZXHWIJOXNZQXMJM2OTQZLCJ1C2VYX2LKIJOXFQ.MR4FUSCNILKNWYSJNGQXSS8_Z07MDUMQZQBFX3FCBGS','2025-03-05 04:55:43.292989','2025-03-05 05:55:43.000000',1,'9A4F09037742413A943C5D5CB5D0CA7F'),(1260,'EYJHBGCIOIJIUZI1NIISINR5CCI6IKPXVCJ9.EYJ0B2TLBL90EXBLIJOIC2XPZGLUZYISIMV4CCI6MTC0MTE1NDE0MYWIAWF0IJOXNZQXMTUWNTQZLCJQDGKIOII5ODBMYWU3Y2FHNDC0YTCYODY4NJKYYMEWMTZIZTUYMIISINJLZNJLC2HFZXHWIJOXNZQXMJM2OTQZLCJ1C2VYX2LKIJOXFQ.TXVU7EML7A6IVOBIPPKISMZT6SVBHF3PJJIL85I87SC','2025-03-05 04:55:43.308757','2025-03-05 05:55:43.000000',1,'980FAE7CAA474A72868692BA016BE522'),(1261,'EYJHBGCIOIJIUZI1NIISINR5CCI6IKPXVCJ9.EYJ0B2TLBL90EXBLIJOIC2XPZGLUZYISIMV4CCI6MTC0MTE1NDE0MYWIAWF0IJOXNZQXMTUWNTQZLCJQDGKIOIIZZTBMYJEZODJLNTU0ZJE3OTM0MGZJOTAYNWZHMDKWMYISINJLZNJLC2HFZXHWIJOXNZQXMJM2OTQZLCJ1C2VYX2LKIJOXFQ.MASROYZ4SEK1IDHV47BLU73NVSWI6NCUB8AWT1RS6EW','2025-03-05 04:55:43.332335','2025-03-05 05:55:43.000000',1,'3E0FB1382E554F179340FC9025FA0903'),(1262,'EYJHBGCIOIJIUZI1NIISINR5CCI6IKPXVCJ9.EYJ0B2TLBL90EXBLIJOIC2XPZGLUZYISIMV4CCI6MTC0MTE1NDE0MYWIAWF0IJOXNZQXMTUWNTQZLCJQDGKIOIIYNDNJMJZKZDYWZDU0NME4OWVHZDBLOGNLYJC2YJJMNSISINJLZNJLC2HFZXHWIJOXNZQXMJM2OTQZLCJ1C2VYX2LKIJOXFQ.PHEUZFCNEEW5VUQ_O-5S9QLZFPTVPRWUMRWFKWZ3J5Q','2025-03-05 04:55:43.347313','2025-03-05 05:55:43.000000',1,'243C26DD60D546A89EAD0E8CEB76B2F5'),(1263,'EYJHBGCIOIJIUZI1NIISINR5CCI6IKPXVCJ9.EYJ0B2TLBL90EXBLIJOIC2XPZGLUZYISIMV4CCI6MTC0MTE1NDE0MYWIAWF0IJOXNZQXMTUWNTQZLCJQDGKIOII3NMU2MTCWY2FLOWU0OTVJYJBJYTY1ZMRKNDNIY2VIMCISINJLZNJLC2HFZXHWIJOXNZQXMJM2OTQZLCJ1C2VYX2LKIJOXFQ.ACXVBQTYQ-QXGOJNF6RBBSEYA1JGJK_LGNUDOAJUK84','2025-03-05 04:55:43.360608','2025-03-05 05:55:43.000000',1,'76E6170CAE9E495CB0CA65FDD43BCEB0'),(1264,'EYJHBGCIOIJIUZI1NIISINR5CCI6IKPXVCJ9.EYJ0B2TLBL90EXBLIJOIC2XPZGLUZYISIMV4CCI6MTC0MTE1NDE0MYWIAWF0IJOXNZQXMTUWNTQZLCJQDGKIOII1MMJJYJDHOGE3NTE0OGJIOTC5ZMM2ZTI4YZE0NZI3YYISINJLZNJLC2HFZXHWIJOXNZQXMJM2OTQZLCJ1C2VYX2LKIJOXFQ.KZFT2LEZY8O8Y6KC3A244PLJMTU9TKHGQXY23M6EH1S','2025-03-05 04:55:43.378955','2025-03-05 05:55:43.000000',1,'52BCB7A8A75148BB979FC6E28C14727C'),(1265,'EYJHBGCIOIJIUZI1NIISINR5CCI6IKPXVCJ9.EYJ0B2TLBL90EXBLIJOIC2XPZGLUZYISIMV4CCI6MTC0MTE1NDE0MYWIAWF0IJOXNZQXMTUWNTQZLCJQDGKIOIJKMZI2YJRMYMFIMDG0Y2Q1YMRMOTZHYMI3OGZMZWNMYSISINJLZNJLC2HFZXHWIJOXNZQXMJM2OTQZLCJ1C2VYX2LKIJOXFQ.DPG2EPZWKSK7IKANBR0CZ2-DBEMZ9UFIMMG5AH9VS7U','2025-03-05 04:55:43.391910','2025-03-05 05:55:43.000000',1,'D326B4FBAB084CD5BDF96ABB78FFECFA'),(1266,'EYJHBGCIOIJIUZI1NIISINR5CCI6IKPXVCJ9.EYJ0B2TLBL90EXBLIJOIC2XPZGLUZYISIMV4CCI6MTC0MTE1NDE0MYWIAWF0IJOXNZQXMTUWNTQZLCJQDGKIOIJIOGM0MMQYYTVMMZG0OGY5YMFKNZZHOWIYOWZJNZQXOSISINJLZNJLC2HFZXHWIJOXNZQXMJM2OTQZLCJ1C2VYX2LKIJOXFQ.ALH3MSBASIHA-KEERHF0GPQXUKQLHNNWFBT1MWIRBCC','2025-03-05 04:55:43.404813','2025-03-05 05:55:43.000000',1,'B8C42D2A5F3848F9BAD76A9B29FC7419'),(1267,'EYJHBGCIOIJIUZI1NIISINR5CCI6IKPXVCJ9.EYJ0B2TLBL90EXBLIJOIC2XPZGLUZYISIMV4CCI6MTC0MTE1NDE0MYWIAWF0IJOXNZQXMTUWNTQZLCJQDGKIOIJLZGI2M2IXOGY1YWU0NMM1YTEWZJG5OTJIOTG2NWI3NCISINJLZNJLC2HFZXHWIJOXNZQXMJM2OTQZLCJ1C2VYX2LKIJOXFQ.KEC0-BTW72CVHZ5RC_1WHMHB4HYIQEDCXAVF_WE8BV4','2025-03-05 04:55:43.416826','2025-03-05 05:55:43.000000',1,'EDB63B18F5AE46C5A10F8992B9865B74'),(1268,'EYJHBGCIOIJIUZI1NIISINR5CCI6IKPXVCJ9.EYJ0B2TLBL90EXBLIJOIC2XPZGLUZYISIMV4CCI6MTC0MTE1NDE0MYWIAWF0IJOXNZQXMTUWNTQZLCJQDGKIOII0ZGYYNZC5ZDZKYZI0MDC2OWI1ZMY2NDM0NZEWNTKZZCISINJLZNJLC2HFZXHWIJOXNZQXMJM2OTQZLCJ1C2VYX2LKIJOXFQ._1R4TEBDW9OCJM-5QNCL1JQSPX7Q8XSVTYTFEOXW_CE','2025-03-05 04:55:43.429831','2025-03-05 05:55:43.000000',1,'4DF2779D6DC240769B5FF6434710593D'),(1269,'EYJHBGCIOIJIUZI1NIISINR5CCI6IKPXVCJ9.EYJ0B2TLBL90EXBLIJOIC2XPZGLUZYISIMV4CCI6MTC0MTE1NDE0MYWIAWF0IJOXNZQXMTUWNTQZLCJQDGKIOII0ODI4ZDA5M2ZINWE0OTRJOTC3MJZIYWU4MDLMMGZMMCISINJLZNJLC2HFZXHWIJOXNZQXMJM2OTQZLCJ1C2VYX2LKIJOXFQ.NTFBQ8YMU_Y18WAWUQGFDGR_XUS1ZZY_9EC3ASDSM8Y','2025-03-05 04:55:43.448624','2025-03-05 05:55:43.000000',1,'4828D093FB5A494C97726BAE809F0FF0'),(1270,'EYJHBGCIOIJIUZI1NIISINR5CCI6IKPXVCJ9.EYJ0B2TLBL90EXBLIJOIC2XPZGLUZYISIMV4CCI6MTC0MTE1NDE0MYWIAWF0IJOXNZQXMTUWNTQZLCJQDGKIOIIZMDYYZJI1MDGZYZQ0YWVHODFHYMFKNJK2YJRINTY0NSISINJLZNJLC2HFZXHWIJOXNZQXMJM2OTQZLCJ1C2VYX2LKIJOXFQ.3YEVIBNUYQ9LGCPTN3QQ7CWJE7TSSALCDC3K6SQCXWS','2025-03-05 04:55:43.466261','2025-03-05 05:55:43.000000',1,'3062F25083C44AEA81ABAD696B4B5645'),(1271,'EYJHBGCIOIJIUZI1NIISINR5CCI6IKPXVCJ9.EYJ0B2TLBL90EXBLIJOIC2XPZGLUZYISIMV4CCI6MTC0MTE1NDE0MYWIAWF0IJOXNZQXMTUWNTQZLCJQDGKIOIIYM2RIZTLJYJRHMDK0ZWE1YTEZY2RMMZQ1YJG3NZFKNIISINJLZNJLC2HFZXHWIJOXNZQXMJM2OTQZLCJ1C2VYX2LKIJOXFQ.T_RUQPNZM_NQPV7OXDOHKJPUSLG1JE8YZRV3WQBTUNG','2025-03-05 04:55:43.480011','2025-03-05 05:55:43.000000',1,'23DBE9CB4A094EA5A13CDF345B8771D6'),(1272,'EYJHBGCIOIJIUZI1NIISINR5CCI6IKPXVCJ9.EYJ0B2TLBL90EXBLIJOIC2XPZGLUZYISIMV4CCI6MTC0MTE1NDE0MYWIAWF0IJOXNZQXMTUWNTQZLCJQDGKIOII3NDBHYMVMNGU5YZQ0MZU4OGJIZGI1ZWI0Y2Y1YWMZMCISINJLZNJLC2HFZXHWIJOXNZQXMJM2OTQZLCJ1C2VYX2LKIJOXFQ.SXWAFDPSPWDZNTZDZXIQQQANSKODA4OHX47E4UEUF6A','2025-03-05 04:55:43.499839','2025-03-05 05:55:43.000000',1,'740ABEF4E9C443588BBDB5EB4CF5AC30'),(1273,'EYJHBGCIOIJIUZI1NIISINR5CCI6IKPXVCJ9.EYJ0B2TLBL90EXBLIJOIC2XPZGLUZYISIMV4CCI6MTC0MTE1NDE0MYWIAWF0IJOXNZQXMTUWNTQZLCJQDGKIOIIYNTC3NWJHYTFIMDM0ZMIXOGZKN2RIOGFMOGQ1YMYXMYISINJLZNJLC2HFZXHWIJOXNZQXMJM2OTQZLCJ1C2VYX2LKIJOXFQ.SBD9OZIYZMPOOVGBICQLWBZXWSFTLJIGQZKIKNXLI0C','2025-03-05 04:55:43.514095','2025-03-05 05:55:43.000000',1,'25775BAA1B034FB18FD7DB8AF8D5BF13'),(1274,'EYJHBGCIOIJIUZI1NIISINR5CCI6IKPXVCJ9.EYJ0B2TLBL90EXBLIJOIC2XPZGLUZYISIMV4CCI6MTC0MTE1NDE0MYWIAWF0IJOXNZQXMTUWNTQZLCJQDGKIOIJHYZLIZTCXMWFINZQ0NTLJODBKMTAYMDLMODU1NWEXYYISINJLZNJLC2HFZXHWIJOXNZQXMJM2OTQZLCJ1C2VYX2LKIJOXFQ.SZTCXMWBVWCPS88PVKFW9WOUILNVAWZEEQL1_M-F4ZS','2025-03-05 04:55:43.530057','2025-03-05 05:55:43.000000',1,'AC9BE711AB74459C80D10209F8555A1C'),(1275,'EYJHBGCIOIJIUZI1NIISINR5CCI6IKPXVCJ9.EYJ0B2TLBL90EXBLIJOIC2XPZGLUZYISIMV4CCI6MTC0MTE1NDE0MYWIAWF0IJOXNZQXMTUWNTQZLCJQDGKIOII4ZWFHODKYMJYYNWY0ZDRLOTRMNTI3ZWNIZMJLMJRLYYISINJLZNJLC2HFZXHWIJOXNZQXMJM2OTQZLCJ1C2VYX2LKIJOXFQ.IS7D1HU6UNQPUBTK-HMUJXDLZSRRAZ5PKC9WBAG4TRW','2025-03-05 04:55:43.542309','2025-03-05 05:55:43.000000',1,'8EAA8922625F4D4E94F527ECBFBE24EC'),(1276,'EYJHBGCIOIJIUZI1NIISINR5CCI6IKPXVCJ9.EYJ0B2TLBL90EXBLIJOIC2XPZGLUZYISIMV4CCI6MTC0MTE1NDE0MYWIAWF0IJOXNZQXMTUWNTQZLCJQDGKIOII0MDLMNJZIZTE4ZTM0YJHMODU5ODA1N2Q5YZJLYTRJMCISINJLZNJLC2HFZXHWIJOXNZQXMJM2OTQZLCJ1C2VYX2LKIJOXFQ.ROFIHEBHLQZWHAUQDLRX67WKGGCTUWCVUMS8CSFW0FS','2025-03-05 04:55:43.572405','2025-03-05 05:55:43.000000',1,'409F66BE18E34B8F8598057D9C2EA4C0'),(1277,'EYJHBGCIOIJIUZI1NIISINR5CCI6IKPXVCJ9.EYJ0B2TLBL90EXBLIJOIC2XPZGLUZYISIMV4CCI6MTC0MTE1NDE0MYWIAWF0IJOXNZQXMTUWNTQZLCJQDGKIOIIXZMM3NJGYMMYXZGM0N2YWYWQYZMYWYMU4M2I5OGQ1ZIISINJLZNJLC2HFZXHWIJOXNZQXMJM2OTQZLCJ1C2VYX2LKIJOXFQ.OW9NMMX2H9AWB2HRNFIFAYRPJAFP8R2EU8T2RPCBXEU','2025-03-05 04:55:43.584579','2025-03-05 05:55:43.000000',1,'1FC76822F1DC47F0AD2FF0BE83B98D5F'),(1278,'EYJHBGCIOIJIUZI1NIISINR5CCI6IKPXVCJ9.EYJ0B2TLBL90EXBLIJOIC2XPZGLUZYISIMV4CCI6MTC0MTE1NDE0MYWIAWF0IJOXNZQXMTUWNTQZLCJQDGKIOIJMMJG3YMEYYWNLMJQ0MTM5YTAYN2MXNTI5ZMJMMTAWYYISINJLZNJLC2HFZXHWIJOXNZQXMJM2OTQZLCJ1C2VYX2LKIJOXFQ.__TDYMU8HRDJG6BYFP8PTCX0-JIYVERT7VTLMUDTKOS','2025-03-05 04:55:43.600245','2025-03-05 05:55:43.000000',1,'F287BA2ACE244139A027C1529FBF100C'),(1279,'EYJHBGCIOIJIUZI1NIISINR5CCI6IKPXVCJ9.EYJ0B2TLBL90EXBLIJOIC2XPZGLUZYISIMV4CCI6MTC0MTE1NDE0MYWIAWF0IJOXNZQXMTUWNTQZLCJQDGKIOIJLZMIXOWVKNZVINTQ0YMJKYJE4MDVKYJKYODMWZDJKNSISINJLZNJLC2HFZXHWIJOXNZQXMJM2OTQZLCJ1C2VYX2LKIJOXFQ.9U8U36M_CB38XKUP9IU5H0DWHNOTFQHM3JLFPSYKJKK','2025-03-05 04:55:43.639512','2025-03-05 05:55:43.000000',1,'EFB19ED75B544BBDB1805DB92830D2D5'),(1280,'EYJHBGCIOIJIUZI1NIISINR5CCI6IKPXVCJ9.EYJ0B2TLBL90EXBLIJOIC2XPZGLUZYISIMV4CCI6MTC0MTE1NDE0MYWIAWF0IJOXNZQXMTUWNTQZLCJQDGKIOII2ZMUYMJE5NTE2ZWI0MTAXOTQ2ZWMWMJBHYZE5YZM4YYISINJLZNJLC2HFZXHWIJOXNZQXMJM2OTQZLCJ1C2VYX2LKIJOXFQ.HTRAK2BSCAAOTT8-GUQD9CVGJ7WYLAYFFS57OBGGZJ8','2025-03-05 04:55:43.734956','2025-03-05 05:55:43.000000',1,'6FE2219516EB4101946EC020AC19C38C'),(1281,'EYJHBGCIOIJIUZI1NIISINR5CCI6IKPXVCJ9.EYJ0B2TLBL90EXBLIJOIC2XPZGLUZYISIMV4CCI6MTC0MTE1NZQ1NIWIAWF0IJOXNZQXMTUZODU2LCJQDGKIOII2M2M3ZGQXOWJIMDQ0MGIYYMIYYJMZZJBHOTZLNZIWMSISINJLZNJLC2HFZXHWIJOXNZQXMJQWMJU2LCJ1C2VYX2LKIJOXFQ.V1PD22STSI_AALGKXUT1HXZSGX_FNHJARCRDZNP1E7M','2025-03-05 05:50:56.955502','2025-03-05 06:50:56.000000',1,'63C7DD19BB0440B2BB2B33F0A96E7201'),(1282,'EYJHBGCIOIJIUZI1NIISINR5CCI6IKPXVCJ9.EYJ0B2TLBL90EXBLIJOIC2XPZGLUZYISIMV4CCI6MTC0MTE1NZQ1NYWIAWF0IJOXNZQXMTUZODU3LCJQDGKIOII5MDNLMZI0ZTYXZDM0YJIWOWIXYTNHMJNJZGJIYTZHYIISINJLZNJLC2HFZXHWIJOXNZQXMJQWMJU3LCJ1C2VYX2LKIJOXFQ.YIUJTIIWVPRPJ3ZA5PI2EGAW1ORVEPTN_G08I3JBAPA','2025-03-05 05:50:57.021391','2025-03-05 06:50:57.000000',1,'903E324E61D34B209B1A3A23CDBBA6AB'),(1283,'EYJHBGCIOIJIUZI1NIISINR5CCI6IKPXVCJ9.EYJ0B2TLBL90EXBLIJOIC2XPZGLUZYISIMV4CCI6MTC0MTE1NZQ1NYWIAWF0IJOXNZQXMTUZODU3LCJQDGKIOIJKNZNHZWUZOTDMNZC0NWMYYTQ1ODA3NDG5MMY1MZQ4NIISINJLZNJLC2HFZXHWIJOXNZQXMJQWMJU3LCJ1C2VYX2LKIJOXFQ.FAWZSJ4HVC3X_JOTL0XMKF3J55HU9KFEN4U0QYNO6MW','2025-03-05 05:50:57.036149','2025-03-05 06:50:57.000000',1,'D73AEE397F7745C2A458074892F53486'),(1284,'EYJHBGCIOIJIUZI1NIISINR5CCI6IKPXVCJ9.EYJ0B2TLBL90EXBLIJOIC2XPZGLUZYISIMV4CCI6MTC0MTE1NZQ1NYWIAWF0IJOXNZQXMTUZODU3LCJQDGKIOII5YZG4ODM5NDLMZTY0NJY1YWQWODK2MTNHMJKYNJHHMYISINJLZNJLC2HFZXHWIJOXNZQXMJQWMJU3LCJ1C2VYX2LKIJOXFQ.LKIQVZ81NGPJA2DENIPJB8XMX47XXEDWYM_VTOO4L2C','2025-03-05 05:50:57.052176','2025-03-05 06:50:57.000000',1,'9C8883949FE64665AD089613A29268A3'),(1285,'EYJHBGCIOIJIUZI1NIISINR5CCI6IKPXVCJ9.EYJ0B2TLBL90EXBLIJOIC2XPZGLUZYISIMV4CCI6MTC0MTE1NZQ1NYWIAWF0IJOXNZQXMTUZODU3LCJQDGKIOII4OTC0MMVINGE0MTE0MDDMODUXODZLN2YZMMJIZJG1MCISINJLZNJLC2HFZXHWIJOXNZQXMJQWMJU3LCJ1C2VYX2LKIJOXFQ.VELBXWFRCMERYGD2WKORRNLRVPQ4IMVTNMNQUNFFVCQ','2025-03-05 05:50:57.066870','2025-03-05 06:50:57.000000',1,'89742EB4A411407F85186E7F32BBF850'),(1286,'EYJHBGCIOIJIUZI1NIISINR5CCI6IKPXVCJ9.EYJ0B2TLBL90EXBLIJOIC2XPZGLUZYISIMV4CCI6MTC0MTE1NZQ1NYWIAWF0IJOXNZQXMTUZODU3LCJQDGKIOII1ODHKNTG2MDG1MZE0YTK5OGFKZDRMNJI2NTQ3NJFKZCISINJLZNJLC2HFZXHWIJOXNZQXMJQWMJU3LCJ1C2VYX2LKIJOXFQ.QQJM-HAVBBORJMV9DU2IWECYUISELQZC90OVWQD8ZIE','2025-03-05 05:50:57.080900','2025-03-05 06:50:57.000000',1,'588D586085314A998ADD4F62654761DD'),(1287,'EYJHBGCIOIJIUZI1NIISINR5CCI6IKPXVCJ9.EYJ0B2TLBL90EXBLIJOIC2XPZGLUZYISIMV4CCI6MTC0MTE1NZQ1NYWIAWF0IJOXNZQXMTUZODU3LCJQDGKIOIIWNMEXODVMMJMXMTI0ZTIXYTG5YWEWYTVIYJEZMDU5MCISINJLZNJLC2HFZXHWIJOXNZQXMJQWMJU3LCJ1C2VYX2LKIJOXFQ.CBFM6_MB8XP3NZC76ORAR9T7P1KR1MWR6-HDSFX9BLG','2025-03-05 05:50:57.100550','2025-03-05 06:50:57.000000',1,'06A185F231124E21A89AA0A5BB130590'),(1288,'EYJHBGCIOIJIUZI1NIISINR5CCI6IKPXVCJ9.EYJ0B2TLBL90EXBLIJOIC2XPZGLUZYISIMV4CCI6MTC0MTE1NZQ1NYWIAWF0IJOXNZQXMTUZODU3LCJQDGKIOII1ZTBJNGE1NMQ1YMY0ODE0OGFJYZAYMMVLYMVJZWU3NIISINJLZNJLC2HFZXHWIJOXNZQXMJQWMJU3LCJ1C2VYX2LKIJOXFQ.JTGWIXJ1DBXQALEHGXWW6NK93A1CM3X1FXX0WVO4GPC','2025-03-05 05:50:57.118698','2025-03-05 06:50:57.000000',1,'5E0C4A56D5BF48148ACC022EEBECEE76'),(1289,'EYJHBGCIOIJIUZI1NIISINR5CCI6IKPXVCJ9.EYJ0B2TLBL90EXBLIJOIC2XPZGLUZYISIMV4CCI6MTC0MTE1NZQ1NYWIAWF0IJOXNZQXMTUZODU3LCJQDGKIOIJKZJQ2MJI2MTDHOGQ0MJUXYJKWNZCZZWQ4NMU5MWI3YIISINJLZNJLC2HFZXHWIJOXNZQXMJQWMJU3LCJ1C2VYX2LKIJOXFQ.5EDQZUDL77QN7XS5HLL0V2_-WFSSPJZ5RG4Q5X2EL6W','2025-03-05 05:50:57.135178','2025-03-05 06:50:57.000000',1,'DF4622617A8D4251B90773ED86E91B7B'),(1290,'EYJHBGCIOIJIUZI1NIISINR5CCI6IKPXVCJ9.EYJ0B2TLBL90EXBLIJOIC2XPZGLUZYISIMV4CCI6MTC0MTE1NZQ1NYWIAWF0IJOXNZQXMTUZODU3LCJQDGKIOII5NZYYZJLMYJY4ZWQ0ZTY0YWFMOTA0ZWUXMDY0YMFJMSISINJLZNJLC2HFZXHWIJOXNZQXMJQWMJU3LCJ1C2VYX2LKIJOXFQ.V0AYK85DPCZODJ9FJC4KDMOVYXFIKNVMSNG1QWMZHLG','2025-03-05 05:50:57.156808','2025-03-05 06:50:57.000000',1,'9762F9FB68ED4E64AAF904EE1064BAC1'),(1291,'EYJHBGCIOIJIUZI1NIISINR5CCI6IKPXVCJ9.EYJ0B2TLBL90EXBLIJOIC2XPZGLUZYISIMV4CCI6MTC0MTE1NZQ1NYWIAWF0IJOXNZQXMTUZODU3LCJQDGKIOIIWNZDHNZJLNZRKMGY0MZDIOWJKYZFMNGI1MJCXNZHJYSISINJLZNJLC2HFZXHWIJOXNZQXMJQWMJU3LCJ1C2VYX2LKIJOXFQ.YXR84C-FIOBGE2DZ0S6DHZ2CFT6COZ9AUFYW7XVZVPW','2025-03-05 05:50:57.172693','2025-03-05 06:50:57.000000',1,'077A72E74D0F437B9BDC1F4B527178CA'),(1292,'EYJHBGCIOIJIUZI1NIISINR5CCI6IKPXVCJ9.EYJ0B2TLBL90EXBLIJOIC2XPZGLUZYISIMV4CCI6MTC0MTE1NZQ1NYWIAWF0IJOXNZQXMTUZODU3LCJQDGKIOIJKN2Q5NZMWMWNMNTK0ZTC0OWM3NDGZNDEXNJG3YZK1MYISINJLZNJLC2HFZXHWIJOXNZQXMJQWMJU3LCJ1C2VYX2LKIJOXFQ.6YU30CWMO4Y_YBWIZBI8XMTSH2YEJ6TVMGL5-HOU1ME','2025-03-05 05:50:57.188321','2025-03-05 06:50:57.000000',1,'D7D97301CF594E749C7483411687C953'),(1293,'EYJHBGCIOIJIUZI1NIISINR5CCI6IKPXVCJ9.EYJ0B2TLBL90EXBLIJOIC2XPZGLUZYISIMV4CCI6MTC0MTE1NZQ1NYWIAWF0IJOXNZQXMTUZODU3LCJQDGKIOIJLZTC5ZDBLZDDJZJQ0NJRHYJNMMDVKYMRHNMZIYZYXZSISINJLZNJLC2HFZXHWIJOXNZQXMJQWMJU3LCJ1C2VYX2LKIJOXFQ.-HTOP7JGZ7VQ4YZ8BKHCNLWMZBOB9GZ2TUCAPGPNKPI','2025-03-05 05:50:57.205858','2025-03-05 06:50:57.000000',1,'EE79D0ED7CF4464AB3F05DBDA6FBC61E'),(1294,'EYJHBGCIOIJIUZI1NIISINR5CCI6IKPXVCJ9.EYJ0B2TLBL90EXBLIJOIC2XPZGLUZYISIMV4CCI6MTC0MTE1NZQ1NYWIAWF0IJOXNZQXMTUZODU3LCJQDGKIOII0MTZJZTLHZJAYODY0NWQ5YWNKZJUYMGI3ZJQ2ZJG3NYISINJLZNJLC2HFZXHWIJOXNZQXMJQWMJU3LCJ1C2VYX2LKIJOXFQ.JEFCIZ_XDXVD_VFLZJU1R5Y0WVIYEP2JD0ANAEGNACE','2025-03-05 05:50:57.300409','2025-03-05 06:50:57.000000',1,'416CE9AF028645D9ACDF520B7F46F877'),(1295,'EYJHBGCIOIJIUZI1NIISINR5CCI6IKPXVCJ9.EYJ0B2TLBL90EXBLIJOIC2XPZGLUZYISIMV4CCI6MTC0MTE1NZQ1NYWIAWF0IJOXNZQXMTUZODU3LCJQDGKIOIIYYZVJZJQYMDZJN2M0MJM3OTM0YZDJZTCYM2JLNTE3MIISINJLZNJLC2HFZXHWIJOXNZQXMJQWMJU3LCJ1C2VYX2LKIJOXFQ.8TQ8SQM24X9TPHO6RIBJ6OQ291RPDXCMGOUUBTNQ5KM','2025-03-05 05:50:57.313864','2025-03-05 06:50:57.000000',1,'2C5CF4206C7C4237934C7CE723BE5172'),(1296,'EYJHBGCIOIJIUZI1NIISINR5CCI6IKPXVCJ9.EYJ0B2TLBL90EXBLIJOIC2XPZGLUZYISIMV4CCI6MTC0MTE1NZQ1NYWIAWF0IJOXNZQXMTUZODU3LCJQDGKIOII4ZTE1ODUZOTJKZJY0ZJE5YJDJMGVHZDGXOTK4MGEWNIISINJLZNJLC2HFZXHWIJOXNZQXMJQWMJU3LCJ1C2VYX2LKIJOXFQ.EJMFJNUV4GQN6SLBTNLTJB9AIHMHX2YQ6GRJAEF9FNE','2025-03-05 05:50:57.326257','2025-03-05 06:50:57.000000',1,'8E1585392DF64F19B7C0EAD819980A06'),(1297,'EYJHBGCIOIJIUZI1NIISINR5CCI6IKPXVCJ9.EYJ0B2TLBL90EXBLIJOIC2XPZGLUZYISIMV4CCI6MTC0MTE1NZQ1NYWIAWF0IJOXNZQXMTUZODU3LCJQDGKIOII2NWQ4NTY3OGEWZMI0MJZMYWY0NZA3YTQ4NWFKODMXYYISINJLZNJLC2HFZXHWIJOXNZQXMJQWMJU3LCJ1C2VYX2LKIJOXFQ.0XQ7AU0B9CP3MISQ_J78ERZLC5YUENCCXVCTWNGZHLS','2025-03-05 05:50:57.340543','2025-03-05 06:50:57.000000',1,'65D85678A0FB426FAF4707A485AD831C'),(1298,'EYJHBGCIOIJIUZI1NIISINR5CCI6IKPXVCJ9.EYJ0B2TLBL90EXBLIJOIC2XPZGLUZYISIMV4CCI6MTC0MTE1NZQ1NYWIAWF0IJOXNZQXMTUZODU3LCJQDGKIOIJHZDJIYJRIOGZHY2I0MDJLYWNMOGUYYZE1M2Q3YZJKYSISINJLZNJLC2HFZXHWIJOXNZQXMJQWMJU3LCJ1C2VYX2LKIJOXFQ.TRGF_MLT6K5VWV9M2OCN8-QASEZ398KXNZ4SNROMUHC','2025-03-05 05:50:57.355005','2025-03-05 06:50:57.000000',1,'AD2BB4B8FACB402EACF8E2C153D7C2DA'),(1299,'EYJHBGCIOIJIUZI1NIISINR5CCI6IKPXVCJ9.EYJ0B2TLBL90EXBLIJOIC2XPZGLUZYISIMV4CCI6MTC0MTE1NZQ1NYWIAWF0IJOXNZQXMTUZODU3LCJQDGKIOIJHYZBLZWZINMRHNDY0MWNKOTRKNJEWOTGYODLLNWEZMIISINJLZNJLC2HFZXHWIJOXNZQXMJQWMJU3LCJ1C2VYX2LKIJOXFQ.HQGOZTD6J4MCHFSUXQF3ON6TDL8DZH2NSOUUBZBLUMO','2025-03-05 05:50:57.373746','2025-03-05 06:50:57.000000',1,'AC0EEFB6DA4641CD94D61098289E5A32'),(1300,'EYJHBGCIOIJIUZI1NIISINR5CCI6IKPXVCJ9.EYJ0B2TLBL90EXBLIJOIC2XPZGLUZYISIMV4CCI6MTC0MTE1NZQ1NYWIAWF0IJOXNZQXMTUZODU3LCJQDGKIOII5NME4YZG4MJLMODC0NZIYOTDMNDGZY2VIOGZKODQZMYISINJLZNJLC2HFZXHWIJOXNZQXMJQWMJU3LCJ1C2VYX2LKIJOXFQ.1X9NA6HFLH78ECLPHYNA29PDWGO1J87TAAYQZ03LEPM','2025-03-05 05:50:57.385476','2025-03-05 06:50:57.000000',1,'96A8C8829F87472297F483CEB8FD8433'),(1301,'EYJHBGCIOIJIUZI1NIISINR5CCI6IKPXVCJ9.EYJ0B2TLBL90EXBLIJOIC2XPZGLUZYISIMV4CCI6MTC0MTE1NZQ1NYWIAWF0IJOXNZQXMTUZODU3LCJQDGKIOII4NTC0NME0ZGNHOTE0YTRJOTKZNWYYYJUXMDI0OWVJMYISINJLZNJLC2HFZXHWIJOXNZQXMJQWMJU3LCJ1C2VYX2LKIJOXFQ.EKGHP4G3LALVXH52F7BNED68ENKAYGVMNU8P414NHNS','2025-03-05 05:50:57.410067','2025-03-05 06:50:57.000000',1,'85746A4DCA914A4C9935F2B510249EC3'),(1302,'EYJHBGCIOIJIUZI1NIISINR5CCI6IKPXVCJ9.EYJ0B2TLBL90EXBLIJOIC2XPZGLUZYISIMV4CCI6MTC0MTE1NZQ1NYWIAWF0IJOXNZQXMTUZODU3LCJQDGKIOIIZMZNINWUZYZC4MWM0MDRHYJM3YTNMNJDMMMZHNZU4OCISINJLZNJLC2HFZXHWIJOXNZQXMJQWMJU3LCJ1C2VYX2LKIJOXFQ.ZQLQHTVYBALZS7B9RDRPOEIA5IRJEYWSVWPJYZ2PSOM','2025-03-05 05:50:57.422721','2025-03-05 06:50:57.000000',1,'333B5E3C781C404AB37A3F67F2FA7588'),(1303,'EYJHBGCIOIJIUZI1NIISINR5CCI6IKPXVCJ9.EYJ0B2TLBL90EXBLIJOICMVMCMVZACISIMV4CCI6MTC0MTI1NZA0MIWIAWF0IJOXNZQXMTCWNJQYLCJQDGKIOIIYZMQ5ODVJNZFMZGU0YTK4YJK4ZWY5OTU5NGU0NWFHZCISINVZZXJFAWQIOJF9.RBF1Y-FK7K1A5GOIWC_CKLGIB4MMHBU67UAOTSWM-NM','2025-03-05 10:30:42.021654','2025-03-06 10:30:42.000000',1,'2FD985C71FDE4A98B98EF99594E45AAD'),(1304,'EYJHBGCIOIJIUZI1NIISINR5CCI6IKPXVCJ9.EYJ0B2TLBL90EXBLIJOIC2XPZGLUZYISIMV4CCI6MTC0MTE3NDI0NCWIAWF0IJOXNZQXMTCWNJQ0LCJQDGKIOII4NDA1NDK5YZFHOTK0NZBLYTKZOTU0ODGWODK3ODE0MYISINJLZNJLC2HFZXHWIJOXNZQXMJU3MDQ0LCJ1C2VYX2LKIJOXFQ.LBSBRT0MBK-X6QVG1DBNHAOLO2_L6M4IZ3LY5AKN2ZW','2025-03-05 10:30:44.849557','2025-03-05 11:30:44.000000',1,'8405499C1A99470EA939548808978143'),(1305,'EYJHBGCIOIJIUZI1NIISINR5CCI6IKPXVCJ9.EYJ0B2TLBL90EXBLIJOICMVMCMVZACISIMV4CCI6MTC0MTI2MTG1NYWIAWF0IJOXNZQXMTC1NDU3LCJQDGKIOII5ODFMY2NLZDHLNTA0ZDGYOGM1YZZHNZE5YWM1ZDI0OSISINVZZXJFAWQIOJF9.NNEPN8ZV7F4DKKJME8QYV6IR8MRZDYU90Z3MMBBVCOO','2025-03-05 11:50:57.211528','2025-03-06 11:50:57.000000',1,'981FCCED8E504D828C5C6A719AC5D249'),(1306,'EYJHBGCIOIJIUZI1NIISINR5CCI6IKPXVCJ9.EYJ0B2TLBL90EXBLIJOIC2XPZGLUZYISIMV4CCI6MTC0MTE3OTA2MCWIAWF0IJOXNZQXMTC1NDYWLCJQDGKIOIIZNZIYMDYYODI4OWM0ODK3OGYYNWY1ZWI2OWJHNZUXMYISINJLZNJLC2HFZXHWIJOXNZQXMJYXODYWLCJ1C2VYX2LKIJOXFQ.AJNRIZY3TRDSQZFD--WPQGNL0EM4M1LD6WNNC9GYPNG','2025-03-05 11:51:00.070989','2025-03-05 12:51:00.000000',1,'37220628289C48978F25F5EB69BA7513'),(1307,'EYJHBGCIOIJIUZI1NIISINR5CCI6IKPXVCJ9.EYJ0B2TLBL90EXBLIJOICMVMCMVZACISIMV4CCI6MTC0MTI2MZGWMCWIAWF0IJOXNZQXMTC3NDAWLCJQDGKIOII4MTYWYJY4NJDMNDG0Y2ZHODU0OWMZOTHJZJY4ZTJKNCISINVZZXJFAWQIOJF9.JBTWBDJ5HABTRQ8VIOM35PM8ZDWY5YA58XJHP0Q5ILW','2025-03-05 12:23:20.745885','2025-03-06 12:23:20.000000',1,'8160B6867F484CFA8549C398CF68E2D4'),(1308,'EYJHBGCIOIJIUZI1NIISINR5CCI6IKPXVCJ9.EYJ0B2TLBL90EXBLIJOIC2XPZGLUZYISIMV4CCI6MTC0MTE4MTAWMYWIAWF0IJOXNZQXMTC3NDAZLCJQDGKIOIJLNDAYZWYWYTUXMDE0MZUZOTGXY2I2MGZLMDRHMGY2MSISINJLZNJLC2HFZXHWIJOXNZQXMJYZODAZLCJ1C2VYX2LKIJOXFQ.AJX_WLF2X5OHQKZSJZFFYZXRCUL6708OGGERSR9KFTG','2025-03-05 12:23:23.384932','2025-03-05 13:23:23.000000',1,'E402EF0A51014353981CB60FE04A0F61'),(1309,'EYJHBGCIOIJIUZI1NIISINR5CCI6IKPXVCJ9.EYJ0B2TLBL90EXBLIJOICMVMCMVZACISIMV4CCI6MTC0MTMYNZCZMSWIAWF0IJOXNZQXMJQXMZMXLCJQDGKIOIJMZDY1NTFINWNJMTU0YJG1YMRIZDDJYMJLODM4MZM3YIISINVZZXJFAWQIOJF9.-SQZNK9IUJXTCDIBDOVARNY0A4ORZAZK2PIFHM-RXEM','2025-03-06 06:08:51.831805','2025-03-07 06:08:51.000000',1,'FD6551B5CC154B85BDBD7CBBE838337B'),(1310,'EYJHBGCIOIJIUZI1NIISINR5CCI6IKPXVCJ9.EYJ0B2TLBL90EXBLIJOIC2XPZGLUZYISIMV4CCI6MTC0MTI0NDKZNYWIAWF0IJOXNZQXMJQXMZM3LCJQDGKIOIJLYZM4MMU4NWE2OTU0MGIWYTJJYZA4NJAXOTIYNZMZNSISINJLZNJLC2HFZXHWIJOXNZQXMZI3NZM3LCJ1C2VYX2LKIJOXFQ.PSM2DGM6TQMUMFHJH8SF8EOMJDAVRHM_-MWD0OTUXSW','2025-03-06 06:08:57.234794','2025-03-06 07:08:57.000000',1,'EC382E85A69540B0A2CC086019227335'),(1311,'EYJHBGCIOIJIUZI1NIISINR5CCI6IKPXVCJ9.EYJ0B2TLBL90EXBLIJOICMVMCMVZACISIMV4CCI6MTC0MTM0NDC5NSWIAWF0IJOXNZQXMJU4MZK1LCJQDGKIOIIYNJUWN2JLOWI2NMM0YZQ5YWZHMJQ1MTIWYWJKNDHHNSISINVZZXJFAWQIOJF9.HRU3H3WPRG_GFG78JGIIYLVPEYHWWMJOTPDR-0O6ENS','2025-03-06 10:53:15.883613','2025-03-07 10:53:15.000000',1,'26507BE9B66C4C49AFA245120ABD48A5'),(1312,'EYJHBGCIOIJIUZI1NIISINR5CCI6IKPXVCJ9.EYJ0B2TLBL90EXBLIJOIC2XPZGLUZYISIMV4CCI6MTC0MTI2MJAWMCWIAWF0IJOXNZQXMJU4NDAWLCJQDGKIOIJKYMVIZDQ5N2I2OWY0OWI2YTK5ZTQ2ZDZKZJE1NTAXNCISINJLZNJLC2HFZXHWIJOXNZQXMZQ0ODAWLCJ1C2VYX2LKIJOXFQ.ONIW3FH2R-UXFWZOZMEGSZDJQ7XWQLQ6H8YYNHCS0D8','2025-03-06 10:53:20.062285','2025-03-06 11:53:20.000000',1,'DBEBD497B69F49B6A99E46D6DF155014'),(1313,'EYJHBGCIOIJIUZI1NIISINR5CCI6IKPXVCJ9.EYJ0B2TLBL90EXBLIJOICMVMCMVZACISIMV4CCI6MTC0MTQXMDE2NYWIAWF0IJOXNZQXMZIZNZY3LCJQDGKIOIIZZTNLMTYYZJRJOGU0YTVIOTNHYTRMY2JKODGWNTLHOSISINVZZXJFAWQIOJF9.ZXSTUQGAWKEJ3N_EJVJFNQHT9NERLT3HFFTRECU0ZTS','2025-03-07 05:02:47.116984','2025-03-08 05:02:47.000000',1,'3E3E162F4C8E4A5B93AA4FCBD88059A9'),(1314,'EYJHBGCIOIJIUZI1NIISINR5CCI6IKPXVCJ9.EYJ0B2TLBL90EXBLIJOIC2XPZGLUZYISIMV4CCI6MTC0MTMYNZM3MCWIAWF0IJOXNZQXMZIZNZCWLCJQDGKIOIIZMJYZMGU0ZDA3ZTM0ZWVLYWZINTJLNJU3ZJMZOTFMNSISINJLZNJLC2HFZXHWIJOXNZQXNDEWMTCWLCJ1C2VYX2LKIJOXFQ.0OPOC0MPGXBXLCSLOYIHCDPGGXSXGTHZBSIG56GTH1S','2025-03-07 05:02:50.696157','2025-03-07 06:02:50.000000',1,'32630E4D07E34EEEAFB52E657F3391F5'),(1315,'EYJHBGCIOIJIUZI1NIISINR5CCI6IKPXVCJ9.EYJ0B2TLBL90EXBLIJOIC2XPZGLUZYISIMV4CCI6MTC0MTMZMDCXOCWIAWF0IJOXNZQXMZI3MTE4LCJQDGKIOII5NJFIYTRJZTM2OTG0YZM2YWY4ZTHIYZBINTYXNJEYOSISINJLZNJLC2HFZXHWIJOXNZQXNDEZNTE4LCJ1C2VYX2LKIJOXFQ.6HRLBV4PI1V36SGUK_SC5EXMUZPSXENHF31B7REK3DO','2025-03-07 05:58:38.710675','2025-03-07 06:58:38.000000',1,'961BA4CE36984C36AF8E8BC0B5616129'),(1316,'EYJHBGCIOIJIUZI1NIISINR5CCI6IKPXVCJ9.EYJ0B2TLBL90EXBLIJOIC2XPZGLUZYISIMV4CCI6MTC0MTMZMDC0NCWIAWF0IJOXNZQXMZI3MTQ0LCJQDGKIOII5NDZIYZG1NGY2NDM0NZK2OWYXZTQ4YTGXYJA0YTVLZSISINJLZNJLC2HFZXHWIJOXNZQXNDEZNTQ0LCJ1C2VYX2LKIJOXFQ.0PEBRHOAIE3F0IVYWRHQ6ZDCYIHC6779EULHBKJMWXI','2025-03-07 05:59:04.661208','2025-03-07 06:59:04.000000',1,'946BC854F64347969F1E48A81B04A5EE'),(1317,'EYJHBGCIOIJIUZI1NIISINR5CCI6IKPXVCJ9.EYJ0B2TLBL90EXBLIJOICMVMCMVZACISIMV4CCI6MTC0MTQXNDEYMSWIAWF0IJOXNZQXMZI3NZIXLCJQDGKIOIJLZTQ3MTIXYZIXY2E0NJC3OWI5ZDG5NZVJNWY0ZTI2MIISINVZZXJFAWQIOJF9.HUIXIMJSUQEZQ5LDHNAYPRZYOJAIOYTZP5E0TWRWZYG','2025-03-07 06:08:41.743704','2025-03-08 06:08:41.000000',1,'EE47121C21CA46779B9D8975C5F4E262'),(1318,'EYJHBGCIOIJIUZI1NIISINR5CCI6IKPXVCJ9.EYJ0B2TLBL90EXBLIJOIC2XPZGLUZYISIMV4CCI6MTC0MTMZMTMYNCWIAWF0IJOXNZQXMZI3NZI0LCJQDGKIOIJKYMQ4MJFJNJMXOWM0YZM3OWQ0MJYZZJDJOWFMOTK5MYISINJLZNJLC2HFZXHWIJOXNZQXNDE0MTI0LCJ1C2VYX2LKIJOXFQ.46H6L9GUVMDONBFI2SPIKRHO9G3JSN30ITSTVMXAAHI','2025-03-07 06:08:44.658878','2025-03-07 07:08:44.000000',1,'DBD821C6319C4C379D4263F7C9AF9993'),(1319,'EYJHBGCIOIJIUZI1NIISINR5CCI6IKPXVCJ9.EYJ0B2TLBL90EXBLIJOICMVMCMVZACISIMV4CCI6MTC0MTQXNDEZMIWIAWF0IJOXNZQXMZI3NZMYLCJQDGKIOII0OTVIMME1NJY3ZDA0Y2RLYJLLZGIYZDGWZGRIZWRLYSISINVZZXJFAWQIOJF9.U4UNDQ71C2TIDURMLGVVFTLD7EVPKS0OQY3-WXKFR4I','2025-03-07 06:08:52.379817','2025-03-08 06:08:52.000000',1,'495B2A5667D04CDEB9EDB2D80DDBEDEA'),(1320,'EYJHBGCIOIJIUZI1NIISINR5CCI6IKPXVCJ9.EYJ0B2TLBL90EXBLIJOIC2XPZGLUZYISIMV4CCI6MTC0MTMZMTMZNYWIAWF0IJOXNZQXMZI3NZM3LCJQDGKIOII4ZDCYY2VMMGEYOTY0ZDLMYWE0NDBKNMRKZJQZNMJJYIISINJLZNJLC2HFZXHWIJOXNZQXNDE0MTM3LCJ1C2VYX2LKIJOXFQ.NXQ3XPI8AK4FWY9B3VREEPUUVFQNABMRKLX5XHQY_9W','2025-03-07 06:08:57.377899','2025-03-07 07:08:57.000000',1,'8D72CEF0A2964D9FAA440D6DDF436BCB'),(1321,'EYJHBGCIOIJIUZI1NIISINR5CCI6IKPXVCJ9.EYJ0B2TLBL90EXBLIJOICMVMCMVZACISIMV4CCI6MTC0MTQXNDE2MYWIAWF0IJOXNZQXMZI3NZYZLCJQDGKIOII0MZFJMJQ5ODMYMWQ0YZK1YJFJY2VJNGYZNZK3ZTMZYSISINVZZXJFAWQIOJF9.N4TH2EBDBN1MTMB7F7ICMUG9X8HSC6ORDLPFR3K7R-M','2025-03-07 06:09:23.612344','2025-03-08 06:09:23.000000',1,'431C2498321D4C95B1CCEC4F3797E33A'),(1322,'EYJHBGCIOIJIUZI1NIISINR5CCI6IKPXVCJ9.EYJ0B2TLBL90EXBLIJOIC2XPZGLUZYISIMV4CCI6MTC0MTMZMTM2NYWIAWF0IJOXNZQXMZI3NZY3LCJQDGKIOII5MJHJYTE2ODQ5YZE0ZDFLODIWNDDLMJE0NJC3YZK1OCISINJLZNJLC2HFZXHWIJOXNZQXNDE0MTY3LCJ1C2VYX2LKIJOXFQ.CZHKTHL06VZ3PEW4MZF6MGCDBXSJEFCOD0JRQSQI1GI','2025-03-07 06:09:27.168859','2025-03-07 07:09:27.000000',1,'928CA16849C14D1E82047E214677C958'),(1323,'EYJHBGCIOIJIUZI1NIISINR5CCI6IKPXVCJ9.EYJ0B2TLBL90EXBLIJOICMVMCMVZACISIMV4CCI6MTC0MTQXNTK0MYWIAWF0IJOXNZQXMZI5NTQZLCJQDGKIOIJJMDG2MWQXMTFLY2E0YZYZOTC4ZJDIMGEZZJY1YTCZYYISINVZZXJFAWQIOJF9.WGWG4WALRFFXJ6XTU5OQZYJUXT5DYNESCXL2KS8FIU0','2025-03-07 06:39:03.258905','2025-03-08 06:39:03.000000',1,'C0861D111ECA4C63978F7B0A3F65A73C'),(1324,'EYJHBGCIOIJIUZI1NIISINR5CCI6IKPXVCJ9.EYJ0B2TLBL90EXBLIJOIC2XPZGLUZYISIMV4CCI6MTC0MTMZMZE0OSWIAWF0IJOXNZQXMZI5NTQ5LCJQDGKIOIJJZTI3MDNMYTZKOGE0ZGQ2YWU4ODYYYWNLN2Y5MMNIZIISINJLZNJLC2HFZXHWIJOXNZQXNDE1OTQ5LCJ1C2VYX2LKIJOXFQ.62R5FZPOCFUZAT9YC6W_D3ZGV95AGIYZLRXRGREPU8K','2025-03-07 06:39:09.628084','2025-03-07 07:39:09.000000',1,'CE2703FA6D8A4DD6AE8862ACE7F92CBF'),(1325,'EYJHBGCIOIJIUZI1NIISINR5CCI6IKPXVCJ9.EYJ0B2TLBL90EXBLIJOICMVMCMVZACISIMV4CCI6MTC0MTQXNZIXMSWIAWF0IJOXNZQXMZMWODEXLCJQDGKIOII4ZGU5ZJY4MTJHNTA0MJHHOWU4M2RIYZRHMDNKYWQ0YIISINVZZXJFAWQIOJF9.IDLUGEOGFI4KJUJU_FJWNIUEHA6_GHLTNN9MTEEKP4O','2025-03-07 07:00:11.204319','2025-03-08 07:00:11.000000',1,'8DE9F6812A50428A9E83DBC4A03DAD4B'),(1326,'EYJHBGCIOIJIUZI1NIISINR5CCI6IKPXVCJ9.EYJ0B2TLBL90EXBLIJOIC2XPZGLUZYISIMV4CCI6MTC0MTMZNDQXMYWIAWF0IJOXNZQXMZMWODEZLCJQDGKIOIJHNTU4YMFIOTA1NGY0ZDVIOGNLM2U4YTRKNZY3MJZJNYISINJLZNJLC2HFZXHWIJOXNZQXNDE3MJEZLCJ1C2VYX2LKIJOXFQ.EPSGURUK23YQVO8OQZO-PRDJZYWUZJEKEYIT7HOUAII','2025-03-07 07:00:13.251748','2025-03-07 08:00:13.000000',1,'A558BAB9054F4D5B8CE3E8A4D76726C7'),(1327,'EYJHBGCIOIJIUZI1NIISINR5CCI6IKPXVCJ9.EYJ0B2TLBL90EXBLIJOICMVMCMVZACISIMV4CCI6MTC0MTQYNDK3NYWIAWF0IJOXNZQXMZM4NTC3LCJQDGKIOIJMNGE2MGZKNGJIYZI0NJJHOGQYYJRIY2VMMJZIYTZJYYISINVZZXJFAWQIOJF9.SVQSI8F51K8D-_Q0IE5ZAR4YUONGIRW78C-V35ETSUI','2025-03-07 09:09:37.878423','2025-03-08 09:09:37.000000',1,'F4A60FD4BBC2462A8D2B4BCEF26BA6CC'),(1328,'EYJHBGCIOIJIUZI1NIISINR5CCI6IKPXVCJ9.EYJ0B2TLBL90EXBLIJOIC2XPZGLUZYISIMV4CCI6MTC0MTM0MJE4MYWIAWF0IJOXNZQXMZM4NTGZLCJQDGKIOIJMMZGXY2U2ZJHIODY0YZYZOGJJMDE4M2Y3ZWMYMJVJNCISINJLZNJLC2HFZXHWIJOXNZQXNDI0OTGZLCJ1C2VYX2LKIJOXFQ.DVVVBTQFT_UC2GZKRLM7V_8MDQWUKDMDG5HWIEOK1VI','2025-03-07 09:09:43.967972','2025-03-07 10:09:43.000000',1,'F381CE6F8B864C638BC0183F7EC225C4'),(1329,'EYJHBGCIOIJIUZI1NIISINR5CCI6IKPXVCJ9.EYJ0B2TLBL90EXBLIJOICMVMCMVZACISIMV4CCI6MTC0MTQ5NTCWOSWIAWF0IJOXNZQXNDA5MZA5LCJQDGKIOIJJNJE1MGRMYZNKMTI0MDEWYTG0NGFLOTI1OGIZNTHHNCISINVZZXJFAWQIOJF9.K1V_MPMZWPCHOOT5L7GURQ5WGLSR7KOIUPE49VSXPNQ','2025-03-08 04:48:29.407311','2025-03-09 04:48:29.000000',1,'C6150DFC3D124010A844AE9258B358A4'),(1330,'EYJHBGCIOIJIUZI1NIISINR5CCI6IKPXVCJ9.EYJ0B2TLBL90EXBLIJOIC2XPZGLUZYISIMV4CCI6MTC0MTQXMJKXMSWIAWF0IJOXNZQXNDA5MZEXLCJQDGKIOIIYMJQ4MDQ5OTBHMTE0OGY4YWIWMMY3MZU2NMI1NZK3MYISINJLZNJLC2HFZXHWIJOXNZQXNDK1NZEXLCJ1C2VYX2LKIJOXFQ.MYBPMP5DT0AHWKIXTDL1-MPJ0HKX5S8FHJAQZX7CGDM','2025-03-08 04:48:31.362669','2025-03-08 05:48:31.000000',1,'224804990A1148F8AB02F73566B57973'),(1331,'EYJHBGCIOIJIUZI1NIISINR5CCI6IKPXVCJ9.EYJ0B2TLBL90EXBLIJOICMVMCMVZACISIMV4CCI6MTC0MTQ5OTA1NSWIAWF0IJOXNZQXNDEYNJU1LCJQDGKIOII3YMNHYWZMY2Y2OGU0NTBMOTG1NMJIM2U3MTRMZDC1OCISINVZZXJFAWQIOJF9.163GOT2TVPHMZO1_ZYYD_IVC_TR8N6UYOF1MI87VVOA','2025-03-08 05:44:15.277251','2025-03-09 05:44:15.000000',1,'7BCAAFFCF68E450F9856BB3E714FD758'),(1332,'EYJHBGCIOIJIUZI1NIISINR5CCI6IKPXVCJ9.EYJ0B2TLBL90EXBLIJOIC2XPZGLUZYISIMV4CCI6MTC0MTQXNJI2MCWIAWF0IJOXNZQXNDEYNJYWLCJQDGKIOII0YMZLZJGZMWFLMZK0Y2I3YTZIYWU2OTK5YTI3NJHKZSISINJLZNJLC2HFZXHWIJOXNZQXNDK5MDYWLCJ1C2VYX2LKIJOXFQ.C6MEPZ5GDNJLOXLGUWPSR33AC8ZBJKCPQKEDOZEMA4O','2025-03-08 05:44:20.315681','2025-03-08 06:44:20.000000',1,'4BFEF831AE394CB7A6BAE6999A2768DE'),(1333,'EYJHBGCIOIJIUZI1NIISINR5CCI6IKPXVCJ9.EYJ0B2TLBL90EXBLIJOICMVMCMVZACISIMV4CCI6MTC0MTUWMJKZNYWIAWF0IJOXNZQXNDE2NTM3LCJQDGKIOIJKN2Y5ZMVMNJZKODC0Y2IYYWRHYMFLYJMXNDGXNMU2YSISINVZZXJFAWQIOJF9.HWADLGTKZTXSFGQ9QYUOEEVLCMUAV1G0NWOO2QLOPDY','2025-03-08 06:48:57.286566','2025-03-09 06:48:57.000000',1,'D7F9FEF66D874CB2ADABAEB314816E6A'),(1334,'EYJHBGCIOIJIUZI1NIISINR5CCI6IKPXVCJ9.EYJ0B2TLBL90EXBLIJOIC2XPZGLUZYISIMV4CCI6MTC0MTQYMDEZOSWIAWF0IJOXNZQXNDE2NTM5LCJQDGKIOIJIMJRMYJLJMDNJZDG0NDKYOTY3N2U3NWVMNTQZNJFIMIISINJLZNJLC2HFZXHWIJOXNZQXNTAYOTM5LCJ1C2VYX2LKIJOXFQ.Z0_CCS2RNP4RAJZXPR_LDDEMUHTEMHKHWE6HGP7FDDQ','2025-03-08 06:48:59.247076','2025-03-08 07:48:59.000000',1,'B24FB9C03CD844929677E75EF54361B2'),(1335,'EYJHBGCIOIJIUZI1NIISINR5CCI6IKPXVCJ9.EYJ0B2TLBL90EXBLIJOICMVMCMVZACISIMV4CCI6MTC0MTUWMJK5MCWIAWF0IJOXNZQXNDE2NTKWLCJQDGKIOII3OGQZYJA0MTK1OWU0MWE0YMQWNTY1OTM0YJKZYJY2YSISINVZZXJFAWQIOJF9.TRX1OFKV0A0VWSHWGZN6UXACXPUDSAERITJRRLQXIM4','2025-03-08 06:49:50.094311','2025-03-09 06:49:50.000000',1,'78D3B041959E41A4BD0565934B93B66A'),(1336,'EYJHBGCIOIJIUZI1NIISINR5CCI6IKPXVCJ9.EYJ0B2TLBL90EXBLIJOIC2XPZGLUZYISIMV4CCI6MTC0MTQYMDE5NSWIAWF0IJOXNZQXNDE2NTK1LCJQDGKIOIJMYWVMNWJIMTZMZDC0NGUXOTMXODZJNDIXMJFLZTLIZIISINJLZNJLC2HFZXHWIJOXNZQXNTAYOTK1LCJ1C2VYX2LKIJOXFQ.L2NNTNHCRDFHZAYYGDJDXQJGLWJGIXGTWVZB-QVZQDO','2025-03-08 06:49:55.895019','2025-03-08 07:49:55.000000',1,'FAEF5BB16FD744E193186C42121EE9BF'),(1337,'EYJHBGCIOIJIUZI1NIISINR5CCI6IKPXVCJ9.EYJ0B2TLBL90EXBLIJOICMVMCMVZACISIMV4CCI6MTC0MTUWOTAYNIWIAWF0IJOXNZQXNDIYNJI2LCJQDGKIOII3NWFHZGZIOTAZNGU0MWIWOWU1ZTI1NTBJMTK1ZTAYYYISINVZZXJFAWQIOJF9.C5F9SRGKQ7PF1D7D0AMN-1G3SI25JTBYK6QVIRNOT0S','2025-03-08 08:30:26.660637','2025-03-09 08:30:26.000000',1,'75AADFB9034E41B09E5E2550C195E02C'),(1338,'EYJHBGCIOIJIUZI1NIISINR5CCI6IKPXVCJ9.EYJ0B2TLBL90EXBLIJOIC2XPZGLUZYISIMV4CCI6MTC0MTQYNJIZMSWIAWF0IJOXNZQXNDIYNJMXLCJQDGKIOII0NJC0NTEYOWE1OTA0NJNJYTMZNTQZNJU0Y2Q0YWY5ZIISINJLZNJLC2HFZXHWIJOXNZQXNTA5MDMXLCJ1C2VYX2LKIJOXFQ.ENEUS7O92MOJOBN3TRWEGZIBZHNCCMJ8EQWINYSU7ME','2025-03-08 08:30:31.824038','2025-03-08 09:30:31.000000',1,'46745129A590463CA33543654CD4AF9F'),(1339,'EYJHBGCIOIJIUZI1NIISINR5CCI6IKPXVCJ9.EYJ0B2TLBL90EXBLIJOICMVMCMVZACISIMV4CCI6MTC0MTU5NDAYOCWIAWF0IJOXNZQXNTA3NJI4LCJQDGKIOII0NJJINZE2YTRIYTU0ZGEXYTA1ODJKOGE3YJQXYZG0NSISINVZZXJFAWQIOJF9.JRCZZRA3UTOIY3C7KVU52_0BKAYPVFY_1PHWVH9DA3K','2025-03-09 08:07:08.302093','2025-03-10 08:07:08.000000',1,'462B716A4BA54DA1A0582D8A7B41C845'),(1340,'EYJHBGCIOIJIUZI1NIISINR5CCI6IKPXVCJ9.EYJ0B2TLBL90EXBLIJOIC2XPZGLUZYISIMV4CCI6MTC0MTUXMTIZMIWIAWF0IJOXNZQXNTA3NJMYLCJQDGKIOIJIZWMXMZA5ZMM1MTE0MWE4YJJIOTEXYJYZMGFINWM4ZIISINJLZNJLC2HFZXHWIJOXNZQXNTK0MDMYLCJ1C2VYX2LKIJOXFQ.FEOLXXGOIFD_L9YLM2MJDTSONYE91KLAF02BCUQKMWI','2025-03-09 08:07:12.556743','2025-03-09 09:07:12.000000',1,'BEC1309FC51141A8B2B911B630AB5C8F'),(1341,'EYJHBGCIOIJIUZI1NIISINR5CCI6IKPXVCJ9.EYJ0B2TLBL90EXBLIJOICMVMCMVZACISIMV4CCI6MTC0MTU5OTMYOCWIAWF0IJOXNZQXNTEYOTI4LCJQDGKIOII0ZGIXYTKZMDE2M2U0ZJRIOGUYMDMYNZRJZGRJY2MXZSISINVZZXJFAWQIOJF9.YL-TEUENC0JIEDPR37MVIP-JPEX9EWGIZJVXDUYT5KW','2025-03-09 09:35:28.849404','2025-03-10 09:35:28.000000',1,'4DB1A930163E4F4B8E203274CDDCCC1E'),(1342,'EYJHBGCIOIJIUZI1NIISINR5CCI6IKPXVCJ9.EYJ0B2TLBL90EXBLIJOIC2XPZGLUZYISIMV4CCI6MTC0MTUXNJUZMCWIAWF0IJOXNZQXNTEYOTMWLCJQDGKIOIJINJEZNZBJNZLJY2I0MTVKOTHMMZI2NTI5YZJHNWUXZCISINJLZNJLC2HFZXHWIJOXNZQXNTK5MZMWLCJ1C2VYX2LKIJOXFQ.9QMI9NJXLU5QGTWGG3MZHXWDTMSMKQTFY3UI2ZILUGG','2025-03-09 09:35:30.782681','2025-03-09 10:35:30.000000',1,'B61370C79CCB415D98F326529C2A5E1D'),(1343,'EYJHBGCIOIJIUZI1NIISINR5CCI6IKPXVCJ9.EYJ0B2TLBL90EXBLIJOICMVMCMVZACISIMV4CCI6MTC0MTY2NJMYNIWIAWF0IJOXNZQXNTC5OTI2LCJQDGKIOIIZNWYWZTI1ZWY3YWQ0NTDKOTC3MZDKODBMNJIYNTU1MIISINVZZXJFAWQIOJF9.FYOZ_V3TV5JVCP3U6E7PPFWS6Q3ACZ8M7SDPFM8CMOK','2025-03-10 04:12:06.670212','2025-03-11 04:12:06.000000',1,'35F0E25EF7AD457D97737D80F6225552'),(1344,'EYJHBGCIOIJIUZI1NIISINR5CCI6IKPXVCJ9.EYJ0B2TLBL90EXBLIJOIC2XPZGLUZYISIMV4CCI6MTC0MTU4MZUZMIWIAWF0IJOXNZQXNTC5OTMYLCJQDGKIOII1NWNHYWMYYMVJMWQ0NJGZOWRJNMZIMGZLY2QYZTEWNYISINJLZNJLC2HFZXHWIJOXNZQXNJY2MZMYLCJ1C2VYX2LKIJOXFQ.ZOVER8RXA860S50FQ0F3F2H0F-133RK1VN6RCLL62EG','2025-03-10 04:12:12.258458','2025-03-10 05:12:12.000000',1,'55CAAC2BEC1D46839DC6FB0FECD2E107'),(1345,'EYJHBGCIOIJIUZI1NIISINR5CCI6IKPXVCJ9.EYJ0B2TLBL90EXBLIJOICMVMCMVZACISIMV4CCI6MTC0MTY2ODCWMCWIAWF0IJOXNZQXNTGYMZAWLCJQDGKIOIIWYJNHODUWOTHHMDK0NTIYYWY1ZWM3NDMXNGE5ZJAXNYISINVZZXJFAWQIOJF9.S3098F8Z2ENLKUUAGVSTWORD7PTLS3WIDA4M_H6FVAA','2025-03-10 04:51:40.788776','2025-03-11 04:51:40.000000',1,'0B3A85098A094522AF5EC74314A9F017'),(1346,'EYJHBGCIOIJIUZI1NIISINR5CCI6IKPXVCJ9.EYJ0B2TLBL90EXBLIJOIC2XPZGLUZYISIMV4CCI6MTC0MTU4NTKWMIWIAWF0IJOXNZQXNTGYMZAYLCJQDGKIOII1OTGXODFMMDU5MDK0NGU1YJRJYMY5MZU5YWJLNGRHMSISINJLZNJLC2HFZXHWIJOXNZQXNJY4NZAYLCJ1C2VYX2LKIJOXFQ.QQXTYDXEYFT2KXPGJUQ1FTDOSK0RBBRHC1OTGAZPJJ8','2025-03-10 04:51:42.611094','2025-03-10 05:51:42.000000',1,'598181F0590944E5B4CBF9359ABE4DA1'),(1347,'EYJHBGCIOIJIUZI1NIISINR5CCI6IKPXVCJ9.EYJ0B2TLBL90EXBLIJOICMVMCMVZACISIMV4CCI6MTC0MTY2ODCZNSWIAWF0IJOXNZQXNTGYMZM1LCJQDGKIOIJJNJRJYJC1ODIXZDU0OTJHYMY4NZVKMZQYMDIYNTI3YYISINVZZXJFAWQIOJF9.0_QSLCFE_XSMGPVVXVEJCJWB0OR4CC43MWBFPZ7VXQM','2025-03-10 04:52:15.262453','2025-03-11 04:52:15.000000',1,'C64CB75821D5492ABF875D342022527C'),(1348,'EYJHBGCIOIJIUZI1NIISINR5CCI6IKPXVCJ9.EYJ0B2TLBL90EXBLIJOIC2XPZGLUZYISIMV4CCI6MTC0MTU4NTK0MIWIAWF0IJOXNZQXNTGYMZQYLCJQDGKIOIJJNZE0YTQ1YTK1ODE0MTI4YJMZNJA4Y2FINZHJYTY3MIISINJLZNJLC2HFZXHWIJOXNZQXNJY4NZQYLCJ1C2VYX2LKIJOXFQ.5BVD5SST2-88ASTLNRFDTFO9F5HN6WBFETQ4R2LAALM','2025-03-10 04:52:22.598761','2025-03-10 05:52:22.000000',1,'C714A45A95814128B33608CAB78CA672'),(1349,'EYJHBGCIOIJIUZI1NIISINR5CCI6IKPXVCJ9.EYJ0B2TLBL90EXBLIJOICMVMCMVZACISIMV4CCI6MTC0MTY2ODK3MIWIAWF0IJOXNZQXNTGYNTCYLCJQDGKIOIIYMTNIODBKZDLHYZA0NDK0YWRHYTNMYJC5NGQZODDKYIISINVZZXJFAWQIOJF9.POPYDKBAG2SMN5JZI_R0MP1ESJ0RHDOQ3EYORBK3XK0','2025-03-10 04:56:12.123098','2025-03-11 04:56:12.000000',1,'213B80DD9AC04494ADAA3FB794D387DB'),(1350,'EYJHBGCIOIJIUZI1NIISINR5CCI6IKPXVCJ9.EYJ0B2TLBL90EXBLIJOIC2XPZGLUZYISIMV4CCI6MTC0MTU4NJE3NIWIAWF0IJOXNZQXNTGYNTC2LCJQDGKIOII3YTFHZTNKODQXMME0NJQ4ODCYM2U4YWRLYMYWZTGZZSISINJLZNJLC2HFZXHWIJOXNZQXNJY4OTC2LCJ1C2VYX2LKIJOXFQ.YXFB9YYALG4_CFADQFCBZMY7C-OS3OEOSL4W9GYFLRE','2025-03-10 04:56:16.850714','2025-03-10 05:56:16.000000',1,'7A1AE3D8412A46488723E8ADEBF0E83E'),(1351,'EYJHBGCIOIJIUZI1NIISINR5CCI6IKPXVCJ9.EYJ0B2TLBL90EXBLIJOICMVMCMVZACISIMV4CCI6MTC0MTY4MZMZOCWIAWF0IJOXNZQXNTK2OTM4LCJQDGKIOIJLNTK3YWVMYTAZMWE0ODRKODM4YJMXNTKXZJFLMZZHNIISINVZZXJFAWQIOJF9.XHEX3NGLSYPJE-4KHQU6Z36VEQE3AAI1V10QB-NDH8K','2025-03-10 08:55:38.220880','2025-03-11 08:55:38.000000',1,'E597AEFA031A484D838B31591F1E36A6'),(1352,'EYJHBGCIOIJIUZI1NIISINR5CCI6IKPXVCJ9.EYJ0B2TLBL90EXBLIJOIC2XPZGLUZYISIMV4CCI6MTC0MTYWMDU0MYWIAWF0IJOXNZQXNTK2OTQZLCJQDGKIOIJKNZIWZTDKMWQ5NZC0ODC4OGU5ZTDIM2JMNJA4NDKWZIISINJLZNJLC2HFZXHWIJOXNZQXNJGZMZQZLCJ1C2VYX2LKIJOXFQ.CYGXZLJ4MXNMZHT1ZHZZRAEP-FQ9DPQGEZEC8XGVDTG','2025-03-10 08:55:43.110104','2025-03-10 09:55:43.000000',1,'D720E7D1D97748788E9E7B3BF608490F'),(1353,'EYJHBGCIOIJIUZI1NIISINR5CCI6IKPXVCJ9.EYJ0B2TLBL90EXBLIJOICMVMCMVZACISIMV4CCI6MTC0MTY4NDE0MYWIAWF0IJOXNZQXNTK3NZQZLCJQDGKIOIJJN2JHOGY4OGVKYTE0MDNHYJKWNGE0ZDUWNGFMNDC2ZSISINVZZXJFAWQIOJF9.V9FJXCD7ZONANLJINQW3FLOMKMVAWNQ1Y5T-5WP7VMY','2025-03-10 09:09:03.550470','2025-03-11 09:09:03.000000',1,'C7BA8F88EDA1403AB904A4D504AF476E'),(1354,'EYJHBGCIOIJIUZI1NIISINR5CCI6IKPXVCJ9.EYJ0B2TLBL90EXBLIJOIC2XPZGLUZYISIMV4CCI6MTC0MTYWMTM0NSWIAWF0IJOXNZQXNTK3NZQ1LCJQDGKIOIJIZTBLZMFMZJQ4YZQ0ZTG5OTYYNTRHNWNKMMM5YTE3NCISINJLZNJLC2HFZXHWIJOXNZQXNJG0MTQ1LCJ1C2VYX2LKIJOXFQ.WTPZKRFBXKYQJ2ITNJEPYM8LBFSRB82VJXFOPZBRBB0','2025-03-10 09:09:05.763047','2025-03-10 10:09:05.000000',1,'BE0EFAFF48C44E8996254A5CD2C9A174'),(1355,'EYJHBGCIOIJIUZI1NIISINR5CCI6IKPXVCJ9.EYJ0B2TLBL90EXBLIJOICMVMCMVZACISIMV4CCI6MTC0MTY4NDE4MIWIAWF0IJOXNZQXNTK3NZGYLCJQDGKIOIIYMMFLODY0ZDC1NTG0NDC2ODFJZDVKZJDKMTJKMDJMOSISINVZZXJFAWQIOJF9.IZS6PKQBTIJ7GPHQLPV8RG-JLO17BE-7MBRRY7BFX30','2025-03-10 09:09:42.729826','2025-03-11 09:09:42.000000',1,'22AE864D7558447681CD5DF7D12D02F9'),(1356,'EYJHBGCIOIJIUZI1NIISINR5CCI6IKPXVCJ9.EYJ0B2TLBL90EXBLIJOIC2XPZGLUZYISIMV4CCI6MTC0MTYWMTM4NIWIAWF0IJOXNZQXNTK3NZG2LCJQDGKIOIIZM2EYYTRIZMJINZA0YTE0YWIXOWYXYJU5MMM5ZDAYZIISINJLZNJLC2HFZXHWIJOXNZQXNJG0MTG2LCJ1C2VYX2LKIJOXFQ.T-VIHQNPKCCO9AWBB_ZUJ6CQCDKVVLVJREAIO_IFMTI','2025-03-10 09:09:46.272171','2025-03-10 10:09:46.000000',1,'33A2A4BFBB704A14AB19F1B592C9D02F'),(1357,'EYJHBGCIOIJIUZI1NIISINR5CCI6IKPXVCJ9.EYJ0B2TLBL90EXBLIJOICMVMCMVZACISIMV4CCI6MTC0MTY4NTY2MCWIAWF0IJOXNZQXNTK5MJYWLCJQDGKIOII3NJVLYMFKN2I3NMM0MGEWODM0Y2MYOWNHZTM5MJAWNCISINVZZXJFAWQIOJF9.-T23JFLAQWFDQVVSTBRQDNESECWWZCRV_AYPDUOPLR0','2025-03-10 09:34:20.616994','2025-03-11 09:34:20.000000',1,'765EBAD7B76C40A0834CC29CAE392004'),(1358,'EYJHBGCIOIJIUZI1NIISINR5CCI6IKPXVCJ9.EYJ0B2TLBL90EXBLIJOIC2XPZGLUZYISIMV4CCI6MTC0MTYWMJG2NCWIAWF0IJOXNZQXNTK5MJY0LCJQDGKIOII1ZTLHMTMYNWFHY2Y0MGNKYJZJMGQYOGMWZTMZMDNKOSISINJLZNJLC2HFZXHWIJOXNZQXNJG1NJY0LCJ1C2VYX2LKIJOXFQ.MVNSWH0NWVHLLRBV9VTYA58RWR0WVS2UX-DDO8GTZX4','2025-03-10 09:34:24.489937','2025-03-10 10:34:24.000000',1,'5E9A1325AACF40CDB6C0D28C0E3303D9'),(1359,'EYJHBGCIOIJIUZI1NIISINR5CCI6IKPXVCJ9.EYJ0B2TLBL90EXBLIJOICMVMCMVZACISIMV4CCI6MTC0MTY4NJKZMIWIAWF0IJOXNZQXNJAWNTMYLCJQDGKIOII2YTNHNZQXOWM1ZDU0NGU0YTKWOWE5MJQYZWI1ZGUYMIISINVZZXJFAWQIOJF9.NFIG_MDMFJD_FZJLOQBFWIGKS6W-TFDVYSTMDLS3R-O','2025-03-10 09:55:32.621162','2025-03-11 09:55:32.000000',1,'6A3A7419C5D544E4A909A9242EB5DE22'),(1360,'EYJHBGCIOIJIUZI1NIISINR5CCI6IKPXVCJ9.EYJ0B2TLBL90EXBLIJOIC2XPZGLUZYISIMV4CCI6MTC0MTYWNDEZNSWIAWF0IJOXNZQXNJAWNTM1LCJQDGKIOIIXYWE4YWMZZJVLZWU0ZTNIYTHKYZKZZTQ3NDK2MJLLNSISINJLZNJLC2HFZXHWIJOXNZQXNJG2OTM1LCJ1C2VYX2LKIJOXFQ.TZDNWWUXIYDOTRJZ4AY7EJBKHM16V-EDTDZTPZQICEE','2025-03-10 09:55:35.241746','2025-03-10 10:55:35.000000',1,'1AA8AC3F5EEE4E3BA8DC93E4749629E5'),(1361,'EYJHBGCIOIJIUZI1NIISINR5CCI6IKPXVCJ9.EYJ0B2TLBL90EXBLIJOICMVMCMVZACISIMV4CCI6MTC0MTY4OTY2OCWIAWF0IJOXNZQXNJAZMJY4LCJQDGKIOIJIMMEXNGFMYTZLYMI0YZU4ODBKZDZHMTQZYJA4MZEZNYISINVZZXJFAWQIOJF9.9LLHONKKD88V2RDN9KRI5MOHZJBTAJYWD1_YJ5JEQ5I','2025-03-10 10:41:08.650519','2025-03-11 10:41:08.000000',1,'B2A14AFA6EBB4C5880DD6A143B083137'),(1362,'EYJHBGCIOIJIUZI1NIISINR5CCI6IKPXVCJ9.EYJ0B2TLBL90EXBLIJOIC2XPZGLUZYISIMV4CCI6MTC0MTYWNJG3NCWIAWF0IJOXNZQXNJAZMJC0LCJQDGKIOIJJOGNMZTVHZGJMOWM0NWFLODA2OWIXMTRHMJEYZTMWOSISINJLZNJLC2HFZXHWIJOXNZQXNJG5NJC0LCJ1C2VYX2LKIJOXFQ.NNI5H4HAPPSSKTVKKUFDKMK2NEI8ZS4M-GCFINCFLAG','2025-03-10 10:41:14.471100','2025-03-10 11:41:14.000000',1,'C8CFE5ADBF9C45AE8069B114A212E309'),(1363,'EYJHBGCIOIJIUZI1NIISINR5CCI6IKPXVCJ9.EYJ0B2TLBL90EXBLIJOICMVMCMVZACISIMV4CCI6MTC0MTY5MDMYNYWIAWF0IJOXNZQXNJAZOTI3LCJQDGKIOIJIOGE3ZTNMMZAZZGM0YTZMYJLLODCWNWEWNJCWOTA5MYISINVZZXJFAWQIOJF9.C2HPRFXNRS5W46FFIXTB7PYE6DILY0-AVPQDQWSAZJI','2025-03-10 10:52:07.766342','2025-03-11 10:52:07.000000',1,'B8A7E3F303DC4A6FB9E8705A06709093'),(1364,'EYJHBGCIOIJIUZI1NIISINR5CCI6IKPXVCJ9.EYJ0B2TLBL90EXBLIJOIC2XPZGLUZYISIMV4CCI6MTC0MTYWNZUZMSWIAWF0IJOXNZQXNJAZOTMXLCJQDGKIOII0ZGZLYJJKY2UXY2Y0ODAXYJVMZMFHOGJKYTG3MDAZMYISINJLZNJLC2HFZXHWIJOXNZQXNJKWMZMXLCJ1C2VYX2LKIJOXFQ.FHT7ZAVMFVMNPWQMDUPW6IOAALHDMRHU7HSPIQESU1S','2025-03-10 10:52:11.114062','2025-03-10 11:52:11.000000',1,'4DFEB2DCE1CF4801B5FFAA8BDA870033'),(1365,'EYJHBGCIOIJIUZI1NIISINR5CCI6IKPXVCJ9.EYJ0B2TLBL90EXBLIJOICMVMCMVZACISIMV4CCI6MTC0MTY5MDKYOCWIAWF0IJOXNZQXNJA0NTI4LCJQDGKIOIJJYMJMN2VMMZIYZWI0ZMQWOGM5OGQXMMRLNZUYMZBMNSISINVZZXJFAWQIOJF9.LPMER4O3QR-CAGN285EM99P4VSZPJTE92OABXGADZKG','2025-03-10 11:02:08.832940','2025-03-11 11:02:08.000000',1,'CBBF7EF322EB4FD08C98D12DE75230F5'),(1366,'EYJHBGCIOIJIUZI1NIISINR5CCI6IKPXVCJ9.EYJ0B2TLBL90EXBLIJOIC2XPZGLUZYISIMV4CCI6MTC0MTYWODEZMYWIAWF0IJOXNZQXNJA0NTMZLCJQDGKIOIJKNJI3MGM5NGQZMZQ0ODU3OGQ0MMVKYTBIYTI1OWEZZSISINJLZNJLC2HFZXHWIJOXNZQXNJKWOTMZLCJ1C2VYX2LKIJOXFQ.JSZWPUPZABI1MIJDA56YCU7FOCEC6X0UFKSJCGCN1BW','2025-03-10 11:02:13.680468','2025-03-10 12:02:13.000000',1,'D6270C94D33448578D42EDA0BA259A3E'),(1367,'EYJHBGCIOIJIUZI1NIISINR5CCI6IKPXVCJ9.EYJ0B2TLBL90EXBLIJOICMVMCMVZACISIMV4CCI6MTC0MTY5MTA3MYWIAWF0IJOXNZQXNJA0NJCZLCJQDGKIOII3MMQ0NGNINJE1NTG0ZWVIYMVHY2VLNTRJMDBKOWU3NCISINVZZXJFAWQIOJF9.NFBP4NVKXM2FS-814FIHOM0XLPSUZSKREN21FX1Y0V4','2025-03-10 11:04:33.099361','2025-03-11 11:04:33.000000',1,'72D44CB615584EEBBEACEE54C00D9E74'),(1368,'EYJHBGCIOIJIUZI1NIISINR5CCI6IKPXVCJ9.EYJ0B2TLBL90EXBLIJOIC2XPZGLUZYISIMV4CCI6MTC0MTYWODI3NYWIAWF0IJOXNZQXNJA0NJC3LCJQDGKIOII0ZWEXM2RMMWNJMTK0NTQ5ODMWNJUZMTHLMTNMNDGWMIISINJLZNJLC2HFZXHWIJOXNZQXNJKXMDC3LCJ1C2VYX2LKIJOXFQ.-GXJ2-WBAIHMVOUDEKKI-IYEF4AGF_HXNTJAMK7BLRG','2025-03-10 11:04:37.466002','2025-03-10 12:04:37.000000',1,'4EA13DF1CC19454983065318E13F4802'),(1369,'EYJHBGCIOIJIUZI1NIISINR5CCI6IKPXVCJ9.EYJ0B2TLBL90EXBLIJOICMVMCMVZACISIMV4CCI6MTC0MTY5NDCZMYWIAWF0IJOXNZQXNJA4MZMZLCJQDGKIOII5ZDYXMTEXNMRMYME0NMEZYWQ2NZA0ZJA0ZMEYNTIWYYISINVZZXJFAWQIOJF9.MZJOOKOIQJQM-U3UPS4PUYFF3Q1-XF1SDLRV84VZWS4','2025-03-10 12:05:33.521057','2025-03-11 12:05:33.000000',1,'9D611116DFBA46A3AD6704F04FA2520C'),(1370,'EYJHBGCIOIJIUZI1NIISINR5CCI6IKPXVCJ9.EYJ0B2TLBL90EXBLIJOIC2XPZGLUZYISIMV4CCI6MTC0MTYXMTK0MCWIAWF0IJOXNZQXNJA4MZQWLCJQDGKIOIIXYZMXMZK5YWUWZWE0ZJBLYMQZMDVJNJFKNJDKOWRHMCISINJLZNJLC2HFZXHWIJOXNZQXNJK0NZQWLCJ1C2VYX2LKIJOXFQ.L44LHN59ZFWESF7Z_YR5GSLOJ3EFSW_MD_TXXANPCC8','2025-03-10 12:05:40.392970','2025-03-10 13:05:40.000000',1,'1C31399AE0EA4F0EBD305C61D67D9DA0'),(1371,'EYJHBGCIOIJIUZI1NIISINR5CCI6IKPXVCJ9.EYJ0B2TLBL90EXBLIJOICMVMCMVZACISIMV4CCI6MTC0MTY5NDG2MYWIAWF0IJOXNZQXNJA4NDYZLCJQDGKIOII5NJVJZJC4OTC5MZU0MTU4ODAYN2I2ZTM0ODJIYTYYMSISINVZZXJFAWQIOJF9.AZ-6BUHZ9FVRZFHPV769PWHAYVIVIBAALHLRASVB6XY','2025-03-10 12:07:43.290337','2025-03-11 12:07:43.000000',1,'965CF789793541588027B6E3482BA621'),(1372,'EYJHBGCIOIJIUZI1NIISINR5CCI6IKPXVCJ9.EYJ0B2TLBL90EXBLIJOIC2XPZGLUZYISIMV4CCI6MTC0MTYXMJA2NSWIAWF0IJOXNZQXNJA4NDY1LCJQDGKIOII4ODVHNZKWZMEYYTE0N2YZYMEYNZBMNZMYNJBIZJY1NSISINJLZNJLC2HFZXHWIJOXNZQXNJK0ODY1LCJ1C2VYX2LKIJOXFQ.NLSPTI4TUIX6ZJ2KKQQMYY7QI2LEREPVY4QV0WOIOMO','2025-03-10 12:07:45.517045','2025-03-10 13:07:45.000000',1,'885A790FA2A147F3BA270F73260BF655'),(1373,'EYJHBGCIOIJIUZI1NIISINR5CCI6IKPXVCJ9.EYJ0B2TLBL90EXBLIJOICMVMCMVZACISIMV4CCI6MTC0MTCWNTC1NSWIAWF0IJOXNZQXNJE5MZU1LCJQDGKIOII1ZME3ZJG2ZWU0MGQ0MDRHOWFINZU0YZA5NTU0ZTA4NIISINVZZXJFAWQIOJF9.GQIOIVSHJUXVGKUFVUXJTK7WSXUJMUGDXB0CN_WXZWY','2025-03-10 15:09:15.100903','2025-03-11 15:09:15.000000',1,'5FA7F86EE40D404A9AB754C09554E086'),(1374,'EYJHBGCIOIJIUZI1NIISINR5CCI6IKPXVCJ9.EYJ0B2TLBL90EXBLIJOIC2XPZGLUZYISIMV4CCI6MTC0MTYYMJK1OSWIAWF0IJOXNZQXNJE5MZU5LCJQDGKIOII2MDC0NZY1Y2JJMJG0YJNKOTY0MMYZYJK0OGE5MWNMZCISINJLZNJLC2HFZXHWIJOXNZQXNZA1NZU5LCJ1C2VYX2LKIJOXFQ.I0QZWLKEXZ9N_MLUHVQA65MULCOZEUFUAGXRWWA9HPE','2025-03-10 15:09:19.531442','2025-03-10 16:09:19.000000',1,'6074765CBC284B3D9642F3B948A91CFD'),(1375,'EYJHBGCIOIJIUZI1NIISINR5CCI6IKPXVCJ9.EYJ0B2TLBL90EXBLIJOICMVMCMVZACISIMV4CCI6MTC0MTC1MZMWMIWIAWF0IJOXNZQXNJY2OTAYLCJQDGKIOII0YJZJMTNMM2UXNGE0MTHLYJA4YZJMZWNKZMIYOGYXZCISINVZZXJFAWQIOJF9.A8WJPZMALLDBMOTUMSD_BFJSRLIYPNFFXY_I6_8TJTY','2025-03-11 04:21:42.588831','2025-03-12 04:21:42.000000',1,'4B6C13F3E14A418EB08C2FECDFB28F1D'),(1376,'EYJHBGCIOIJIUZI1NIISINR5CCI6IKPXVCJ9.EYJ0B2TLBL90EXBLIJOIC2XPZGLUZYISIMV4CCI6MTC0MTY3MDUWNIWIAWF0IJOXNZQXNJY2OTA2LCJQDGKIOIIXMZC1MWNHZTYWMDK0ZDI2YWQYMGYXNJIXZDMXMZBLNSISINJLZNJLC2HFZXHWIJOXNZQXNZUZMZA2LCJ1C2VYX2LKIJOXFQ.NVMRLSAAKVX7KUDHV5QVXAYGV_47JCSTSB5POMALC5M','2025-03-11 04:21:46.837873','2025-03-11 05:21:46.000000',1,'13751CAE60094D26AD20F1621D3130E5'),(1377,'EYJHBGCIOIJIUZI1NIISINR5CCI6IKPXVCJ9.EYJ0B2TLBL90EXBLIJOICMVMCMVZACISIMV4CCI6MTC0MTC1NDEZNSWIAWF0IJOXNZQXNJY3NZM1LCJQDGKIOII2OGVHYTZHZTI0MGY0ZGYZOGY1YZE3YZBHOTG1YTZIYSISINVZZXJFAWQIOJF9.9CE5X-NAYQGIXG0ZBKM0FT2YIQSGZACPAYWET_MZUIK','2025-03-11 04:35:35.135688','2025-03-12 04:35:35.000000',1,'68EAA6AE240F4DF38F5C17C0A985A6BA'),(1378,'EYJHBGCIOIJIUZI1NIISINR5CCI6IKPXVCJ9.EYJ0B2TLBL90EXBLIJOIC2XPZGLUZYISIMV4CCI6MTC0MTY3MTMZOSWIAWF0IJOXNZQXNJY3NZM5LCJQDGKIOIJIYWU3NDMYYJBHZJG0N2IXOTRMYTFINJUWNDE5ZTGXZIISINJLZNJLC2HFZXHWIJOXNZQXNZU0MTM5LCJ1C2VYX2LKIJOXFQ.QTMLBFPBQLHNEKOBXUB7RLHNVAKBFKVRKMYDZ5Z1FE0','2025-03-11 04:35:39.609354','2025-03-11 05:35:39.000000',1,'BAE7432B0AF847B194FA1B650419E81F'),(1379,'EYJHBGCIOIJIUZI1NIISINR5CCI6IKPXVCJ9.EYJ0B2TLBL90EXBLIJOICMVMCMVZACISIMV4CCI6MTC0MTC1NDQ1MCWIAWF0IJOXNZQXNJY4MDUWLCJQDGKIOIJLZJCXNDMYMDYXNDY0MTDHYWE2OGFLNTVJNDCWMTVIOCISINVZZXJFAWQIOJF9.PUWVTSJEIWZLBWLOCE3EDVUUKM5FLNDQX5GJV3FL1Y8','2025-03-11 04:40:50.841882','2025-03-12 04:40:50.000000',1,'EF7143206146417AAA68AE55C47015B8'),(1380,'EYJHBGCIOIJIUZI1NIISINR5CCI6IKPXVCJ9.EYJ0B2TLBL90EXBLIJOIC2XPZGLUZYISIMV4CCI6MTC0MTY3MTY1NSWIAWF0IJOXNZQXNJY4MDU1LCJQDGKIOIIXMZYWMZC3MTQXNMI0ZWVHOTG4NMNLNTQ5ODRJMMIZNIISINJLZNJLC2HFZXHWIJOXNZQXNZU0NDU1LCJ1C2VYX2LKIJOXFQ.ODLWKJIHGHX2CRR1HKBPCYEKZCC8XWG8IDEGT63AJNC','2025-03-11 04:40:55.206223','2025-03-11 05:40:55.000000',1,'13603771416B4EEA9886CE54984C2B36'),(1381,'EYJHBGCIOIJIUZI1NIISINR5CCI6IKPXVCJ9.EYJ0B2TLBL90EXBLIJOICMVMCMVZACISIMV4CCI6MTC0MTC1NTAYMIWIAWF0IJOXNZQXNJY4NJIYLCJQDGKIOII2MMVLZDKYZDKYYWU0ODVIYMY4MWQ4OGIWZJQ2NZM5MCISINVZZXJFAWQIOJF9.4LA9FK7PKIFCADQBPQMZFWISDURH8ZSEXUWHSCVOHGM','2025-03-11 04:50:22.459989','2025-03-12 04:50:22.000000',1,'62EED92D92AE485BBF81D88B0F467390'),(1382,'EYJHBGCIOIJIUZI1NIISINR5CCI6IKPXVCJ9.EYJ0B2TLBL90EXBLIJOIC2XPZGLUZYISIMV4CCI6MTC0MTY3MJIYNYWIAWF0IJOXNZQXNJY4NJI3LCJQDGKIOIJLZDK0MWVMMJM4ZJM0MZI4YMRHOGZMMJY1MDGZMTFIOCISINJLZNJLC2HFZXHWIJOXNZQXNZU1MDI3LCJ1C2VYX2LKIJOXFQ.GJ-DXXUQHTYNMWXHMKCHMKV8N2M5RS6WSUFPL8V_KFU','2025-03-11 04:50:27.004021','2025-03-11 05:50:27.000000',1,'ED941EF238F34328BDA8FF26508311B8'),(1383,'EYJHBGCIOIJIUZI1NIISINR5CCI6IKPXVCJ9.EYJ0B2TLBL90EXBLIJOICMVMCMVZACISIMV4CCI6MTC0MTC1NJA2MSWIAWF0IJOXNZQXNJY5NJYXLCJQDGKIOIJHNJK3MWJHZGVJODY0YJDHYWVMMJJJYMZHYMFHOTJLZIISINVZZXJFAWQIOJF9.FKZPWER1D-HNR_Z8YPGHVI4JP1KSDSW-_VCQ8HYSKYA','2025-03-11 05:07:41.875921','2025-03-12 05:07:41.000000',1,'A6971BADEC864B7AAEF22CBFABAA92EF'),(1384,'EYJHBGCIOIJIUZI1NIISINR5CCI6IKPXVCJ9.EYJ0B2TLBL90EXBLIJOIC2XPZGLUZYISIMV4CCI6MTC0MTY3MZI2NIWIAWF0IJOXNZQXNJY5NJY2LCJQDGKIOII0MJJJZWNMYZQ5ZJC0NJJJYJNKMMQYNMVMZJZMZGY2YSISINJLZNJLC2HFZXHWIJOXNZQXNZU2MDY2LCJ1C2VYX2LKIJOXFQ.WY8A_1JTZVCYDUPYQQU9AFENOKQ7SCC9M5FOY72ENIK','2025-03-11 05:07:46.378664','2025-03-11 06:07:46.000000',1,'422CECFC49F7462CB3D2D26EFF6FDF6A'),(1385,'EYJHBGCIOIJIUZI1NIISINR5CCI6IKPXVCJ9.EYJ0B2TLBL90EXBLIJOICMVMCMVZACISIMV4CCI6MTC0MTC1NJM4OSWIAWF0IJOXNZQXNJY5OTG5LCJQDGKIOII2MTK5MTYYMTGZM2M0MDVHOTI5OTFIZGEYM2EXNDRIZIISINVZZXJFAWQIOJF9.N2NRANFCBJ89GH0TDJNWXAYVIBAKP322SOR20OHBDVO','2025-03-11 05:13:09.364471','2025-03-12 05:13:09.000000',1,'61991621833C405A92991BDA23A144BF'),(1386,'EYJHBGCIOIJIUZI1NIISINR5CCI6IKPXVCJ9.EYJ0B2TLBL90EXBLIJOIC2XPZGLUZYISIMV4CCI6MTC0MTY3MZU5MYWIAWF0IJOXNZQXNJY5OTKZLCJQDGKIOII5OGJLMJDKNMRLYZQ0NZHKYTI3NJRHMDDHM2YYZDJJYSISINJLZNJLC2HFZXHWIJOXNZQXNZU2MZKZLCJ1C2VYX2LKIJOXFQ.1AIJSISPYGIII6VOH8_RGBTYLZKQXH6KYFOM9XHITEW','2025-03-11 05:13:13.159410','2025-03-11 06:13:13.000000',1,'98BE27D6DEC4478DA2764A07A3F2D2CA'),(1387,'EYJHBGCIOIJIUZI1NIISINR5CCI6IKPXVCJ9.EYJ0B2TLBL90EXBLIJOICMVMCMVZACISIMV4CCI6MTC0MTC1NZM3NIWIAWF0IJOXNZQXNJCWOTC2LCJQDGKIOII5MWNIYJVJNZJIZDE0NZBKYJKXODBJNZQ3ZGYZNJM0MCISINVZZXJFAWQIOJF9.5JGPUQGKIOBJV0502L4W7SEQTYLYUZB3LCXM1ZQXLOA','2025-03-11 05:29:36.080406','2025-03-12 05:29:36.000000',1,'91CBB5C72BD1470DB9180C747DF36340'),(1388,'EYJHBGCIOIJIUZI1NIISINR5CCI6IKPXVCJ9.EYJ0B2TLBL90EXBLIJOIC2XPZGLUZYISIMV4CCI6MTC0MTY3NDU4MCWIAWF0IJOXNZQXNJCWOTGWLCJQDGKIOIIZMTEZNMNJOWE3YTU0MWY3YTRHNMJIYJLMYJZHMTLIYIISINJLZNJLC2HFZXHWIJOXNZQXNZU3MZGWLCJ1C2VYX2LKIJOXFQ.6HVRVO1OJMVOJEAU29MQOWQDUGHWMLEEELJFB5IG4EW','2025-03-11 05:29:40.388887','2025-03-11 06:29:40.000000',1,'31136CC9A7A541F7A4A6BBB9FB6A19BB'),(1389,'EYJHBGCIOIJIUZI1NIISINR5CCI6IKPXVCJ9.EYJ0B2TLBL90EXBLIJOICMVMCMVZACISIMV4CCI6MTC0MTC5NTG3OCWIAWF0IJOXNZQXNZA5NDC4LCJQDGKIOIJKZDA1MTQZNJE2MJG0YZEWODC2MGU2M2JLYJKZYJJKOCISINVZZXJFAWQIOJF9.GP_BBHQG0L6TRHM5G9_IX74RCUWO9FKDYUK03HCXYZS','2025-03-11 16:11:18.811404','2025-03-12 16:11:18.000000',1,'DD05143616284C108760E63BEB93B2D8'),(1390,'EYJHBGCIOIJIUZI1NIISINR5CCI6IKPXVCJ9.EYJ0B2TLBL90EXBLIJOIC2XPZGLUZYISIMV4CCI6MTC0MTCXMZA4MSWIAWF0IJOXNZQXNZA5NDGXLCJQDGKIOIJHNDHMZWJIYJQ2YZE0YMY4OTQWNMU2NGU0YJLHNZUZYIISINJLZNJLC2HFZXHWIJOXNZQXNZK1ODGXLCJ1C2VYX2LKIJOXFQ.JLBI9UC0YQYUGJTQCLJXCR3OUTVVKERMKKZF3GYCPQY','2025-03-11 16:11:21.762928','2025-03-11 17:11:21.000000',1,'A48FEBBB46C14BF89406E64E4B9A753B'),(1391,'EYJHBGCIOIJIUZI1NIISINR5CCI6IKPXVCJ9.EYJ0B2TLBL90EXBLIJOICMVMCMVZACISIMV4CCI6MTC0MTC5NTG4OSWIAWF0IJOXNZQXNZA5NDG5LCJQDGKIOII1YJLJMTAZNTQWZJC0NMQ1YMI2OTI5MMRJMZU1N2M2MIISINVZZXJFAWQIOJF9.U5OKKTOQZ34WFMSBG_B6VGVAYFRJ1BDVCMGEPLZ0H_W','2025-03-11 16:11:29.970996','2025-03-12 16:11:29.000000',1,'5B9C103540F746D5BB69292DC3557C62'),(1392,'EYJHBGCIOIJIUZI1NIISINR5CCI6IKPXVCJ9.EYJ0B2TLBL90EXBLIJOIC2XPZGLUZYISIMV4CCI6MTC0MTCXMZA5MYWIAWF0IJOXNZQXNZA5NDKZLCJQDGKIOIIWNMI1YTFJZTQ4NZQ0ZGY1OTZKMJCWZDJJZDIWZWU1MCISINJLZNJLC2HFZXHWIJOXNZQXNZK1ODKZLCJ1C2VYX2LKIJOXFQ.MHFMX3D-PE4TXUCSVCCV0U55MBLWN3Z7ZNQ-O9ATV_4','2025-03-11 16:11:33.195822','2025-03-11 17:11:33.000000',1,'06B5A1CE48744DF596D270D2CD20EE50'),(1393,'EYJHBGCIOIJIUZI1NIISINR5CCI6IKPXVCJ9.EYJ0B2TLBL90EXBLIJOICMVMCMVZACISIMV4CCI6MTC0MTC5NJEYOCWIAWF0IJOXNZQXNZA5NZI4LCJQDGKIOIJIYTZJZWEYMGQ5ZTI0MGFIOGEXOWYYNTGYZMYYZDNJOSISINVZZXJFAWQIOJF9.PJ2P-1GRVGU7VQ7HXZISW3EYXRCJHNWR3EKHGNKGELS','2025-03-11 16:15:28.764158','2025-03-12 16:15:28.000000',1,'BA6CEA20D9E240AB8A19F2582FF2D3C9'),(1394,'EYJHBGCIOIJIUZI1NIISINR5CCI6IKPXVCJ9.EYJ0B2TLBL90EXBLIJOIC2XPZGLUZYISIMV4CCI6MTC0MTCXMZMZMIWIAWF0IJOXNZQXNZA5NZMYLCJQDGKIOIJHMWRLNWNJZDA4OTC0ZGJIOGNHMZUWYWI0YWI0ZDC5MCISINJLZNJLC2HFZXHWIJOXNZQXNZK2MTMYLCJ1C2VYX2LKIJOXFQ.MKZH0PS0ATMV-CFHTYP5JYFCTKXTUIFSL8ORB_MEIQO','2025-03-11 16:15:32.855732','2025-03-11 17:15:32.000000',1,'A1DE5CCD08974DBB8CA350AB4AB4D790'),(1395,'EYJHBGCIOIJIUZI1NIISINR5CCI6IKPXVCJ9.EYJ0B2TLBL90EXBLIJOICMVMCMVZACISIMV4CCI6MTC0MTG0MDG3OCWIAWF0IJOXNZQXNZU0NDC4LCJQDGKIOII1ZWNHMMEYYWEZYJU0MDKWYMU3NJFKNMM0NDCYMTYZOSISINVZZXJFAWQIOJF9.PQIQECJ8OCKY4OZZQ35PCAY2QCL0UPID2ZFDNHQZYMW','2025-03-12 04:41:18.922216','2025-03-13 04:41:18.000000',1,'5ECA2A2AA3B54090BE761D6C44721639'),(1396,'EYJHBGCIOIJIUZI1NIISINR5CCI6IKPXVCJ9.EYJ0B2TLBL90EXBLIJOIC2XPZGLUZYISIMV4CCI6MTC0MTC1ODA4MSWIAWF0IJOXNZQXNZU0NDGXLCJQDGKIOIIXMJQ5YTY1N2EWOGY0ZGJJYMEXOTI2NJRKZTHKZWYYMCISINJLZNJLC2HFZXHWIJOXNZQXODQWODGXLCJ1C2VYX2LKIJOXFQ.JM-Z06BX-ONX9NOBZMPWSRCVWHINKJQUUAB3O_DMFS4','2025-03-12 04:41:21.944400','2025-03-12 05:41:21.000000',1,'1249A657A08F4DBCBA192664DE8DEF20'),(1397,'EYJHBGCIOIJIUZI1NIISINR5CCI6IKPXVCJ9.EYJ0B2TLBL90EXBLIJOICMVMCMVZACISIMV4CCI6MTC0MTG0MJMWNYWIAWF0IJOXNZQXNZU1OTA3LCJQDGKIOIJLYJA4MJZHOGUWOWQ0Y2M4YTQ1NTDKOTQ4NJJMMDBMOCISINVZZXJFAWQIOJF9.AVHAU5SNLJTZFR-KY7F7A7BNMKXAALGNDXFVE4TUXAM','2025-03-12 05:05:07.677649','2025-03-13 05:05:07.000000',1,'EB0826A8E09D4CC8A4557D94862F00F8'),(1398,'EYJHBGCIOIJIUZI1NIISINR5CCI6IKPXVCJ9.EYJ0B2TLBL90EXBLIJOICMVMCMVZACISIMV4CCI6MTC0MTG0MJMXNYWIAWF0IJOXNZQXNZU1OTE3LCJQDGKIOII3YJK2ODLIOTAWODE0MWZIYJDMMWZKYTJMZMIYNWI0YYISINVZZXJFAWQIOJF9.ME_YA_YI1DCZCM0MSVGAXRYQDPW5EBO4D8HUOUJM5N0','2025-03-12 05:05:17.446918','2025-03-13 05:05:17.000000',1,'7B9689B9008141FBB7F1FDA2FFB25B4C'),(1399,'EYJHBGCIOIJIUZI1NIISINR5CCI6IKPXVCJ9.EYJ0B2TLBL90EXBLIJOICMVMCMVZACISIMV4CCI6MTC0MTG0MJMYMSWIAWF0IJOXNZQXNZU1OTIXLCJQDGKIOIJLZJNHNDGYYTRHODA0OTA1YTVMYJUZYJVMYTG1OTFKZSISINVZZXJFAWQIOJF9.OZMBCHB9UWYNSFTEVJSYMU5L_5-SJ7CNWFR2_8O5MRE','2025-03-12 05:05:21.329741','2025-03-13 05:05:21.000000',1,'EF3A482A4A804905A5FB53B5FA8591DE'),(1400,'EYJHBGCIOIJIUZI1NIISINR5CCI6IKPXVCJ9.EYJ0B2TLBL90EXBLIJOIC2XPZGLUZYISIMV4CCI6MTC0MTC1OTUYNSWIAWF0IJOXNZQXNZU1OTI1LCJQDGKIOII0ZDDJY2Y3NME2MZQ0NMIZODKZZTQ0NTZKZMMYMMFHMYISINJLZNJLC2HFZXHWIJOXNZQXODQYMZI1LCJ1C2VYX2LKIJOXFQ.HT4I3G6CR1TD-D4O8CKL9WAV3WJG6K-UDCKEQN7J-1G','2025-03-12 05:05:25.087449','2025-03-12 06:05:25.000000',1,'4D7CCF76A63446B3893E4456DFC22AA3'),(1401,'EYJHBGCIOIJIUZI1NIISINR5CCI6IKPXVCJ9.EYJ0B2TLBL90EXBLIJOIC2XPZGLUZYISIMV4CCI6MTC0MTC1OTUZMSWIAWF0IJOXNZQXNZU1OTMXLCJQDGKIOII5NZK1MTU4OTA1OGE0NDC2ODK4YTG0MWQYZTAXYZK3MSISINJLZNJLC2HFZXHWIJOXNZQXODQYMZMXLCJ1C2VYX2LKIJOXFQ.EQHMWQSNUTBMYN4HI4RN7-H7K4K9JSDMIIWO7A3MES8','2025-03-12 05:05:31.920477','2025-03-12 06:05:31.000000',1,'97951589058A4476898A841D2E01C971'),(1402,'EYJHBGCIOIJIUZI1NIISINR5CCI6IKPXVCJ9.EYJ0B2TLBL90EXBLIJOIC2XPZGLUZYISIMV4CCI6MTC0MTC2MJK2OSWIAWF0IJOXNZQXNZU5MZY5LCJQDGKIOIIYNWUYN2QYZDFMYZM0NZDMOWMXZMM5ZJA4NJIZOTC3MCISINJLZNJLC2HFZXHWIJOXNZQXODQ1NZY5LCJ1C2VYX2LKIJOXFQ.WKMWGGFDTUPFWMIFGE6VNMCM_VCVGEYOQHACDXETGRQ','2025-03-12 06:02:49.069698','2025-03-12 07:02:49.000000',1,'25E27D2D1FC3477F9C1FC9F086239770'),(1403,'EYJHBGCIOIJIUZI1NIISINR5CCI6IKPXVCJ9.EYJ0B2TLBL90EXBLIJOIC2XPZGLUZYISIMV4CCI6MTC0MTC2MJK2OSWIAWF0IJOXNZQXNZU5MZY5LCJQDGKIOIJKNWZIYJIXYWMXMTQ0ZTC2YJCZMDGXYWNHMTUWNMYXNSISINJLZNJLC2HFZXHWIJOXNZQXODQ1NZY5LCJ1C2VYX2LKIJOXFQ.Q50JBOIPUY2GPYXUFII2YUHGSTHBL6J-QHS-B9F9DQS','2025-03-12 06:02:49.082124','2025-03-12 07:02:49.000000',1,'D5FBB21AC1144E76B73081ACA1506F15'),(1404,'EYJHBGCIOIJIUZI1NIISINR5CCI6IKPXVCJ9.EYJ0B2TLBL90EXBLIJOIC2XPZGLUZYISIMV4CCI6MTC0MTC2MJK2OSWIAWF0IJOXNZQXNZU5MZY5LCJQDGKIOIIZZTEZNDEXZDKXODE0NZIWOGNMNMYXMJLJZJCZZWVJYYISINJLZNJLC2HFZXHWIJOXNZQXODQ1NZY5LCJ1C2VYX2LKIJOXFQ.QBATYKNRZL3901ERENSQFTTSRB9QACGERLGZUEWUF3Q','2025-03-12 06:02:49.112564','2025-03-12 07:02:49.000000',1,'3E13411D918147208CF6F129CF73EECC'),(1405,'EYJHBGCIOIJIUZI1NIISINR5CCI6IKPXVCJ9.EYJ0B2TLBL90EXBLIJOIC2XPZGLUZYISIMV4CCI6MTC0MTC2MJK2OSWIAWF0IJOXNZQXNZU5MZY5LCJQDGKIOIIYYMJINJUWNZG3ZJK0YWQ2YJHHNZBMMMEYNMYXMTVLMSISINJLZNJLC2HFZXHWIJOXNZQXODQ1NZY5LCJ1C2VYX2LKIJOXFQ.YUVUENEU-6HFNVYEXGEUFWPHSVMHIMIAH6RQKVPYFJG','2025-03-12 06:02:49.126496','2025-03-12 07:02:49.000000',1,'2BBB650787F94AD6B8A70F2A26F115E1'),(1406,'EYJHBGCIOIJIUZI1NIISINR5CCI6IKPXVCJ9.EYJ0B2TLBL90EXBLIJOIC2XPZGLUZYISIMV4CCI6MTC0MTC2MJK2OSWIAWF0IJOXNZQXNZU5MZY5LCJQDGKIOII3MWEWY2Q1MTY1NMI0NGIYOWNMMGIWNDC2MZFKOGNHYIISINJLZNJLC2HFZXHWIJOXNZQXODQ1NZY5LCJ1C2VYX2LKIJOXFQ.DV3YZAJ7IHKCE_SZR4J8L6IJ1S9BG-L2U79QJ1BYB6E','2025-03-12 06:02:49.142845','2025-03-12 07:02:49.000000',1,'71A0CD51656B44B29CF0B047631D8CAB'),(1407,'EYJHBGCIOIJIUZI1NIISINR5CCI6IKPXVCJ9.EYJ0B2TLBL90EXBLIJOIC2XPZGLUZYISIMV4CCI6MTC0MTC2MJK2OSWIAWF0IJOXNZQXNZU5MZY5LCJQDGKIOIIYMZRLOGMWNGU1NGY0MJA2ODM1MDQ1YJKWZWZMODNMZCISINJLZNJLC2HFZXHWIJOXNZQXODQ1NZY5LCJ1C2VYX2LKIJOXFQ.WKY9MJXU90P3TQVR5HMGDDWMESYKN5ZMJE7IJ5TBACS','2025-03-12 06:02:49.175621','2025-03-12 07:02:49.000000',1,'234E8C04E54F4206835045B90EFF83FD'),(1408,'EYJHBGCIOIJIUZI1NIISINR5CCI6IKPXVCJ9.EYJ0B2TLBL90EXBLIJOIC2XPZGLUZYISIMV4CCI6MTC0MTC2MJK2OSWIAWF0IJOXNZQXNZU5MZY5LCJQDGKIOII3NTEWOTMXZTZLZMQ0MJRMYJI3ZDM5N2RLMZNIMGYXNCISINJLZNJLC2HFZXHWIJOXNZQXODQ1NZY5LCJ1C2VYX2LKIJOXFQ.QULLUY3I5Y5OHOHMIGVMZ2UIRYPQJOURL0XNPWCZQEU','2025-03-12 06:02:49.192069','2025-03-12 07:02:49.000000',1,'7510931E6EFD424FB27D397DE33B0F14'),(1409,'EYJHBGCIOIJIUZI1NIISINR5CCI6IKPXVCJ9.EYJ0B2TLBL90EXBLIJOIC2XPZGLUZYISIMV4CCI6MTC0MTC2MJK2OSWIAWF0IJOXNZQXNZU5MZY5LCJQDGKIOII5NJCWMJGZM2U1M2E0MDFIOWFHODLKZDA4MZEWMGI0NCISINJLZNJLC2HFZXHWIJOXNZQXODQ1NZY5LCJ1C2VYX2LKIJOXFQ.BMMZZW5SGBOGS61B9UC48KOU6EJ13P4JPQFBXHGPETQ','2025-03-12 06:02:49.207478','2025-03-12 07:02:49.000000',1,'96702833E53A401B9AA89DD083100B44'),(1410,'EYJHBGCIOIJIUZI1NIISINR5CCI6IKPXVCJ9.EYJ0B2TLBL90EXBLIJOIC2XPZGLUZYISIMV4CCI6MTC0MTC2MJK2OSWIAWF0IJOXNZQXNZU5MZY5LCJQDGKIOII0N2IWYZAZZTKZY2U0N2ZMYJU0OWI3N2IZZJCZYZVMNCISINJLZNJLC2HFZXHWIJOXNZQXODQ1NZY5LCJ1C2VYX2LKIJOXFQ.QFE87KRHCAST3YR7POCWWKIC1TUQZXYXJ2TMHTHXRQ8','2025-03-12 06:02:49.222074','2025-03-12 07:02:49.000000',1,'47B0C03E93CE47FFB549B77B3F73C5F4'),(1411,'EYJHBGCIOIJIUZI1NIISINR5CCI6IKPXVCJ9.EYJ0B2TLBL90EXBLIJOIC2XPZGLUZYISIMV4CCI6MTC0MTC2MJK2OSWIAWF0IJOXNZQXNZU5MZY5LCJQDGKIOII4YJC0NDKXOWQYMWE0NTZMYJBKYJDMMDM0ZWFKN2E4MCISINJLZNJLC2HFZXHWIJOXNZQXODQ1NZY5LCJ1C2VYX2LKIJOXFQ.DFJ3JZZB1HUQHEPPZNVHI0-QAKDYMP2LO3KA-H7LGMG','2025-03-12 06:02:49.238587','2025-03-12 07:02:49.000000',1,'8B744919D21A456FB0DB7F034EAD7A80'),(1412,'EYJHBGCIOIJIUZI1NIISINR5CCI6IKPXVCJ9.EYJ0B2TLBL90EXBLIJOIC2XPZGLUZYISIMV4CCI6MTC0MTC2MJK2OSWIAWF0IJOXNZQXNZU5MZY5LCJQDGKIOIIXNDM4ODGYMZZLZDI0ZJY5OTE4MWY2MJDJZWRINDU3NSISINJLZNJLC2HFZXHWIJOXNZQXODQ1NZY5LCJ1C2VYX2LKIJOXFQ.50NJKM2SDPUPRK1YKXVFIH7EKH9BJADY_LGQPH1Y23C','2025-03-12 06:02:49.253382','2025-03-12 07:02:49.000000',1,'143888236ED24F699181F627CEDB4575'),(1413,'EYJHBGCIOIJIUZI1NIISINR5CCI6IKPXVCJ9.EYJ0B2TLBL90EXBLIJOIC2XPZGLUZYISIMV4CCI6MTC0MTC2MJK2OSWIAWF0IJOXNZQXNZU5MZY5LCJQDGKIOIIZM2I5NDIWNZQ2MJG0ZMQ5OTIZODUZYWE0MTE1MGI1MCISINJLZNJLC2HFZXHWIJOXNZQXODQ1NZY5LCJ1C2VYX2LKIJOXFQ.OSEZA7HXVZAPMT7X1_IW_WWXV_1XL--_BL8NTBCRMIC','2025-03-12 06:02:49.266683','2025-03-12 07:02:49.000000',1,'33B9420746284FD9923853AA41150B50'),(1414,'EYJHBGCIOIJIUZI1NIISINR5CCI6IKPXVCJ9.EYJ0B2TLBL90EXBLIJOIC2XPZGLUZYISIMV4CCI6MTC0MTC2MJK2OSWIAWF0IJOXNZQXNZU5MZY5LCJQDGKIOII1ZJIYMWU0N2JIMDU0ZDDHOTQ2MGM2NMM3NGRJNJBIMCISINJLZNJLC2HFZXHWIJOXNZQXODQ1NZY5LCJ1C2VYX2LKIJOXFQ.2DHN8GVTOTOZ9FN4H3BTHZSYCTIHXLJT4WYESYB6OHK','2025-03-12 06:02:49.287486','2025-03-12 07:02:49.000000',1,'5F221E47BB054D7A9460C66C74DC60B0'),(1415,'EYJHBGCIOIJIUZI1NIISINR5CCI6IKPXVCJ9.EYJ0B2TLBL90EXBLIJOIC2XPZGLUZYISIMV4CCI6MTC0MTC2MJK2OSWIAWF0IJOXNZQXNZU5MZY5LCJQDGKIOIJIMGZINMMXMDC2MDM0YZFIYTJJYZNKNMFHZDNIZTG4MYISINJLZNJLC2HFZXHWIJOXNZQXODQ1NZY5LCJ1C2VYX2LKIJOXFQ.TMOPT6MGEOAZJUCZJ7YGXSCSXGCYL3ZETH9-9BDOTRA','2025-03-12 06:02:49.302732','2025-03-12 07:02:49.000000',1,'B0FB6C1076034C1BA2CC3D6AAD3BE883'),(1416,'EYJHBGCIOIJIUZI1NIISINR5CCI6IKPXVCJ9.EYJ0B2TLBL90EXBLIJOIC2XPZGLUZYISIMV4CCI6MTC0MTC2MJK2OSWIAWF0IJOXNZQXNZU5MZY5LCJQDGKIOIIWYWJMMZFLNTE2ODQ0ODK0OTM1NZAXYJMWNGVKNZBJNYISINJLZNJLC2HFZXHWIJOXNZQXODQ1NZY5LCJ1C2VYX2LKIJOXFQ._M0MN4FNAZTF9ZGWLAJKGVUFLGX5GK98ZPDGLEHVZ7Y','2025-03-12 06:02:49.319506','2025-03-12 07:02:49.000000',1,'0ABF31E516844894935701B304ED70C7'),(1417,'EYJHBGCIOIJIUZI1NIISINR5CCI6IKPXVCJ9.EYJ0B2TLBL90EXBLIJOIC2XPZGLUZYISIMV4CCI6MTC0MTC2MJK2OSWIAWF0IJOXNZQXNZU5MZY5LCJQDGKIOII1ODA4MGE1ZJGZMTC0ZDBMYTNHOTBJNTA2ZDHJMTE1MYISINJLZNJLC2HFZXHWIJOXNZQXODQ1NZY5LCJ1C2VYX2LKIJOXFQ.3IVB1LVTT5RV1PBD9FZK2OHTDB-VZJJVLJJ7VZFPMCQ','2025-03-12 06:02:49.340499','2025-03-12 07:02:49.000000',1,'58080A5F83174D0FA3A90C506D8C1153'),(1418,'EYJHBGCIOIJIUZI1NIISINR5CCI6IKPXVCJ9.EYJ0B2TLBL90EXBLIJOIC2XPZGLUZYISIMV4CCI6MTC0MTC2MJK2OSWIAWF0IJOXNZQXNZU5MZY5LCJQDGKIOIIWNDM2YWM0NZY1MZU0YWZKYWUXY2U1YJA5ZJHMZTRMZIISINJLZNJLC2HFZXHWIJOXNZQXODQ1NZY5LCJ1C2VYX2LKIJOXFQ.XJBHDW51AT-5XR0EPH593BTEHAAHE9U6AT5NQABIBSA','2025-03-12 06:02:49.356415','2025-03-12 07:02:49.000000',1,'0436AC4765354AFDAE1CE5B09F8FE4FF'),(1419,'EYJHBGCIOIJIUZI1NIISINR5CCI6IKPXVCJ9.EYJ0B2TLBL90EXBLIJOIC2XPZGLUZYISIMV4CCI6MTC0MTC2MJK2OSWIAWF0IJOXNZQXNZU5MZY5LCJQDGKIOII0OTE0MJJLOGUZOTA0ODVJOGZJOTIWM2ZLODU1MTHMZCISINJLZNJLC2HFZXHWIJOXNZQXODQ1NZY5LCJ1C2VYX2LKIJOXFQ.GCHYNJ1UM4MXSUHV5PXCSFM9EXXXCF-6LOPND-TC5VY','2025-03-12 06:02:49.371513','2025-03-12 07:02:49.000000',1,'491422E8E390485C8FC9203FE85518FD'),(1420,'EYJHBGCIOIJIUZI1NIISINR5CCI6IKPXVCJ9.EYJ0B2TLBL90EXBLIJOIC2XPZGLUZYISIMV4CCI6MTC0MTC2MJK2OSWIAWF0IJOXNZQXNZU5MZY5LCJQDGKIOII2ZJE4MGUZMGVHZDA0YZK0ODCYM2JLYTDJYJFJODBMMIISINJLZNJLC2HFZXHWIJOXNZQXODQ1NZY5LCJ1C2VYX2LKIJOXFQ.MJTKUB67FPO3VASOYAWOFOQG1X9ZIMOCVY_KH3FR3HU','2025-03-12 06:02:49.388609','2025-03-12 07:02:49.000000',1,'6F180E30EAD04C948723BEA7CB1C80F2'),(1421,'EYJHBGCIOIJIUZI1NIISINR5CCI6IKPXVCJ9.EYJ0B2TLBL90EXBLIJOIC2XPZGLUZYISIMV4CCI6MTC0MTC2MJK2OSWIAWF0IJOXNZQXNZU5MZY5LCJQDGKIOIJJNZQ2NTHIYTYYOGU0NME1OTKWNZQWNJHHMTQWYWM2ZCISINJLZNJLC2HFZXHWIJOXNZQXODQ1NZY5LCJ1C2VYX2LKIJOXFQ.-FUZ9XX_Q6GZRDJXEWFQSOLGKEQJR3YMAUP7MAIZKSM','2025-03-12 06:02:49.402682','2025-03-12 07:02:49.000000',1,'C74658BA628E46A599074068A140AC6D'),(1422,'EYJHBGCIOIJIUZI1NIISINR5CCI6IKPXVCJ9.EYJ0B2TLBL90EXBLIJOIC2XPZGLUZYISIMV4CCI6MTC0MTC2MJK2OSWIAWF0IJOXNZQXNZU5MZY5LCJQDGKIOIJLMDBIOTDKMZU0YJC0Y2ZJODMZYJBJYZRHMDCYZWFMMCISINJLZNJLC2HFZXHWIJOXNZQXODQ1NZY5LCJ1C2VYX2LKIJOXFQ.EAHDWPIVGLEIKHMQVY5KLWUYOM3OZT7OHLIDWBQHEF0','2025-03-12 06:02:49.414479','2025-03-12 07:02:49.000000',1,'E00B97D354B74CFC833B0CC4A072EAF0'),(1423,'EYJHBGCIOIJIUZI1NIISINR5CCI6IKPXVCJ9.EYJ0B2TLBL90EXBLIJOIC2XPZGLUZYISIMV4CCI6MTC0MTC2MJK2OSWIAWF0IJOXNZQXNZU5MZY5LCJQDGKIOIJJMZJJOTBIMMQ4NJU0Y2I4ODAYYMI4NMJHM2MXYZZINCISINJLZNJLC2HFZXHWIJOXNZQXODQ1NZY5LCJ1C2VYX2LKIJOXFQ.9X0O0OG0MYCSC6X7DQ19I-QQLTM_GF3SR4NHJG7Z8AW','2025-03-12 06:02:49.427443','2025-03-12 07:02:49.000000',1,'C32C90B2D8654CB8802BB86BA3C1C6B4'),(1424,'EYJHBGCIOIJIUZI1NIISINR5CCI6IKPXVCJ9.EYJ0B2TLBL90EXBLIJOIC2XPZGLUZYISIMV4CCI6MTC0MTC2MJK2OSWIAWF0IJOXNZQXNZU5MZY5LCJQDGKIOII2YZYXM2IXMJG2YMU0YZVLOWZMNMVIY2JIN2QWZJLJYIISINJLZNJLC2HFZXHWIJOXNZQXODQ1NZY5LCJ1C2VYX2LKIJOXFQ.P1TAY72YOD8BYCKDQRYYIYEQDEQ9WLWDRUUQNV0K2YM','2025-03-12 06:02:49.441279','2025-03-12 07:02:49.000000',1,'6C613B1286BE4C5E9FF6EBCBB7D0F9CB'),(1425,'EYJHBGCIOIJIUZI1NIISINR5CCI6IKPXVCJ9.EYJ0B2TLBL90EXBLIJOIC2XPZGLUZYISIMV4CCI6MTC0MTC2MJK2OSWIAWF0IJOXNZQXNZU5MZY5LCJQDGKIOIJIZGE0MZBIZTI2ZTE0YJC1YJBHNWYXOTC0ODK1MGY1OCISINJLZNJLC2HFZXHWIJOXNZQXODQ1NZY5LCJ1C2VYX2LKIJOXFQ.0WFMKUU6XZBT3SA1FM5442WJEWAE4L82AZA4HLTZFBS','2025-03-12 06:02:49.453306','2025-03-12 07:02:49.000000',1,'BDA430BE26E14B75B0A5F19748950F58'),(1426,'EYJHBGCIOIJIUZI1NIISINR5CCI6IKPXVCJ9.EYJ0B2TLBL90EXBLIJOIC2XPZGLUZYISIMV4CCI6MTC0MTC2MJK2OSWIAWF0IJOXNZQXNZU5MZY5LCJQDGKIOIJIOTKXMME3ODM0MZK0YME0YJRJYTUYNMI3MDCWMDRMYIISINJLZNJLC2HFZXHWIJOXNZQXODQ1NZY5LCJ1C2VYX2LKIJOXFQ.OKWWMXD3QEH_SZQ56GSWLL4NKORXAZCB7JWBXSOZRCI','2025-03-12 06:02:49.466269','2025-03-12 07:02:49.000000',1,'B9912A7834394BA4B4CA526B707004FB'),(1427,'EYJHBGCIOIJIUZI1NIISINR5CCI6IKPXVCJ9.EYJ0B2TLBL90EXBLIJOIC2XPZGLUZYISIMV4CCI6MTC0MTC2MJK2OSWIAWF0IJOXNZQXNZU5MZY5LCJQDGKIOIJIOTCYNGEZZDZHMWM0ZWZJYJM5ZMFLODK3MZJIYJHJMIISINJLZNJLC2HFZXHWIJOXNZQXODQ1NZY5LCJ1C2VYX2LKIJOXFQ.QHM2UXEDY7Y_TZVPKWJGCKSXGFVZ8YY8FRMYAXP34Z0','2025-03-12 06:02:49.488695','2025-03-12 07:02:49.000000',1,'B9724A3D6A1C4EFCB39FAE89732BB8C2'),(1428,'EYJHBGCIOIJIUZI1NIISINR5CCI6IKPXVCJ9.EYJ0B2TLBL90EXBLIJOIC2XPZGLUZYISIMV4CCI6MTC0MTC2MJK2OSWIAWF0IJOXNZQXNZU5MZY5LCJQDGKIOIJLYTE5NZM0MMRHZJA0NWFHYME1ZDG2YJCZNZMXNZQ5YSISINJLZNJLC2HFZXHWIJOXNZQXODQ1NZY5LCJ1C2VYX2LKIJOXFQ.OER2AGNFOYKAXJ_TMMG_KIERQYKVDH9HXAI043Q_WAO','2025-03-12 06:02:49.515398','2025-03-12 07:02:49.000000',1,'EA197342DAF045AABA5D86B73731749A'),(1429,'EYJHBGCIOIJIUZI1NIISINR5CCI6IKPXVCJ9.EYJ0B2TLBL90EXBLIJOIC2XPZGLUZYISIMV4CCI6MTC0MTC2MJK2OSWIAWF0IJOXNZQXNZU5MZY5LCJQDGKIOIJMMGZJNJVMODU3MGE0Y2RHODG0ZMZIYJJINJQ0MJYZZSISINJLZNJLC2HFZXHWIJOXNZQXODQ1NZY5LCJ1C2VYX2LKIJOXFQ.LMZ_GEXR4KCBD5ZQD9SQILLJQT-GJIVYSXWPF86BJHI','2025-03-12 06:02:49.529702','2025-03-12 07:02:49.000000',1,'F0FC65F8570A4CDA884FFBB2B644263E'),(1430,'EYJHBGCIOIJIUZI1NIISINR5CCI6IKPXVCJ9.EYJ0B2TLBL90EXBLIJOIC2XPZGLUZYISIMV4CCI6MTC0MTC2MJK2OSWIAWF0IJOXNZQXNZU5MZY5LCJQDGKIOII3MZG4ZTY3MTFMZWE0ZDJHYTU3NZY5NGFMZDI5MWVHZSISINJLZNJLC2HFZXHWIJOXNZQXODQ1NZY5LCJ1C2VYX2LKIJOXFQ.ZDGNY8SGRGWG79VG5LAGRYBPAJM47AQZ38AKHEHOAVQ','2025-03-12 06:02:49.546098','2025-03-12 07:02:49.000000',1,'7388E6711FEA4D2AA577694AFD291EAE'),(1431,'EYJHBGCIOIJIUZI1NIISINR5CCI6IKPXVCJ9.EYJ0B2TLBL90EXBLIJOIC2XPZGLUZYISIMV4CCI6MTC0MTC2MJK2OSWIAWF0IJOXNZQXNZU5MZY5LCJQDGKIOII0YZAXYZVHOTBKZDI0OGVLYJDINZY0M2NJMJDKMDAWYIISINJLZNJLC2HFZXHWIJOXNZQXODQ1NZY5LCJ1C2VYX2LKIJOXFQ.X-0MZ83JP-GZSUE2JDWAN6ZRW4X5XZB4ZZGXM2TCDMI','2025-03-12 06:02:49.559005','2025-03-12 07:02:49.000000',1,'4C01C5A90DD248EEB7B7643CC27D000B'),(1432,'EYJHBGCIOIJIUZI1NIISINR5CCI6IKPXVCJ9.EYJ0B2TLBL90EXBLIJOIC2XPZGLUZYISIMV4CCI6MTC0MTC2MJK2OSWIAWF0IJOXNZQXNZU5MZY5LCJQDGKIOIIZYTE5NJM1NJDIMGQ0YMVIYMJHYTM3YTUWMGFLNTVJZIISINJLZNJLC2HFZXHWIJOXNZQXODQ1NZY5LCJ1C2VYX2LKIJOXFQ.5TGGV2YSRNYLC8RSNZOAOSAT4JW0OBYTPF6NXCMS3LQ','2025-03-12 06:02:49.580717','2025-03-12 07:02:49.000000',1,'3A1963567B0D4BEBBBAA37A500AE55CF'),(1433,'EYJHBGCIOIJIUZI1NIISINR5CCI6IKPXVCJ9.EYJ0B2TLBL90EXBLIJOIC2XPZGLUZYISIMV4CCI6MTC0MTC2MJK2OSWIAWF0IJOXNZQXNZU5MZY5LCJQDGKIOIJLOTC2NDVJMDNJZTI0MTAXOWY0ZDQ1MZZMMJUWMDQZZIISINJLZNJLC2HFZXHWIJOXNZQXODQ1NZY5LCJ1C2VYX2LKIJOXFQ.FEZHAOV8XGGXTRWPQE14BEBLZGDXKZT8MJCNCHYCOCY','2025-03-12 06:02:49.597047','2025-03-12 07:02:49.000000',1,'E97645C03CE241019F4D4536F250043F'),(1434,'EYJHBGCIOIJIUZI1NIISINR5CCI6IKPXVCJ9.EYJ0B2TLBL90EXBLIJOIC2XPZGLUZYISIMV4CCI6MTC0MTC2MJK2OSWIAWF0IJOXNZQXNZU5MZY5LCJQDGKIOIIXNGZMZDC3MDRJZTQ0ZTJIOTA2NJDJMWU3OWM0YZK3YSISINJLZNJLC2HFZXHWIJOXNZQXODQ1NZY5LCJ1C2VYX2LKIJOXFQ.36MUP91N-5K36J2IGOCRWIUO9L90S7RXQLX1-06XLMC','2025-03-12 06:02:49.670388','2025-03-12 07:02:49.000000',1,'14FFD7704CE44E2B90667C1E79C4C97A'),(1435,'EYJHBGCIOIJIUZI1NIISINR5CCI6IKPXVCJ9.EYJ0B2TLBL90EXBLIJOICMVMCMVZACISIMV4CCI6MTC0MTG0NJE5MYWIAWF0IJOXNZQXNZU5NZKZLCJQDGKIOII0NZA2NZNLNTBMYMU0MDVHOGZMNDJMODRLNJBKYJCYMIISINVZZXJFAWQIOJF9.2EVMHQDFQ5RK0MXFBG28NS9THJ0LIP2YQFTSUSUILIC','2025-03-12 06:09:53.606258','2025-03-13 06:09:53.000000',1,'470673E50FBE405A8FF42F84E60DB722'),(1436,'EYJHBGCIOIJIUZI1NIISINR5CCI6IKPXVCJ9.EYJ0B2TLBL90EXBLIJOIC2XPZGLUZYISIMV4CCI6MTC0MTC2MZM5NSWIAWF0IJOXNZQXNZU5NZK1LCJQDGKIOIIXMJK0ZDDHODGWZJM0NWZHOGZIMTYYZWRHMZMWYJFLOSISINJLZNJLC2HFZXHWIJOXNZQXODQ2MTK1LCJ1C2VYX2LKIJOXFQ.DV9POH5CN9Y0GFFPCWQ_CUVRYQFVAPXGAJGS-NKWTP8','2025-03-12 06:09:55.317058','2025-03-12 07:09:55.000000',1,'1294D7A880F345FA8FB162EDA330B1E9'),(1437,'EYJHBGCIOIJIUZI1NIISINR5CCI6IKPXVCJ9.EYJ0B2TLBL90EXBLIJOICMVMCMVZACISIMV4CCI6MTC0MTG0NJY3NYWIAWF0IJOXNZQXNZYWMJC3LCJQDGKIOII1ZDCXNWIYMMJLM2Q0NTNJYTY3YMNHZWZLNZVIMTQ5MCISINVZZXJFAWQIOJF9.NAUYDK_X2MLFRG6FXPHTFJOC0ZEAJ4OYNVGFOQXJXDE','2025-03-12 06:17:57.047350','2025-03-13 06:17:57.000000',1,'5D715B22BE3D453CA67BCAEFE75B1490'),(1438,'EYJHBGCIOIJIUZI1NIISINR5CCI6IKPXVCJ9.EYJ0B2TLBL90EXBLIJOIC2XPZGLUZYISIMV4CCI6MTC0MTC2MZG4MIWIAWF0IJOXNZQXNZYWMJGYLCJQDGKIOIJIOTU2MMY5NJI0ODQ0OTC3YMQ0MDFINME2OTQ5MJAYZSISINJLZNJLC2HFZXHWIJOXNZQXODQ2NJGYLCJ1C2VYX2LKIJOXFQ.ZUVPWRV_-1ASSTMVSM08CUGOBYLFFQ39EMWMH5MHSZQ','2025-03-12 06:18:02.372715','2025-03-12 07:18:02.000000',1,'B9562F9624844977BD401B6A6949202E'),(1439,'EYJHBGCIOIJIUZI1NIISINR5CCI6IKPXVCJ9.EYJ0B2TLBL90EXBLIJOICMVMCMVZACISIMV4CCI6MTC0MTG1MJYZOCWIAWF0IJOXNZQXNZY2MJM4LCJQDGKIOIJHYJJIODRJODFLZJE0YJIZYWRMZWQ4ODZINGIZZJG1YSISINVZZXJFAWQIOJF9.-ROB6IZ4MMCHL94EHCYKFSZPK0REXZEUULPDNBUBGIC','2025-03-12 07:57:18.271886','2025-03-13 07:57:18.000000',1,'AB2B84C81EF14B23ADFED886B4B3F85A'),(1440,'EYJHBGCIOIJIUZI1NIISINR5CCI6IKPXVCJ9.EYJ0B2TLBL90EXBLIJOIC2XPZGLUZYISIMV4CCI6MTC0MTC2OTG0NSWIAWF0IJOXNZQXNZY2MJQ1LCJQDGKIOII0NJCZM2FMZDK5MZY0YTQYYWM3M2FMYMFJZGIXMTC4ZCISINJLZNJLC2HFZXHWIJOXNZQXODUYNJQ1LCJ1C2VYX2LKIJOXFQ.NOYVHLAICLJ6SZ7FMECTZGF2VGR9G3H0O5-FLU4_MTG','2025-03-12 07:57:25.232436','2025-03-12 08:57:25.000000',1,'46733AFD99364A42AC73AFBACDB1178D'),(1441,'EYJHBGCIOIJIUZI1NIISINR5CCI6IKPXVCJ9.EYJ0B2TLBL90EXBLIJOICMVMCMVZACISIMV4CCI6MTC0MTG1NTC4MCWIAWF0IJOXNZQXNZY5MZGWLCJQDGKIOII0OGQ4Y2E0ODGZZGE0ZJBKYTQ0YTAYM2Y3ZGZJMJNMOCISINVZZXJFAWQIOJF9.LIGX7S_N5FXNDKAHLVRRQLTLJYATUZM0CY3OFHGY91Y','2025-03-12 08:49:40.902825','2025-03-13 08:49:40.000000',1,'48D8CA4883DA4F0DA44A023F7DFC23F8'),(1442,'EYJHBGCIOIJIUZI1NIISINR5CCI6IKPXVCJ9.EYJ0B2TLBL90EXBLIJOIC2XPZGLUZYISIMV4CCI6MTC0MTC3MJK4NSWIAWF0IJOXNZQXNZY5MZG1LCJQDGKIOII3N2ZKMJNKY2YZMDA0ZDEZYTE3MWZKMJYZZDJIZTIXMIISINJLZNJLC2HFZXHWIJOXNZQXODU1NZG1LCJ1C2VYX2LKIJOXFQ.GITNUQTTEZUV-3_KFBTEYE945AZFXMFHW0IJCZTPRTS','2025-03-12 08:49:45.363013','2025-03-12 09:49:45.000000',1,'77FD23DCF3004D13A171FD263D2BE212'),(1443,'EYJHBGCIOIJIUZI1NIISINR5CCI6IKPXVCJ9.EYJ0B2TLBL90EXBLIJOICMVMCMVZACISIMV4CCI6MTC0MTG1NTG3MYWIAWF0IJOXNZQXNZY5NDCZLCJQDGKIOII5MDI1YMZJMTI1Y2E0NDU1YTGWN2E3OTE2ZDUWYTRJYYISINVZZXJFAWQIOJF9.W67NMYUUK1A_M2NIBRON2UYBTIRFOOE8TAHASUKCY54','2025-03-12 08:51:13.249869','2025-03-13 08:51:13.000000',1,'9025BFC125CA4455A807A7916D50A4CC'),(1444,'EYJHBGCIOIJIUZI1NIISINR5CCI6IKPXVCJ9.EYJ0B2TLBL90EXBLIJOICMVMCMVZACISIMV4CCI6MTC0MTG1NTKWMYWIAWF0IJOXNZQXNZY5NTAZLCJQDGKIOIJINDEYYWJHNDI0YJM0YTUXYJA0ZTG5MMVKNDMWNDHKYYISINVZZXJFAWQIOJF9.DX0E-JZXTJ5CTDEKTIWZKEFUK1MPIHPWWTL7VFSTOM8','2025-03-12 08:51:43.015891','2025-03-13 08:51:43.000000',1,'B412ABA424B34A51B04E892ED43048DC'),(1445,'EYJHBGCIOIJIUZI1NIISINR5CCI6IKPXVCJ9.EYJ0B2TLBL90EXBLIJOICMVMCMVZACISIMV4CCI6MTC0MTG1NJU3NCWIAWF0IJOXNZQXNZCWMTC0LCJQDGKIOIIXZJI4MTG5NWFMY2U0NMNMYWMWMTDHNJMXZWZLNDVMZIISINVZZXJFAWQIOJF9.GNPJOROGFQTUKX_4NAJH9I5DAXBBPK5ZVINUNJCT5SQ','2025-03-12 09:02:54.415957','2025-03-13 09:02:54.000000',1,'1F281895AFCE46CFAC017A631EFE45FF'),(1446,'EYJHBGCIOIJIUZI1NIISINR5CCI6IKPXVCJ9.EYJ0B2TLBL90EXBLIJOIC2XPZGLUZYISIMV4CCI6MTC0MTC3MZC3NIWIAWF0IJOXNZQXNZCWMTC2LCJQDGKIOII4ZTZMY2U4ODIYOTY0OTK0YJNMY2I5MZC1ODCZMMJMYYISINJLZNJLC2HFZXHWIJOXNZQXODU2NTC2LCJ1C2VYX2LKIJOXFQ.VZX1QIEIEURMMT-CSDCPAOC9J_FSV_7WRFSCUKZ4AMY','2025-03-12 09:02:56.695197','2025-03-12 10:02:56.000000',1,'8E6FCE8822964994B3FCB93758732BFC'),(1447,'EYJHBGCIOIJIUZI1NIISINR5CCI6IKPXVCJ9.EYJ0B2TLBL90EXBLIJOICMVMCMVZACISIMV4CCI6MTC0MTG1NZUYNSWIAWF0IJOXNZQXNZCXMTI1LCJQDGKIOIJHMGE4MJHLZGZLNMY0OWY1ODRINWNHZDY3ZJNIY2Q3YYISINVZZXJFAWQIOJF9.LXPSCMQEHIKBHTS-8XIT-TXV_PAH1RE1IWGAJZTOLDM','2025-03-12 09:18:45.726877','2025-03-13 09:18:45.000000',1,'A0A828EDFE6F49F584B5CAD67F3BCD7C'),(1448,'EYJHBGCIOIJIUZI1NIISINR5CCI6IKPXVCJ9.EYJ0B2TLBL90EXBLIJOIC2XPZGLUZYISIMV4CCI6MTC0MTC3NDCZMCWIAWF0IJOXNZQXNZCXMTMWLCJQDGKIOIIZNMZJZJAYYTNHYZC0NTG5YWJKYTBLZWE1YTC5MGMYOCISINJLZNJLC2HFZXHWIJOXNZQXODU3NTMWLCJ1C2VYX2LKIJOXFQ.4IENUJXDDTX9338QHZYWYJJRTF7OEFAKLMHDNKI69V8','2025-03-12 09:18:50.147977','2025-03-12 10:18:50.000000',1,'36FCF02A3AC74589ABDA0EEA5A790C28'),(1449,'EYJHBGCIOIJIUZI1NIISINR5CCI6IKPXVCJ9.EYJ0B2TLBL90EXBLIJOICMVMCMVZACISIMV4CCI6MTC0MTG1ODA2MIWIAWF0IJOXNZQXNZCXNJYYLCJQDGKIOII2Y2ZHN2I0ZGI3NZE0MZBIODVJZDDLN2M2YZVJYZAWYIISINVZZXJFAWQIOJF9.8LWU9GPDLYEF4AJWLFNB0VAWGDKIJ4D_EROZUBNNBHO','2025-03-12 09:27:42.737342','2025-03-13 09:27:42.000000',1,'6CFA7B4DB771430B85CD7E7C6C5CC00B'),(1450,'EYJHBGCIOIJIUZI1NIISINR5CCI6IKPXVCJ9.EYJ0B2TLBL90EXBLIJOIC2XPZGLUZYISIMV4CCI6MTC0MTC3NTI2NYWIAWF0IJOXNZQXNZCXNJY3LCJQDGKIOIJMOTEXMDLLYTZHZTM0NGI5OTQZNTA4YTI2ODVINWVMYYISINJLZNJLC2HFZXHWIJOXNZQXODU4MDY3LCJ1C2VYX2LKIJOXFQ.FRFWXKV6SRAS-MYGOWYB2UONAEG1XBB4CQCU8QH-W9G','2025-03-12 09:27:47.110470','2025-03-12 10:27:47.000000',1,'F91109EA6AE344B9943508A2685B5EFC'),(1451,'EYJHBGCIOIJIUZI1NIISINR5CCI6IKPXVCJ9.EYJ0B2TLBL90EXBLIJOICMVMCMVZACISIMV4CCI6MTC0MTG1ODUWNCWIAWF0IJOXNZQXNZCYMTA0LCJQDGKIOIJKZTC2NDLIOTG2NMY0YTEYYWQZMWVIYMYYNME4MZY3NSISINVZZXJFAWQIOJF9.N-62O-FHRAASCFLARJ1M2MAMLXSL8SQHJZ-WUXWWX_4','2025-03-12 09:35:04.288409','2025-03-13 09:35:04.000000',1,'DE7649B9866F4A12AD31EBBF26A83675'),(1452,'EYJHBGCIOIJIUZI1NIISINR5CCI6IKPXVCJ9.EYJ0B2TLBL90EXBLIJOIC2XPZGLUZYISIMV4CCI6MTC0MTC3NTCXNCWIAWF0IJOXNZQXNZCYMTE0LCJQDGKIOIIZNTNIMDCWMTIWYWY0OWJLYMY2NZUXM2NJMGQ5Y2NHYIISINJLZNJLC2HFZXHWIJOXNZQXODU4NTE0LCJ1C2VYX2LKIJOXFQ.8PWPJZA0GBREVV5UWRCSSTFF6YLTFNQLRILOINJRBHA','2025-03-12 09:35:14.681903','2025-03-12 10:35:14.000000',1,'353B070120AF49BEBF67513CC0D9CCAB'),(1453,'EYJHBGCIOIJIUZI1NIISINR5CCI6IKPXVCJ9.EYJ0B2TLBL90EXBLIJOICMVMCMVZACISIMV4CCI6MTC0MTG1OTM1MYWIAWF0IJOXNZQXNZCYOTUZLCJQDGKIOIIZMMFJMJQ3MWVLOTU0NTVHOGE4YJY0YZM1ODCXZTE2MSISINVZZXJFAWQIOJF9.WTKD6GS1ECURLHWBC-XTJDSW5QLKNK3C4E-J8UTACUI','2025-03-12 09:49:13.842702','2025-03-13 09:49:13.000000',1,'32AC2471EE95455A8A8B64C35871E161'),(1454,'EYJHBGCIOIJIUZI1NIISINR5CCI6IKPXVCJ9.EYJ0B2TLBL90EXBLIJOIC2XPZGLUZYISIMV4CCI6MTC0MTC3NJU1NYWIAWF0IJOXNZQXNZCYOTU3LCJQDGKIOII5Y2I2NZRLYWFLODG0MME1OGZIMGY5ZTY3ZJK5MJMXZSISINJLZNJLC2HFZXHWIJOXNZQXODU5MZU3LCJ1C2VYX2LKIJOXFQ.CXQVJMTRWTUO0DOBZ0IGQLUGQFTG39UD7TFQVMMT0Q0','2025-03-12 09:49:17.515361','2025-03-12 10:49:17.000000',1,'9CB674EAAE8842A58FB0F9E67F99231E'),(1455,'EYJHBGCIOIJIUZI1NIISINR5CCI6IKPXVCJ9.EYJ0B2TLBL90EXBLIJOICMVMCMVZACISIMV4CCI6MTC0MTG1OTKXOSWIAWF0IJOXNZQXNZCZNTE5LCJQDGKIOII3MDU1NMIXZTM5OTC0YZZIOTG1OGFIMJNKZMIXNDHMOSISINVZZXJFAWQIOJF9._UQDRMZEU7B7HDOPMIC6ZMPKJGTFCJDMEUOPY_U8-JK','2025-03-12 09:58:39.848448','2025-03-13 09:58:39.000000',1,'70556B1E39974C6B9858AB23DFB148F9'),(1456,'EYJHBGCIOIJIUZI1NIISINR5CCI6IKPXVCJ9.EYJ0B2TLBL90EXBLIJOIC2XPZGLUZYISIMV4CCI6MTC0MTC3NZEYNSWIAWF0IJOXNZQXNZCZNTI1LCJQDGKIOIIYMGQYOGIZZMYZZDM0Y2U4YWI3OWIXMGFLNTZMNJGZMYISINJLZNJLC2HFZXHWIJOXNZQXODU5OTI1LCJ1C2VYX2LKIJOXFQ.DGAPKHROMX8RUN53CHHINBHPCURIREIUP6ILOSURJL8','2025-03-12 09:58:45.620918','2025-03-12 10:58:45.000000',1,'20D28B3FF3D34CE8AB79B10AE56F6833'),(1457,'EYJHBGCIOIJIUZI1NIISINR5CCI6IKPXVCJ9.EYJ0B2TLBL90EXBLIJOICMVMCMVZACISIMV4CCI6MTC0MTG2MTC3NIWIAWF0IJOXNZQXNZC1MZC2LCJQDGKIOIIZYMI4MDEXYJC1YJG0MZK5YJM0ZWFHMZMWNJLHZTZJMCISINVZZXJFAWQIOJF9.N24SR_LIR-Z35HUXTX11MIRCGCX8_OVHEPWSQW1UVFS','2025-03-12 10:29:36.538198','2025-03-13 10:29:36.000000',1,'3BB8011B75B84399B34EAA33069AE6C0'),(1458,'EYJHBGCIOIJIUZI1NIISINR5CCI6IKPXVCJ9.EYJ0B2TLBL90EXBLIJOIC2XPZGLUZYISIMV4CCI6MTC0MTC3ODK5NCWIAWF0IJOXNZQXNZC1MZK0LCJQDGKIOII4NZAXM2NJNZVHMGI0NZE1ODM0ZTFHOGE5ZDE2ZME0MCISINJLZNJLC2HFZXHWIJOXNZQXODYXNZK0LCJ1C2VYX2LKIJOXFQ.CLI0OQA5DUYZF2X9JH4LTUKMPA736-3VUVIG5FOE9T0','2025-03-12 10:29:54.847430','2025-03-12 11:29:54.000000',1,'87013CC75A0B4715834E1A8A9D16FA40'),(1459,'EYJHBGCIOIJIUZI1NIISINR5CCI6IKPXVCJ9.EYJ0B2TLBL90EXBLIJOICMVMCMVZACISIMV4CCI6MTC0MTG2MTGWMYWIAWF0IJOXNZQXNZC1NDAZLCJQDGKIOII2NDM2ZDC5N2Y1ODU0OGU4OGM1YZZIMMVMYTG4MWUXMIISINVZZXJFAWQIOJF9.C1FL8KFAOHWUO_SZNINPYF3GRBGKTMIFEK1Y_C2JVRW','2025-03-12 10:30:03.263631','2025-03-13 10:30:03.000000',1,'6436D797F58548E88C5C6B2EFA881E12'),(1460,'EYJHBGCIOIJIUZI1NIISINR5CCI6IKPXVCJ9.EYJ0B2TLBL90EXBLIJOIC2XPZGLUZYISIMV4CCI6MTC0MTC3OTAXMCWIAWF0IJOXNZQXNZC1NDEWLCJQDGKIOII3ZWFIZTQ0YTM2ZJK0MZKYOTBJZJE4OGFIZJZIMJCXYIISINJLZNJLC2HFZXHWIJOXNZQXODYXODEWLCJ1C2VYX2LKIJOXFQ.57TQHQMN7HA1GXKZTCRKJIGFLBY7X_MECLWLKQ_NZ5E','2025-03-12 10:30:10.942682','2025-03-12 11:30:10.000000',1,'7EABE44A36F9439290CF188ABF6B271B'),(1461,'EYJHBGCIOIJIUZI1NIISINR5CCI6IKPXVCJ9.EYJ0B2TLBL90EXBLIJOICMVMCMVZACISIMV4CCI6MTC0MTG2MJY1OCWIAWF0IJOXNZQXNZC2MJU4LCJQDGKIOII0MMIYNZYWODG5Y2U0MZC5YTZINJQ1MGZLZDE2YTHJMCISINVZZXJFAWQIOJF9.2-MUPLN-LAU3M2HTMNWW1OCHU7RRPT_DGS1CQ_GYH3Q','2025-03-12 10:44:18.370697','2025-03-13 10:44:18.000000',1,'42B2760889CE4379A6B6450FED16A8C0'),(1462,'EYJHBGCIOIJIUZI1NIISINR5CCI6IKPXVCJ9.EYJ0B2TLBL90EXBLIJOIC2XPZGLUZYISIMV4CCI6MTC0MTC3OTG2MIWIAWF0IJOXNZQXNZC2MJYYLCJQDGKIOII3MWQXZGI3MJU2ODU0NMRHOTI0ODAXMTDHZTQ5ODDHZSISINJLZNJLC2HFZXHWIJOXNZQXODYYNJYYLCJ1C2VYX2LKIJOXFQ.0YXYLLRNJCYRDFDD2V9RXCCIFJRGIL44B35O-MNFILE','2025-03-12 10:44:22.183443','2025-03-12 11:44:22.000000',1,'71D1DB72568546DA92480117AE4987AE'),(1463,'EYJHBGCIOIJIUZI1NIISINR5CCI6IKPXVCJ9.EYJ0B2TLBL90EXBLIJOICMVMCMVZACISIMV4CCI6MTC0MTG3MJU1NIWIAWF0IJOXNZQXNZG2MTU2LCJQDGKIOIIZM2E4YTVLODBINMI0MJCXYJJHZJQ0MTIYOTNKMWNHMCISINVZZXJFAWQIOJF9.MRJXYKSOTDQCQYA-BZ7GN3LX8WZAUFQOXDTIPPU_WLE','2025-03-12 13:29:16.677669','2025-03-13 13:29:16.000000',1,'33A8A5E80B6B4271B2AF4412293D1CA0'),(1464,'EYJHBGCIOIJIUZI1NIISINR5CCI6IKPXVCJ9.EYJ0B2TLBL90EXBLIJOIC2XPZGLUZYISIMV4CCI6MTC0MTC4OTC2MSWIAWF0IJOXNZQXNZG2MTYXLCJQDGKIOIJJZDQ4ZDQ2MDIWMJC0OTKZOTLJZGFJOWVINGZMNDYWOCISINJLZNJLC2HFZXHWIJOXNZQXODCYNTYXLCJ1C2VYX2LKIJOXFQ.SJHYRDIP-8QDSIG3ITJKKPP-LGA4SBIDMTT0DYKC574','2025-03-12 13:29:21.477476','2025-03-12 14:29:21.000000',1,'CD48D4602027499399CDAC9EB4FF4608'),(1465,'EYJHBGCIOIJIUZI1NIISINR5CCI6IKPXVCJ9.EYJ0B2TLBL90EXBLIJOIC2XPZGLUZYISIMV4CCI6MTC0MTC5MZA2MYWIAWF0IJOXNZQXNZG5NDYZLCJQDGKIOIJIYWM0OTC0NDG4ZDY0NZC4YJBJMZE3ODHKOWI1MDHKOCISINJLZNJLC2HFZXHWIJOXNZQXODC1ODYZLCJ1C2VYX2LKIJOXFQ.IKFBKMNZ1KPLMGN3IKYGXABXJLDPY7KNUUFR5EZDKWW','2025-03-12 14:24:23.089998','2025-03-12 15:24:23.000000',1,'BAC4974488D64778B0C31788D9B508D8'),(1466,'EYJHBGCIOIJIUZI1NIISINR5CCI6IKPXVCJ9.EYJ0B2TLBL90EXBLIJOICMVMCMVZACISIMV4CCI6MTC0MTG4MZA0NSWIAWF0IJOXNZQXNZK2NJQ1LCJQDGKIOIJJMME1ODK5MZNMNMY0MTY4YTYYZMM1YMJLYTYZNZK5ZSISINVZZXJFAWQIOJF9.6DU6BVTIIQKAUHKS6YWH7YOWDBKMILW7E-I6IARRNZO','2025-03-12 16:24:05.633238','2025-03-13 16:24:05.000000',1,'C2A589933F6F4168A62FC5BBEA63799E'),(1467,'EYJHBGCIOIJIUZI1NIISINR5CCI6IKPXVCJ9.EYJ0B2TLBL90EXBLIJOIC2XPZGLUZYISIMV4CCI6MTC0MTGWMDI1MIWIAWF0IJOXNZQXNZK2NJUYLCJQDGKIOII0NWM3NMYXNMRJOTG0NJA2OWNJM2RMMZRMMDI2MDVJYIISINJLZNJLC2HFZXHWIJOXNZQXODGZMDUYLCJ1C2VYX2LKIJOXFQ.4LHWXF5IW-3F7HHHNV0AVKEVXSLEDE7NESL0J-FQ_N0','2025-03-12 16:24:12.262130','2025-03-12 17:24:12.000000',1,'45C76F16DC9846069CC3DF34F02605CB'),(1468,'EYJHBGCIOIJIUZI1NIISINR5CCI6IKPXVCJ9.EYJ0B2TLBL90EXBLIJOICMVMCMVZACISIMV4CCI6MTC0MTKYNTAZNSWIAWF0IJOXNZQXODM4NJM1LCJQDGKIOIJLNGRLMZHKYMY4YZG0NDNJOGEXNDM4NDQ4MJKWNDDIYYISINVZZXJFAWQIOJF9.ZMY5BXN3JWCL8DJQ0THVDJQIMMNHEREEBGCO5LREWP0','2025-03-13 04:03:55.065406','2025-03-14 04:03:55.000000',1,'E4DE38DBF8C8443C8A143844829047BC'),(1469,'EYJHBGCIOIJIUZI1NIISINR5CCI6IKPXVCJ9.EYJ0B2TLBL90EXBLIJOIC2XPZGLUZYISIMV4CCI6MTC0MTG0MJIZOSWIAWF0IJOXNZQXODM4NJM5LCJQDGKIOII5ZME3MJK1NTK5YTU0YJZJYJMZOWIXYZGWMZFMODRIZCISINJLZNJLC2HFZXHWIJOXNZQXOTI1MDM5LCJ1C2VYX2LKIJOXFQ.NQ7ZCMSNDJVNJWHMBIION7EXWZ09DMPWDNKIDP49FYG','2025-03-13 04:03:59.306569','2025-03-13 05:03:59.000000',1,'9FA7295599A54B6CB339B1C8031F84BD'),(1470,'EYJHBGCIOIJIUZI1NIISINR5CCI6IKPXVCJ9.EYJ0B2TLBL90EXBLIJOICMVMCMVZACISIMV4CCI6MTC0MTKYNJYWNYWIAWF0IJOXNZQXODQWMJA3LCJQDGKIOII0MTQ0ODJJMWVHMDI0ZJRIYTG0MZAYZJG1ZJM4OWVLMIISINVZZXJFAWQIOJF9.N05JGBRNPIMFAVWY3UWUFM2Z0TUASCEKFCB1ODJW96I','2025-03-13 04:30:07.682472','2025-03-14 04:30:07.000000',1,'414482C1EA024F4BA84302F85F389EE2'),(1471,'EYJHBGCIOIJIUZI1NIISINR5CCI6IKPXVCJ9.EYJ0B2TLBL90EXBLIJOIC2XPZGLUZYISIMV4CCI6MTC0MTG0MZGXMSWIAWF0IJOXNZQXODQWMJEXLCJQDGKIOII5OGQ3NDYZYJZMYJQ0MMIZOGNMODLIMDE2NTCZMWYWYIISINJLZNJLC2HFZXHWIJOXNZQXOTI2NJEXLCJ1C2VYX2LKIJOXFQ.9FBUGQAJQY_MZHJV6L8BFI8JCDIDQ6TGIO3XIRJLKHM','2025-03-13 04:30:11.515693','2025-03-13 05:30:11.000000',1,'98D7463B6FB442B38CF89B0165731F0B'),(1472,'EYJHBGCIOIJIUZI1NIISINR5CCI6IKPXVCJ9.EYJ0B2TLBL90EXBLIJOICMVMCMVZACISIMV4CCI6MTC0MTKYNJK4OCWIAWF0IJOXNZQXODQWNTG4LCJQDGKIOIJHNZBIZJFIYMNIN2I0OTY1YMY2NWUZMMY3MTDJZTNIOSISINVZZXJFAWQIOJF9.TS2TEV-FGOCKW9ZVQ0MLJ0WONUUXTKRQILESSCJAWVY','2025-03-13 04:36:28.950857','2025-03-14 04:36:28.000000',1,'A70BF1BBCB7B4965BF65E32F717CE3B9'),(1473,'EYJHBGCIOIJIUZI1NIISINR5CCI6IKPXVCJ9.EYJ0B2TLBL90EXBLIJOIC2XPZGLUZYISIMV4CCI6MTC0MTG0NDE5MSWIAWF0IJOXNZQXODQWNTKXLCJQDGKIOIJJMTQ0YZI1ZDY0ZTA0MZM4OTZINDHHYMU5OTYWMME0ZIISINJLZNJLC2HFZXHWIJOXNZQXOTI2OTKXLCJ1C2VYX2LKIJOXFQ.MEBLFXRRZWSLWYFEWXOCVSWYDAXBHTXPY0ZCGPPFY2S','2025-03-13 04:36:31.751917','2025-03-13 05:36:31.000000',1,'C144C25D64E0433896B48ABE99602A4F'),(1474,'EYJHBGCIOIJIUZI1NIISINR5CCI6IKPXVCJ9.EYJ0B2TLBL90EXBLIJOIC2XPZGLUZYISIMV4CCI6MTC0MTG0NTGWOCWIAWF0IJOXNZQXODQYMJA4LCJQDGKIOIJJMDC1ZMYXMWNMNWI0M2Y5YWJMOGM3YMUWOTFJOTRLYYISINJLZNJLC2HFZXHWIJOXNZQXOTI4NJA4LCJ1C2VYX2LKIJOXFQ.G793LWK1QAB6TWLUVT0OSLR7TPGF7Q4TMYGFHBYCLK4','2025-03-13 05:03:28.598895','2025-03-13 06:03:28.000000',1,'C075FF11CF5B43F9ABF8C7BE091C94EC'),(1475,'EYJHBGCIOIJIUZI1NIISINR5CCI6IKPXVCJ9.EYJ0B2TLBL90EXBLIJOICMVMCMVZACISIMV4CCI6MTC0MTKZMTMYNCWIAWF0IJOXNZQXODQ0OTI0LCJQDGKIOIIZMJU2OGEZM2M3Y2M0OTEYYWY4MDM1NZM2ZTA3ZWUWOCISINVZZXJFAWQIOJF9.OMUDHJXUWFYGYXN-5MB9YYR-UKHVUW_P4ELJLU_V_AG','2025-03-13 05:48:44.222899','2025-03-14 05:48:44.000000',1,'32568A33C7CC4912AF8035736E07EE08'),(1476,'EYJHBGCIOIJIUZI1NIISINR5CCI6IKPXVCJ9.EYJ0B2TLBL90EXBLIJOIC2XPZGLUZYISIMV4CCI6MTC0MTG0ODUYOCWIAWF0IJOXNZQXODQ0OTI4LCJQDGKIOIIWNDY4Y2M1OTJMYMY0YJU5YWFLN2EXYZG2YTIXYMQ3YSISINJLZNJLC2HFZXHWIJOXNZQXOTMXMZI4LCJ1C2VYX2LKIJOXFQ.9L4-GRNTXZHZQV9MRBLUU1WRPPHMWAQR_RKZX8KEZY0','2025-03-13 05:48:48.542683','2025-03-13 06:48:48.000000',1,'0468CC592FBF4B59AAE7A1C86A21BD7A'),(1477,'EYJHBGCIOIJIUZI1NIISINR5CCI6IKPXVCJ9.EYJ0B2TLBL90EXBLIJOICMVMCMVZACISIMV4CCI6MTC0MTKZNDMYMSWIAWF0IJOXNZQXODQ3OTIXLCJQDGKIOII0MMMXZTHJNMRHYJQ0YTUXOTA5OTFJMZM2YZBIZDNLOSISINVZZXJFAWQIOJF9.75LEAVJ81TUBPVUQ39CC5DWVWU-VFNV5YRLKWTQBA3Q','2025-03-13 06:38:41.016040','2025-03-14 06:38:41.000000',1,'42C1E8C6DAB44A5190991C336C0BD3E9'),(1478,'EYJHBGCIOIJIUZI1NIISINR5CCI6IKPXVCJ9.EYJ0B2TLBL90EXBLIJOIC2XPZGLUZYISIMV4CCI6MTC0MTG1MTUYMIWIAWF0IJOXNZQXODQ3OTIYLCJQDGKIOIJLOTNJODNJMJLJNJK0MWUXOTA0NDBHNMQXNTE0YWJLOSISINJLZNJLC2HFZXHWIJOXNZQXOTM0MZIYLCJ1C2VYX2LKIJOXFQ.ZJK9_3RP2GNSTHLK-REIPEL4XDSDAITQN3Q5YYCWVEW','2025-03-13 06:38:42.770609','2025-03-13 07:38:42.000000',1,'E93C83C29C6941E190440A6D1514ABE9'),(1479,'EYJHBGCIOIJIUZI1NIISINR5CCI6IKPXVCJ9.EYJ0B2TLBL90EXBLIJOICMVMCMVZACISIMV4CCI6MTC0MTK0NZAXMYWIAWF0IJOXNZQXODYWNJEZLCJQDGKIOII0ODG0NWYWMJK4MWU0OTFJYTHHMDNIZTI0MDK3NJBJMIISINVZZXJFAWQIOJF9.-8OICX351TV2FWH70P4QNH_FACYM3GA5RWA1GHGKVJQ','2025-03-13 10:10:13.688201','2025-03-14 10:10:13.000000',1,'48845F02981E491CA8A03BE2409760C2'),(1480,'EYJHBGCIOIJIUZI1NIISINR5CCI6IKPXVCJ9.EYJ0B2TLBL90EXBLIJOIC2XPZGLUZYISIMV4CCI6MTC0MTG2NDIXNYWIAWF0IJOXNZQXODYWNJE3LCJQDGKIOIJHNTA4ZTM0N2E2NGI0OTQXOTC4NZM5YTIYOTE1ZMUYZSISINJLZNJLC2HFZXHWIJOXNZQXOTQ3MDE3LCJ1C2VYX2LKIJOXFQ.-EXELRF9HZTH5RAUXXJNWC_TQ4K7EH0SCJYXTIMULRI','2025-03-13 10:10:17.990885','2025-03-13 11:10:17.000000',1,'A508E347A64B4941978739A22915FE2E'),(1481,'EYJHBGCIOIJIUZI1NIISINR5CCI6IKPXVCJ9.EYJ0B2TLBL90EXBLIJOICMVMCMVZACISIMV4CCI6MTC0MTK1NDK0OCWIAWF0IJOXNZQXODY4NTQ4LCJQDGKIOII0NGY1ZMNLYJI1MDE0ODCXODIXYWU5OWRJZTRKYJHHNYISINVZZXJFAWQIOJF9.2FDRFUUFRZN3EWALMSMFZIH1FUTMBZV1-SMDUX7PMUM','2025-03-13 12:22:28.879455','2025-03-14 12:22:28.000000',1,'44F5FCEB25014871821AE99DCE4DB8A7'),(1482,'EYJHBGCIOIJIUZI1NIISINR5CCI6IKPXVCJ9.EYJ0B2TLBL90EXBLIJOIC2XPZGLUZYISIMV4CCI6MTC0MTG3MJE2MYWIAWF0IJOXNZQXODY4NTYZLCJQDGKIOIJJMZNIOGJJMZRKMJY0MJRMOTFKM2YYZMJHZJCXMGVHNCISINJLZNJLC2HFZXHWIJOXNZQXOTU0OTYZLCJ1C2VYX2LKIJOXFQ.VKUVKYRHVGRYKWLRHRCX1OLGFJLQPEQXS84VPCNH2MY','2025-03-13 12:22:43.077062','2025-03-13 13:22:43.000000',1,'C33B8BC34D26424F91D3F2FBAF710EA4'),(1483,'EYJHBGCIOIJIUZI1NIISINR5CCI6IKPXVCJ9.EYJ0B2TLBL90EXBLIJOICMVMCMVZACISIMV4CCI6MTC0MTK1NDK5NCWIAWF0IJOXNZQXODY4NTK0LCJQDGKIOIIWNJDJM2NJNJYZNTE0MTKWYJZLMGFKMDGXNWU5NMZJMIISINVZZXJFAWQIOJF9.XQM0PNN2DIRPIP-PZYLIVMRRPZREB8J7QU3S7XBVHWI','2025-03-13 12:23:14.069070','2025-03-14 12:23:14.000000',1,'067C3CC663514190B6E0AD0815E96FC2'),(1484,'EYJHBGCIOIJIUZI1NIISINR5CCI6IKPXVCJ9.EYJ0B2TLBL90EXBLIJOIC2XPZGLUZYISIMV4CCI6MTC0MTG3MJE5OCWIAWF0IJOXNZQXODY4NTK4LCJQDGKIOIJIMTC4M2ZMMZE5ZWQ0MJJJYJG4NZUWZTLJOWE1ODVLNIISINJLZNJLC2HFZXHWIJOXNZQXOTU0OTK4LCJ1C2VYX2LKIJOXFQ.9K-IM3LCMRX_RGQ1EKW6I-QZAO8U3R5KMCYRDTVYINI','2025-03-13 12:23:18.270792','2025-03-13 13:23:18.000000',1,'B1783FF319ED422CB88750E9C9A585E6'),(1485,'EYJHBGCIOIJIUZI1NIISINR5CCI6IKPXVCJ9.EYJ0B2TLBL90EXBLIJOICMVMCMVZACISIMV4CCI6MTC0MTK2MTIYMYWIAWF0IJOXNZQXODC0ODIZLCJQDGKIOIJMMTJMZTQWOGE3NGE0NZVHYTCYZDDLNZJHNDA5MZMZZSISINVZZXJFAWQIOJF9._BVEGSYLSM1TTO6BZJSHLIGWG79A2UBBGIFWIS7UYJM','2025-03-13 14:07:03.804751','2025-03-14 14:07:03.000000',1,'F12FE408A74A475AA72D7E72A409333E'),(1486,'EYJHBGCIOIJIUZI1NIISINR5CCI6IKPXVCJ9.EYJ0B2TLBL90EXBLIJOIC2XPZGLUZYISIMV4CCI6MTC0MTG3ODQZMSWIAWF0IJOXNZQXODC0ODMXLCJQDGKIOIIWZGE5MZJMYZMXOTK0MDY3OTQ5MWQXNJQYNWRJNDBLYYISINJLZNJLC2HFZXHWIJOXNZQXOTYXMJMXLCJ1C2VYX2LKIJOXFQ.LEOUO8BTQC0WVYF8SVJ_SRQIWNMCADKTRV_PGWNRSHI','2025-03-13 14:07:11.116395','2025-03-13 15:07:11.000000',1,'0DA932FC319940679491D16425DC40EC'),(1487,'EYJHBGCIOIJIUZI1NIISINR5CCI6IKPXVCJ9.EYJ0B2TLBL90EXBLIJOICMVMCMVZACISIMV4CCI6MTC0MTK2OTI5NCWIAWF0IJOXNZQXODGYODK0LCJQDGKIOIIYNZJKOWQ4M2M0YWE0MDGYODI1YZCXNZNJZTZMNMRMMYISINVZZXJFAWQIOJF9.-RRFNVORE-VOPMTO0F8HGG2YLZENLDBQ6AIXNUC6XZE','2025-03-13 16:21:34.792939','2025-03-14 16:21:34.000000',1,'272D9D83C4AA4082825C7173CE6F6DF3'),(1488,'EYJHBGCIOIJIUZI1NIISINR5CCI6IKPXVCJ9.EYJ0B2TLBL90EXBLIJOIC2XPZGLUZYISIMV4CCI6MTC0MTG4NJUWNCWIAWF0IJOXNZQXODGYOTA0LCJQDGKIOII1YZDJYTLHZWY4MWQ0NTRLYMFIOWY4ODY1MMU5ZMVLZIISINJLZNJLC2HFZXHWIJOXNZQXOTY5MZA0LCJ1C2VYX2LKIJOXFQ.VCJH8AEHNZ7NVL8RSXHYAT0TUYDGHQKTCTEEFYR9ZBO','2025-03-13 16:21:44.888961','2025-03-13 17:21:44.000000',1,'5C7CA9AEF81D454EBAB9F88652E9FEEF'),(1489,'EYJHBGCIOIJIUZI1NIISINR5CCI6IKPXVCJ9.EYJ0B2TLBL90EXBLIJOICMVMCMVZACISIMV4CCI6MTC0MJAXNDC1MIWIAWF0IJOXNZQXOTI4MZUYLCJQDGKIOIJHZJI3NDQYNWJIZGI0ZGU5OTQ3ZGNMZWE3MJIZYJM3ZSISINVZZXJFAWQIOJF9.ANDFQG9JQO5PSLQK44EETTVUXRC9C6OI9AHMNJ1AT6G','2025-03-14 04:59:12.360937','2025-03-15 04:59:12.000000',1,'AF274425BBDB4DE9947DCFEA7223B37E'),(1490,'EYJHBGCIOIJIUZI1NIISINR5CCI6IKPXVCJ9.EYJ0B2TLBL90EXBLIJOIC2XPZGLUZYISIMV4CCI6MTC0MTKZMTK2MCWIAWF0IJOXNZQXOTI4MZYWLCJQDGKIOIJLM2JJZGJMMDIZODY0ZTZIOTZHNMM3MJQ5YJRHOGQXNIISINJLZNJLC2HFZXHWIJOXNZQYMDE0NZYWLCJ1C2VYX2LKIJOXFQ.NXXDDSNX6N7OBA7FSIIQJSOZSKHKIDXOSOI43RI_AWS','2025-03-14 04:59:20.356395','2025-03-14 05:59:20.000000',1,'E3BCDBF023864E6B96A6C7249B4A8D16'),(1491,'EYJHBGCIOIJIUZI1NIISINR5CCI6IKPXVCJ9.EYJ0B2TLBL90EXBLIJOICMVMCMVZACISIMV4CCI6MTC0MJAXODUXOSWIAWF0IJOXNZQXOTMYMTE5LCJQDGKIOIIYZDU0NTCZYZU5NJG0ODJHYTCZMTKXY2Q1NTY1ZTLHNYISINVZZXJFAWQIOJF9.HILTXKXNMZMXK6XO2P-TLZTV-A8GV6ISNSQOVLALVHS','2025-03-14 06:01:59.014142','2025-03-15 06:01:59.000000',1,'2D54573C5968482AA73191CD5565E9A7'),(1492,'EYJHBGCIOIJIUZI1NIISINR5CCI6IKPXVCJ9.EYJ0B2TLBL90EXBLIJOIC2XPZGLUZYISIMV4CCI6MTC0MTKZNTCYMYWIAWF0IJOXNZQXOTMYMTIZLCJQDGKIOII5M2MXNJC3ZDHKMTA0NDKZOTG2MZLKZTAYNTE5MWU1ZCISINJLZNJLC2HFZXHWIJOXNZQYMDE4NTIZLCJ1C2VYX2LKIJOXFQ.VBGSOIBX9_PCW2OQN_V5DIM-Y3PMPCXVYMMZ__ICQR8','2025-03-14 06:02:03.654562','2025-03-14 07:02:03.000000',1,'93C1677D8D10449398639DE025191E5D'),(1493,'EYJHBGCIOIJIUZI1NIISINR5CCI6IKPXVCJ9.EYJ0B2TLBL90EXBLIJOICMVMCMVZACISIMV4CCI6MTC0MJAYMTC0NIWIAWF0IJOXNZQXOTM1MZQ2LCJQDGKIOIJMMGVMZGU2Y2RKNJI0OGE3YWI4MWEXNTHLYWIZYMNKNIISINVZZXJFAWQIOJF9.OXNCLW_PMUE8HIW20D-APO9VITMIH1LPRE8IME3G4YO','2025-03-14 06:55:46.756383','2025-03-15 06:55:46.000000',1,'F0EFDE6CDD6248A7AB81A158EAB3BCD6'),(1494,'EYJHBGCIOIJIUZI1NIISINR5CCI6IKPXVCJ9.EYJ0B2TLBL90EXBLIJOIC2XPZGLUZYISIMV4CCI6MTC0MTKZODK1MIWIAWF0IJOXNZQXOTM1MZUYLCJQDGKIOIJMMWIWMTA2YJG0MJK0OWEZOWM5M2FIZGNHZDVKZJM3ZSISINJLZNJLC2HFZXHWIJOXNZQYMDIXNZUYLCJ1C2VYX2LKIJOXFQ.TYXG6531-5MSJZJ4-FYRM9YD6OS5_PUVDQFNNJNPKBI','2025-03-14 06:55:52.883838','2025-03-14 07:55:52.000000',1,'F1B0106B842949A39C93ABDCAD5DF37E'),(1495,'EYJHBGCIOIJIUZI1NIISINR5CCI6IKPXVCJ9.EYJ0B2TLBL90EXBLIJOICMVMCMVZACISIMV4CCI6MTC0MJAYMJA3MIWIAWF0IJOXNZQXOTM1NJCYLCJQDGKIOIJKNTHJZGYYNDVLZWI0ODBKYWVHMDQ5ZGIXNTQXYZG0YIISINVZZXJFAWQIOJF9.SDRDPXKMSPOLCHXXBCL5TWCLNXODNWF0RV41WIDJKQM','2025-03-14 07:01:12.499629','2025-03-15 07:01:12.000000',1,'D58CDF245EEB480DAEA049DB1541C84B'),(1496,'EYJHBGCIOIJIUZI1NIISINR5CCI6IKPXVCJ9.EYJ0B2TLBL90EXBLIJOIC2XPZGLUZYISIMV4CCI6MTC0MTKZOTI3NSWIAWF0IJOXNZQXOTM1NJC1LCJQDGKIOIIXMJK1Y2RKZDHMYMM0ODEXODI1MZJMNJIZODNLYMJLMCISINJLZNJLC2HFZXHWIJOXNZQYMDIYMDC1LCJ1C2VYX2LKIJOXFQ.SVAIG0UOY-UGWZKEW9ATYGNFG0TPM_Q6DYWU9KI4A5Q','2025-03-14 07:01:15.840840','2025-03-14 08:01:15.000000',1,'1295CDDD8FBC481182532F62383EBBE0'),(1497,'EYJHBGCIOIJIUZI1NIISINR5CCI6IKPXVCJ9.EYJ0B2TLBL90EXBLIJOICMVMCMVZACISIMV4CCI6MTC0MJAYMJM0OCWIAWF0IJOXNZQXOTM1OTQ4LCJQDGKIOII5YWYWNGZMNDC5NTU0MGY5OTBMYJU3NMQ4YWUZZDLMYIISINVZZXJFAWQIOJF9.7F4UYWZMNL5DTF4JGSJWZXLU42ETIRJOT3VDSWDZCLG','2025-03-14 07:05:48.687997','2025-03-15 07:05:48.000000',1,'9AF04FF4795540F990FB576D8AE3D9FB'),(1498,'EYJHBGCIOIJIUZI1NIISINR5CCI6IKPXVCJ9.EYJ0B2TLBL90EXBLIJOIC2XPZGLUZYISIMV4CCI6MTC0MTKZOTU1MSWIAWF0IJOXNZQXOTM1OTUXLCJQDGKIOII0MDM4ZTBLMJK1MZC0NDBHODUWY2Q4N2M4M2I1MWQ3ZCISINJLZNJLC2HFZXHWIJOXNZQYMDIYMZUXLCJ1C2VYX2LKIJOXFQ.CYW4KXV3XFZOPCQ_NFKFYUNERCHTP-E0DMX8OYEKZB0','2025-03-14 07:05:51.137982','2025-03-14 08:05:51.000000',1,'4038E0E29537440A850CD87C83B51D7D'),(1499,'EYJHBGCIOIJIUZI1NIISINR5CCI6IKPXVCJ9.EYJ0B2TLBL90EXBLIJOICMVMCMVZACISIMV4CCI6MTC0MJAYMJM1NCWIAWF0IJOXNZQXOTM1OTU0LCJQDGKIOIIXOTM1MDQ2YTC2MWM0YJU0OTU1YJBKY2E4MDG3ZTNIYSISINVZZXJFAWQIOJF9.HJE4T4FMPWBXT2CUC7DSB9WQA2KK-VGFEJA0UK-ZB4G','2025-03-14 07:05:54.685077','2025-03-15 07:05:54.000000',1,'1935046A761C4B54955B0DCA8087E3BA'),(1500,'EYJHBGCIOIJIUZI1NIISINR5CCI6IKPXVCJ9.EYJ0B2TLBL90EXBLIJOIC2XPZGLUZYISIMV4CCI6MTC0MTKZOTU1NIWIAWF0IJOXNZQXOTM1OTU2LCJQDGKIOII0YMU5YJG1OTM5MMQ0NDVKYTVLMTA1NMZINTMXYJM0MYISINJLZNJLC2HFZXHWIJOXNZQYMDIYMZU2LCJ1C2VYX2LKIJOXFQ.CRUUTKJI-LXTBFVI0F0AW3TRA2G2TFUFYZUIHOXJDZ0','2025-03-14 07:05:56.490406','2025-03-14 08:05:56.000000',1,'4BE9B859392D445DA5E1056FB531B343'),(1501,'EYJHBGCIOIJIUZI1NIISINR5CCI6IKPXVCJ9.EYJ0B2TLBL90EXBLIJOICMVMCMVZACISIMV4CCI6MTC0MJAYMJQZOCWIAWF0IJOXNZQXOTM2MDM4LCJQDGKIOIIYZWY1OTEWNTM1ZGM0NWQ0YTI0ZDFKZJY1ZTK1NZQ2YYISINVZZXJFAWQIOJF9.C9HE7ETICZS1WGSQPQVEEL5TICUGCMQAYZITUALWLH0','2025-03-14 07:07:18.476569','2025-03-15 07:07:18.000000',1,'2EF5910535DC45D4A24D1DF65E95746C'),(1502,'EYJHBGCIOIJIUZI1NIISINR5CCI6IKPXVCJ9.EYJ0B2TLBL90EXBLIJOIC2XPZGLUZYISIMV4CCI6MTC0MTKZOTY0MYWIAWF0IJOXNZQXOTM2MDQZLCJQDGKIOIJIZMYXMME4ZDHINWU0MZK2YJY3YZEZYZA3MZEXYZLMYYISINJLZNJLC2HFZXHWIJOXNZQYMDIYNDQZLCJ1C2VYX2LKIJOXFQ.J5P8IA9EOWYXPHSWOIEMRNTAVZJQPSGPN3R8MY9LRK4','2025-03-14 07:07:23.616822','2025-03-14 08:07:23.000000',1,'BFF12A8D8B5E4396B67C13C07311C9FC'),(1503,'EYJHBGCIOIJIUZI1NIISINR5CCI6IKPXVCJ9.EYJ0B2TLBL90EXBLIJOICMVMCMVZACISIMV4CCI6MTC0MJAYMZUWMCWIAWF0IJOXNZQXOTM3MTAWLCJQDGKIOII3YMQ3ZME0Y2Q4NJU0OTFKYWQ2YZAZYMFMZGI3NMFINIISINVZZXJFAWQIOJF9.RHRZWJBICXSFQWBBGR2INMK8C6PW-CUSVO51M2HV6TM','2025-03-14 07:25:00.813867','2025-03-15 07:25:00.000000',1,'7BD7FA4CD865491DAD6C03BAFDB76AB6'),(1504,'EYJHBGCIOIJIUZI1NIISINR5CCI6IKPXVCJ9.EYJ0B2TLBL90EXBLIJOIC2XPZGLUZYISIMV4CCI6MTC0MTK0MDCWMYWIAWF0IJOXNZQXOTM3MTAZLCJQDGKIOIIYZGMWOWFIODLLZGE0ZGQWODI1YJJIMGIXNGUZOGNJMYISINJLZNJLC2HFZXHWIJOXNZQYMDIZNTAZLCJ1C2VYX2LKIJOXFQ.TVCXL08AH1ZFTQVPQGOIZ8UH-TPSD-VBALAMKBCKI9G','2025-03-14 07:25:03.629696','2025-03-14 08:25:03.000000',1,'2DC09AB89EDA4DD0825B2B0B14E38CC3'),(1505,'EYJHBGCIOIJIUZI1NIISINR5CCI6IKPXVCJ9.EYJ0B2TLBL90EXBLIJOICMVMCMVZACISIMV4CCI6MTC0MJAYNJQYMSWIAWF0IJOXNZQXOTQWMDIXLCJQDGKIOIIWZDAXOGY4ZMVIOTG0YJLIYMFJZDUZZGRIMWMYMGE5MYISINVZZXJFAWQIOJF9.TAG6P3QXQVAWK6LWTMUDCXGAPCUZ_2RRBAPBBA18ZNG','2025-03-14 08:13:41.991544','2025-03-15 08:13:41.000000',1,'0D018F8FEB984B9BBACD53DDB1C20A93'),(1506,'EYJHBGCIOIJIUZI1NIISINR5CCI6IKPXVCJ9.EYJ0B2TLBL90EXBLIJOIC2XPZGLUZYISIMV4CCI6MTC0MTK0MZYYOSWIAWF0IJOXNZQXOTQWMDI5LCJQDGKIOII3YZG2ZJE4N2EWNWU0MJYZOTVKOTDHNTLJZDCWNJRKMSISINJLZNJLC2HFZXHWIJOXNZQYMDI2NDI5LCJ1C2VYX2LKIJOXFQ.ZUOY5K5KEJZ-YATDLXNPTH5_BGB3FGKGCTOQFRCZRLE','2025-03-14 08:13:49.699985','2025-03-14 09:13:49.000000',1,'7C86F187A05E426395D97A59CD7064D1'),(1507,'EYJHBGCIOIJIUZI1NIISINR5CCI6IKPXVCJ9.EYJ0B2TLBL90EXBLIJOICMVMCMVZACISIMV4CCI6MTC0MJAYNZY3NYWIAWF0IJOXNZQXOTQXMJC3LCJQDGKIOII2Y2M4YTRKZTM5MMU0ZDRJODY5NJY0MJQ2NDMXMTBIZSISINVZZXJFAWQIOJF9.BSAUDTBRXTCAKX7BDFB42VXPPMS53VZGLWSJS85KLU0','2025-03-14 08:34:37.563066','2025-03-15 08:34:37.000000',1,'6CC8A4DE392E4D4C86966424643110BE'),(1508,'EYJHBGCIOIJIUZI1NIISINR5CCI6IKPXVCJ9.EYJ0B2TLBL90EXBLIJOIC2XPZGLUZYISIMV4CCI6MTC0MTK0NDG4MIWIAWF0IJOXNZQXOTQXMJGYLCJQDGKIOII4NJQXNJQ5MZQ5ZWY0MWQ0OGFLZWY3MDK3NDG0YWQZMYISINJLZNJLC2HFZXHWIJOXNZQYMDI3NJGYLCJ1C2VYX2LKIJOXFQ.0DCKVWCYZU18CQTLUUZAII2D9PAW2VWORLLT7KBKIZ0','2025-03-14 08:34:42.264625','2025-03-14 09:34:42.000000',1,'8641649349EF41D48AEEF7097484AD33'),(1509,'EYJHBGCIOIJIUZI1NIISINR5CCI6IKPXVCJ9.EYJ0B2TLBL90EXBLIJOICMVMCMVZACISIMV4CCI6MTC0MJAZMDI4MYWIAWF0IJOXNZQXOTQZODGZLCJQDGKIOIJJMZCZNGUZNJG3YTE0N2E1OGQ4NDZLMMY0NWI5YZY4OCISINVZZXJFAWQIOJF9.95ZT6MTHJK0FZSS2VP6GXN7-QQKO22TYU_RGOH1MYNI','2025-03-14 09:18:03.046185','2025-03-15 09:18:03.000000',1,'C3734E3687A147A58D846E2F45B9C688'),(1510,'EYJHBGCIOIJIUZI1NIISINR5CCI6IKPXVCJ9.EYJ0B2TLBL90EXBLIJOIC2XPZGLUZYISIMV4CCI6MTC0MTK0NZQ5MSWIAWF0IJOXNZQXOTQZODKXLCJQDGKIOIJMMGEWMZM3MTJLNTY0NTHKOGQWZTU3M2Y5MJHHYWY2OSISINJLZNJLC2HFZXHWIJOXNZQYMDMWMJKXLCJ1C2VYX2LKIJOXFQ.-BP7ZGHY9CNIJVO_LJJYFIRNZM96B03G-UMHY05XNKW','2025-03-14 09:18:11.661015','2025-03-14 10:18:11.000000',1,'F0A033712E56458D8D0E573F928AAF69'),(1511,'EYJHBGCIOIJIUZI1NIISINR5CCI6IKPXVCJ9.EYJ0B2TLBL90EXBLIJOICMVMCMVZACISIMV4CCI6MTC0MJAZMTIZOSWIAWF0IJOXNZQXOTQ0ODM5LCJQDGKIOIIWY2VKMTLINZAXNZK0ZJEWOTJLOTAXNGJIMTFLNGUWYIISINVZZXJFAWQIOJF9.SRLATIN2WLV3KKUSII8DZZ4TYFS4OYORCGDA_WPGHTC','2025-03-14 09:33:59.687272','2025-03-15 09:33:59.000000',1,'0CED19B701794F1092E9014BB11E4E0B'),(1512,'EYJHBGCIOIJIUZI1NIISINR5CCI6IKPXVCJ9.EYJ0B2TLBL90EXBLIJOIC2XPZGLUZYISIMV4CCI6MTC0MTK0ODQ0MIWIAWF0IJOXNZQXOTQ0ODQYLCJQDGKIOII4N2NMMTRMMWE5YME0ZTIZYMU2YWQ3NZZMNJNIYME0ZSISINJLZNJLC2HFZXHWIJOXNZQYMDMXMJQYLCJ1C2VYX2LKIJOXFQ.4EVDGNYHUVKM8N79CNHT_MHGAEKWQDEJWO4VMZ7A3NS','2025-03-14 09:34:02.738185','2025-03-14 10:34:02.000000',1,'87CF14F1A9BA4E23BE6AD776F63BBA4E'),(1513,'EYJHBGCIOIJIUZI1NIISINR5CCI6IKPXVCJ9.EYJ0B2TLBL90EXBLIJOICMVMCMVZACISIMV4CCI6MTC0MJA0MJM0NIWIAWF0IJOXNZQXOTU1OTQ2LCJQDGKIOII0YWNJZTBKYZFIMTY0MTE1YWIXNGVJNJK4YZKYNZDHZIISINVZZXJFAWQIOJF9.GPFJXTQMPVJIJXFVJ5TJQ2T_STPU4Z10QLXQBAANMRG','2025-03-14 12:39:06.632142','2025-03-15 12:39:06.000000',1,'4ACCE0DC1B164115AB14EC698C9277AF'),(1514,'EYJHBGCIOIJIUZI1NIISINR5CCI6IKPXVCJ9.EYJ0B2TLBL90EXBLIJOIC2XPZGLUZYISIMV4CCI6MTC0MTK1OTU1MSWIAWF0IJOXNZQXOTU1OTUXLCJQDGKIOIJKNJRMZMYWMWQ4NZM0ZDUXOTCZOWNLYTFJN2M4M2U5NCISINJLZNJLC2HFZXHWIJOXNZQYMDQYMZUXLCJ1C2VYX2LKIJOXFQ.2RGANSOZO-H0NHJDKJCC5EK2R5-NU7M3PWATPE2ZUXS','2025-03-14 12:39:11.722783','2025-03-14 13:39:11.000000',1,'D64FFF01D8734D519739CEA1C7C83E94'),(1515,'EYJHBGCIOIJIUZI1NIISINR5CCI6IKPXVCJ9.EYJ0B2TLBL90EXBLIJOICMVMCMVZACISIMV4CCI6MTC0MJA0MJUWMCWIAWF0IJOXNZQXOTU2MTAWLCJQDGKIOIJJNTU2NZGZZJDKMTC0ZTZJYWFMYMNHYMQZY2Y3MMY0OSISINVZZXJFAWQIOJF9.YSULNJYCKBUAQYQRMC0DYJ00DATAJXGFPHIBRH5RN9I','2025-03-14 12:41:40.361496','2025-03-15 12:41:40.000000',1,'C556783F7D174E6CAAFBCABD3CF72F49'),(1516,'EYJHBGCIOIJIUZI1NIISINR5CCI6IKPXVCJ9.EYJ0B2TLBL90EXBLIJOIC2XPZGLUZYISIMV4CCI6MTC0MTK1OTCWNIWIAWF0IJOXNZQXOTU2MTA2LCJQDGKIOIJKZGFJZJKXNDRKOWU0ODK4YTZIODMXZME1MMJJMDKYOSISINJLZNJLC2HFZXHWIJOXNZQYMDQYNTA2LCJ1C2VYX2LKIJOXFQ.XUQBCATELWU7FKTYVUHFK1IADDOUFX-CDAO6ZBMIDGK','2025-03-14 12:41:46.601485','2025-03-14 13:41:46.000000',1,'DDACF9144D9E4898A6B831FA52BC0929'),(1517,'EYJHBGCIOIJIUZI1NIISINR5CCI6IKPXVCJ9.EYJ0B2TLBL90EXBLIJOICMVMCMVZACISIMV4CCI6MTC0MJA0MJU5NCWIAWF0IJOXNZQXOTU2MTK0LCJQDGKIOII0MJAWNJC2NTYZYZG0ZWM3OGY5OGRINDFKODG0YJQXYIISINVZZXJFAWQIOJF9.JFOPPH_E7M_FLMPH4GKB7IMK-RN1LAO_Z5WME2MCOU8','2025-03-14 12:43:14.912249','2025-03-15 12:43:14.000000',1,'4200676563C84EC78F98DB41D884B41B'),(1518,'EYJHBGCIOIJIUZI1NIISINR5CCI6IKPXVCJ9.EYJ0B2TLBL90EXBLIJOIC2XPZGLUZYISIMV4CCI6MTC0MTK1OTC5OSWIAWF0IJOXNZQXOTU2MTK5LCJQDGKIOII1NJZJZDM2NMIYYWY0M2Q2OTBKNTRMMZHLYTE2M2Y4OSISINJLZNJLC2HFZXHWIJOXNZQYMDQYNTK5LCJ1C2VYX2LKIJOXFQ.HOPJ6G0OCEUB07ZT3YOPG6TZ-EUZQATIYZU_DOT2RVO','2025-03-14 12:43:19.495265','2025-03-14 13:43:19.000000',1,'566CD366B2AF43D690D54F38EA163F89'),(1519,'EYJHBGCIOIJIUZI1NIISINR5CCI6IKPXVCJ9.EYJ0B2TLBL90EXBLIJOICMVMCMVZACISIMV4CCI6MTC0MJA0MZI5MCWIAWF0IJOXNZQXOTU2ODKWLCJQDGKIOIIZMMI4NMQ1MTY3ZME0ZJAXOWJLNZUXMZHKZGU0OWU1OSISINVZZXJFAWQIOJF9.X8TLODKLUVS7ZASW-ZQDVAYCZHYBW86HHLI2UF1VPQW','2025-03-14 12:54:50.157441','2025-03-15 12:54:50.000000',1,'32B86D5167FA4F019BE75138DDE49E59'),(1520,'EYJHBGCIOIJIUZI1NIISINR5CCI6IKPXVCJ9.EYJ0B2TLBL90EXBLIJOIC2XPZGLUZYISIMV4CCI6MTC0MTK2MDQ5NCWIAWF0IJOXNZQXOTU2ODK0LCJQDGKIOII2MZK5NTM2OTFIZTG0YTE1OTU3NMY3OWJKNTLMN2U4MIISINJLZNJLC2HFZXHWIJOXNZQYMDQZMJK0LCJ1C2VYX2LKIJOXFQ.P7CLL7B1F3E89HYGYKNUXDFRXCHUCOOZEZQBX0V3SIW','2025-03-14 12:54:54.956023','2025-03-14 13:54:54.000000',1,'639953691BE84A159576F79BD59F7E82'),(1521,'EYJHBGCIOIJIUZI1NIISINR5CCI6IKPXVCJ9.EYJ0B2TLBL90EXBLIJOICMVMCMVZACISIMV4CCI6MTC0MJA5ODU0MIWIAWF0IJOXNZQYMDEYMTQYLCJQDGKIOIJKZDRJNJI1ZDJJNJU0ZDM4YMIYNZM1NJLKYZDKMZLIMCISINVZZXJFAWQIOJF9.SS3RYRXPQAV9CM_I-MFAGWZ67WCU6VR0LFOGMOD-JH4','2025-03-15 04:15:42.112157','2025-03-16 04:15:42.000000',1,'DD4C625D2C654D38BB273569DC7D39B0'),(1522,'EYJHBGCIOIJIUZI1NIISINR5CCI6IKPXVCJ9.EYJ0B2TLBL90EXBLIJOIC2XPZGLUZYISIMV4CCI6MTC0MJAXNTC0NSWIAWF0IJOXNZQYMDEYMTQ1LCJQDGKIOIJJYTDHYMI4YZIZODA0OGNLYTM4MDFJMTVIMTFIODK5ZCISINJLZNJLC2HFZXHWIJOXNZQYMDK4NTQ1LCJ1C2VYX2LKIJOXFQ.SQVJ3W56YR2TO3RQG-JVYAV5LQSDMB4U_MMNDGZSUX0','2025-03-15 04:15:45.902852','2025-03-15 05:15:45.000000',1,'CA7ABB8C238048CEA3801C15B11B899D'),(1523,'EYJHBGCIOIJIUZI1NIISINR5CCI6IKPXVCJ9.EYJ0B2TLBL90EXBLIJOICMVMCMVZACISIMV4CCI6MTC0MJA5OTCXOCWIAWF0IJOXNZQYMDEZMZE4LCJQDGKIOII4ZJVIYWM3OGQYY2Y0MZI1ODVJOTK3ZJC5ZDG5NMU0YIISINVZZXJFAWQIOJF9.OVWTLIBO0I3QF7PZPD2K2B6OMATLSHVP3XTLH2C529O','2025-03-15 04:35:18.553742','2025-03-16 04:35:18.000000',1,'8F5BAC78D2CF432585C997F79D896E4B'),(1524,'EYJHBGCIOIJIUZI1NIISINR5CCI6IKPXVCJ9.EYJ0B2TLBL90EXBLIJOIC2XPZGLUZYISIMV4CCI6MTC0MJAXNJKYMCWIAWF0IJOXNZQYMDEZMZIWLCJQDGKIOIJMZDYYYJKXYMNMZTY0MTA5YTHMNMNHNJVIOTQ4YMY1NYISINJLZNJLC2HFZXHWIJOXNZQYMDK5NZIWLCJ1C2VYX2LKIJOXFQ.93ZKRODWWRTGCYYRQHMRWDLA44IL5SKXT3VUZZFKJTE','2025-03-15 04:35:20.995484','2025-03-15 05:35:20.000000',1,'FD62B91BCFE64109A8F6CA65B948BF57'),(1525,'EYJHBGCIOIJIUZI1NIISINR5CCI6IKPXVCJ9.EYJ0B2TLBL90EXBLIJOICMVMCMVZACISIMV4CCI6MTC0MJEWMJQ3MYWIAWF0IJOXNZQYMDE2MDCZLCJQDGKIOIJKYJG4OGEXYJKZN2U0ZJC5ODGXN2I3MTY0NZDHZTE2NYISINVZZXJFAWQIOJF9.OMOE4SKLRJYHYTVK-BFMGKYCCUE8W3AYIGRMJL3B-IO','2025-03-15 05:21:13.743534','2025-03-16 05:21:13.000000',1,'DB888A1B937E4F798817B716477AE167'),(1526,'EYJHBGCIOIJIUZI1NIISINR5CCI6IKPXVCJ9.EYJ0B2TLBL90EXBLIJOIC2XPZGLUZYISIMV4CCI6MTC0MJAXOTY3NYWIAWF0IJOXNZQYMDE2MDC3LCJQDGKIOIJHNMZJNJUXNJE4YMY0NTVIOWVKZTVMODI4M2I4NTM3MYISINJLZNJLC2HFZXHWIJOXNZQYMTAYNDC3LCJ1C2VYX2LKIJOXFQ.UJAVRPUE9AHLOPDCSDFOBYL733Z5NIQSAK5RESIEIY0','2025-03-15 05:21:17.501457','2025-03-15 06:21:17.000000',1,'A6FC651618BF455B9EDE5F8283B85373'),(1527,'EYJHBGCIOIJIUZI1NIISINR5CCI6IKPXVCJ9.EYJ0B2TLBL90EXBLIJOICMVMCMVZACISIMV4CCI6MTC0MJEWMZQ4NSWIAWF0IJOXNZQYMDE3MDG1LCJQDGKIOIJMMZI0YJIZMWVJMTU0M2NLOGE2OTEZMDVLMGE3MDA5ZCISINVZZXJFAWQIOJF9.FZ-TZ8IUTBQJMRBAPROHKPEPHZLRCHEZTWEAIZYMQWY','2025-03-15 05:38:05.310955','2025-03-16 05:38:05.000000',1,'F324B231EC1543CE8A691305E0A7009D'),(1528,'EYJHBGCIOIJIUZI1NIISINR5CCI6IKPXVCJ9.EYJ0B2TLBL90EXBLIJOIC2XPZGLUZYISIMV4CCI6MTC0MJAYMDY4OCWIAWF0IJOXNZQYMDE3MDG4LCJQDGKIOIJKOTUYNZK3MDMWN2M0NWQYODY4NGE3ZGVJYMY0NJEYZIISINJLZNJLC2HFZXHWIJOXNZQYMTAZNDG4LCJ1C2VYX2LKIJOXFQ.9IZLWTCQ5VZJVBVCTOZ8IXIJAL8DPCHPJ5Y3_EWBGPU','2025-03-15 05:38:08.648559','2025-03-15 06:38:08.000000',1,'D9527970307C45D28684A7DECBF4612F'),(1529,'EYJHBGCIOIJIUZI1NIISINR5CCI6IKPXVCJ9.EYJ0B2TLBL90EXBLIJOICMVMCMVZACISIMV4CCI6MTC0MJEWMZGWMIWIAWF0IJOXNZQYMDE3NDAYLCJQDGKIOIJMMJMYNDK3MZC2ZJE0MTJHYWMYYTK4MDYZZJEXZGU2NYISINVZZXJFAWQIOJF9.2Z1GEWGKQR8WTAWLWMEIK0NARPGCXXDPDAULRD2TXCO','2025-03-15 05:43:22.284537','2025-03-16 05:43:22.000000',1,'F232497376F1412AAC2A98063F11DE67'),(1530,'EYJHBGCIOIJIUZI1NIISINR5CCI6IKPXVCJ9.EYJ0B2TLBL90EXBLIJOIC2XPZGLUZYISIMV4CCI6MTC0MJAYMTAWNIWIAWF0IJOXNZQYMDE3NDA2LCJQDGKIOII2N2U0ZMI4NDRINZU0OTVLOWFIYZC2ZMMZMZCZZMYYNIISINJLZNJLC2HFZXHWIJOXNZQYMTAZODA2LCJ1C2VYX2LKIJOXFQ.16QQTXDLGD4LYASBK_Z6OT3KJ7SLR3_DZTPUIETPNAM','2025-03-15 05:43:26.493445','2025-03-15 06:43:26.000000',1,'67E4FB844B75495E9ABC76FC3373FF26'),(1531,'EYJHBGCIOIJIUZI1NIISINR5CCI6IKPXVCJ9.EYJ0B2TLBL90EXBLIJOICMVMCMVZACISIMV4CCI6MTC0MJEYNDY3MSWIAWF0IJOXNZQYMDM4MJCXLCJQDGKIOIIZMTU0ZJZJNZUXMDM0N2Q5ODC2MMY4NZFKNME3M2U3NSISINVZZXJFAWQIOJF9.ZETSQOCBKCXJ16DJTOBARANW9ERSGCBPFWDDVCJM24Y','2025-03-15 11:31:11.695030','2025-03-16 11:31:11.000000',1,'3154F6C7510347D98762F871D6A73E75'),(1532,'EYJHBGCIOIJIUZI1NIISINR5CCI6IKPXVCJ9.EYJ0B2TLBL90EXBLIJOIC2XPZGLUZYISIMV4CCI6MTC0MJA0MTG3NYWIAWF0IJOXNZQYMDM4MJC3LCJQDGKIOIJHM2E3M2Q3N2IXMTC0MTQ3ODHIMDRHMGZMZMQWNTGWYYISINJLZNJLC2HFZXHWIJOXNZQYMTI0NJC3LCJ1C2VYX2LKIJOXFQ.LLNIDV78RPIBBRNT36ETJQDCRWTMYAAGGVRRFUAMZHC','2025-03-15 11:31:17.283813','2025-03-15 12:31:17.000000',1,'A3A73D77B117414788B04A0FFFD0580C'),(1533,'EYJHBGCIOIJIUZI1NIISINR5CCI6IKPXVCJ9.EYJ0B2TLBL90EXBLIJOICMVMCMVZACISIMV4CCI6MTC0MJEYNJY5MIWIAWF0IJOXNZQYMDQWMJKYLCJQDGKIOIJKZTC4NJI5MJBIYZA0MZMYYTY0OWRINDG0ODYXZTLKMSISINVZZXJFAWQIOJF9.Z2Y6L2NCBTELSKY3FDAPZVOISWMFCL70TXU9_WOKPPI','2025-03-15 12:04:52.831142','2025-03-16 12:04:52.000000',1,'DE7862920BC04332A649DB484861E9D1'),(1534,'EYJHBGCIOIJIUZI1NIISINR5CCI6IKPXVCJ9.EYJ0B2TLBL90EXBLIJOIC2XPZGLUZYISIMV4CCI6MTC0MJA0MZG5NYWIAWF0IJOXNZQYMDQWMJK3LCJQDGKIOII0NGRLOGYZNZKWOGI0OTFLOTG1NJUYZTQ1NGZLY2ZLMSISINJLZNJLC2HFZXHWIJOXNZQYMTI2NJK3LCJ1C2VYX2LKIJOXFQ.BU0TJU9YTWHIWCVUE0-_PVBIRTHA1PQOZWZWAVX5CJY','2025-03-15 12:04:57.090001','2025-03-15 13:04:57.000000',1,'44DE8F37908B491E985652E454FECFE1'),(1535,'EYJHBGCIOIJIUZI1NIISINR5CCI6IKPXVCJ9.EYJ0B2TLBL90EXBLIJOICMVMCMVZACISIMV4CCI6MTC0MJEYNZM0MIWIAWF0IJOXNZQYMDQWOTQYLCJQDGKIOII1MMVKNJFJYZK4YZU0MJNLYJAYODG2OGUWOGVHZDZJZIISINVZZXJFAWQIOJF9.IBFKZUK1EMWHAZ2QV1OYTTL4JUVAW7MAZ8CBGE1LANS','2025-03-15 12:15:42.296263','2025-03-16 12:15:42.000000',1,'52ED61CC98C5423EB028868E08EAD6CF'),(1536,'EYJHBGCIOIJIUZI1NIISINR5CCI6IKPXVCJ9.EYJ0B2TLBL90EXBLIJOIC2XPZGLUZYISIMV4CCI6MTC0MJA0NDU0MYWIAWF0IJOXNZQYMDQWOTQZLCJQDGKIOIIXZGQ1YZY4ODAXOTA0ZMJMODVKYZNKODJMNTI2NTJINSISINJLZNJLC2HFZXHWIJOXNZQYMTI3MZQZLCJ1C2VYX2LKIJOXFQ.OZZ970DTKQKG7ZKVNRQGU_NCJSBHOK_0P0L1HGZQCSS','2025-03-15 12:15:43.999469','2025-03-15 13:15:43.000000',1,'1DD5C68801904FBF85DC3D82F52652B5'),(1537,'EYJHBGCIOIJIUZI1NIISINR5CCI6IKPXVCJ9.EYJ0B2TLBL90EXBLIJOICMVMCMVZACISIMV4CCI6MTC0MJEZNTG1OCWIAWF0IJOXNZQYMDQ5NDU4LCJQDGKIOIIYZDYWNTM2NWVJNJA0MDFLYMFLMJAXZTGXMGNHMTNIYIISINVZZXJFAWQIOJF9.-EDGOCGGNR3OR952ECBCJP_Y59LQQMVSXQJ1RPMFUNK','2025-03-15 14:37:38.335818','2025-03-16 14:37:38.000000',1,'2D605365EC60401EBAE201E810CA13BB'),(1538,'EYJHBGCIOIJIUZI1NIISINR5CCI6IKPXVCJ9.EYJ0B2TLBL90EXBLIJOIC2XPZGLUZYISIMV4CCI6MTC0MJA1MZA2MSWIAWF0IJOXNZQYMDQ5NDYXLCJQDGKIOIIWNTK2ODVHZTLINJE0NDHLODHHNMY0NDGZYWEWMMRLYIISINJLZNJLC2HFZXHWIJOXNZQYMTM1ODYXLCJ1C2VYX2LKIJOXFQ.FX3SMABRED-G2HPMTYANXU-ANACBEJSBJJHIHGXBOX8','2025-03-15 14:37:41.409058','2025-03-15 15:37:41.000000',1,'059685AE9B61448E88A6F4483AA02DEB'),(1539,'EYJHBGCIOIJIUZI1NIISINR5CCI6IKPXVCJ9.EYJ0B2TLBL90EXBLIJOICMVMCMVZACISIMV4CCI6MTC0MJEZNZU1NCWIAWF0IJOXNZQYMDUXMTU0LCJQDGKIOII1YJIXYMMXNGYYMTA0MZC5YWZINGI0YJIXODLIMMQ5ZSISINVZZXJFAWQIOJF9.JDHME3W0KDPCHP6QR-X9NP6GRXR3ELYKSQXVCNR2YNA','2025-03-15 15:05:54.701004','2025-03-16 15:05:54.000000',1,'5B21BC14F2104379AFB4B4B2189B2D9E'),(1540,'EYJHBGCIOIJIUZI1NIISINR5CCI6IKPXVCJ9.EYJ0B2TLBL90EXBLIJOIC2XPZGLUZYISIMV4CCI6MTC0MJA1NDC2MYWIAWF0IJOXNZQYMDUXMTYZLCJQDGKIOIIZMTIXZTEWNMQXNZC0NTM3OWRMNWZMMTY3ZWM1YZGXMIISINJLZNJLC2HFZXHWIJOXNZQYMTM3NTYZLCJ1C2VYX2LKIJOXFQ.55ECQXPXZSDLYSHOEM0PLEDKHZWBHEDQYHFA_NXOTV8','2025-03-15 15:06:03.547064','2025-03-15 16:06:03.000000',1,'3121E106D17745379DF5FF167EC5C812'),(1541,'EYJHBGCIOIJIUZI1NIISINR5CCI6IKPXVCJ9.EYJ0B2TLBL90EXBLIJOICMVMCMVZACISIMV4CCI6MTC0MJE0MDQWMCWIAWF0IJOXNZQYMDU0MDAWLCJQDGKIOII3YTI1ZTNJNZQ3NGU0Y2Q2YMFMZME5ZGRJZTAWYTKYMSISINVZZXJFAWQIOJF9.KHOEWV5DKICPCDXK9NXOZNEE4Z_ZG6J-CWTE2Z7M-Q4','2025-03-15 15:53:20.897602','2025-03-16 15:53:20.000000',1,'7A25E3C7474E4CD6BAFFA9DDCE00A921'),(1542,'EYJHBGCIOIJIUZI1NIISINR5CCI6IKPXVCJ9.EYJ0B2TLBL90EXBLIJOIC2XPZGLUZYISIMV4CCI6MTC0MJA1NZYWNCWIAWF0IJOXNZQYMDU0MDA0LCJQDGKIOIJIYMM3ODRIYTC5OTG0YJMWYJM4MJDLYZZJZJM2MJYZMCISINJLZNJLC2HFZXHWIJOXNZQYMTQWNDA0LCJ1C2VYX2LKIJOXFQ.764SXZZRT0ITIWLM9ZEOBG6ZPL05I8FB0NOD_WY98_W','2025-03-15 15:53:24.548324','2025-03-15 16:53:24.000000',1,'BBC784BA79984B30B3827EC6CF362630'),(1543,'EYJHBGCIOIJIUZI1NIISINR5CCI6IKPXVCJ9.EYJ0B2TLBL90EXBLIJOICMVMCMVZACISIMV4CCI6MTC0MJE4NZM4NIWIAWF0IJOXNZQYMTAWOTG2LCJQDGKIOIJJZTHHOWJHOTMZMZQ0ZDG5ODVHMTI3N2M4MTY3OWY1MYISINVZZXJFAWQIOJF9.Z-WRVKHEF6XPXA6WLNKFBMRQIPCH2LYEPHDBZBGZQU0','2025-03-16 04:56:26.231798','2025-03-17 04:56:26.000000',1,'CE8A9BA933344D8985A1277C81679F53'),(1544,'EYJHBGCIOIJIUZI1NIISINR5CCI6IKPXVCJ9.EYJ0B2TLBL90EXBLIJOIC2XPZGLUZYISIMV4CCI6MTC0MJEWNDU5OSWIAWF0IJOXNZQYMTAWOTK5LCJQDGKIOIJHMTDIZJY0YTK3MDU0NGQYODMYN2FHN2M3OTMYMTIXNSISINJLZNJLC2HFZXHWIJOXNZQYMTG3MZK5LCJ1C2VYX2LKIJOXFQ.M-Y2UOFQD6QFE7S6QDCD_PMPOS_UDUWWWBWGWYHJT3G','2025-03-16 04:56:39.449556','2025-03-16 05:56:39.000000',1,'A17BF64A970544D28327AA7C79321215'),(1545,'EYJHBGCIOIJIUZI1NIISINR5CCI6IKPXVCJ9.EYJ0B2TLBL90EXBLIJOICMVMCMVZACISIMV4CCI6MTC0MJE4OTI4MSWIAWF0IJOXNZQYMTAYODGXLCJQDGKIOII1ZMI2NZGWMJG5YTI0ODY4OGU1OWQ0ZJBJNDQWODYYMYISINVZZXJFAWQIOJF9.6IQUFSCIILCNUBHQJSAJXB9NUSCMITJWFBQK9E2P0HQ','2025-03-16 05:28:01.495620','2025-03-17 05:28:01.000000',1,'5FB6780289A248688E59D4F0C4408623'),(1546,'EYJHBGCIOIJIUZI1NIISINR5CCI6IKPXVCJ9.EYJ0B2TLBL90EXBLIJOIC2XPZGLUZYISIMV4CCI6MTC0MJEWNJQ4NSWIAWF0IJOXNZQYMTAYODG1LCJQDGKIOIJIM2FJMTMWODE2ODY0YJI0YWRINDDIZTZLMMMWZDA4ZIISINJLZNJLC2HFZXHWIJOXNZQYMTG5MJG1LCJ1C2VYX2LKIJOXFQ.AXK4VDJ49BDB92KCHW8TIDT36OZ2THFDT6C8VRPM4WM','2025-03-16 05:28:05.881470','2025-03-16 06:28:05.000000',1,'B3AC130816864B24ADB47BE6E2C0D08F'),(1547,'EYJHBGCIOIJIUZI1NIISINR5CCI6IKPXVCJ9.EYJ0B2TLBL90EXBLIJOICMVMCMVZACISIMV4CCI6MTC0MJE5MJU1MSWIAWF0IJOXNZQYMTA2MTUXLCJQDGKIOII5Y2EYNMEYZWFLMJE0ZMNKODZHZJHJZJJHMZG0ZWM2NSISINVZZXJFAWQIOJF9.DMQ8UGV2P7CQX0KRASX1YE1W1SGDA6EM2TD4-GHQNME','2025-03-16 06:22:31.733386','2025-03-17 06:22:31.000000',1,'9CA26A2EAE214FCD86AF8CF2A384EC65'),(1548,'EYJHBGCIOIJIUZI1NIISINR5CCI6IKPXVCJ9.EYJ0B2TLBL90EXBLIJOIC2XPZGLUZYISIMV4CCI6MTC0MJEWOTC1OCWIAWF0IJOXNZQYMTA2MTU4LCJQDGKIOII4ZJJKZGEXZGNJMWE0MGM0OGMWNWRMMZE3ZJGXNJY0YIISINJLZNJLC2HFZXHWIJOXNZQYMTKYNTU4LCJ1C2VYX2LKIJOXFQ.JJXH8ZHGN5YHURBY0VMSHUW5YNRXOVHCJK9LT4HWHU0','2025-03-16 06:22:38.049643','2025-03-16 07:22:38.000000',1,'8F2DDA1DCC1A40C48C05DF317F81664B'),(1549,'EYJHBGCIOIJIUZI1NIISINR5CCI6IKPXVCJ9.EYJ0B2TLBL90EXBLIJOICMVMCMVZACISIMV4CCI6MTC0MJE5MJU3MYWIAWF0IJOXNZQYMTA2MTCZLCJQDGKIOII0NZU2YZRJZDFLMTK0ZGM0YJK4NTC4ZMIYMDFLMDGXZIISINVZZXJFAWQIOJF9.H36J2PP4P-OWYQLPBW3QPWFDJRHQQ5S38-EGB3MW-2G','2025-03-16 06:22:53.711368','2025-03-17 06:22:53.000000',1,'4756C4CD1E194DC4B98578FB201E081F'),(1550,'EYJHBGCIOIJIUZI1NIISINR5CCI6IKPXVCJ9.EYJ0B2TLBL90EXBLIJOIC2XPZGLUZYISIMV4CCI6MTC0MJEWOTC3OCWIAWF0IJOXNZQYMTA2MTC4LCJQDGKIOII2ZTE1NZE4ZJC4MDC0ZTNLOGVKMDCXZMRIZJVJYWNKNYISINJLZNJLC2HFZXHWIJOXNZQYMTKYNTC4LCJ1C2VYX2LKIJOXFQ.HGU118JGHF5L8_XK1ULNBZXY547HNKNV7GOVSXLOSSI','2025-03-16 06:22:58.074207','2025-03-16 07:22:58.000000',1,'6E15718F78074E3E8ED071FDBF5CACD7'),(1551,'EYJHBGCIOIJIUZI1NIISINR5CCI6IKPXVCJ9.EYJ0B2TLBL90EXBLIJOICMVMCMVZACISIMV4CCI6MTC0MJIWNDGXOCWIAWF0IJOXNZQYMTE4NDE4LCJQDGKIOII4MMU2NMQWM2M3NJY0NGI5OGM1MZKYNTJJODQYZJM5YIISINVZZXJFAWQIOJF9.KQ-EDMYV4_WUUWKSFFSHTWZPMKQMJ1OP7DSEM0LU6CE','2025-03-16 09:46:58.900675','2025-03-17 09:46:58.000000',1,'82E66D03C76644B98C539252C842F39B'),(1552,'EYJHBGCIOIJIUZI1NIISINR5CCI6IKPXVCJ9.EYJ0B2TLBL90EXBLIJOIC2XPZGLUZYISIMV4CCI6MTC0MJEYMJAZMSWIAWF0IJOXNZQYMTE4NDMXLCJQDGKIOIJJY2E5YJE2MMM2MJY0NJM5OTM1YJLHMTMXMJZMYTI5MIISINJLZNJLC2HFZXHWIJOXNZQYMJA0ODMXLCJ1C2VYX2LKIJOXFQ.JWDLS-MLYAAJ-EXNVDD0_ZTSNRSCOZXEKTZCC3-VCFA','2025-03-16 09:47:11.968471','2025-03-16 10:47:11.000000',1,'CCA9B162C6264639935B9A13126FA292'),(1553,'EYJHBGCIOIJIUZI1NIISINR5CCI6IKPXVCJ9.EYJ0B2TLBL90EXBLIJOICMVMCMVZACISIMV4CCI6MTC0MJIWNDG0MYWIAWF0IJOXNZQYMTE4NDQZLCJQDGKIOII1YZLHYJG2MJZINZQ0MDG4OWNIMZEXMTZLMJVMNJQ4YIISINVZZXJFAWQIOJF9.6Y_V3RDEY4OQSLPJQBANHWJ3E0EYXXDOG7X3OCTRDMA','2025-03-16 09:47:23.108879','2025-03-17 09:47:23.000000',1,'5C9AB8626B7440889CB31116E25F648B'),(1554,'EYJHBGCIOIJIUZI1NIISINR5CCI6IKPXVCJ9.EYJ0B2TLBL90EXBLIJOIC2XPZGLUZYISIMV4CCI6MTC0MJEYMJA0NYWIAWF0IJOXNZQYMTE4NDQ3LCJQDGKIOII4YMUZMGNINGQXZWY0NTI4YMJMMTMYOTE2YZZKZJRMNYISINJLZNJLC2HFZXHWIJOXNZQYMJA0ODQ3LCJ1C2VYX2LKIJOXFQ.VYBAELUO1-BFGD8IBQMORWVBNAKPSKEZYLUGLS2XS_A','2025-03-16 09:47:27.848319','2025-03-16 10:47:27.000000',1,'8BE30CB4D1EF4528BBF132916C6DF4F7'),(1555,'EYJHBGCIOIJIUZI1NIISINR5CCI6IKPXVCJ9.EYJ0B2TLBL90EXBLIJOICMVMCMVZACISIMV4CCI6MTC0MJIWNDG2NSWIAWF0IJOXNZQYMTE4NDY1LCJQDGKIOIJJNWM1YJEZMWM3YTK0ODVLODRJNJI0ZDUYYTQ5YTU3NCISINVZZXJFAWQIOJF9.P-B5GJJ2XSOEECCJDI6HJRC_BEYLTZL-WSAXCKV3EK8','2025-03-16 09:47:45.828138','2025-03-17 09:47:45.000000',1,'C5C5B131C7A9485E84C624D52A49A574'),(1556,'EYJHBGCIOIJIUZI1NIISINR5CCI6IKPXVCJ9.EYJ0B2TLBL90EXBLIJOIC2XPZGLUZYISIMV4CCI6MTC0MJEYMJA2OCWIAWF0IJOXNZQYMTE4NDY4LCJQDGKIOIIYNZNJYTIXOGIXODU0YMU3OTY0ZMEXZWUXZMFMNZU1YIISINJLZNJLC2HFZXHWIJOXNZQYMJA0ODY4LCJ1C2VYX2LKIJOXFQ.CSTS4NLPTVRUIVSCAPKPJQMLZMJY9MAUZ8VDLW0FQAG','2025-03-16 09:47:48.948560','2025-03-16 10:47:48.000000',1,'273CA218B1854BE7964FA1EE1FAF755B'),(1557,'EYJHBGCIOIJIUZI1NIISINR5CCI6IKPXVCJ9.EYJ0B2TLBL90EXBLIJOICMVMCMVZACISIMV4CCI6MTC0MJIWNDKYOSWIAWF0IJOXNZQYMTE4NTI5LCJQDGKIOIJMMWIYZJNINGM1ZJY0NDLIYMQ1YZK5ZWFKMTFHYZC4YSISINVZZXJFAWQIOJF9.QIHEL1E5LCLMOUZ1FG4HMLGAJ4YMD9SJM-VRG8ISE8S','2025-03-16 09:48:49.341439','2025-03-17 09:48:49.000000',1,'F1B2F3B4C5F6449BBD5C99EAD11AC78A'),(1558,'EYJHBGCIOIJIUZI1NIISINR5CCI6IKPXVCJ9.EYJ0B2TLBL90EXBLIJOIC2XPZGLUZYISIMV4CCI6MTC0MJEYMJEZMIWIAWF0IJOXNZQYMTE4NTMYLCJQDGKIOIJJMDCWM2NLNWEZZTA0NZIXODVMNMUXYJDKNTAYNJK3NCISINJLZNJLC2HFZXHWIJOXNZQYMJA0OTMYLCJ1C2VYX2LKIJOXFQ.HVNEOE_9SPVTVYNPXK2PY7DKB8HYMJXBYJIBVBCAK68','2025-03-16 09:48:52.559244','2025-03-16 10:48:52.000000',1,'C0703CE5A3E0472185F6E1B7D5026974'),(1559,'EYJHBGCIOIJIUZI1NIISINR5CCI6IKPXVCJ9.EYJ0B2TLBL90EXBLIJOICMVMCMVZACISIMV4CCI6MTC0MJIWNTE2NSWIAWF0IJOXNZQYMTE4NZY1LCJQDGKIOII5YMY3NGYXMGYYNZQ0MJUXYTBJNGRLZMU4MWNJMDU2ZIISINVZZXJFAWQIOJF9.TAOAV6LJOJVVFBQZKSNC-27KJAQS6HEPQZKOKKUJKJK','2025-03-16 09:52:45.364375','2025-03-17 09:52:45.000000',1,'9BF74F10F2744251A0C4DEFE81CC056F'),(1560,'EYJHBGCIOIJIUZI1NIISINR5CCI6IKPXVCJ9.EYJ0B2TLBL90EXBLIJOIC2XPZGLUZYISIMV4CCI6MTC0MJEYMJM2OCWIAWF0IJOXNZQYMTE4NZY4LCJQDGKIOIIYYJFIZMMWNDMXOWE0MZZMYMEWMJU5M2E4MTLMZGM0NYISINJLZNJLC2HFZXHWIJOXNZQYMJA1MTY4LCJ1C2VYX2LKIJOXFQ.GNIVF8JQK1VYE8DRB-PNYHLL4-NAUKG2AJHODFUWON4','2025-03-16 09:52:48.518549','2025-03-16 10:52:48.000000',1,'2B1BFC04319A436FBA02593A819FDC47'),(1561,'EYJHBGCIOIJIUZI1NIISINR5CCI6IKPXVCJ9.EYJ0B2TLBL90EXBLIJOICMVMCMVZACISIMV4CCI6MTC0MJIWNZQ2MIWIAWF0IJOXNZQYMTIXMDYYLCJQDGKIOII3MTI4NJLJMDM3ZGM0NGUYYWQYYZDIMWI5OTY0ODRLZIISINVZZXJFAWQIOJF9.COYD7YAGFON8VPE_38_F1Y6EAP_2SX74_IG--P6QCLW','2025-03-16 10:31:02.860531','2025-03-17 10:31:02.000000',1,'712869C037DC44E2AD2C7B1B996484EF'),(1562,'EYJHBGCIOIJIUZI1NIISINR5CCI6IKPXVCJ9.EYJ0B2TLBL90EXBLIJOIC2XPZGLUZYISIMV4CCI6MTC0MJEYNDY2NYWIAWF0IJOXNZQYMTIXMDY3LCJQDGKIOIJLMJDKY2Q2YJFKMMY0NTU5OTDJODEZMZA1ODJIZDFHMCISINJLZNJLC2HFZXHWIJOXNZQYMJA3NDY3LCJ1C2VYX2LKIJOXFQ.08JZJL74MZ68IG0IF1TP1K43RQZYAAHXG6WBHT2PAMQ','2025-03-16 10:31:07.452252','2025-03-16 11:31:07.000000',1,'E27DCD6B1D2F455997C81330582BD1A0'),(1563,'EYJHBGCIOIJIUZI1NIISINR5CCI6IKPXVCJ9.EYJ0B2TLBL90EXBLIJOICMVMCMVZACISIMV4CCI6MTC0MJIWNZKWNCWIAWF0IJOXNZQYMTIXNTA0LCJQDGKIOIJIMGE4MDAZN2RMYTM0MZGYYJYZY2M1YZU1ZTLINTA4OSISINVZZXJFAWQIOJF9.BOWZQUZXFQKRWD-AQVDW3L7KOF_CZZA9UTZUSOZJCKE','2025-03-16 10:38:24.824680','2025-03-17 10:38:24.000000',1,'B0A80037DFA34382B63CC5C55E9B5089'),(1564,'EYJHBGCIOIJIUZI1NIISINR5CCI6IKPXVCJ9.EYJ0B2TLBL90EXBLIJOIC2XPZGLUZYISIMV4CCI6MTC0MJEYNTEWOCWIAWF0IJOXNZQYMTIXNTA4LCJQDGKIOIJKZJK4ODAZZTUYNDA0ZJQYODY3MZY0NGE4NZG2ZDJJZIISINJLZNJLC2HFZXHWIJOXNZQYMJA3OTA4LCJ1C2VYX2LKIJOXFQ.ZK1FE8TZD2ZEOUZN8B5XVD8JPWOCYLZ5A1ZMP8NJ5C8','2025-03-16 10:38:28.612210','2025-03-16 11:38:28.000000',1,'DF98803E52404F428673644A8786D2CF'),(1565,'EYJHBGCIOIJIUZI1NIISINR5CCI6IKPXVCJ9.EYJ0B2TLBL90EXBLIJOICMVMCMVZACISIMV4CCI6MTC0MJIWODK3NYWIAWF0IJOXNZQYMTIYNTC3LCJQDGKIOIIZYJZJYTY5N2U4M2I0OGFKOGU2OWM0MTDLY2E1MTBLYSISINVZZXJFAWQIOJF9.VKFSQTBOIJXWNIBCXFIWVMASH0ZSTULEU4FZBVHPZRK','2025-03-16 10:56:17.998294','2025-03-17 10:56:17.000000',1,'3B6CA697E83B48AD8E69C417ECA510EA'),(1566,'EYJHBGCIOIJIUZI1NIISINR5CCI6IKPXVCJ9.EYJ0B2TLBL90EXBLIJOIC2XPZGLUZYISIMV4CCI6MTC0MJEYNJE4MYWIAWF0IJOXNZQYMTIYNTGZLCJQDGKIOII1MJM1MTK2ODRMNWE0YJM0ODE3ZDZMZDY2NGU0ZMUXMYISINJLZNJLC2HFZXHWIJOXNZQYMJA4OTGZLCJ1C2VYX2LKIJOXFQ.G078DSB_VKT2D-ANYTH5MNBIXTDLMEV55-1RPJUETFA','2025-03-16 10:56:23.031909','2025-03-16 11:56:23.000000',1,'523519684F5A4B34817D6FD664E4FE13'),(1567,'EYJHBGCIOIJIUZI1NIISINR5CCI6IKPXVCJ9.EYJ0B2TLBL90EXBLIJOICMVMCMVZACISIMV4CCI6MTC0MJIXNDE2OSWIAWF0IJOXNZQYMTI3NZY5LCJQDGKIOIJMOGRKY2E2MWY1NTY0MDRKOWQZNJKZZTU3OTYYNZE0MSISINVZZXJFAWQIOJF9.NA5RDHOP3DWGNFC08LU7EAR_WLVZVZL9IJUAQDZUIHC','2025-03-16 12:22:49.521414','2025-03-17 12:22:49.000000',1,'F8DDCA61F556404D9D3693E579627141'),(1568,'EYJHBGCIOIJIUZI1NIISINR5CCI6IKPXVCJ9.EYJ0B2TLBL90EXBLIJOIC2XPZGLUZYISIMV4CCI6MTC0MJEZMTM3MIWIAWF0IJOXNZQYMTI3NZCYLCJQDGKIOIIZNWNMMMIXN2VKNMI0ODI1ODJIN2U2MMNMOGI3NMI4OCISINJLZNJLC2HFZXHWIJOXNZQYMJE0MTCYLCJ1C2VYX2LKIJOXFQ.DAESDUDWK7E_5DXUAZ-5IQKAPJ9CNUQRRSBDHB50CPC','2025-03-16 12:22:52.694467','2025-03-16 13:22:52.000000',1,'35CF2B17ED6B482582B7E62CF8B76B88'),(1569,'EYJHBGCIOIJIUZI1NIISINR5CCI6IKPXVCJ9.EYJ0B2TLBL90EXBLIJOICMVMCMVZACISIMV4CCI6MTC0MJIXNJAZMIWIAWF0IJOXNZQYMTI5NJMYLCJQDGKIOIJIMGI4ZMYWOTQWMDE0ZWVJYMJJOTI5OWZMZGMWOWU3ZIISINVZZXJFAWQIOJF9.-BXYLE61LTTA8M8SKH4SWXSWKFMLNFHTH1MQSIAYTHQ','2025-03-16 12:53:52.196533','2025-03-17 12:53:52.000000',1,'B0B8FF0940014EECBBC9299FFDC09E7F'),(1570,'EYJHBGCIOIJIUZI1NIISINR5CCI6IKPXVCJ9.EYJ0B2TLBL90EXBLIJOIC2XPZGLUZYISIMV4CCI6MTC0MJEZMZIZOSWIAWF0IJOXNZQYMTI5NJM5LCJQDGKIOII4MWM2N2YZOGMZNZE0MMFKODC4ODNINTG1ZMRLMZDIYIISINJLZNJLC2HFZXHWIJOXNZQYMJE2MDM5LCJ1C2VYX2LKIJOXFQ.DQUZAY_YS4PIUP6KVFOMFRU3ZRXY0YBACMQID6SGBDC','2025-03-16 12:53:59.288416','2025-03-16 13:53:59.000000',1,'81C67F38C37142AD87883B585FDE37BB'),(1571,'EYJHBGCIOIJIUZI1NIISINR5CCI6IKPXVCJ9.EYJ0B2TLBL90EXBLIJOICMVMCMVZACISIMV4CCI6MTC0MJI3OTQYOCWIAWF0IJOXNZQYMTKZMDI4LCJQDGKIOIJHM2FLYZJLZME4OGE0N2FMOGJJOGY2YJI4NDC0OWNLYSISINVZZXJFAWQIOJF9._TTXOLM4-E8X_CNEZWCHGYM2CLA27FPJMTDZKPL_2JG','2025-03-17 06:30:28.352723','2025-03-18 06:30:28.000000',1,'A3AEC2EFA88A47AF8BC8F6B284749CEA'),(1572,'EYJHBGCIOIJIUZI1NIISINR5CCI6IKPXVCJ9.EYJ0B2TLBL90EXBLIJOIC2XPZGLUZYISIMV4CCI6MTC0MJE5NJYZNYWIAWF0IJOXNZQYMTKZMDM3LCJQDGKIOIJINGJKYWZHYWI5NTQ0ZGIZODUWMWJKYZUYZMZINTDKYIISINJLZNJLC2HFZXHWIJOXNZQYMJC5NDM3LCJ1C2VYX2LKIJOXFQ.VX-EZBIJU_FFXTWDMJRAHPNGTARZSNY_KITXKIPRJ3S','2025-03-17 06:30:37.585702','2025-03-17 07:30:37.000000',1,'B4BDAFAAB9544DB38501BDC52FFB57DB'),(1573,'EYJHBGCIOIJIUZI1NIISINR5CCI6IKPXVCJ9.EYJ0B2TLBL90EXBLIJOICMVMCMVZACISIMV4CCI6MTC0MJI3OTU3MCWIAWF0IJOXNZQYMTKZMTCWLCJQDGKIOII5ZGJJNDE2YTBJZTA0ODBLYJNMMDEWN2Y4ZWJLMDLHMIISINVZZXJFAWQIOJF9.2OH9WAPSTBBUUKSGAFFJ9O0TSVN36BIW4RYKSVERZ0I','2025-03-17 06:32:50.112179','2025-03-18 06:32:50.000000',1,'9DBC416A0CE0480EB3F0107F8EBE09A2'),(1574,'EYJHBGCIOIJIUZI1NIISINR5CCI6IKPXVCJ9.EYJ0B2TLBL90EXBLIJOIC2XPZGLUZYISIMV4CCI6MTC0MJE5NJC4OSWIAWF0IJOXNZQYMTKZMTG5LCJQDGKIOII0NZAYZWYYM2UXYTQ0MTZJYTRIZWU1MZZKZMQWODA5YYISINJLZNJLC2HFZXHWIJOXNZQYMJC5NTG5LCJ1C2VYX2LKIJOXFQ.9NPRDMHY9EUZ7QXFGX2VI7HTNAYBNLRW0NCPSM78TZW','2025-03-17 06:33:09.327804','2025-03-17 07:33:09.000000',1,'4702EF23E1A4416CA4BEE536DFD0809C'),(1575,'EYJHBGCIOIJIUZI1NIISINR5CCI6IKPXVCJ9.EYJ0B2TLBL90EXBLIJOICMVMCMVZACISIMV4CCI6MTC0MJI3OTC5MYWIAWF0IJOXNZQYMTKZMZKZLCJQDGKIOII2ODUXZTGZZMRMZGE0ZDK1YJUZMZY5ZTRKMDU0YZM2ZCISINVZZXJFAWQIOJF9.BW0L-DLZTT9HCGXCRG5DENLJ-OEY8V2R-BJX7LDAA2M','2025-03-17 06:36:33.266575','2025-03-18 06:36:33.000000',1,'6851E83FDFDA4D95B53369E4D054C36D'),(1576,'EYJHBGCIOIJIUZI1NIISINR5CCI6IKPXVCJ9.EYJ0B2TLBL90EXBLIJOIC2XPZGLUZYISIMV4CCI6MTC0MJE5NJK5NSWIAWF0IJOXNZQYMTKZMZK1LCJQDGKIOIIXZGZHZJNIMDI2YZI0MTYYOGI5ZMRJMTFMYJMWOTG0MIISINJLZNJLC2HFZXHWIJOXNZQYMJC5NZK1LCJ1C2VYX2LKIJOXFQ.3-TIQYS7IDIUOLBEZS_U1GXB6NLH6YAXKUAYJIOTQLQ','2025-03-17 06:36:35.274157','2025-03-17 07:36:35.000000',1,'1DFAF3B026C241628B9FDC11FB309842'),(1577,'EYJHBGCIOIJIUZI1NIISINR5CCI6IKPXVCJ9.EYJ0B2TLBL90EXBLIJOICMVMCMVZACISIMV4CCI6MTC0MJI4MDE4NYWIAWF0IJOXNZQYMTKZNZG3LCJQDGKIOIJKOGZLMDQ2YJCXMTC0ZTVKYMRKYWVHYWVMNMM2OWM3ZSISINVZZXJFAWQIOJF9.HHDUXNO40FWXNEYJ5VCG3KJGMNERHCRBWY0FHFDCQLW','2025-03-17 06:43:07.723294','2025-03-18 06:43:07.000000',1,'D8FE046B71174E5DBDDAEAAEF6C69C7E'),(1578,'EYJHBGCIOIJIUZI1NIISINR5CCI6IKPXVCJ9.EYJ0B2TLBL90EXBLIJOIC2XPZGLUZYISIMV4CCI6MTC0MJE5NZM5MIWIAWF0IJOXNZQYMTKZNZKYLCJQDGKIOIJIOTG4MZK2ZJHMYZI0ODFMODU4YTK5ZDDMODA1OWUWNSISINJLZNJLC2HFZXHWIJOXNZQYMJGWMTKYLCJ1C2VYX2LKIJOXFQ.Y0OSDQMMY398ENQLCNNRRSKWCQ0ZFXQRW91DASMBPGG','2025-03-17 06:43:12.680322','2025-03-17 07:43:12.000000',1,'B988396F8FC2481F858A99D7F8059E05'),(1579,'EYJHBGCIOIJIUZI1NIISINR5CCI6IKPXVCJ9.EYJ0B2TLBL90EXBLIJOICMVMCMVZACISIMV4CCI6MTC0MJI4MTUXMIWIAWF0IJOXNZQYMTK1MTEYLCJQDGKIOIJKMDG2NDAYNME3YMQ0YJFIOTQ1NZK4MWJMM2EXMZZKOCISINVZZXJFAWQIOJF9.LSKGXXXJVUUHNSOGDRXEKP_W9CIWULWIQPQG8_3QMWG','2025-03-17 07:05:12.388254','2025-03-18 07:05:12.000000',1,'D0864026A7BD4B1B9457981BF3A136D8'),(1580,'EYJHBGCIOIJIUZI1NIISINR5CCI6IKPXVCJ9.EYJ0B2TLBL90EXBLIJOIC2XPZGLUZYISIMV4CCI6MTC0MJE5ODCXNSWIAWF0IJOXNZQYMTK1MTE1LCJQDGKIOIJMZTZKY2JLYJDIOTE0ZJDKOWI2NWQWMZI3YWMZYWQ3YYISINJLZNJLC2HFZXHWIJOXNZQYMJGXNTE1LCJ1C2VYX2LKIJOXFQ.KGCVFTI3OPYXJT4SRSAE1OYDRZA67FAEQQMA9NPP88I','2025-03-17 07:05:15.382325','2025-03-17 08:05:15.000000',1,'FE6DCBEB7B914F7D9B65D0327AC3AD7C'),(1581,'EYJHBGCIOIJIUZI1NIISINR5CCI6IKPXVCJ9.EYJ0B2TLBL90EXBLIJOIC2XPZGLUZYISIMV4CCI6MTC0MJE5OTK0OSWIAWF0IJOXNZQYMTK2MZQ5LCJQDGKIOII0ZDVLZJC5ZJG4NGE0YWEWOTYZOTJHMGY4YTE0ODGWMSISINJLZNJLC2HFZXHWIJOXNZQYMJGYNZQ5LCJ1C2VYX2LKIJOXFQ.ZXWZ-K6MQ0BUASYWCWXOQ9MXD80_9CHJBYI1SF4L1NM','2025-03-17 07:25:49.640273','2025-03-17 08:25:49.000000',1,'4D5EF79F884A4AA096392A0F8A148801'),(1582,'EYJHBGCIOIJIUZI1NIISINR5CCI6IKPXVCJ9.EYJ0B2TLBL90EXBLIJOIC2XPZGLUZYISIMV4CCI6MTC0MJE5OTK1MYWIAWF0IJOXNZQYMTK2MZUZLCJQDGKIOII5N2EWYWRKYZU0NWU0YTHJODZKZJMYNDEZZGZHYWU4MYISINJLZNJLC2HFZXHWIJOXNZQYMJGYNZUZLCJ1C2VYX2LKIJOXFQ.FLKFBP-ZFR3MVYYGYBVG3XQ9HEA5WYWGSG4PDLWHP_8','2025-03-17 07:25:53.433145','2025-03-17 08:25:53.000000',1,'97A0ADDC545E4A8C86DF32413DFAAE83'),(1583,'EYJHBGCIOIJIUZI1NIISINR5CCI6IKPXVCJ9.EYJ0B2TLBL90EXBLIJOIC2XPZGLUZYISIMV4CCI6MTC0MJE5OTK2OCWIAWF0IJOXNZQYMTK2MZY4LCJQDGKIOII2Y2Q2NMQ0YWVMZTU0MJVKYTNMMGQ2MTGWOTA1ODG1NIISINJLZNJLC2HFZXHWIJOXNZQYMJGYNZY4LCJ1C2VYX2LKIJOXFQ._U77KILJFZSODDQ36ILDWPCZGYCY-S3GHR7YGTPUU3W','2025-03-17 07:26:08.642047','2025-03-17 08:26:08.000000',1,'6CD66D4AEFE5425DA3F0D61809058856'),(1584,'EYJHBGCIOIJIUZI1NIISINR5CCI6IKPXVCJ9.EYJ0B2TLBL90EXBLIJOIC2XPZGLUZYISIMV4CCI6MTC0MJE5OTK3MSWIAWF0IJOXNZQYMTK2MZCXLCJQDGKIOII3ZWI5MTCYZGUZZDY0NDA2YJRINGY2YWFHNTLKMWE3MIISINJLZNJLC2HFZXHWIJOXNZQYMJGYNZCXLCJ1C2VYX2LKIJOXFQ._ZMDUXMFSYB4FXZE72WKBT_GX_SUHS9RTZRIOBITSY8','2025-03-17 07:26:11.107541','2025-03-17 08:26:11.000000',1,'7EB9172DE3D64406B4B4F6AAA59D1A72'),(1585,'EYJHBGCIOIJIUZI1NIISINR5CCI6IKPXVCJ9.EYJ0B2TLBL90EXBLIJOICMVMCMVZACISIMV4CCI6MTC0MJI4NDYXMCWIAWF0IJOXNZQYMTK4MJEWLCJQDGKIOII3YZU2ODU1ODCWNGU0ZWY5YWI2Y2FKNWUXMJI0YWQZNCISINVZZXJFAWQIOJF9.-EKQSHRMTRHCT42ALKHWGBKDGXYE3AAZYWGLU97RZLU','2025-03-17 07:56:50.033828','2025-03-18 07:56:50.000000',1,'7C568558704E4EF9AB6CAD5E1224AD34'),(1586,'EYJHBGCIOIJIUZI1NIISINR5CCI6IKPXVCJ9.EYJ0B2TLBL90EXBLIJOIC2XPZGLUZYISIMV4CCI6MTC0MJIWMTGXNCWIAWF0IJOXNZQYMTK4MJE0LCJQDGKIOIIXNJE0ZWY0YTBIYME0NZM0YTRIYJM4MMRHZWE4MGVIYSISINJLZNJLC2HFZXHWIJOXNZQYMJG0NJE0LCJ1C2VYX2LKIJOXFQ.F_EHGH6HVVW-DJTAERX5S65EZUHGA1KEL410_ECS9B4','2025-03-17 07:56:54.469940','2025-03-17 08:56:54.000000',1,'1614EF4A0BBA4734A4BB382DAEA80EBA'),(1587,'EYJHBGCIOIJIUZI1NIISINR5CCI6IKPXVCJ9.EYJ0B2TLBL90EXBLIJOICMVMCMVZACISIMV4CCI6MTC0MJI4NTUZNCWIAWF0IJOXNZQYMTK5MTM0LCJQDGKIOII2YZBHYMVIZDQ4MMU0MWRIYTGZYZU3NZNHYZK1NTRLYIISINVZZXJFAWQIOJF9.GJSCTBTGBNSVSKAXFSU02Q19OTT82WHX7RA4U-NHAWS','2025-03-17 08:12:14.851469','2025-03-18 08:12:14.000000',1,'6C0ABEBD482E41DBA83C5773AC9554EB'),(1588,'EYJHBGCIOIJIUZI1NIISINR5CCI6IKPXVCJ9.EYJ0B2TLBL90EXBLIJOIC2XPZGLUZYISIMV4CCI6MTC0MJIWMJCZOSWIAWF0IJOXNZQYMTK5MTM5LCJQDGKIOIJLOTBLYTVHOGJKNJA0YWEXODGYMTKYNGRHZGFLMTI2YIISINJLZNJLC2HFZXHWIJOXNZQYMJG1NTM5LCJ1C2VYX2LKIJOXFQ.SJ2BXCFFJQUSNIEWQL8LJRCRKJPGBAERUOT02OQPRDA','2025-03-17 08:12:19.419254','2025-03-17 09:12:19.000000',1,'E90EA5A8BD604AA18821924DADAE126B'),(1589,'EYJHBGCIOIJIUZI1NIISINR5CCI6IKPXVCJ9.EYJ0B2TLBL90EXBLIJOICMVMCMVZACISIMV4CCI6MTC0MJI4NTK3MCWIAWF0IJOXNZQYMTK5NTCWLCJQDGKIOIIXYJVIMTU3ZTDLYTK0MGI2YTDHMGQYYJLMMMRIZJRKYYISINVZZXJFAWQIOJF9.2HYUXZ4CJPJTQEOW6ZOUSMXGBWVJVSQ8LKTD0H1BUCM','2025-03-17 08:19:30.051227','2025-03-18 08:19:30.000000',1,'1B5B157E7EA940B6A7A0D2B9F2DBF4DC'),(1590,'EYJHBGCIOIJIUZI1NIISINR5CCI6IKPXVCJ9.EYJ0B2TLBL90EXBLIJOIC2XPZGLUZYISIMV4CCI6MTC0MJIWMZE3MYWIAWF0IJOXNZQYMTK5NTCZLCJQDGKIOIJHNJYXZTQ5NDG0MME0MWYYOWYYYWMYODGZMDYXN2E4NIISINJLZNJLC2HFZXHWIJOXNZQYMJG1OTCZLCJ1C2VYX2LKIJOXFQ.N78PU2Y30HCVQCGSD9PZAKF8HYMX86G6PTOF1UHWWNK','2025-03-17 08:19:33.474339','2025-03-17 09:19:33.000000',1,'A661E494842A41F29F2AC28830617A86'),(1591,'EYJHBGCIOIJIUZI1NIISINR5CCI6IKPXVCJ9.EYJ0B2TLBL90EXBLIJOICMVMCMVZACISIMV4CCI6MTC0MJI4ODE0MSWIAWF0IJOXNZQYMJAXNZQXLCJQDGKIOIJHZMM4MMI4YZRLM2I0MDUWYMYWYJY2ZDLKMDE0NMI4NSISINVZZXJFAWQIOJF9.RGOGDKUMSMHHGW-XMEE252KSDJYHL_GPEW9WZSMCF1A','2025-03-17 08:55:41.432953','2025-03-18 08:55:41.000000',1,'AFC82B8C4E3B4050BF0B66D9D0146B85'),(1592,'EYJHBGCIOIJIUZI1NIISINR5CCI6IKPXVCJ9.EYJ0B2TLBL90EXBLIJOIC2XPZGLUZYISIMV4CCI6MTC0MJIWNTM0MYWIAWF0IJOXNZQYMJAXNZQZLCJQDGKIOII4ODRMZJC3MJA1YZQ0YWY4OGRKMJYWMJJIMGU0NGUXYSISINJLZNJLC2HFZXHWIJOXNZQYMJG4MTQZLCJ1C2VYX2LKIJOXFQ.1XMA_8ZXNDRBDC9VXUOHUVUWSVGRWZVVFHXDF_SEJPM','2025-03-17 08:55:43.986013','2025-03-17 09:55:43.000000',1,'884FF77205C44AF88DD26022B0E44E1A'),(1593,'EYJHBGCIOIJIUZI1NIISINR5CCI6IKPXVCJ9.EYJ0B2TLBL90EXBLIJOICMVMCMVZACISIMV4CCI6MTC0MJI4ODI5NIWIAWF0IJOXNZQYMJAXODK2LCJQDGKIOIJJMGM0N2YXZJKXMGE0YMQZYTQ5NTZJNZMWYTY2YMFJNIISINVZZXJFAWQIOJF9.-MA9JS3VYNGAYNIIGOEW4PYMDZXCDXB8JUB8RX8TMS0','2025-03-17 08:58:16.043918','2025-03-18 08:58:16.000000',1,'C0C47F1F910A4BD3A4956C730A66BAC6'),(1594,'EYJHBGCIOIJIUZI1NIISINR5CCI6IKPXVCJ9.EYJ0B2TLBL90EXBLIJOIC2XPZGLUZYISIMV4CCI6MTC0MJIWNTQ5OSWIAWF0IJOXNZQYMJAXODK5LCJQDGKIOIJIMZJJNTY1ZMZLNJA0M2U4OTYXNDVJZJA0YWEYNTUWOCISINJLZNJLC2HFZXHWIJOXNZQYMJG4MJK5LCJ1C2VYX2LKIJOXFQ.TSOJUV1ZIWJCCHGH29K-SIT8LYMQ0N85WKDYYCIVX50','2025-03-17 08:58:19.599179','2025-03-17 09:58:19.000000',1,'B32C565FFE6043E896145CF04AA25508'),(1595,'EYJHBGCIOIJIUZI1NIISINR5CCI6IKPXVCJ9.EYJ0B2TLBL90EXBLIJOICMVMCMVZACISIMV4CCI6MTC0MJI4ODC0OSWIAWF0IJOXNZQYMJAYMZQ5LCJQDGKIOIIWZTBHYWQ5OTFHMZE0NZQ1YJBHZMY5MDMXNZA5M2FHNIISINVZZXJFAWQIOJF9.XRJDEYJIMRFUORJHJEXV71DVDZEYJR1NE503JGRHCDG','2025-03-17 09:05:49.576524','2025-03-18 09:05:49.000000',1,'0E0AAD991A314745B0AFF90317093AA6'),(1596,'EYJHBGCIOIJIUZI1NIISINR5CCI6IKPXVCJ9.EYJ0B2TLBL90EXBLIJOIC2XPZGLUZYISIMV4CCI6MTC0MJIWNTK1NIWIAWF0IJOXNZQYMJAYMZU2LCJQDGKIOIJMZDFMZGU1OTE5MZE0NTUXOTE5NZLMM2JJOGJHNME4ZSISINJLZNJLC2HFZXHWIJOXNZQYMJG4NZU2LCJ1C2VYX2LKIJOXFQ.UFKPYEYAQL3QGK8MKDDG1NPKUG8N6CLBFEDZPIG_HLO','2025-03-17 09:05:56.293550','2025-03-17 10:05:56.000000',1,'FD1FDE591931455191979F3BC8BA6A8E'),(1597,'EYJHBGCIOIJIUZI1NIISINR5CCI6IKPXVCJ9.EYJ0B2TLBL90EXBLIJOICMVMCMVZACISIMV4CCI6MTC0MJI4ODK1NSWIAWF0IJOXNZQYMJAYNTU1LCJQDGKIOII4MJQ1YZFLZMFHNTA0YZI1OGMWZMVIOGZIYTC0MMIYZSISINVZZXJFAWQIOJF9.FCEEEYDSHMPXT5EE9C6JWECXU-F1PBHJWZPVRMPOJTU','2025-03-17 09:09:15.882960','2025-03-18 09:09:15.000000',1,'8245C1EFAA504C258C0FEB8FBA742B2E'),(1598,'EYJHBGCIOIJIUZI1NIISINR5CCI6IKPXVCJ9.EYJ0B2TLBL90EXBLIJOIC2XPZGLUZYISIMV4CCI6MTC0MJIWNJE2MIWIAWF0IJOXNZQYMJAYNTYYLCJQDGKIOIJHNZEYOWIWYJBIN2U0NGU4YJZJYWI5NDQ2YJK1YMFMMCISINJLZNJLC2HFZXHWIJOXNZQYMJG4OTYYLCJ1C2VYX2LKIJOXFQ.GHCPIVBUIGLU3Y1NOG9OX2O7VHRSTAFBH1EJG1OMFBI','2025-03-17 09:09:22.122476','2025-03-17 10:09:22.000000',1,'A7129B0B0B7E44E8B6CAB9446B95BAF0'),(1599,'EYJHBGCIOIJIUZI1NIISINR5CCI6IKPXVCJ9.EYJ0B2TLBL90EXBLIJOICMVMCMVZACISIMV4CCI6MTC0MJI4OTQZMSWIAWF0IJOXNZQYMJAZMDMXLCJQDGKIOIJHZDLIZME0MDIYNDI0ZDA2YJRINJY0YZRHYWVMMGEYNSISINVZZXJFAWQIOJF9.HXYNY7SYNB1FXCI9JXO7LN0CRDKWQHMI3KTGSQWJ_MU','2025-03-17 09:17:11.395662','2025-03-18 09:17:11.000000',1,'AD9BFA4022424D06B4B664C4AAEF0A25'),(1600,'EYJHBGCIOIJIUZI1NIISINR5CCI6IKPXVCJ9.EYJ0B2TLBL90EXBLIJOIC2XPZGLUZYISIMV4CCI6MTC0MJIWNJYZNIWIAWF0IJOXNZQYMJAZMDM2LCJQDGKIOII3MJAXZJAZZME2ZDG0OWUZOWU0ZWI3NWVJZTBMMJY3NCISINJLZNJLC2HFZXHWIJOXNZQYMJG5NDM2LCJ1C2VYX2LKIJOXFQ.HO3N8HMK_D0-KN7Z_OTUTI7-DS_WEJVV3DTWNMWEYV0','2025-03-17 09:17:16.856493','2025-03-17 10:17:16.000000',1,'7201F03FA6D849E39E4EB75ECE0F2674'),(1601,'EYJHBGCIOIJIUZI1NIISINR5CCI6IKPXVCJ9.EYJ0B2TLBL90EXBLIJOICMVMCMVZACISIMV4CCI6MTC0MJMWNTC3MCWIAWF0IJOXNZQYMJE5MZCWLCJQDGKIOIJMOTY4YZKXNTIZMJY0YJKWOWJHODGZZMYWN2M3MTK5YYISINVZZXJFAWQIOJF9.M2ESYJJJ6E6VYCH6ZM3S5H8HIALRBTMHTKX2UM7FVVI','2025-03-17 13:49:30.525079','2025-03-18 13:49:30.000000',1,'F968C91523264B909BA883FF07C7199C'),(1602,'EYJHBGCIOIJIUZI1NIISINR5CCI6IKPXVCJ9.EYJ0B2TLBL90EXBLIJOIC2XPZGLUZYISIMV4CCI6MTC0MJIYMJK3NCWIAWF0IJOXNZQYMJE5MZC0LCJQDGKIOIIYNTQXNDYYMGEWM2U0OGU5YJNMNMZKMZI4M2ZHNGFMZIISINJLZNJLC2HFZXHWIJOXNZQYMZA1NZC0LCJ1C2VYX2LKIJOXFQ.K5HSTMMLUCGG2DBGLT5VMWKTYD6J9DJVYUJBE5R1S4Y','2025-03-17 13:49:34.164983','2025-03-17 14:49:34.000000',1,'25414620A03E48E9B3F6FD3283FA4AFF'),(1603,'EYJHBGCIOIJIUZI1NIISINR5CCI6IKPXVCJ9.EYJ0B2TLBL90EXBLIJOICMVMCMVZACISIMV4CCI6MTC0MJM2NTMZNYWIAWF0IJOXNZQYMJC4OTM3LCJQDGKIOIJHMTAYMTLKYZDLZJA0NZI0ODQXZGEYMJDHNJJLM2RMMIISINVZZXJFAWQIOJF9.ZUSTRUDGVUFU3O_NBPA4B8ADLNIUSWGBCMAU3H4BTXA','2025-03-18 06:22:17.030125','2025-03-19 06:22:17.000000',1,'A10219DC7EF04724841DA227A62E3DF2'),(1604,'EYJHBGCIOIJIUZI1NIISINR5CCI6IKPXVCJ9.EYJ0B2TLBL90EXBLIJOIC2XPZGLUZYISIMV4CCI6MTC0MJI4MJU0MYWIAWF0IJOXNZQYMJC4OTQZLCJQDGKIOII3N2FLMGQXMDVIYJE0OTM0ODU3OTC5YZU1MMRIZTY1OCISINJLZNJLC2HFZXHWIJOXNZQYMZY1MZQZLCJ1C2VYX2LKIJOXFQ.S9FBA6P68SAXAA0QIQTMMQARNIIXW0M4FNBISB5VMK8','2025-03-18 06:22:23.341181','2025-03-18 07:22:23.000000',1,'77AE0D105BB14934857979C552DBE658'),(1605,'EYJHBGCIOIJIUZI1NIISINR5CCI6IKPXVCJ9.EYJ0B2TLBL90EXBLIJOICMVMCMVZACISIMV4CCI6MTC0MJM2NTM1OSWIAWF0IJOXNZQYMJC4OTU5LCJQDGKIOIJINME5ZDBHMDI3OGE0ODCYYJQ1NJHMNWM3YJE5NTY1ZSISINVZZXJFAWQIOJF9.LLV9X8KFI1B2XDP6KRWVFU4QP8N2ODGFO2SQ26UJOMI','2025-03-18 06:22:39.007391','2025-03-19 06:22:39.000000',1,'B6A9D0A0278A4872B4568F5C7B19565E'),(1606,'EYJHBGCIOIJIUZI1NIISINR5CCI6IKPXVCJ9.EYJ0B2TLBL90EXBLIJOIC2XPZGLUZYISIMV4CCI6MTC0MJI4MJU2NSWIAWF0IJOXNZQYMJC4OTY1LCJQDGKIOIJMODU5YWM3NDE3ZWQ0MWQYYWRLMTAYMTLLYTVJYTKWZIISINJLZNJLC2HFZXHWIJOXNZQYMZY1MZY1LCJ1C2VYX2LKIJOXFQ.SGTSHQRNHQTK8_1RTRPBKEPRYNAEEAAYQQPGDRLQ6GE','2025-03-18 06:22:45.266849','2025-03-18 07:22:45.000000',1,'F859AC7417ED41D2ADE10219EA5CA90F'),(1607,'EYJHBGCIOIJIUZI1NIISINR5CCI6IKPXVCJ9.EYJ0B2TLBL90EXBLIJOIC2XPZGLUZYISIMV4CCI6MTC0MJI4MJU2NSWIAWF0IJOXNZQYMJC4OTY1LCJQDGKIOII3MMVLOTQ4ODAYOTQ0Y2VKYJVKZTAWNZQZZDCWYJC2NSISINJLZNJLC2HFZXHWIJOXNZQYMZY1MZY1LCJ1C2VYX2LKIJOXFQ.NPXOF4JJVJDP5KUJDL7AD6DJ4X1SOLU2XCOLXMPSAUY','2025-03-18 06:22:45.733379','2025-03-18 07:22:45.000000',1,'72EE948802944CEDB5DE00743D70B765'),(1608,'EYJHBGCIOIJIUZI1NIISINR5CCI6IKPXVCJ9.EYJ0B2TLBL90EXBLIJOICMVMCMVZACISIMV4CCI6MTC0MJM2NTM3OSWIAWF0IJOXNZQYMJC4OTC5LCJQDGKIOII1MZQXYWYXM2UXZDY0YMVJOGMYODC0MJKXM2RLNGZINCISINVZZXJFAWQIOJF9.9TEDFV4RFOCHXYKZ4_5S8O47LEVPHSUUFBOUAH4X3CQ','2025-03-18 06:22:59.265380','2025-03-19 06:22:59.000000',1,'5341AF13E1D64BEC8C28742913DE4FB4'),(1609,'EYJHBGCIOIJIUZI1NIISINR5CCI6IKPXVCJ9.EYJ0B2TLBL90EXBLIJOIC2XPZGLUZYISIMV4CCI6MTC0MJI4MJU4MYWIAWF0IJOXNZQYMJC4OTGZLCJQDGKIOIJJZJZKN2RJNJFIMGQ0MDBMODFJMTYWZDBJMWUYZJLIMSISINJLZNJLC2HFZXHWIJOXNZQYMZY1MZGZLCJ1C2VYX2LKIJOXFQ.CTA2DJDQXPQ9I6J9UUYUBXCSJMNZLADZW2D5HBPIYSI','2025-03-18 06:23:03.567494','2025-03-18 07:23:03.000000',1,'CF6D7DC61B0D400F81C160D0C1E2F9B1'),(1610,'EYJHBGCIOIJIUZI1NIISINR5CCI6IKPXVCJ9.EYJ0B2TLBL90EXBLIJOICMVMCMVZACISIMV4CCI6MTC0MJM2NTQWMYWIAWF0IJOXNZQYMJC5MDAZLCJQDGKIOII4OTAXYMRHMTU3ZJY0NJM5OTCYYMIXNJM2M2E0ZMY5NSISINVZZXJFAWQIOJF9.CAEDSIR0APPP5X749WXW9LY33WRUPNOKVNSBVK0Z4EG','2025-03-18 06:23:23.501686','2025-03-19 06:23:23.000000',1,'8901BDA157F64639972BB16363A4FF95'),(1611,'EYJHBGCIOIJIUZI1NIISINR5CCI6IKPXVCJ9.EYJ0B2TLBL90EXBLIJOIC2XPZGLUZYISIMV4CCI6MTC0MJI4MJYWOSWIAWF0IJOXNZQYMJC5MDA5LCJQDGKIOIJLNZDMNJHKN2Q4OTU0MWMZYTC4YTIZNZM3NWZHODY4MYISINJLZNJLC2HFZXHWIJOXNZQYMZY1NDA5LCJ1C2VYX2LKIJOXFQ.GJP5WQUQGS799TWCKLNLC3VUINZJKOOWSLL8OOMWFZG','2025-03-18 06:23:29.152229','2025-03-18 07:23:29.000000',1,'E77F68D7D89541C3A78A237375FA8683'),(1612,'EYJHBGCIOIJIUZI1NIISINR5CCI6IKPXVCJ9.EYJ0B2TLBL90EXBLIJOICMVMCMVZACISIMV4CCI6MTC0MJM2NTQ0OSWIAWF0IJOXNZQYMJC5MDQ5LCJQDGKIOIIYYJCXZWQ0OGFLNGM0ZGQZYJUWY2UZMMZJNWZLZJZINIISINVZZXJFAWQIOJF9.NQYMTFZ4OEHOTF-XR_RVZFQZRYBUWFVPGNAO1DM7KBK','2025-03-18 06:24:09.792610','2025-03-19 06:24:09.000000',1,'2B71ED48AE4C4DD3B50CE32FC5FEF6B6'),(1613,'EYJHBGCIOIJIUZI1NIISINR5CCI6IKPXVCJ9.EYJ0B2TLBL90EXBLIJOIC2XPZGLUZYISIMV4CCI6MTC0MJI4MJY1NSWIAWF0IJOXNZQYMJC5MDU1LCJQDGKIOIJKYWQ5ZJK5NJK5ODY0Y2FKYJVIZDLINGM4MJG4ZDDMYSISINJLZNJLC2HFZXHWIJOXNZQYMZY1NDU1LCJ1C2VYX2LKIJOXFQ.NXHZILDORVWF_ZLAHUJTZRNHPZ6O2F2JGUHCW2Y2M-A','2025-03-18 06:24:15.570794','2025-03-18 07:24:15.000000',1,'DAD9F99699864CADB5BD9B4C8288D7FA'),(1614,'EYJHBGCIOIJIUZI1NIISINR5CCI6IKPXVCJ9.EYJ0B2TLBL90EXBLIJOICMVMCMVZACISIMV4CCI6MTC0MJM2NZC1OSWIAWF0IJOXNZQYMJGXMZU5LCJQDGKIOIJMZTU1YWE0NZC4ZJU0NMI1YWUXYZFHYTM3ZGQZMJIZYYISINVZZXJFAWQIOJF9.LCVZV_BI_0AOJYLQTXS-D19FDOWJRMCPO1NQLSWU9BY','2025-03-18 07:02:39.607689','2025-03-19 07:02:39.000000',1,'FE55AA4778F546B5AE1C1AA37DD3223C'),(1615,'EYJHBGCIOIJIUZI1NIISINR5CCI6IKPXVCJ9.EYJ0B2TLBL90EXBLIJOIC2XPZGLUZYISIMV4CCI6MTC0MJI4NDK3MSWIAWF0IJOXNZQYMJGXMZCXLCJQDGKIOII5ZDZMNZQYZGRLZTY0YJBLODG2MDHJYZHLNDMZY2IYNYISINJLZNJLC2HFZXHWIJOXNZQYMZY3NZCXLCJ1C2VYX2LKIJOXFQ.P5SCYAX8B3ONVKMTOKL58OKJTIHHJFRIMYJTJG_LVPC','2025-03-18 07:02:51.655931','2025-03-18 08:02:51.000000',1,'9D6F742DDEE64B0E88608CC8E433CB27'),(1616,'EYJHBGCIOIJIUZI1NIISINR5CCI6IKPXVCJ9.EYJ0B2TLBL90EXBLIJOICMVMCMVZACISIMV4CCI6MTC0MJM2NZC4MSWIAWF0IJOXNZQYMJGXMZGXLCJQDGKIOII2NZI3Y2NLZDJMYMM0ZTFJODNLMDCYMJQ5YZRJZGFHNSISINVZZXJFAWQIOJF9.SUWXGUI-934K9EM8MI_VBDXWUXEJCQ2MFE4NXMSJWIA','2025-03-18 07:03:01.808151','2025-03-19 07:03:01.000000',1,'6727CCED2FBC4E1C83E072249C4CDAA5'),(1617,'EYJHBGCIOIJIUZI1NIISINR5CCI6IKPXVCJ9.EYJ0B2TLBL90EXBLIJOIC2XPZGLUZYISIMV4CCI6MTC0MJI4NDK4NYWIAWF0IJOXNZQYMJGXMZG3LCJQDGKIOII1MZFIYWNJMTRKZGE0NTMXYJCWY2VHMJYXYTM1MZC1ZIISINJLZNJLC2HFZXHWIJOXNZQYMZY3NZG3LCJ1C2VYX2LKIJOXFQ.YTNEJKXFSJILJL3QG1CFCDIZDJUKWNAJM73HTZAD89G','2025-03-18 07:03:07.844181','2025-03-18 08:03:07.000000',1,'531BACC14DDA4531B70CEA261A35375F'),(1618,'EYJHBGCIOIJIUZI1NIISINR5CCI6IKPXVCJ9.EYJ0B2TLBL90EXBLIJOICMVMCMVZACISIMV4CCI6MTC0MJM2NZC5OCWIAWF0IJOXNZQYMJGXMZK4LCJQDGKIOII1ZMQ4ZJFHYWUZNTA0NDBJOTHJOTZMZWQYYTNHNTMZYYISINVZZXJFAWQIOJF9.YU0XCG7H9TRV45YSE6GX56FNVX1DF1WNZIOMGGJ-Z1M','2025-03-18 07:03:18.483770','2025-03-19 07:03:18.000000',1,'5FD8F1AAE350440C98C96FED2A3A533C'),(1619,'EYJHBGCIOIJIUZI1NIISINR5CCI6IKPXVCJ9.EYJ0B2TLBL90EXBLIJOIC2XPZGLUZYISIMV4CCI6MTC0MJI4NTAWMYWIAWF0IJOXNZQYMJGXNDAZLCJQDGKIOIJMYZQ4NDAZNWQYMJQ0MZU2YJK1NGU3ZJEWNTMXNTHMZCISINJLZNJLC2HFZXHWIJOXNZQYMZY3ODAZLCJ1C2VYX2LKIJOXFQ.V9KBD9X8YFBID1EB_AVKSALPYYELRH1URUFPBYYAUNO','2025-03-18 07:03:23.612923','2025-03-18 08:03:23.000000',1,'FC484035D2244356B954E7F1053158FD'),(1620,'EYJHBGCIOIJIUZI1NIISINR5CCI6IKPXVCJ9.EYJ0B2TLBL90EXBLIJOICMVMCMVZACISIMV4CCI6MTC0MJM2NZGXNYWIAWF0IJOXNZQYMJGXNDE3LCJQDGKIOII2MTAZYZEYOTDLMGY0ZDGYODC4OTNIMDY3YTK4M2RHOSISINVZZXJFAWQIOJF9.KC8XB3EWSSZRHFBVZ1MJMNKEDSM_3RKFFPFDY7ACMMK','2025-03-18 07:03:37.343910','2025-03-19 07:03:37.000000',1,'6103C1297E0F4D8287893B067A983DA9'),(1621,'EYJHBGCIOIJIUZI1NIISINR5CCI6IKPXVCJ9.EYJ0B2TLBL90EXBLIJOIC2XPZGLUZYISIMV4CCI6MTC0MJI4NTAYMIWIAWF0IJOXNZQYMJGXNDIYLCJQDGKIOIIWMMQ3ZMNHZDVHMGQ0YJQWOTZLNTDHZDZMYZY4ZGI1NSISINJLZNJLC2HFZXHWIJOXNZQYMZY3ODIYLCJ1C2VYX2LKIJOXFQ.SRXWLI_ARYOX5UOAPACTL54UIEINVY0PLEELLSRSIXY','2025-03-18 07:03:42.537570','2025-03-18 08:03:42.000000',1,'02D7FCAD5A0D4B4096E57AD6FC68DB55'),(1622,'EYJHBGCIOIJIUZI1NIISINR5CCI6IKPXVCJ9.EYJ0B2TLBL90EXBLIJOICMVMCMVZACISIMV4CCI6MTC0MJM2NZG0NYWIAWF0IJOXNZQYMJGXNDQ3LCJQDGKIOII0NJDIZDY4NWRLNZM0MDE1OWQ2YMYZMZE3MZG1ODC0MIISINVZZXJFAWQIOJF9.FTTE95PRBZLSMEVD8DVYKQNW9Q8LLVQVP2F_JT8BV54','2025-03-18 07:04:07.383967','2025-03-19 07:04:07.000000',1,'467BD685DE7340159D6BF33173858742'),(1623,'EYJHBGCIOIJIUZI1NIISINR5CCI6IKPXVCJ9.EYJ0B2TLBL90EXBLIJOIC2XPZGLUZYISIMV4CCI6MTC0MJI4NTA1MIWIAWF0IJOXNZQYMJGXNDUYLCJQDGKIOIJHMJBMMZNKMDCXNME0YTI4OGM5NWQ1OTJHODHIYTG3NCISINJLZNJLC2HFZXHWIJOXNZQYMZY3ODUYLCJ1C2VYX2LKIJOXFQ.OP12FUD53Y_ZUC9EGUNCCVYI4HIYQ0WNCZAITB35ARO','2025-03-18 07:04:12.230106','2025-03-18 08:04:12.000000',1,'A20F33D0716A4A288C95D592A88BA874'),(1624,'EYJHBGCIOIJIUZI1NIISINR5CCI6IKPXVCJ9.EYJ0B2TLBL90EXBLIJOICMVMCMVZACISIMV4CCI6MTC0MJM2ODAXMSWIAWF0IJOXNZQYMJGXNJEXLCJQDGKIOII1MZY2YJMXMDFMOWQ0ODGWYTY0NJRIOGNJNGY3YJRINIISINVZZXJFAWQIOJF9.19ZBPR0GGMMETBJZ0N31NZWYMC-FJ1CVU1IFCT0WPKG','2025-03-18 07:06:51.507106','2025-03-19 07:06:51.000000',1,'5366B3101F9D4880A6464B8CC4F7B4B6'),(1625,'EYJHBGCIOIJIUZI1NIISINR5CCI6IKPXVCJ9.EYJ0B2TLBL90EXBLIJOIC2XPZGLUZYISIMV4CCI6MTC0MJI4NTIXNYWIAWF0IJOXNZQYMJGXNJE3LCJQDGKIOIJLNDG2ZGNMNJIYYWU0ZTKYYJQXNMJINWUXNTHKMMQWMYISINJLZNJLC2HFZXHWIJOXNZQYMZY4MDE3LCJ1C2VYX2LKIJOXFQ.2QMW9TIQD1U21RUS5XMBV65KBJXYJKEBZO94HLQQYCM','2025-03-18 07:06:57.710461','2025-03-18 08:06:57.000000',1,'E486DCF622AE4E92B416BB5E158D2D03'),(1626,'EYJHBGCIOIJIUZI1NIISINR5CCI6IKPXVCJ9.EYJ0B2TLBL90EXBLIJOICMVMCMVZACISIMV4CCI6MTC0MJM2ODA3NYWIAWF0IJOXNZQYMJGXNJC3LCJQDGKIOII4NTQ0MZKYMWZMZWQ0MDKZYJHJNZM3NTK5Y2NKZMJMNYISINVZZXJFAWQIOJF9.BO3LSXDESJFPKQKRA3E4_WCHQKAMOJMKUBQGQKNALZG','2025-03-18 07:07:57.137485','2025-03-19 07:07:57.000000',1,'85443921FFED4093B8C737599CCDFBF7'),(1627,'EYJHBGCIOIJIUZI1NIISINR5CCI6IKPXVCJ9.EYJ0B2TLBL90EXBLIJOIC2XPZGLUZYISIMV4CCI6MTC0MJI4NTI4MIWIAWF0IJOXNZQYMJGXNJGYLCJQDGKIOII4NZI0NWYXY2U4NTU0ZWQ4OTZJNDI1YMQ5NTC3ZWEYMSISINJLZNJLC2HFZXHWIJOXNZQYMZY4MDGYLCJ1C2VYX2LKIJOXFQ.P2X5SAC3_RS3GRBJXBICHIYPQB-5DGWHC0_FGD9TXZ8','2025-03-18 07:08:02.098228','2025-03-18 08:08:02.000000',1,'87245F1CE8554ED896C425BD9577EA21'),(1628,'EYJHBGCIOIJIUZI1NIISINR5CCI6IKPXVCJ9.EYJ0B2TLBL90EXBLIJOICMVMCMVZACISIMV4CCI6MTC0MJM3NZI3NCWIAWF0IJOXNZQYMJKWODC0LCJQDGKIOIJKNZNLM2VIM2Y4ZJQ0MWNJOWI1OTRHYWI1ZGYZMZI2MYISINVZZXJFAWQIOJF9.BCMH-BZ5KLM2TS8IDHFGSAXZN08XUGWSZ07W-CGR590','2025-03-18 09:41:14.316019','2025-03-19 09:41:14.000000',1,'D73E3EB3F8F441CC9B594AAB5DF33263'),(1629,'EYJHBGCIOIJIUZI1NIISINR5CCI6IKPXVCJ9.EYJ0B2TLBL90EXBLIJOIC2XPZGLUZYISIMV4CCI6MTC0MJI5NDQ4MCWIAWF0IJOXNZQYMJKWODGWLCJQDGKIOII1ZDBJNJJIZJRLZJK0NZGZODE5MGVIN2ZLYMFHN2JIOSISINJLZNJLC2HFZXHWIJOXNZQYMZC3MJGWLCJ1C2VYX2LKIJOXFQ.XW0ZZ1LLHROD8FCUB-MAQL1NK_AGURO0TCS5-FRRYSU','2025-03-18 09:41:20.873166','2025-03-18 10:41:20.000000',1,'5D0C62BF4EF947838190EB7FEBAA7BB9'),(1630,'EYJHBGCIOIJIUZI1NIISINR5CCI6IKPXVCJ9.EYJ0B2TLBL90EXBLIJOIC2XPZGLUZYISIMV4CCI6MTC0MJI5NDQ4MSWIAWF0IJOXNZQYMJKWODGXLCJQDGKIOII4MZFJYTVJODM0YJC0NJCYYWNJM2JLNGFKNGUZZJG5YYISINJLZNJLC2HFZXHWIJOXNZQYMZC3MJGXLCJ1C2VYX2LKIJOXFQ.7THOZVDE58D9FRD3NH-BJUZ2VCJVCZJ7JD914DOTW6A','2025-03-18 09:41:21.333029','2025-03-18 10:41:21.000000',1,'831CA5C834B74672ACC3BE4AD4E3F89C'),(1631,'EYJHBGCIOIJIUZI1NIISINR5CCI6IKPXVCJ9.EYJ0B2TLBL90EXBLIJOICMVMCMVZACISIMV4CCI6MTC0MJM3NZI5NSWIAWF0IJOXNZQYMJKWODK1LCJQDGKIOIJKZGIZYZE0MTIYNGI0NGQ0YMM2ZDM5NDU5ODGXYZA5ZIISINVZZXJFAWQIOJF9.K0L-UIQCYXDKLT4MQAQ152MLHSVWFY-EO9Y0M7PTB98','2025-03-18 09:41:35.276887','2025-03-19 09:41:35.000000',1,'DDB3C141224B44D4BC6D39459881C09F'),(1632,'EYJHBGCIOIJIUZI1NIISINR5CCI6IKPXVCJ9.EYJ0B2TLBL90EXBLIJOIC2XPZGLUZYISIMV4CCI6MTC0MJI5NDQ5OSWIAWF0IJOXNZQYMJKWODK5LCJQDGKIOII1NJRLMZUWY2YWMJC0ODBMOTLINGI4N2M1YZQXZDDLZIISINJLZNJLC2HFZXHWIJOXNZQYMZC3MJK5LCJ1C2VYX2LKIJOXFQ.TUV-PW7AEODZK6VUQMFTOAGOVHSUEZW3WXJPI2NHNUU','2025-03-18 09:41:39.143178','2025-03-18 10:41:39.000000',1,'564E350CF027480F99B4B87C5C41D7EF'),(1633,'EYJHBGCIOIJIUZI1NIISINR5CCI6IKPXVCJ9.EYJ0B2TLBL90EXBLIJOICMVMCMVZACISIMV4CCI6MTC0MJM4MZCZMSWIAWF0IJOXNZQYMJK3MZMXLCJQDGKIOII0YZBHZJYZZTGXNTQ0MZFJYJG1MTHJNDQ5ODCZZWY0YIISINVZZXJFAWQIOJF9.WFZ-O71FYRSUXLY0XJDDC_FBJBS4YBMPZBN1TCNGUIS','2025-03-18 11:28:51.288302','2025-03-19 11:28:51.000000',1,'4C0AF63E8154431CB8518C449873EF4B'),(1634,'EYJHBGCIOIJIUZI1NIISINR5CCI6IKPXVCJ9.EYJ0B2TLBL90EXBLIJOIC2XPZGLUZYISIMV4CCI6MTC0MJMWMDKZNSWIAWF0IJOXNZQYMJK3MZM1LCJQDGKIOIIYNDRJODJKNMFMMTQ0OTBHYJZMZTC0MDFIOGEWNDKZNCISINJLZNJLC2HFZXHWIJOXNZQYMZGZNZM1LCJ1C2VYX2LKIJOXFQ.6UMD5PJJWVOHM9SBLLHR_T1O98FJWAHIGM-I5GCCR6S','2025-03-18 11:28:55.730722','2025-03-18 12:28:55.000000',1,'244C82D6AF14490AB6FE7401B8A04934'),(1635,'EYJHBGCIOIJIUZI1NIISINR5CCI6IKPXVCJ9.EYJ0B2TLBL90EXBLIJOICMVMCMVZACISIMV4CCI6MTC0MJUZMDU0NIWIAWF0IJOXNZQYNDQ0MTQ2LCJQDGKIOIIWNMIWODNLOWMXMMU0ODDKYWQ1ZDC5MMQ2ZJY5MZG1MCISINVZZXJFAWQIOJF9.W0CQDHZFM3PQFVOGDTOEPEOA4AA7OI0UZOYVS04WTN4','2025-03-20 04:15:46.993505','2025-03-21 04:15:46.000000',1,'06B083E9C12E487DAD5D792D6F693850'),(1636,'EYJHBGCIOIJIUZI1NIISINR5CCI6IKPXVCJ9.EYJ0B2TLBL90EXBLIJOIC2XPZGLUZYISIMV4CCI6MTC0MJQ0NZC1MCWIAWF0IJOXNZQYNDQ0MTUWLCJQDGKIOII5NMM5MWM4MDC0YTY0ODG3YTIYMJAWNWE5MZAZZJLLNSISINJLZNJLC2HFZXHWIJOXNZQYNTMWNTUWLCJ1C2VYX2LKIJOXFQ.OSG_0YWYI7KEFWAYLFC-K_QLYA9NZDVEN34HCRWDWZW','2025-03-20 04:15:50.056294','2025-03-20 05:15:50.000000',1,'96C91C8074A64887A222005A9303F9E5'),(1637,'EYJHBGCIOIJIUZI1NIISINR5CCI6IKPXVCJ9.EYJ0B2TLBL90EXBLIJOICMVMCMVZACISIMV4CCI6MTC0MJUZMTGZNSWIAWF0IJOXNZQYNDQ1NDM1LCJQDGKIOII1MGM1NJDJZWZMMWE0MWM0OWZHYZRIOTRLYWFLMWU1ZIISINVZZXJFAWQIOJF9.FMRSLOQFMZTI64U_PU6II9FQJPSL2SLX1LBASK2Z3KY','2025-03-20 04:37:15.813288','2025-03-21 04:37:15.000000',1,'50C567CEFF1A41C49FAC4B94EAAE1E5F'),(1638,'EYJHBGCIOIJIUZI1NIISINR5CCI6IKPXVCJ9.EYJ0B2TLBL90EXBLIJOIC2XPZGLUZYISIMV4CCI6MTC0MJQ0OTAZOSWIAWF0IJOXNZQYNDQ1NDM5LCJQDGKIOIIYYWUZOGVJY2MZNDM0YTA1OTIXZWE2MZC0NZA1N2M1YYISINJLZNJLC2HFZXHWIJOXNZQYNTMXODM5LCJ1C2VYX2LKIJOXFQ.L6KVRRZWA0SGRD-VAMQ3EXGHBHLG4WIX9XWAWWMSJYQ','2025-03-20 04:37:19.714694','2025-03-20 05:37:19.000000',1,'2AE38ECCC3434A05921EA63747057C5C'),(1639,'EYJHBGCIOIJIUZI1NIISINR5CCI6IKPXVCJ9.EYJ0B2TLBL90EXBLIJOICMVMCMVZACISIMV4CCI6MTC0MJUZMJU5NIWIAWF0IJOXNZQYNDQ2MTK2LCJQDGKIOIJHZDVJYZY2OTMXNDG0OTDHODJMNTU0YTRMYJZMYMU5YYISINVZZXJFAWQIOJF9.CJMHNWDIZCWNGFHFKZFPF656ALWR9-WUE8TATPXLGYO','2025-03-20 04:49:56.833758','2025-03-21 04:49:56.000000',1,'AD5CC6693148497A82F554A4FB6FBE9C'),(1640,'EYJHBGCIOIJIUZI1NIISINR5CCI6IKPXVCJ9.EYJ0B2TLBL90EXBLIJOIC2XPZGLUZYISIMV4CCI6MTC0MJQ0OTGWMSWIAWF0IJOXNZQYNDQ2MJAXLCJQDGKIOIIWNJG1ZTJMYWEWZGM0NDFIOTRKNJQ1ZMI1MJG4OWEXOSISINJLZNJLC2HFZXHWIJOXNZQYNTMYNJAXLCJ1C2VYX2LKIJOXFQ.173QSDX_G3_G0SYYVPOGJGXPRNWICH7GO59IWZAZ4RM','2025-03-20 04:50:01.545601','2025-03-20 05:50:01.000000',1,'0685E2FAA0DC441B94D645FB52889A19'),(1641,'EYJHBGCIOIJIUZI1NIISINR5CCI6IKPXVCJ9.EYJ0B2TLBL90EXBLIJOICMVMCMVZACISIMV4CCI6MTC0MJUZNDMXNSWIAWF0IJOXNZQYNDQ3OTE1LCJQDGKIOIJHOTMZMDFMZMEZNWI0NJDMYJVJODMYZGY2ZDJMMDFIOCISINVZZXJFAWQIOJF9.Y6RXOERTSQJTAXOCQ8AWSA2XAW-SWQMUEQYDIMMZIDC','2025-03-20 05:18:35.971333','2025-03-21 05:18:35.000000',1,'A93301FFA35B467FB5C832DF6D2F01B8'),(1642,'EYJHBGCIOIJIUZI1NIISINR5CCI6IKPXVCJ9.EYJ0B2TLBL90EXBLIJOIC2XPZGLUZYISIMV4CCI6MTC0MJQ1MTUXOSWIAWF0IJOXNZQYNDQ3OTE5LCJQDGKIOII0NJBMMJHJNGQWMME0MDKWOTE3YWEZMJG4ZTQXZJLMYYISINJLZNJLC2HFZXHWIJOXNZQYNTM0MZE5LCJ1C2VYX2LKIJOXFQ.KR0XUPZ1NZCEYZNVKCLBEJVXXXBZNRMGPYP-SO-3QJK','2025-03-20 05:18:39.399490','2025-03-20 06:18:39.000000',1,'460F28C4D02A4090917AA3288E41F9FC'),(1643,'EYJHBGCIOIJIUZI1NIISINR5CCI6IKPXVCJ9.EYJ0B2TLBL90EXBLIJOICMVMCMVZACISIMV4CCI6MTC0MJUZNZQ1MSWIAWF0IJOXNZQYNDUXMDUXLCJQDGKIOIJKZGYZMDFMOGY2NJK0NTE1YMZJOGMXMDE1MZFHMJK3OCISINVZZXJFAWQIOJF9.75UPL1VZ858JXKQUZLAIMZQVRI225JSI6BLS9RCOGL8','2025-03-20 06:10:51.098320','2025-03-21 06:10:51.000000',1,'DDF301F8F6694515BFC8C101531A2978'),(1644,'EYJHBGCIOIJIUZI1NIISINR5CCI6IKPXVCJ9.EYJ0B2TLBL90EXBLIJOIC2XPZGLUZYISIMV4CCI6MTC0MJQ1NDY1MYWIAWF0IJOXNZQYNDUXMDUZLCJQDGKIOII5YWI4MJC0YTIWYTI0YTY1YJJIMZMYYJQYOTZKZWFJNYISINJLZNJLC2HFZXHWIJOXNZQYNTM3NDUZLCJ1C2VYX2LKIJOXFQ.JT3Q5K6WR1TC3_SPCDH8NZQFECSJSYMWWBFKFCPIFCS','2025-03-20 06:10:53.718276','2025-03-20 07:10:53.000000',1,'9AB8274A20A24A65B2B332B4296DEAC7'),(1645,'EYJHBGCIOIJIUZI1NIISINR5CCI6IKPXVCJ9.EYJ0B2TLBL90EXBLIJOICMVMCMVZACISIMV4CCI6MTC0MJUZODM5NCWIAWF0IJOXNZQYNDUXOTK0LCJQDGKIOIIWYJFKYTA2YJY0MWQ0ZTG1OGRLYZA0ZJAWYJLLNMM2MYISINVZZXJFAWQIOJF9.ZZX_1LQ0RIWHUBEPIPAE56IJWWAXZ5JPYGJR97GY6G4','2025-03-20 06:26:34.960905','2025-03-21 06:26:34.000000',1,'0B1DA06B641D4E858DEC04F00B9E6C63'),(1646,'EYJHBGCIOIJIUZI1NIISINR5CCI6IKPXVCJ9.EYJ0B2TLBL90EXBLIJOIC2XPZGLUZYISIMV4CCI6MTC0MJQ1NTU5NYWIAWF0IJOXNZQYNDUXOTK3LCJQDGKIOIIXZJQXYTU0YJGXZWQ0NTNKOWI0NTIYMJY5NZKWYWFJOSISINJLZNJLC2HFZXHWIJOXNZQYNTM4MZK3LCJ1C2VYX2LKIJOXFQ._YU4QVDMURNXOHWEMDZCJCNMU6AJR7KJ0JAY9CYZXKA','2025-03-20 06:26:37.697018','2025-03-20 07:26:37.000000',1,'1F41A54B81ED453D9B4522269790AAC9'),(1647,'EYJHBGCIOIJIUZI1NIISINR5CCI6IKPXVCJ9.EYJ0B2TLBL90EXBLIJOICMVMCMVZACISIMV4CCI6MTC0MJU0ODG3MSWIAWF0IJOXNZQYNDYYNDCXLCJQDGKIOII4NZJMZTQZZGMZNMQ0NTCZOGQ1OTLIZGYWNMQ5MDG4NIISINVZZXJFAWQIOJF9.W_VIPNKSI12CXFMMVAFOI-RCRUMDK2E5NLY_ESKDMOO','2025-03-20 09:21:11.063087','2025-03-21 09:21:11.000000',1,'872FE43DC36D45738D599BDF06D90886'),(1648,'EYJHBGCIOIJIUZI1NIISINR5CCI6IKPXVCJ9.EYJ0B2TLBL90EXBLIJOICMVMCMVZACISIMV4CCI6MTC0MJYXNJI5MCWIAWF0IJOXNZQYNTI5ODKWLCJQDGKIOIJMZJBMZJDKMGJKNMI0MJFHOGVKYWY4MGVJYTHLNZG4ZSISINVZZXJFAWQIOJF9.0LWHFG5IH998BXNPXGWFSOECXUNVZCJL2T6TF8GHUM8','2025-03-21 04:04:50.080017','2025-03-22 04:04:50.000000',1,'FF0FF7D0BD6B421A8EDAF80ECA8E788E'),(1649,'EYJHBGCIOIJIUZI1NIISINR5CCI6IKPXVCJ9.EYJ0B2TLBL90EXBLIJOIC2XPZGLUZYISIMV4CCI6MTC0MJUZMZQ5MSWIAWF0IJOXNZQYNTI5ODKXLCJQDGKIOIJJOTC3MZJJYZK0YZK0MTLHYTHLNDYXZWQ0NGZKZDK3YIISINJLZNJLC2HFZXHWIJOXNZQYNJE2MJKXLCJ1C2VYX2LKIJOXFQ.HC7U8LBWFRZNUI1TUS2CI22FFUOROIQNWCTG-8ZNSFY','2025-03-21 04:04:51.642640','2025-03-21 05:04:51.000000',1,'C97732CC94C9419AA8E461ED44FDD97B'),(1650,'EYJHBGCIOIJIUZI1NIISINR5CCI6IKPXVCJ9.EYJ0B2TLBL90EXBLIJOICMVMCMVZACISIMV4CCI6MTC0MJYXODQ4MIWIAWF0IJOXNZQYNTMYMDGYLCJQDGKIOIIYN2Q5ZWJJZJG3Y2Q0NZJJYJMZMGNHMMQWZJK1OTA1NCISINVZZXJFAWQIOJF9.VRPWAXUYSA_KZV8VQI8FQKWKYXXDIQENNO1WDPODQOU','2025-03-21 04:41:22.162245','2025-03-22 04:41:22.000000',1,'27D9EBCF87CD472CB330CA2D0F959054'),(1651,'EYJHBGCIOIJIUZI1NIISINR5CCI6IKPXVCJ9.EYJ0B2TLBL90EXBLIJOIC2XPZGLUZYISIMV4CCI6MTC0MJUZNTY4NSWIAWF0IJOXNZQYNTMYMDG1LCJQDGKIOII2ODVKYJUYZTY2M2Y0OWJMOTA2ZMI3MZFMMJYZNMI0OCISINJLZNJLC2HFZXHWIJOXNZQYNJE4NDG1LCJ1C2VYX2LKIJOXFQ.WIDJRJ24EVICMU6XK_2JRCLJ3NLSTLKFQ0E8G6R7PZA','2025-03-21 04:41:25.073854','2025-03-21 05:41:25.000000',1,'685DB52E663F49BF906FB731F2636B48'),(1652,'EYJHBGCIOIJIUZI1NIISINR5CCI6IKPXVCJ9.EYJ0B2TLBL90EXBLIJOICMVMCMVZACISIMV4CCI6MTC0MJYXOTEYOCWIAWF0IJOXNZQYNTMYNZI4LCJQDGKIOII3ZWYYOGY0YZE2ZWI0M2Y2OTAWODG3MMRLOTHMNGZKMYISINVZZXJFAWQIOJF9.HF4CBCN8MSWMMXNN2YNJGFHKE5BIITH9N3DSFROF_IC','2025-03-21 04:52:08.087223','2025-03-22 04:52:08.000000',1,'7EF28F4C16EB43F69008872DE98F4FD3'),(1653,'EYJHBGCIOIJIUZI1NIISINR5CCI6IKPXVCJ9.EYJ0B2TLBL90EXBLIJOIC2XPZGLUZYISIMV4CCI6MTC0MJUZNJMZMCWIAWF0IJOXNZQYNTMYNZMWLCJQDGKIOIJKZTJMYTNKNWZMOTI0NGM4ODZJM2VKN2I4ZWJHMJLJNSISINJLZNJLC2HFZXHWIJOXNZQYNJE5MTMWLCJ1C2VYX2LKIJOXFQ.ILIKJUTDC201-998D8ZKNQORIRVNTDYWUXRE7HZ-I-A','2025-03-21 04:52:10.927634','2025-03-21 05:52:10.000000',1,'DE2FA3D5FF9244C886C3ED7B8EBA29C5'),(1654,'EYJHBGCIOIJIUZI1NIISINR5CCI6IKPXVCJ9.EYJ0B2TLBL90EXBLIJOIC2XPZGLUZYISIMV4CCI6MTC0MJUZNJGXMIWIAWF0IJOXNZQYNTMZMJEYLCJQDGKIOII3MDEYYMU3YJMYNDU0YMFIYTE4YMI2ZDRJNDG3YTVIMYISINJLZNJLC2HFZXHWIJOXNZQYNJE5NJEYLCJ1C2VYX2LKIJOXFQ.76QLBFYVEQVJGZK4IXKDUDTALYWMK3XTRHJADPV2JX4','2025-03-21 05:00:12.998964','2025-03-21 06:00:12.000000',1,'7012BE7B32454BABA18BB6D4C487A5B3'),(1655,'EYJHBGCIOIJIUZI1NIISINR5CCI6IKPXVCJ9.EYJ0B2TLBL90EXBLIJOIC2XPZGLUZYISIMV4CCI6MTC0MJU0MDIZNCWIAWF0IJOXNZQYNTM2NJM0LCJQDGKIOII1N2VLMDJLNJCYMDM0MMNJYWQYMDHHZDK4ZDJKOWY2OCISINJLZNJLC2HFZXHWIJOXNZQYNJIZMDM0LCJ1C2VYX2LKIJOXFQ.GIGHC71ZZ6UR4FK70HJWUVMPVFY_3JYKJJS_BXXZLZG','2025-03-21 05:57:14.788599','2025-03-21 06:57:14.000000',1,'57EE02E6720342CCAD208AD98D2D9F68'),(1656,'EYJHBGCIOIJIUZI1NIISINR5CCI6IKPXVCJ9.EYJ0B2TLBL90EXBLIJOIC2XPZGLUZYISIMV4CCI6MTC0MJU0MZU0NSWIAWF0IJOXNZQYNTM5OTQ1LCJQDGKIOII2MDDMNTY0MTRHNWE0YTCZOGVHYWM0ZMY4NMQ4ZDU3MIISINJLZNJLC2HFZXHWIJOXNZQYNJI2MZQ1LCJ1C2VYX2LKIJOXFQ.PCSM09MAL6W_ROMJQFTQP6KLJAFVCX-QD9TSEFCJQRY','2025-03-21 06:52:25.821173','2025-03-21 07:52:25.000000',1,'607F56414A5A4A738EAAC4FF86D8D572'),(1657,'EYJHBGCIOIJIUZI1NIISINR5CCI6IKPXVCJ9.EYJ0B2TLBL90EXBLIJOICMVMCMVZACISIMV4CCI6MTC0MJYZMTIYMSWIAWF0IJOXNZQYNTQ0ODIXLCJQDGKIOIIYODDHZJMWYJEZYTG0MZMWOWQWZMZJNTCXMJQ5NJQWZSISINVZZXJFAWQIOJF9.AGZ4R6TDH_EB2HNTSJDZJM5PZPNLHFHWQPONBIRBKYY','2025-03-21 08:13:41.671357','2025-03-22 08:13:41.000000',1,'287AF30B13A843309D0FFC571249640E'),(1658,'EYJHBGCIOIJIUZI1NIISINR5CCI6IKPXVCJ9.EYJ0B2TLBL90EXBLIJOIC2XPZGLUZYISIMV4CCI6MTC0MJU0ODQYMYWIAWF0IJOXNZQYNTQ0ODIZLCJQDGKIOIIWZJA0NZU3MTY0YZM0ZDUYOWZJMGEYMMJLMTQ2NWY4MYISINJLZNJLC2HFZXHWIJOXNZQYNJMXMJIZLCJ1C2VYX2LKIJOXFQ.4GIOA04PLOZ6SY-JB04ZZ8IGOFSXTWN61JHBEAZHDEQ','2025-03-21 08:13:43.435293','2025-03-21 09:13:43.000000',1,'0F04757164C34D529FC0A22BE1465F83'),(1659,'EYJHBGCIOIJIUZI1NIISINR5CCI6IKPXVCJ9.EYJ0B2TLBL90EXBLIJOIC2XPZGLUZYISIMV4CCI6MTC0MJU1MTC0NYWIAWF0IJOXNZQYNTQ4MTQ3LCJQDGKIOII1MJAYZTQ0OTMYNWQ0YJQ4OTVIOWYZN2M1NTK5NJUYNCISINJLZNJLC2HFZXHWIJOXNZQYNJM0NTQ3LCJ1C2VYX2LKIJOXFQ.A8NAQDHSFNMDE0SMGYH7NDNGOMO4W9DMS6GQK-LPBVK','2025-03-21 09:09:07.013811','2025-03-21 10:09:07.000000',1,'5202E449325D4B4895B9F37C55996524'),(1660,'EYJHBGCIOIJIUZI1NIISINR5CCI6IKPXVCJ9.EYJ0B2TLBL90EXBLIJOIC2XPZGLUZYISIMV4CCI6MTC0MJU1NTA4MCWIAWF0IJOXNZQYNTUXNDGWLCJQDGKIOIJHM2EYN2RLOGQYMZC0ZGJKODZJMGVJZWU1NTMXZDLINYISINJLZNJLC2HFZXHWIJOXNZQYNJM3ODGWLCJ1C2VYX2LKIJOXFQ.1BV6_IST7U9FJV9QBCHYKI6DPNTTKUEBTRO6ZW3RE1S','2025-03-21 10:04:40.004306','2025-03-21 11:04:40.000000',1,'A3A27DE8D2374DBD86C0ECEE5531D9B7'),(1661,'EYJHBGCIOIJIUZI1NIISINR5CCI6IKPXVCJ9.EYJ0B2TLBL90EXBLIJOIC2XPZGLUZYISIMV4CCI6MTC0MJU1ODQXMIWIAWF0IJOXNZQYNTU0ODEYLCJQDGKIOII4MZFLNJVMMDHHNZY0NTE1YTK5NJGYM2Y4NZC5NDU4MSISINJLZNJLC2HFZXHWIJOXNZQYNJQXMJEYLCJ1C2VYX2LKIJOXFQ.JQHOBFFKLABX0LWOWJZAVEKIEF5RF3PKJGOFIBP0P_E','2025-03-21 11:00:12.531420','2025-03-21 12:00:12.000000',1,'831E65F08A764515A996823F87794581'),(1662,'EYJHBGCIOIJIUZI1NIISINR5CCI6IKPXVCJ9.EYJ0B2TLBL90EXBLIJOIC2XPZGLUZYISIMV4CCI6MTC0MJU2MTCZNCWIAWF0IJOXNZQYNTU4MTM0LCJQDGKIOII2M2E5YMU1YZAZMWQ0ZDC2OTE1MZM2ZTNJYZZLMZG2ZSISINJLZNJLC2HFZXHWIJOXNZQYNJQ0NTM0LCJ1C2VYX2LKIJOXFQ.RLWPUM2ARZZITY_LZZ5VQGL2-_1DXRVSMZXNL7EKVT0','2025-03-21 11:55:34.980515','2025-03-21 12:55:34.000000',1,'63A9BE5C031D4D76915336E3CC6E386E'),(1663,'EYJHBGCIOIJIUZI1NIISINR5CCI6IKPXVCJ9.EYJ0B2TLBL90EXBLIJOICMVMCMVZACISIMV4CCI6MTC0MJCWMZI2MYWIAWF0IJOXNZQYNJE2ODYZLCJQDGKIOIJLMGIZMJJLZJNJMMU0OTI1YTG0NJRMNJYZMZI3OTE5NCISINVZZXJFAWQIOJF9.UIB5VMFHO7DXADTTJBQP-VKQCUK6JZ0KVGX_GQCAUQS','2025-03-22 04:14:23.181437','2025-03-23 04:14:23.000000',1,'E0B322EF3C2E4925A8464F6633279194'),(1664,'EYJHBGCIOIJIUZI1NIISINR5CCI6IKPXVCJ9.EYJ0B2TLBL90EXBLIJOIC2XPZGLUZYISIMV4CCI6MTC0MJYYMDQ2NCWIAWF0IJOXNZQYNJE2ODY0LCJQDGKIOIIZZDU5MDZHNDKXZGQ0MGVLYTMWNJVHNJGWOWU2Y2NIMYISINJLZNJLC2HFZXHWIJOXNZQYNZAZMJY0LCJ1C2VYX2LKIJOXFQ.IZ9JBV2XVTABWYVIIPUG8FRXP3TEIDBLSYGQ4NFYJ84','2025-03-22 04:14:24.942618','2025-03-22 05:14:24.000000',1,'3D5906A491DD40EEA3065A6809E6CCB3'),(1665,'EYJHBGCIOIJIUZI1NIISINR5CCI6IKPXVCJ9.EYJ0B2TLBL90EXBLIJOICMVMCMVZACISIMV4CCI6MTC0MJCWNZIZNSWIAWF0IJOXNZQYNJIWODM1LCJQDGKIOII1MWI5OTRIYWVHZTC0MDC1YTHKM2NKZWI5NGI5YJUZYSISINVZZXJFAWQIOJF9.248_QDEBNY4MWGTIOEEWH_HMWUQCPBG1F5MX8VLJOT8','2025-03-22 05:20:35.951116','2025-03-23 05:20:35.000000',1,'51B994BAEAE74075A8D3CDEB94B9B53A'),(1666,'EYJHBGCIOIJIUZI1NIISINR5CCI6IKPXVCJ9.EYJ0B2TLBL90EXBLIJOIC2XPZGLUZYISIMV4CCI6MTC0MJYYNDQZNYWIAWF0IJOXNZQYNJIWODM3LCJQDGKIOIJKNTG4MZFKNGQ1Y2Y0MZA2OTE2MWI3NZC2MDRMZTBINYISINJLZNJLC2HFZXHWIJOXNZQYNZA3MJM3LCJ1C2VYX2LKIJOXFQ.CZIZUTTRWJ4OD9YVYH2JXDUMBXYO_R37CVQLR81OWN4','2025-03-22 05:20:37.698707','2025-03-22 06:20:37.000000',1,'D58831D4D5CF43069161B777604FE0B7'),(1667,'EYJHBGCIOIJIUZI1NIISINR5CCI6IKPXVCJ9.EYJ0B2TLBL90EXBLIJOICMVMCMVZACISIMV4CCI6MTC0MJCWODA2OCWIAWF0IJOXNZQYNJIXNJY4LCJQDGKIOIJKOWYWNZU3MZLLNWQ0YTQ5OGZIODIXNJLLZGVLOGI4OSISINVZZXJFAWQIOJF9.UMS107V9KFLR3-7Z9VV_BC0QWA4TB3DYZA6-DR5ZVIA','2025-03-22 05:34:28.877049','2025-03-23 05:34:28.000000',1,'D9F075739E5D4A498FB82169EDEE8B89'),(1668,'EYJHBGCIOIJIUZI1NIISINR5CCI6IKPXVCJ9.EYJ0B2TLBL90EXBLIJOIC2XPZGLUZYISIMV4CCI6MTC0MJYYNTI3NCWIAWF0IJOXNZQYNJIXNJC0LCJQDGKIOII3YMYXOTZIZGFIZME0NZBLYJUYMTQYMZE0YTY4OWY3NYISINJLZNJLC2HFZXHWIJOXNZQYNZA4MDC0LCJ1C2VYX2LKIJOXFQ.QT3XT7HWQLROSVKKA2X4BJMMXKMXAQBGRAG-BIDKGBA','2025-03-22 05:34:34.202061','2025-03-22 06:34:34.000000',1,'7BF196BDABFA470EB52142314A689F77'),(1669,'EYJHBGCIOIJIUZI1NIISINR5CCI6IKPXVCJ9.EYJ0B2TLBL90EXBLIJOICMVMCMVZACISIMV4CCI6MTC0MJCXMDU1NSWIAWF0IJOXNZQYNJI0MTU1LCJQDGKIOIIZMJRLMJYXYMFMZWQ0NJKXOTE5NTIXNZHIZJK4Y2M3NCISINVZZXJFAWQIOJF9.H7MR6RXYCHIEZTAXTA7XPYGIZA81PTSJ51WRGZFPUGC','2025-03-22 06:15:55.373056','2025-03-23 06:15:55.000000',1,'324E261BAFED469191952178BF98CC74'),(1670,'EYJHBGCIOIJIUZI1NIISINR5CCI6IKPXVCJ9.EYJ0B2TLBL90EXBLIJOIC2XPZGLUZYISIMV4CCI6MTC0MJYYNZC2MSWIAWF0IJOXNZQYNJI0MTYXLCJQDGKIOIJKMZLLYMRJZJBLOWU0NWQYOWRINJI2YJM3OTLKZJLHOSISINJLZNJLC2HFZXHWIJOXNZQYNZEWNTYXLCJ1C2VYX2LKIJOXFQ.D9ULPF5TGTTN_GP5DQ8AXN241PBQMO9PPSCEIIQ41OG','2025-03-22 06:16:01.433137','2025-03-22 07:16:01.000000',1,'D39EBDCF0E9E45D29DB626B3799DF9A9'),(1671,'EYJHBGCIOIJIUZI1NIISINR5CCI6IKPXVCJ9.EYJ0B2TLBL90EXBLIJOIC2XPZGLUZYISIMV4CCI6MTC0MJYYNZC2NCWIAWF0IJOXNZQYNJI0MTY0LCJQDGKIOIJKY2M2MGM0MGYXYMY0MDY4ODJLNTGXODKYODG2MDGZNSISINJLZNJLC2HFZXHWIJOXNZQYNZEWNTY0LCJ1C2VYX2LKIJOXFQ.H57YEW2Z7VI3VI_ZGJDQ75DJDPQYUNVOYWE4KASTUPE','2025-03-22 06:16:04.971595','2025-03-22 07:16:04.000000',1,'DCC60C40F1BF406882E5818928860835'),(1672,'EYJHBGCIOIJIUZI1NIISINR5CCI6IKPXVCJ9.EYJ0B2TLBL90EXBLIJOICMVMCMVZACISIMV4CCI6MTC0MJCXMDKYNSWIAWF0IJOXNZQYNJI0NTI1LCJQDGKIOIIZMJI0MDI0MZE2NJE0NTVLODCXOTJJNTVMN2U1YJBIMCISINVZZXJFAWQIOJF9.K-HNZTDAP5W2XMPPSHYHK1JJIDJ_QIKEC9KN9EPGBMO','2025-03-22 06:22:05.153253','2025-03-23 06:22:05.000000',1,'322402431661455E87192C55F7E5B0B0'),(1673,'EYJHBGCIOIJIUZI1NIISINR5CCI6IKPXVCJ9.EYJ0B2TLBL90EXBLIJOIC2XPZGLUZYISIMV4CCI6MTC0MJYYODEYOSWIAWF0IJOXNZQYNJI0NTI5LCJQDGKIOIJJYJMXOTK2NGM4MZY0MDFHYJQWYWJKOGE3MDJHYMQ5ZIISINJLZNJLC2HFZXHWIJOXNZQYNZEWOTI5LCJ1C2VYX2LKIJOXFQ.QCA_A7B9XW8DHVKVOFCL1_XO6IQWDGDD7V3NZKUBD7O','2025-03-22 06:22:09.904402','2025-03-22 07:22:09.000000',1,'CB319964C836401AB40ABD8A702ABD9F'),(1674,'EYJHBGCIOIJIUZI1NIISINR5CCI6IKPXVCJ9.EYJ0B2TLBL90EXBLIJOICMVMCMVZACISIMV4CCI6MTC0MJCXMTYXNSWIAWF0IJOXNZQYNJI1MJE1LCJQDGKIOII2MZRKZTIZMJMYNDA0MMM1OWQ4MMZKYTDJYTYYMZK5OSISINVZZXJFAWQIOJF9.DWXOMJLHQQGUCEIII2UUIMGVVZ40KQJ-XG8WKIJPDA0','2025-03-22 06:33:35.320670','2025-03-23 06:33:35.000000',1,'634DE232324042C59D82FDA7CA623999'),(1675,'EYJHBGCIOIJIUZI1NIISINR5CCI6IKPXVCJ9.EYJ0B2TLBL90EXBLIJOIC2XPZGLUZYISIMV4CCI6MTC0MJYYODGXOSWIAWF0IJOXNZQYNJI1MJE5LCJQDGKIOII5OGMZMDLLM2U2YZM0M2YZODG5YJHMMWM1MZAWY2EXNIISINJLZNJLC2HFZXHWIJOXNZQYNZEXNJE5LCJ1C2VYX2LKIJOXFQ.ULIV3ZN69VEHMU4NQWACSV7VNMQ8PGV029R0AJ6WITS','2025-03-22 06:33:39.739532','2025-03-22 07:33:39.000000',1,'98C309E3E6C343F3889B8F1C5300CA16'),(1676,'EYJHBGCIOIJIUZI1NIISINR5CCI6IKPXVCJ9.EYJ0B2TLBL90EXBLIJOICMVMCMVZACISIMV4CCI6MTC0MJCXNDQWOCWIAWF0IJOXNZQYNJI4MDA4LCJQDGKIOII3N2I4MDIZMDBLZJQ0NWRKOTU2MMVMZTA0NWZKNJC4NSISINVZZXJFAWQIOJF9.BLDQO2YOMF4GRACYEC5TAEWET9AFMYQHQQHHUECK-UK','2025-03-22 07:20:08.719762','2025-03-23 07:20:08.000000',1,'77B802300EF445DD9562EFE045FD6785'),(1677,'EYJHBGCIOIJIUZI1NIISINR5CCI6IKPXVCJ9.EYJ0B2TLBL90EXBLIJOIC2XPZGLUZYISIMV4CCI6MTC0MJYZMTYXMSWIAWF0IJOXNZQYNJI4MDEXLCJQDGKIOIJLMTG5YTE1YJDLODU0ZMRLOGRJYMY3OTZKNMY3ODEWNYISINJLZNJLC2HFZXHWIJOXNZQYNZE0NDEXLCJ1C2VYX2LKIJOXFQ.HYUV3H3PXW4HS2DXB7W08RBKOAXMB1WKVPTROQB7GJ0','2025-03-22 07:20:11.132996','2025-03-22 08:20:11.000000',1,'E189A15B7E854FDE8DCBF796D6F78107'),(1678,'EYJHBGCIOIJIUZI1NIISINR5CCI6IKPXVCJ9.EYJ0B2TLBL90EXBLIJOICMVMCMVZACISIMV4CCI6MTC0MJCXODMWNIWIAWF0IJOXNZQYNJMXOTA2LCJQDGKIOII1ZDNMMDIZYMFJYMI0NJQYOTGWNWE0OGM0OTE3ZWQZZCISINVZZXJFAWQIOJF9.OTTFQDKNUFTK3VTGZ-URYF-FA4GTWBSWNL4IDFISCLE','2025-03-22 08:25:06.581246','2025-03-23 08:25:06.000000',1,'5D3F023BACBB46429805A48C4917ED3D'),(1679,'EYJHBGCIOIJIUZI1NIISINR5CCI6IKPXVCJ9.EYJ0B2TLBL90EXBLIJOIC2XPZGLUZYISIMV4CCI6MTC0MJYZNTUXNCWIAWF0IJOXNZQYNJMXOTE0LCJQDGKIOII5MMI1MTHKMJE1YZG0Y2E2YTLHZWY0YME5MZMXYMUZYYISINJLZNJLC2HFZXHWIJOXNZQYNZE4MZE0LCJ1C2VYX2LKIJOXFQ.HXJGMG9PC9GK_NHSHCK_WG8KMOBKST5_BHS9GADSA2G','2025-03-22 08:25:14.776584','2025-03-22 09:25:14.000000',1,'92B518D215C84CA6A9AEF4BA9331BE3C'),(1680,'EYJHBGCIOIJIUZI1NIISINR5CCI6IKPXVCJ9.EYJ0B2TLBL90EXBLIJOICMVMCMVZACISIMV4CCI6MTC0MJCYMJC0NYWIAWF0IJOXNZQYNJM2MZQ3LCJQDGKIOIIWOTQWYZQ2MMUYMZI0NDCXOTHKMTA1YJGXOTJMZJY0ZSISINVZZXJFAWQIOJF9.GOMGS756PVS8_6ZTZO8CYVO65KUMNLZXOV5UAXCDCYK','2025-03-22 09:39:07.855533','2025-03-23 09:39:07.000000',1,'0940C462E232447198D105B8192FF64E'),(1681,'EYJHBGCIOIJIUZI1NIISINR5CCI6IKPXVCJ9.EYJ0B2TLBL90EXBLIJOIC2XPZGLUZYISIMV4CCI6MTC0MJYZOTK1MSWIAWF0IJOXNZQYNJM2MZUXLCJQDGKIOII2NTBLODM2OTZKZJI0MTKWYJLLNTEXZTA3NTFLOGYYZSISINJLZNJLC2HFZXHWIJOXNZQYNZIYNZUXLCJ1C2VYX2LKIJOXFQ.ZROE9DW0KADWM2FSRNX1ZUASN7MZN3SXYHRFOVTKS8M','2025-03-22 09:39:11.696742','2025-03-22 10:39:11.000000',1,'650E83696DF24190B9E511E0751E8F2E'),(1682,'EYJHBGCIOIJIUZI1NIISINR5CCI6IKPXVCJ9.EYJ0B2TLBL90EXBLIJOIC2XPZGLUZYISIMV4CCI6MTC0MJY0MZMYMIWIAWF0IJOXNZQYNJM5NZIYLCJQDGKIOIJHNTI2NZVLNZLIMJQ0ODC3YMJJZJI1Y2QYOTA2ZMQZMIISINJLZNJLC2HFZXHWIJOXNZQYNZI2MTIYLCJ1C2VYX2LKIJOXFQ.XH8ZQAFFP8RJZZLATZDSWY6TQ506LT8K-CI2ILDIT74','2025-03-22 10:35:22.926474','2025-03-22 11:35:22.000000',1,'A52675E79B244877BBCF25CD2906FD32'),(1683,'EYJHBGCIOIJIUZI1NIISINR5CCI6IKPXVCJ9.EYJ0B2TLBL90EXBLIJOICMVMCMVZACISIMV4CCI6MTC0MJC0MDC3MYWIAWF0IJOXNZQYNJU0MZCZLCJQDGKIOIJMNGY4NMU5ZMEYZDE0NGFKYTQ1NWM2NWY1MWE3NZYXZIISINVZZXJFAWQIOJF9.JJB3PJJCUMRKRLVQGYF0DSRTWTBOK_VZ9O-AI5DAWL0','2025-03-22 14:39:33.768792','2025-03-23 14:39:33.000000',1,'F4F86E9FA2D144ADA455C65F51A7761F'),(1684,'EYJHBGCIOIJIUZI1NIISINR5CCI6IKPXVCJ9.EYJ0B2TLBL90EXBLIJOIC2XPZGLUZYISIMV4CCI6MTC0MJY1NZK3NYWIAWF0IJOXNZQYNJU0MZC3LCJQDGKIOIIYZWI2NDC4NWMWMMM0N2E2YWM4YJY3NJDIYTLLZTCXMYISINJLZNJLC2HFZXHWIJOXNZQYNZQWNZC3LCJ1C2VYX2LKIJOXFQ.D7XRGGHJOMLVEJ9RCAISLNTMMNRRTWPHPNR4FMQ3HJW','2025-03-22 14:39:37.323911','2025-03-22 15:39:37.000000',1,'2EB64785C02C47A6AC8B6767BA9EE713'),(1685,'EYJHBGCIOIJIUZI1NIISINR5CCI6IKPXVCJ9.EYJ0B2TLBL90EXBLIJOICMVMCMVZACISIMV4CCI6MTC0MJC4OTUYOSWIAWF0IJOXNZQYNZAZMTI5LCJQDGKIOII3NDC4YZNJNWNIZTY0ZWY0YTQ2MDYZODRMOTY0ZGUZMYISINVZZXJFAWQIOJF9.V1YKSYUNUNK5OLMCRLGRSZNHGUKFCU33JGDZ_YQORTW','2025-03-23 04:12:09.282379','2025-03-24 04:12:09.000000',1,'7478C3C5CBE64EF4A4606384F964DE33'),(1686,'EYJHBGCIOIJIUZI1NIISINR5CCI6IKPXVCJ9.EYJ0B2TLBL90EXBLIJOIC2XPZGLUZYISIMV4CCI6MTC0MJCWNJCZMSWIAWF0IJOXNZQYNZAZMTMXLCJQDGKIOII0MDCZYJNLMWU2MTU0NGU2YTBINJYYMDGXNMRHNTQ4NSISINJLZNJLC2HFZXHWIJOXNZQYNZG5NTMXLCJ1C2VYX2LKIJOXFQ.2_61N8WAASVS7BVLYD1VPIKAX9QTFSP64MAODVFBIJ8','2025-03-23 04:12:11.417517','2025-03-23 05:12:11.000000',1,'4073B3E1E61544E6A0B6620816DA5485'),(1687,'EYJHBGCIOIJIUZI1NIISINR5CCI6IKPXVCJ9.EYJ0B2TLBL90EXBLIJOICMVMCMVZACISIMV4CCI6MTC0MJC5MDC5OCWIAWF0IJOXNZQYNZA0MZK4LCJQDGKIOIIYNDVLY2Q2NGMYMZY0NZRHOGM1Y2U0NDFMZDHHMZY0OCISINVZZXJFAWQIOJF9.QWAHWJT8ZKWKOVEN7GXBI8TL-UDUXZTAIHWEZKME2HU','2025-03-23 04:33:18.790967','2025-03-24 04:33:18.000000',1,'245ECD64C236474A8C5CE441FD8A3648'),(1688,'EYJHBGCIOIJIUZI1NIISINR5CCI6IKPXVCJ9.EYJ0B2TLBL90EXBLIJOIC2XPZGLUZYISIMV4CCI6MTC0MJCWODAWMIWIAWF0IJOXNZQYNZA0NDAYLCJQDGKIOII0OWYWOGY2ZTLJOGQ0OWY1YTGYOGEYZMJHYWIWMGQ1MYISINJLZNJLC2HFZXHWIJOXNZQYNZKWODAYLCJ1C2VYX2LKIJOXFQ.FOIQEZCJDP7HKCB79QY4SDVPKAIKZI3X7KIBD-DUUWU','2025-03-23 04:33:22.900698','2025-03-23 05:33:22.000000',1,'49F08F6E9C8D49F5A828A2FBAAB00D53'),(1689,'EYJHBGCIOIJIUZI1NIISINR5CCI6IKPXVCJ9.EYJ0B2TLBL90EXBLIJOICMVMCMVZACISIMV4CCI6MTC0MJC5MDG2MYWIAWF0IJOXNZQYNZA0NDYZLCJQDGKIOIJMZJQWOWZLMDJIYTC0ZDQ3OWRHZJC4ZDUXYJQZZGFJOCISINVZZXJFAWQIOJF9.8J_AFJRR5ZNOBHCP-IU7LS_VRM4RVPCEW2RBLLMKU7I','2025-03-23 04:34:23.204080','2025-03-24 04:34:23.000000',1,'FF409FE02BA74D479DAF78D51B43DAC8'),(1690,'EYJHBGCIOIJIUZI1NIISINR5CCI6IKPXVCJ9.EYJ0B2TLBL90EXBLIJOIC2XPZGLUZYISIMV4CCI6MTC0MJCWODA2OCWIAWF0IJOXNZQYNZA0NDY4LCJQDGKIOIIXNGQWZMYWMJLJZDA0MDE3YTJHNDNLNDM4MTE2NTDKZSISINJLZNJLC2HFZXHWIJOXNZQYNZKWODY4LCJ1C2VYX2LKIJOXFQ.4LMPI7U3KVF5MO297BZKHISXPRG8TJMOGH7U4OHZ-SA','2025-03-23 04:34:28.546729','2025-03-23 05:34:28.000000',1,'14D0FF029CD04017A2A43E43811657DE'),(1691,'EYJHBGCIOIJIUZI1NIISINR5CCI6IKPXVCJ9.EYJ0B2TLBL90EXBLIJOICMVMCMVZACISIMV4CCI6MTC0MJC5NJI2OSWIAWF0IJOXNZQYNZA5ODY5LCJQDGKIOIIYMZMWZDNJYJGWYTC0NZC4OGYYZGY1YZDKNDKYN2Q2MIISINVZZXJFAWQIOJF9.OWK4JO0XYLYJJLFCWLHKBEODRGW1A4EPN2QI92T9XE0','2025-03-23 06:04:29.086690','2025-03-24 06:04:29.000000',1,'2330D3CB80A747788F2DF5C7D4927D62'),(1692,'EYJHBGCIOIJIUZI1NIISINR5CCI6IKPXVCJ9.EYJ0B2TLBL90EXBLIJOIC2XPZGLUZYISIMV4CCI6MTC0MJCXMZQ3NCWIAWF0IJOXNZQYNZA5ODC0LCJQDGKIOIJJMTNHMZG5ODI3MZK0MDC3YTEXOTBJZWIZOTNJNJUXYSISINJLZNJLC2HFZXHWIJOXNZQYNZK2MJC0LCJ1C2VYX2LKIJOXFQ.WKIKWBT7UYOEBRUUARIYXZGIGSYLPFFE12VT89DFEHQ','2025-03-23 06:04:34.206784','2025-03-23 07:04:34.000000',1,'C13A389827394077A1190CEB393C651A'),(1693,'EYJHBGCIOIJIUZI1NIISINR5CCI6IKPXVCJ9.EYJ0B2TLBL90EXBLIJOICMVMCMVZACISIMV4CCI6MTC0MJC5ODQ2OCWIAWF0IJOXNZQYNZEYMDY4LCJQDGKIOIJHMJI5YMQ0ZGE3NDI0OTQ5YJRIMDK3MTHMNZMZNZHLZSISINVZZXJFAWQIOJF9.EDSXEX3I2JGSQXIRUYJW8ZHWXSMGIBTMN9PVF3_3RMC','2025-03-23 06:41:08.520721','2025-03-24 06:41:08.000000',1,'A229BD4DA7424949B4B09718F73378EE'),(1694,'EYJHBGCIOIJIUZI1NIISINR5CCI6IKPXVCJ9.EYJ0B2TLBL90EXBLIJOIC2XPZGLUZYISIMV4CCI6MTC0MJCXNTY3MIWIAWF0IJOXNZQYNZEYMDCYLCJQDGKIOIJINDMWMTQZMZFLMDQ0MWUZYTA3MMQ4NTAZNZVHZDUWYIISINJLZNJLC2HFZXHWIJOXNZQYNZK4NDCYLCJ1C2VYX2LKIJOXFQ.CMW4IRUJL7L6YOBZL8CY2F13ILCTS8SJ6JDFY9OCCYU','2025-03-23 06:41:12.011215','2025-03-23 07:41:12.000000',1,'B43014331E0441E3A072D850375AD50B'),(1695,'EYJHBGCIOIJIUZI1NIISINR5CCI6IKPXVCJ9.EYJ0B2TLBL90EXBLIJOICMVMCMVZACISIMV4CCI6MTC0MJC5OTI4NIWIAWF0IJOXNZQYNZEYODG2LCJQDGKIOII0ZWQ0YJHLMWM5YMY0OTNLODU5YTM4YZFLZDUYNZQZNIISINVZZXJFAWQIOJF9.RR3GBMCZJ6PINMRDWYI7TYAWDUUIANYYTXBJQGVWCEO','2025-03-23 06:54:46.798257','2025-03-24 06:54:46.000000',1,'4ED4B8E1C9BF493E859A38C1ED527436'),(1696,'EYJHBGCIOIJIUZI1NIISINR5CCI6IKPXVCJ9.EYJ0B2TLBL90EXBLIJOIC2XPZGLUZYISIMV4CCI6MTC0MJCXNJQ4OSWIAWF0IJOXNZQYNZEYODG5LCJQDGKIOII4YWYWMZEZYTDJYZK0OGM0ODEXODE5NJK1YJAXNZHMYSISINJLZNJLC2HFZXHWIJOXNZQYNZK5MJG5LCJ1C2VYX2LKIJOXFQ.KZ-VA9HZQH9MPSNHNJ2C3DDGJFQEOB5FWMHHLGE_X4I','2025-03-23 06:54:49.001907','2025-03-23 07:54:49.000000',1,'8AF0313A7CC948C4811819695B0178FA'),(1697,'EYJHBGCIOIJIUZI1NIISINR5CCI6IKPXVCJ9.EYJ0B2TLBL90EXBLIJOICMVMCMVZACISIMV4CCI6MTC0MJGWNJEZNYWIAWF0IJOXNZQYNZE5NZM3LCJQDGKIOII0ZMVHMTG0OGVJYZM0NMY4YMQ2YWJJYWUXOGMXMJU0ZSISINVZZXJFAWQIOJF9.BEJHPMQUP2PGQP7AP-XKY86ZAI5FFKOJEDMM2TYUHBM','2025-03-23 08:48:57.667034','2025-03-24 08:48:57.000000',1,'4FEA1848ECC346F8BD6ABCAE18C1254E'),(1698,'EYJHBGCIOIJIUZI1NIISINR5CCI6IKPXVCJ9.EYJ0B2TLBL90EXBLIJOIC2XPZGLUZYISIMV4CCI6MTC0MJCYMZM1MIWIAWF0IJOXNZQYNZE5NZUYLCJQDGKIOIJMMGQ4Y2M3NTY5MZE0ZMJHYWM4ODRINZA2NMNLMMQ0ZSISINJLZNJLC2HFZXHWIJOXNZQYODA2MTUYLCJ1C2VYX2LKIJOXFQ.HF2E16XUP_IRGBOJ23PPUORJGUV3DVV-YRU_8RBKQJK','2025-03-23 08:49:12.626294','2025-03-23 09:49:12.000000',1,'F0D8CC7569314FBAAC884B7066CE2D4E'),(1699,'EYJHBGCIOIJIUZI1NIISINR5CCI6IKPXVCJ9.EYJ0B2TLBL90EXBLIJOICMVMCMVZACISIMV4CCI6MTC0MJGXNDY2NIWIAWF0IJOXNZQYNZI4MJY2LCJQDGKIOIJMOGE4ZTK3NWZLMMY0ZDCYOWMWZMZLM2RJM2YYYMY1NSISINVZZXJFAWQIOJF9.NMA48Y2JNWUJCIBD2OBZWCZ1FHG3DI5EZCQ3PC0CI1A','2025-03-23 11:11:06.791760','2025-03-24 11:11:06.000000',1,'F8A8E975FE2F4D729C0FFE3DC3F2BF55'),(1700,'EYJHBGCIOIJIUZI1NIISINR5CCI6IKPXVCJ9.EYJ0B2TLBL90EXBLIJOIC2XPZGLUZYISIMV4CCI6MTC0MJCZMTG3MCWIAWF0IJOXNZQYNZI4MJCWLCJQDGKIOIJMNJG2MGI1OWMWNDQ0Y2Q2OWI1NTI2MMRKMMJLYTY3OCISINJLZNJLC2HFZXHWIJOXNZQYODE0NJCWLCJ1C2VYX2LKIJOXFQ.0H_0XW2A6G1RL_DZR6DLKSBIKWACR2BT-X26VJXH8_Y','2025-03-23 11:11:10.865123','2025-03-23 12:11:10.000000',1,'F6860B59C0444CD69B55262DD2BEA678'),(1701,'EYJHBGCIOIJIUZI1NIISINR5CCI6IKPXVCJ9.EYJ0B2TLBL90EXBLIJOICMVMCMVZACISIMV4CCI6MTC0MJGYMDCWNSWIAWF0IJOXNZQYNZM0MZA1LCJQDGKIOII2NJHIMWJJMZLHNZI0MTNMYTG3NTAXODK3ODG5ZWYYNCISINVZZXJFAWQIOJF9.BFOUYQ9SFLZJZ7RXQYJEECQDN3BL1BT2-_F8KQ3F-I0','2025-03-23 12:51:45.857691','2025-03-24 12:51:45.000000',1,'668B1BC39A72413FA87501897889EF24'),(1702,'EYJHBGCIOIJIUZI1NIISINR5CCI6IKPXVCJ9.EYJ0B2TLBL90EXBLIJOIC2XPZGLUZYISIMV4CCI6MTC0MJCZNZKXMCWIAWF0IJOXNZQYNZM0MZEWLCJQDGKIOIJIZWU5ZMI0ZDG3OTA0MWYYOWI1YMMXMDK5ZTU3MDFJOCISINJLZNJLC2HFZXHWIJOXNZQYODIWNZEWLCJ1C2VYX2LKIJOXFQ.FMMVUMCWPNET-YA-LJ7CVMK4MTQEZRIUH38NG7K-FM8','2025-03-23 12:51:50.903572','2025-03-23 13:51:50.000000',1,'BEE9FB4D879041F29B5BC1099E5701C8'),(1703,'EYJHBGCIOIJIUZI1NIISINR5CCI6IKPXVCJ9.EYJ0B2TLBL90EXBLIJOICMVMCMVZACISIMV4CCI6MTC0MJGYMDG4MIWIAWF0IJOXNZQYNZM0NDGYLCJQDGKIOII5OTNKYJNHYTM2ZWE0YTYXOTKWYZZLMMFHMTFHNWY5MSISINVZZXJFAWQIOJF9.-PXZ54DI8EVCEI02MHW9YRMJAOFPLJJO00QQGPLCAZU','2025-03-23 12:54:42.401422','2025-03-24 12:54:42.000000',1,'993DB3AA36EA4A61990C6E2AA11A5F91'),(1704,'EYJHBGCIOIJIUZI1NIISINR5CCI6IKPXVCJ9.EYJ0B2TLBL90EXBLIJOIC2XPZGLUZYISIMV4CCI6MTC0MJCZODA5MCWIAWF0IJOXNZQYNZM0NDKWLCJQDGKIOIIWZWMXZTEYNJY3MGE0MZZIYJA2ZWQ5ODVJMDVMMTHKZCISINJLZNJLC2HFZXHWIJOXNZQYODIWODKWLCJ1C2VYX2LKIJOXFQ.7ONXNOSJVRSWWFOHIW6H8EDRGN4VUKMDJ5ZEFKRJQHA','2025-03-23 12:54:50.556709','2025-03-23 13:54:50.000000',1,'0EC1E126670A436BB06ED985C05F18DD'),(1705,'EYJHBGCIOIJIUZI1NIISINR5CCI6IKPXVCJ9.EYJ0B2TLBL90EXBLIJOICMVMCMVZACISIMV4CCI6MTC0MJGYMTEYOSWIAWF0IJOXNZQYNZM0NZI5LCJQDGKIOII4ZMY5MMM4NDG2NJC0YMM4OWMZNTM3OWRKODA5NTG0ZSISINVZZXJFAWQIOJF9.JTHCBO2SJYQFRNXKORUSYEW4AZQ8UDWDDG-PIP_MEVM','2025-03-23 12:58:49.316135','2025-03-24 12:58:49.000000',1,'8FF92C8486674BC89C35379DD809584E'),(1706,'EYJHBGCIOIJIUZI1NIISINR5CCI6IKPXVCJ9.EYJ0B2TLBL90EXBLIJOIC2XPZGLUZYISIMV4CCI6MTC0MJCZODMZMIWIAWF0IJOXNZQYNZM0NZMYLCJQDGKIOII2YTC5NJLLOGM0YMY0ZGQ0YTQWYJGWYWJMYWM4NJGZNIISINJLZNJLC2HFZXHWIJOXNZQYODIXMTMYLCJ1C2VYX2LKIJOXFQ.OY5EG2ARMWVFAMNKDU_OLRIY7_S0JQYRCNQKVITL9OQ','2025-03-23 12:58:52.669626','2025-03-23 13:58:52.000000',1,'6A7969E8C4BF4DD4A40B80ABFAC86836'),(1707,'EYJHBGCIOIJIUZI1NIISINR5CCI6IKPXVCJ9.EYJ0B2TLBL90EXBLIJOICMVMCMVZACISIMV4CCI6MTC0MJG3NTK1NYWIAWF0IJOXNZQYNZG5NTU3LCJQDGKIOII0NDI5YJUXYJLJYWE0NZIYODI4N2M4YTIXYTBHNDQ0ZIISINVZZXJFAWQIOJF9.RBIYHG5UDLRPE33UXEBYT8ATCTGJGX-L2GH8NUYCWNY','2025-03-24 04:12:37.598056','2025-03-25 04:12:37.000000',1,'4429B51B9CAA47228287C8A21A0A444F'),(1708,'EYJHBGCIOIJIUZI1NIISINR5CCI6IKPXVCJ9.EYJ0B2TLBL90EXBLIJOIC2XPZGLUZYISIMV4CCI6MTC0MJC5MZE2MCWIAWF0IJOXNZQYNZG5NTYWLCJQDGKIOIJMNWEXMWUYN2YZYJI0YTJIOGIWODI0NDBLMTQ4MGFKOCISINJLZNJLC2HFZXHWIJOXNZQYODC1OTYWLCJ1C2VYX2LKIJOXFQ.CZXYQ5AYA991IRJMIXH_VSVJPL0OREBUJNICGL8KSLU','2025-03-24 04:12:40.350648','2025-03-24 05:12:40.000000',1,'F5A11E27F3B24A2B8B082440E1480AD8'),(1709,'EYJHBGCIOIJIUZI1NIISINR5CCI6IKPXVCJ9.EYJ0B2TLBL90EXBLIJOICMVMCMVZACISIMV4CCI6MTC0MJG3NZM2MYWIAWF0IJOXNZQYNZKWOTYZLCJQDGKIOIJINZM1ZDYXZGEWZTM0OWE3ODY3ZWM4YTDLZJC4YJRLMYISINVZZXJFAWQIOJF9.BXMM6YSEKTQ33OKY82WHE6TFU-1CGEW0A2HQCIC2HRE','2025-03-24 04:36:03.491616','2025-03-25 04:36:03.000000',1,'B735D61DA0E349A7867EC8A7EF78B4E3'),(1710,'EYJHBGCIOIJIUZI1NIISINR5CCI6IKPXVCJ9.EYJ0B2TLBL90EXBLIJOIC2XPZGLUZYISIMV4CCI6MTC0MJC5NDU2NIWIAWF0IJOXNZQYNZKWOTY2LCJQDGKIOII4ZWY3ZJFHOTUWNWM0MJIZYJEWOGIWYJFJNDVHYJAYMCISINJLZNJLC2HFZXHWIJOXNZQYODC3MZY2LCJ1C2VYX2LKIJOXFQ.YD0-YVYQEEONORWK7RY3RBGQRPSDMT-VY5BJHNIEZPO','2025-03-24 04:36:06.625613','2025-03-24 05:36:06.000000',1,'8EF7F1A9505C4223B108B0B1C45AB020'),(1711,'EYJHBGCIOIJIUZI1NIISINR5CCI6IKPXVCJ9.EYJ0B2TLBL90EXBLIJOICMVMCMVZACISIMV4CCI6MTC0MJG3ODE5OCWIAWF0IJOXNZQYNZKXNZK4LCJQDGKIOII4MZIYNDE1YMMWYJY0MMU5OTU3ODY1NZK3MTHJMZG3MCISINVZZXJFAWQIOJF9.22-9OT-6HGKLLDTK5SSN2-KK587EZ0NE8YZCRAMXQZG','2025-03-24 04:49:58.834005','2025-03-25 04:49:58.000000',1,'8322415BC0B642E995786579718C3870'),(1712,'EYJHBGCIOIJIUZI1NIISINR5CCI6IKPXVCJ9.EYJ0B2TLBL90EXBLIJOIC2XPZGLUZYISIMV4CCI6MTC0MJC5NTQWMCWIAWF0IJOXNZQYNZKXODAWLCJQDGKIOII5ZGUWZWRLZWI3NJK0M2Q2YWVIM2E2NJI4MMRIYZI0ZSISINJLZNJLC2HFZXHWIJOXNZQYODC4MJAWLCJ1C2VYX2LKIJOXFQ.ZLA6MFGAWJSDIXS7TANPUM1EKQZB5DBDI4IZKLCP2OG','2025-03-24 04:50:00.836514','2025-03-24 05:50:00.000000',1,'9DE0EDEEB76943D6AEB3A66282DBC24E'),(1713,'EYJHBGCIOIJIUZI1NIISINR5CCI6IKPXVCJ9.EYJ0B2TLBL90EXBLIJOICMVMCMVZACISIMV4CCI6MTC0MJG3ODU4NYWIAWF0IJOXNZQYNZKYMTG3LCJQDGKIOIJLNMJJN2RKMJY3ZDU0NDRJYME5YTJMYMVHY2JJY2U3ZSISINVZZXJFAWQIOJF9.3QXVURHLRAGADZ6FO6_O6KWGI_UJF5XXFNW-O1GYELA','2025-03-24 04:56:27.897951','2025-03-25 04:56:27.000000',1,'E6BC7DD267D5444CBA9A2FBEACBCCE7E'),(1714,'EYJHBGCIOIJIUZI1NIISINR5CCI6IKPXVCJ9.EYJ0B2TLBL90EXBLIJOIC2XPZGLUZYISIMV4CCI6MTC0MJC5NTC5MSWIAWF0IJOXNZQYNZKYMTKXLCJQDGKIOII0NZU2YJE0M2EWNJE0MWVHOTK3OGY3MDVMNDFKMDY5YSISINJLZNJLC2HFZXHWIJOXNZQYODC4NTKXLCJ1C2VYX2LKIJOXFQ.MSKLLNRXJTBUTMAN_UDWET_H_USWQQXAOIKYGNI4HFY','2025-03-24 04:56:31.066507','2025-03-24 05:56:31.000000',1,'4756B143A06141EA9978F705F41D069A'),(1715,'EYJHBGCIOIJIUZI1NIISINR5CCI6IKPXVCJ9.EYJ0B2TLBL90EXBLIJOICMVMCMVZACISIMV4CCI6MTC0MJG3ODC3OSWIAWF0IJOXNZQYNZKYMZC5LCJQDGKIOIJMNWFKNDQWMDLJMGU0ZDM3YTBLMMJLOTQ5NMRIMGEWZSISINVZZXJFAWQIOJF9.DNIBGHPININDV17JTR286AVXYFDLHEMZ1SB4IGLECBU','2025-03-24 04:59:39.756184','2025-03-25 04:59:39.000000',1,'F5AD44009C0E4D37A0E2BE9496DB0A0E'),(1716,'EYJHBGCIOIJIUZI1NIISINR5CCI6IKPXVCJ9.EYJ0B2TLBL90EXBLIJOIC2XPZGLUZYISIMV4CCI6MTC0MJC5NTK4NCWIAWF0IJOXNZQYNZKYMZG0LCJQDGKIOIIYNDFIMWQ4NDFMYJQ0YJHIOGFKZTKYNZRHYMI4NDK1ZSISINJLZNJLC2HFZXHWIJOXNZQYODC4NZG0LCJ1C2VYX2LKIJOXFQ.DSGETUAB0DF6UW7DSBNY6O60POWCEP_132Y_YWN10YE','2025-03-24 04:59:44.010461','2025-03-24 05:59:44.000000',1,'241B1D841FB44B8B8ADE9274ABB8495E'),(1717,'EYJHBGCIOIJIUZI1NIISINR5CCI6IKPXVCJ9.EYJ0B2TLBL90EXBLIJOICMVMCMVZACISIMV4CCI6MTC0MJG4MDYXMCWIAWF0IJOXNZQYNZK0MJEWLCJQDGKIOIJHYJJLZTC4YZZLNGQ0YMQ1YJLJYTJHMZK0ZDRKZMJHYIISINVZZXJFAWQIOJF9.II45HXHWQ6D5E4GNYTHRPMJXESSXGMWEHWIDHMBSE3M','2025-03-24 05:30:10.811584','2025-03-25 05:30:10.000000',1,'AB2EE78C6E4D4BD5B9CA2A394D4DFBAB'),(1718,'EYJHBGCIOIJIUZI1NIISINR5CCI6IKPXVCJ9.EYJ0B2TLBL90EXBLIJOIC2XPZGLUZYISIMV4CCI6MTC0MJC5NZGXNYWIAWF0IJOXNZQYNZK0MJE3LCJQDGKIOII5MTI3YZAYMWVHOTK0NTQ2ODGXYJI0MDE1MDHIZTBJYIISINJLZNJLC2HFZXHWIJOXNZQYODGWNJE3LCJ1C2VYX2LKIJOXFQ.YZF1P8BWLQX0LQEUFHETQWCORFNBGWPELQATQ6RNNBU','2025-03-24 05:30:17.101792','2025-03-24 06:30:17.000000',1,'9127C021EA994546881B2401508BE0CB'),(1719,'EYJHBGCIOIJIUZI1NIISINR5CCI6IKPXVCJ9.EYJ0B2TLBL90EXBLIJOICMVMCMVZACISIMV4CCI6MTC0MJG4MTQ3NIWIAWF0IJOXNZQYNZK1MDC2LCJQDGKIOIJJZTI1YMZKYTVKNJA0ZMU2YMEXMTBJZJQYZTCYNTFIOCISINVZZXJFAWQIOJF9.0C49O1AYMTDATING6MXBWEHL3QXEWJKN9Y9NQ7DSE4K','2025-03-24 05:44:36.087942','2025-03-25 05:44:36.000000',1,'CE25BFDA5D604FE6BA110CF42E7251B8'),(1720,'EYJHBGCIOIJIUZI1NIISINR5CCI6IKPXVCJ9.EYJ0B2TLBL90EXBLIJOIC2XPZGLUZYISIMV4CCI6MTC0MJC5ODY3OSWIAWF0IJOXNZQYNZK1MDC5LCJQDGKIOIIZMZY4ZDHKYJI0NTQ0ZTJJYMM2N2U0M2E4NJHKNZMYNSISINJLZNJLC2HFZXHWIJOXNZQYODGXNDC5LCJ1C2VYX2LKIJOXFQ.V6MFZWAK2XAOTZXLOZWH8OUAXXXLFFSKBUDZVHYSMTQ','2025-03-24 05:44:39.729420','2025-03-24 06:44:39.000000',1,'3368D8DB24544E2CBC67E43A868D7325'),(1721,'EYJHBGCIOIJIUZI1NIISINR5CCI6IKPXVCJ9.EYJ0B2TLBL90EXBLIJOICMVMCMVZACISIMV4CCI6MTC0MJG5NZKWMSWIAWF0IJOXNZQYODEXNTAXLCJQDGKIOIIWM2I4NWNLYZZKNJK0NGY2YTI0Y2IXZMY0OGRKMTZKNIISINVZZXJFAWQIOJF9.38QESTIJ5X-HWMC6XKI_OAYJJFV5OBK38MWUQALQBFK','2025-03-24 10:18:21.404441','2025-03-25 10:18:21.000000',1,'03B85CEC6D6944F6A24CB1FF48DD16D6'),(1722,'EYJHBGCIOIJIUZI1NIISINR5CCI6IKPXVCJ9.EYJ0B2TLBL90EXBLIJOIC2XPZGLUZYISIMV4CCI6MTC0MJGXNTEWNSWIAWF0IJOXNZQYODEXNTA1LCJQDGKIOIIZNJFKYZRMYMYZMWY0ZDAZYWRHMMU2YWZHOTVJZTLIOCISINJLZNJLC2HFZXHWIJOXNZQYODK3OTA1LCJ1C2VYX2LKIJOXFQ.JBEKUSXIRRVF6F_NSOGF3VSCENULAJJNGELLWEXDK64','2025-03-24 10:18:25.743878','2025-03-24 11:18:25.000000',1,'361DC4FBF31F4D03ADA2E6AFA95CE9B8'),(1723,'EYJHBGCIOIJIUZI1NIISINR5CCI6IKPXVCJ9.EYJ0B2TLBL90EXBLIJOICMVMCMVZACISIMV4CCI6MTC0MJK2ODI5OCWIAWF0IJOXNZQYODGXODK4LCJQDGKIOIIXMZG1M2VMYJMXYTQ0MTRIOTGXYWNKNMNLM2E0ZGU5NCISINVZZXJFAWQIOJF9.4QEJB6CKN7EY8FGBNEUCPGUIMANRIPJETVT9PUPTQ-U','2025-03-25 05:51:38.609101','2025-03-26 05:51:38.000000',1,'13853EFB31A4414B981ACD6CE3A4DE94'),(1724,'EYJHBGCIOIJIUZI1NIISINR5CCI6IKPXVCJ9.EYJ0B2TLBL90EXBLIJOIC2XPZGLUZYISIMV4CCI6MTC0MJG4NTUWNCWIAWF0IJOXNZQYODGXOTA0LCJQDGKIOIJHOTA1ZME3MGJLYTA0NMJLODNINJM0NDI1ZMUZZJYWZIISINJLZNJLC2HFZXHWIJOXNZQYOTY4MZA0LCJ1C2VYX2LKIJOXFQ.MCYVYOA-QVN4X6D7QGDTNKJWHHF58C2WPPBVEL2E5CC','2025-03-25 05:51:44.058741','2025-03-25 06:51:44.000000',1,'A905FA70BEA046BE83B634425FE3F60F'),(1725,'EYJHBGCIOIJIUZI1NIISINR5CCI6IKPXVCJ9.EYJ0B2TLBL90EXBLIJOICMVMCMVZACISIMV4CCI6MTC0MJK3MJA2NIWIAWF0IJOXNZQYODG1NJY2LCJQDGKIOIJMMTU0ODMYOTDKNTC0ZMNHYTE5YZU0NDQYNZG4ODUXOSISINVZZXJFAWQIOJF9.33FUVL2A_APN_VEUELPEGGPMVVLQFJ_CACJ94A8BDOQ','2025-03-25 06:54:26.882866','2025-03-26 06:54:26.000000',1,'F15483297D574FCAA19C544427888519'),(1726,'EYJHBGCIOIJIUZI1NIISINR5CCI6IKPXVCJ9.EYJ0B2TLBL90EXBLIJOIC2XPZGLUZYISIMV4CCI6MTC0MJG4OTI3MCWIAWF0IJOXNZQYODG1NJCWLCJQDGKIOII4OTGWZJDLNJEWOTQ0NDI3YTJKMWI1ZTQ3NDM1Y2QXNYISINJLZNJLC2HFZXHWIJOXNZQYOTCYMDCWLCJ1C2VYX2LKIJOXFQ.LH0DKHQCY44VZFAJEZDGT3LAOZRNQJQBOLZY60J1DEK','2025-03-25 06:54:30.570912','2025-03-25 07:54:30.000000',1,'8980F7E610944427A2D1B5E47435CD17'),(1727,'EYJHBGCIOIJIUZI1NIISINR5CCI6IKPXVCJ9.EYJ0B2TLBL90EXBLIJOICMVMCMVZACISIMV4CCI6MTC0MJK3NJC1MIWIAWF0IJOXNZQYODKWMZUYLCJQDGKIOII5NJBHNJZHZWU0ODU0MWZHOTKWZTJMYJY1MJQXZWUXYIISINVZZXJFAWQIOJF9.YYKA3FWTNB3SO_C2GW0TUNY5FCVZHZDBYGX_W2KLNPK','2025-03-25 08:12:32.223543','2025-03-26 08:12:32.000000',1,'960A66AEE48541FA990E2FB65241EE1B'),(1728,'EYJHBGCIOIJIUZI1NIISINR5CCI6IKPXVCJ9.EYJ0B2TLBL90EXBLIJOIC2XPZGLUZYISIMV4CCI6MTC0MJG5MZK2MIWIAWF0IJOXNZQYODKWMZYYLCJQDGKIOIJLMGYYOTEYNTI4MWY0YJJKYJC0NZUYNDZLN2E3ZDC5MCISINJLZNJLC2HFZXHWIJOXNZQYOTC2NZYYLCJ1C2VYX2LKIJOXFQ.HX5SI0S0K35Z9AYF72KAMK237W0CQAFOOP8F6FXY5E4','2025-03-25 08:12:42.466569','2025-03-25 09:12:42.000000',1,'E0F29125281F4B2DB7475246E7A7D790'),(1729,'EYJHBGCIOIJIUZI1NIISINR5CCI6IKPXVCJ9.EYJ0B2TLBL90EXBLIJOICMVMCMVZACISIMV4CCI6MTC0MJK3NJK1MYWIAWF0IJOXNZQYODKWNTUZLCJQDGKIOIIZYMMYMTUXN2ZLYWE0OTY5ODU1MME0ZMM0ZTAWZTA3YIISINVZZXJFAWQIOJF9.VZSW5JQYDYIV4C6QDJJLALD43LJANJTLZU4S4EIUJM0','2025-03-25 08:15:53.753591','2025-03-26 08:15:53.000000',1,'3BC21517FEAA49698552A4FC4E00E07B'),(1730,'EYJHBGCIOIJIUZI1NIISINR5CCI6IKPXVCJ9.EYJ0B2TLBL90EXBLIJOIC2XPZGLUZYISIMV4CCI6MTC0MJG5NDE1OCWIAWF0IJOXNZQYODKWNTU4LCJQDGKIOII0YWZIZMYYYTNLZJC0NMQWYWM1MDJJNTIWM2EYMJUXMYISINJLZNJLC2HFZXHWIJOXNZQYOTC2OTU4LCJ1C2VYX2LKIJOXFQ.E7LUOCHWBO7MYPA2R0NYQFOU4JGQY7RWJ99UQZYZPYM','2025-03-25 08:15:58.410330','2025-03-25 09:15:58.000000',1,'4AFBFF2A3EF746D0AC502C5203A22513'),(1731,'EYJHBGCIOIJIUZI1NIISINR5CCI6IKPXVCJ9.EYJ0B2TLBL90EXBLIJOICMVMCMVZACISIMV4CCI6MTC0MJK3NZG2MCWIAWF0IJOXNZQYODKXNDYWLCJQDGKIOIJKODU5M2EZOGVMMTI0ZJQXYWQ0YTJKYMFLMWFJYWIZNIISINVZZXJFAWQIOJF9.N-JCP2JTSH5O3CCW_H8MB6NZAAZ_SFW2WFMLHJSCZS8','2025-03-25 08:31:00.835180','2025-03-26 08:31:00.000000',1,'D8593A38EF124F41AD4A2DBAE1ACAB36'),(1732,'EYJHBGCIOIJIUZI1NIISINR5CCI6IKPXVCJ9.EYJ0B2TLBL90EXBLIJOIC2XPZGLUZYISIMV4CCI6MTC0MJG5NTA2MYWIAWF0IJOXNZQYODKXNDYZLCJQDGKIOIJMZMRLYJNIZWJMNZM0MMMZYWU3NZI5NJVKZJJLYJJIMYISINJLZNJLC2HFZXHWIJOXNZQYOTC3ODYZLCJ1C2VYX2LKIJOXFQ.WHZ3MDYJ0ZL2MTJE2LL9JELNB-VCKOCFTKD0INFVJIE','2025-03-25 08:31:03.468529','2025-03-25 09:31:03.000000',1,'FFDEB3BEBF7342C3AE772965DF2EB2B3'),(1733,'EYJHBGCIOIJIUZI1NIISINR5CCI6IKPXVCJ9.EYJ0B2TLBL90EXBLIJOICMVMCMVZACISIMV4CCI6MTC0MJK3ODAXMIWIAWF0IJOXNZQYODKXNJEYLCJQDGKIOIIZYZE2ZTVHZWU1MDK0Y2RMODJHMZVJYTHIMDRMODI5NYISINVZZXJFAWQIOJF9.MMDK7QLSWGKNPRN3O2N3EMRSDOIVDG36IGPZ9CVKVYA','2025-03-25 08:33:32.390230','2025-03-26 08:33:32.000000',1,'3C16E5AEE5094CDF82A35CA8B04F8297'),(1734,'EYJHBGCIOIJIUZI1NIISINR5CCI6IKPXVCJ9.EYJ0B2TLBL90EXBLIJOIC2XPZGLUZYISIMV4CCI6MTC0MJG5NTIXNIWIAWF0IJOXNZQYODKXNJE2LCJQDGKIOIJHYJQ0NMFMOGUXYZQ0M2UXOGZJZME1ZTI3MDQ1NZZMNSISINJLZNJLC2HFZXHWIJOXNZQYOTC4MDE2LCJ1C2VYX2LKIJOXFQ.QR8DPUYVHY_ID1KD44PBDSK2ILTLW9TYKQWQTL9LTAA','2025-03-25 08:33:36.518152','2025-03-25 09:33:36.000000',1,'AB446AF8E1C443E18FCFA5E2704576F5'),(1735,'EYJHBGCIOIJIUZI1NIISINR5CCI6IKPXVCJ9.EYJ0B2TLBL90EXBLIJOICMVMCMVZACISIMV4CCI6MTC0MJK5OTM5OCWIAWF0IJOXNZQYOTEYOTK4LCJQDGKIOII0ZJI0NDNLZTC1ZJQ0ZJU3YJFKNZBMOTBLZJEZODFHMIISINVZZXJFAWQIOJF9.KOFDIAJY9CWQJX43SSV9-P3CFGMGYJZA8GQPK0VPODI','2025-03-25 14:29:58.650512','2025-03-26 14:29:58.000000',1,'4F2443EE75F44F57B1D70F90EF1381A2'),(1736,'EYJHBGCIOIJIUZI1NIISINR5CCI6IKPXVCJ9.EYJ0B2TLBL90EXBLIJOIC2XPZGLUZYISIMV4CCI6MTC0MJKXNJYWMIWIAWF0IJOXNZQYOTEZMDAYLCJQDGKIOII5ZJGZODVMYWZIZJQ0NGIWODK2MZFMZJG5OGNMNZRLOSISINJLZNJLC2HFZXHWIJOXNZQYOTK5NDAYLCJ1C2VYX2LKIJOXFQ.KX5Z5NJCFKC7EUZ0EYBF_RLYIBV6AEE4HGK-CBG0U8W','2025-03-25 14:30:02.786024','2025-03-25 15:30:02.000000',1,'9F8385FAFBF444B089631FF898CF74E9'),(1737,'EYJHBGCIOIJIUZI1NIISINR5CCI6IKPXVCJ9.EYJ0B2TLBL90EXBLIJOICMVMCMVZACISIMV4CCI6MTC0MZA2NDG0NSWIAWF0IJOXNZQYOTC4NDQ1LCJQDGKIOII3M2Q4ZDJMZGNJMJM0YTEYYJM2ZWQZMJY0NMQWOTE0MIISINVZZXJFAWQIOJF9.ROWKSIU-7GQMJPNUGA1CMVBVYGJK3RRY8JCOY5TSDQ0','2025-03-26 08:40:45.748902','2025-03-27 08:40:45.000000',1,'73D8D2FDCC234A12B36ED32646D09142'),(1738,'EYJHBGCIOIJIUZI1NIISINR5CCI6IKPXVCJ9.EYJ0B2TLBL90EXBLIJOIC2XPZGLUZYISIMV4CCI6MTC0MJK4MJA1MSWIAWF0IJOXNZQYOTC4NDUXLCJQDGKIOII5ZTEWYTY3ZTZHZDA0MGE1YME1YMYYZJM1NWQYN2Q5YYISINJLZNJLC2HFZXHWIJOXNZQZMDY0ODUXLCJ1C2VYX2LKIJOXFQ.MDLOSAWYR6S_WMJIN6CJMPTPM0ZZM0G8YDSK-_IRCO4','2025-03-26 08:40:51.092591','2025-03-26 09:40:51.000000',1,'9E10A67E6AD040A5BA5BF2F355D27D9C'),(1739,'EYJHBGCIOIJIUZI1NIISINR5CCI6IKPXVCJ9.EYJ0B2TLBL90EXBLIJOICMVMCMVZACISIMV4CCI6MTC0MZA2NTE5NSWIAWF0IJOXNZQYOTC4NZK1LCJQDGKIOIJJZTHLYMQZZWYWOGQ0NTRLYTVJMZM4NGI1MTK0ZDI1MSISINVZZXJFAWQIOJF9.GGZZMS-OKG6PQPHCCEHKVXAES5P-PPJ2AVT8HQB-8EK','2025-03-26 08:46:35.875668','2025-03-27 08:46:35.000000',1,'CE8EBD3EF08D454EA5C3384B5194D251'),(1740,'EYJHBGCIOIJIUZI1NIISINR5CCI6IKPXVCJ9.EYJ0B2TLBL90EXBLIJOIC2XPZGLUZYISIMV4CCI6MTC0MJK4MJM5OCWIAWF0IJOXNZQYOTC4NZK4LCJQDGKIOII0N2UYNDDKYWRJODQ0MJG3YTKWNZBMN2Y1N2E1YJG4YYISINJLZNJLC2HFZXHWIJOXNZQZMDY1MTK4LCJ1C2VYX2LKIJOXFQ.WJ0_R1VXEPQ1TQMZYVLQ7HVSHTZPJPW6X8IZPRXLMU0','2025-03-26 08:46:38.064955','2025-03-26 09:46:38.000000',1,'47E247DADC844287A9070F7F57A5B88C'),(1741,'EYJHBGCIOIJIUZI1NIISINR5CCI6IKPXVCJ9.EYJ0B2TLBL90EXBLIJOICMVMCMVZACISIMV4CCI6MTC0MZA2NJY1MYWIAWF0IJOXNZQYOTGWMJUZLCJQDGKIOII2MZNJNTYYMDBMN2E0ZWU0YJU2MMVHYZI1YTGYMDQWYSISINVZZXJFAWQIOJF9.7J5BGKRHZUAEJDGYXFFT8NUVE8B8OHESNHZHKAOI_60','2025-03-26 09:10:53.593502','2025-03-27 09:10:53.000000',1,'633C56200F7A4EE4B562EAC25A82040A'),(1742,'EYJHBGCIOIJIUZI1NIISINR5CCI6IKPXVCJ9.EYJ0B2TLBL90EXBLIJOIC2XPZGLUZYISIMV4CCI6MTC0MJK4MZG1OSWIAWF0IJOXNZQYOTGWMJU5LCJQDGKIOII0MJC1YMFLZME1ZMU0YMVMOWRMYZZLMJKYNZJLYMUYMCISINJLZNJLC2HFZXHWIJOXNZQZMDY2NJU5LCJ1C2VYX2LKIJOXFQ.8UQOKQBKJQSYBGM43X2NFF_WUHHDIZV9M7GRCFBQLCW','2025-03-26 09:10:59.979916','2025-03-26 10:10:59.000000',1,'4275BAEFA5FE4BEF9DFC6E29272EBE20'),(1743,'EYJHBGCIOIJIUZI1NIISINR5CCI6IKPXVCJ9.EYJ0B2TLBL90EXBLIJOICMVMCMVZACISIMV4CCI6MTC0MZA3NJIWNIWIAWF0IJOXNZQYOTG5ODA2LCJQDGKIOII1N2U0ZGM1MGFMMGQ0MZEWODBHMTYZMDG0ZTDHYZZJNYISINVZZXJFAWQIOJF9.1FX8YCOMFETNRDDQQCQ2NMCZZV8X2VK-XPTEI_OGKDO','2025-03-26 11:50:06.752301','2025-03-27 11:50:06.000000',1,'57E4DC50AF0D431080A163084E7AC6C7'),(1744,'EYJHBGCIOIJIUZI1NIISINR5CCI6IKPXVCJ9.EYJ0B2TLBL90EXBLIJOIC2XPZGLUZYISIMV4CCI6MTC0MJK5MZQXMCWIAWF0IJOXNZQYOTG5ODEWLCJQDGKIOIJJMJI0ODG4YWU4NJA0MDHMYJCWN2I4MJJKYTUZNJNKNYISINJLZNJLC2HFZXHWIJOXNZQZMDC2MJEWLCJ1C2VYX2LKIJOXFQ.LLXNI5BW-CWJM5SYRTAIBI410ASRC4PZJJZGEDOWJPY','2025-03-26 11:50:10.560495','2025-03-26 12:50:10.000000',1,'C224888AE860408FB707B822DA5363D7'),(1745,'EYJHBGCIOIJIUZI1NIISINR5CCI6IKPXVCJ9.EYJ0B2TLBL90EXBLIJOICMVMCMVZACISIMV4CCI6MTC0MZA3NJUXMIWIAWF0IJOXNZQYOTKWMTEYLCJQDGKIOII3YTEYZDM0NWIWNTG0OTI0OTDJYJHKNGEYMDM5ZDNKNSISINVZZXJFAWQIOJF9.6MXARSNKUR7CLMR6Q3ZJVDEI5W7QNJEJQDVADTNBDBO','2025-03-26 11:55:12.004883','2025-03-27 11:55:12.000000',1,'7A12D345B058492497CB8D4A2039D3D5'),(1746,'EYJHBGCIOIJIUZI1NIISINR5CCI6IKPXVCJ9.EYJ0B2TLBL90EXBLIJOIC2XPZGLUZYISIMV4CCI6MTC0MJK5MZCXNSWIAWF0IJOXNZQYOTKWMTE1LCJQDGKIOIIXMJMYY2MYODRJZGE0ZDCYYJA1MGE3MWU3YTCYOGQ3ZSISINJLZNJLC2HFZXHWIJOXNZQZMDC2NTE1LCJ1C2VYX2LKIJOXFQ.6T_OQ6XVQWKTVSJUFZXCMPIY_QAK5RNZFHMHXLJN2EY','2025-03-26 11:55:15.852837','2025-03-26 12:55:15.000000',1,'1232CC284CDA4D72B050A71E7A728D7E'),(1747,'EYJHBGCIOIJIUZI1NIISINR5CCI6IKPXVCJ9.EYJ0B2TLBL90EXBLIJOICMVMCMVZACISIMV4CCI6MTC0MZA4MDK5NYWIAWF0IJOXNZQYOTK0NTK3LCJQDGKIOIIWNDK0YZDHOTAXODY0NWI2ODDKNMQYZDVIMJZKNTYZNSISINVZZXJFAWQIOJF9.DDW-HLFPBIHOAW4QYXVSU8FKDHNMVWN_YGFHTE260BQ','2025-03-26 13:09:57.092158','2025-03-27 13:09:57.000000',1,'0494C7A9018645B687D6D2D5B26D5635'),(1748,'EYJHBGCIOIJIUZI1NIISINR5CCI6IKPXVCJ9.EYJ0B2TLBL90EXBLIJOIC2XPZGLUZYISIMV4CCI6MTC0MJK5ODIWNCWIAWF0IJOXNZQYOTK0NJA0LCJQDGKIOII5NGNMN2NLMJUWOWU0MMFMYTNIMWRLNGVJMZM3ZDE5MCISINJLZNJLC2HFZXHWIJOXNZQZMDGXMDA0LCJ1C2VYX2LKIJOXFQ.GW0FZI-AE9CZMAVWRLQBT8NNEOGRLYG3GHT735I9ISW','2025-03-26 13:10:04.263623','2025-03-26 14:10:04.000000',1,'94CF7CE2509E42AFA3B1DE4EC337D190'),(1749,'EYJHBGCIOIJIUZI1NIISINR5CCI6IKPXVCJ9.EYJ0B2TLBL90EXBLIJOICMVMCMVZACISIMV4CCI6MTC0MZEZNZMWOSWIAWF0IJOXNZQZMDUWOTA5LCJQDGKIOII5ZTDLYZUZMGQ4NTM0ZTLHYWFIOTVHMJLJMZYXZDZKYSISINVZZXJFAWQIOJF9.TRDOCPNUXSUZWX-SZAI0WU1XKBJOWKWQUSSB8RYJBZW','2025-03-27 04:48:29.380327','2025-03-28 04:48:29.000000',1,'9E7EC530D8534E9AAAB95A29C361D6DA'),(1750,'EYJHBGCIOIJIUZI1NIISINR5CCI6IKPXVCJ9.EYJ0B2TLBL90EXBLIJOIC2XPZGLUZYISIMV4CCI6MTC0MZA1NDUXMSWIAWF0IJOXNZQZMDUWOTEXLCJQDGKIOIJMNMZJMZLKNGM4NDI0ODE1YWI0NDZJOGJKMMMZN2E1NIISINJLZNJLC2HFZXHWIJOXNZQZMTM3MZEXLCJ1C2VYX2LKIJOXFQ.W9EPXK7CZVEN3TNZHC4RSDMZG834SK6IR0DCVP5QFUW','2025-03-27 04:48:31.463703','2025-03-27 05:48:31.000000',1,'F6FC39D4C8424815AB446C8BD2C37A56'),(1751,'EYJHBGCIOIJIUZI1NIISINR5CCI6IKPXVCJ9.EYJ0B2TLBL90EXBLIJOICMVMCMVZACISIMV4CCI6MTC0MZEZODYWNSWIAWF0IJOXNZQZMDUYMJA1LCJQDGKIOII2YTU5MJA4NTLLNTY0ZWM3ODVMOTE2NDYZM2MWYJDMMSISINVZZXJFAWQIOJF9.TFJBARFVORHLG4GAMPJXC2NDP1XJFGUHBBG4AYG8Z0I','2025-03-27 05:10:05.447001','2025-03-28 05:10:05.000000',1,'6A5920859E564EC785F9164633C0B7F1'),(1752,'EYJHBGCIOIJIUZI1NIISINR5CCI6IKPXVCJ9.EYJ0B2TLBL90EXBLIJOIC2XPZGLUZYISIMV4CCI6MTC0MZA1NTGWOSWIAWF0IJOXNZQZMDUYMJA5LCJQDGKIOIIZZJK4MGQ1YMNJYMY0YJK3YTEZZJLJZGIWNTGXMGE3ZSISINJLZNJLC2HFZXHWIJOXNZQZMTM4NJA5LCJ1C2VYX2LKIJOXFQ.ERCSYJJM8IH4QC7TLCOGT3YO7FUJDLJOETIND9JCAG0','2025-03-27 05:10:09.355375','2025-03-27 06:10:09.000000',1,'3F980D5BCCBF4B97A13F9CDB05810A7E'),(1753,'EYJHBGCIOIJIUZI1NIISINR5CCI6IKPXVCJ9.EYJ0B2TLBL90EXBLIJOICMVMCMVZACISIMV4CCI6MTC0MZEZOTQ5OCWIAWF0IJOXNZQZMDUZMDK4LCJQDGKIOII2NJI0ZGJINGM2YJA0ZMUZOTA4YJBIZDC4NZE5NWFHNYISINVZZXJFAWQIOJF9.IPZAG4TN0N_JIF3JVBCKNHNL4UIYPI6IDM1KPT8-G1U','2025-03-27 05:24:58.943979','2025-03-28 05:24:58.000000',1,'6624DBB4C6B04FE3908B0BD787195AA7'),(1754,'EYJHBGCIOIJIUZI1NIISINR5CCI6IKPXVCJ9.EYJ0B2TLBL90EXBLIJOIC2XPZGLUZYISIMV4CCI6MTC0MZA1NJCWMYWIAWF0IJOXNZQZMDUZMTAZLCJQDGKIOIIXMTGZYTG1ZTCWOWM0ODUYOTFJYZY4YJZMYZK3OTA1ZIISINJLZNJLC2HFZXHWIJOXNZQZMTM5NTAZLCJ1C2VYX2LKIJOXFQ.WJK5PAB9M7KZFPPYAIKBEGCH9WBPADZI8KMU8UL7ME4','2025-03-27 05:25:03.232171','2025-03-27 06:25:03.000000',1,'1183A85E709C485291CC68B6FC97905F'),(1755,'EYJHBGCIOIJIUZI1NIISINR5CCI6IKPXVCJ9.EYJ0B2TLBL90EXBLIJOICMVMCMVZACISIMV4CCI6MTC0MZE0MDYZMSWIAWF0IJOXNZQZMDU0MJMXLCJQDGKIOIJJMTMXYJU0N2Y0M2U0ODC4OWQZYTU1MJE3NWM2MZE2OSISINVZZXJFAWQIOJF9.BFCKM3UB_RJTFT6FI16YKEPCSKW0QWPILLEXMS67H7C','2025-03-27 05:43:51.137061','2025-03-28 05:43:51.000000',1,'C131B547F43E48789D3A552175C63169'),(1756,'EYJHBGCIOIJIUZI1NIISINR5CCI6IKPXVCJ9.EYJ0B2TLBL90EXBLIJOIC2XPZGLUZYISIMV4CCI6MTC0MZA1NZG1NCWIAWF0IJOXNZQZMDU0MJU0LCJQDGKIOIJMYMNLZGI1MZGYNDM0NMZHYJZLMZDMMZBJZMQYOTY4YIISINJLZNJLC2HFZXHWIJOXNZQZMTQWNJU0LCJ1C2VYX2LKIJOXFQ.FUO3ON1W4AVDJGTI3-J7KRLXO_FCVRTJBBLFYMZQ6ME','2025-03-27 05:44:14.477734','2025-03-27 06:44:14.000000',1,'FBCEDB53824346FAB6E37F30CFD2968B'),(1757,'EYJHBGCIOIJIUZI1NIISINR5CCI6IKPXVCJ9.EYJ0B2TLBL90EXBLIJOICMVMCMVZACISIMV4CCI6MTC0MZE0MTU4MSWIAWF0IJOXNZQZMDU1MTGXLCJQDGKIOII4ZMMXOTG4ZDHKM2M0YTG0YJDIZDZKYJDHM2RJYJE1NCISINVZZXJFAWQIOJF9.REJ9QLJ-5RENCWK-H13UGWWGVMCW71MFV_INPXVM900','2025-03-27 05:59:41.001200','2025-03-28 05:59:41.000000',1,'8FC1988D8D3C4A84B7BD6DB7A3DCB154'),(1758,'EYJHBGCIOIJIUZI1NIISINR5CCI6IKPXVCJ9.EYJ0B2TLBL90EXBLIJOIC2XPZGLUZYISIMV4CCI6MTC0MZA1ODC4MYWIAWF0IJOXNZQZMDU1MTGZLCJQDGKIOIIYNZM3MJUYYZY4NZC0NJFHYJRMN2Q4MZBLMWZKNGJKYSISINJLZNJLC2HFZXHWIJOXNZQZMTQXNTGZLCJ1C2VYX2LKIJOXFQ.EVNFYK24P55LKUK1ENUPD1SHOYPUOAPVDFC1DL3RHU0','2025-03-27 05:59:43.612283','2025-03-27 06:59:43.000000',1,'2737252C6877461AB4F7D830E1FD4BDA'),(1759,'EYJHBGCIOIJIUZI1NIISINR5CCI6IKPXVCJ9.EYJ0B2TLBL90EXBLIJOICMVMCMVZACISIMV4CCI6MTC0MZE0NTK4OSWIAWF0IJOXNZQZMDU5NTG5LCJQDGKIOIJKZDLIYTNIZGY0NZG0OTE0OTK2MDQ5YWIZZJI3YJFLZIISINVZZXJFAWQIOJF9.5WYGP-TDIXFUPLDHCBIBRWS0FG6V7KHCRFYJ4B8YOPA','2025-03-27 07:13:09.097242','2025-03-28 07:13:09.000000',1,'DD9BA3BDF4784914996049AB3F27B1EF'),(1760,'EYJHBGCIOIJIUZI1NIISINR5CCI6IKPXVCJ9.EYJ0B2TLBL90EXBLIJOIC2XPZGLUZYISIMV4CCI6MTC0MZA2MZE5MIWIAWF0IJOXNZQZMDU5NTKYLCJQDGKIOII0ZGJHOTGWY2M0MZM0YZNIYJIYMMEWZWJKYZFJOTLLNCISINJLZNJLC2HFZXHWIJOXNZQZMTQ1OTKYLCJ1C2VYX2LKIJOXFQ.X-T4YANF6XT9K8D1ODFPC7XRURM5XKZN_D1NKORTJJO','2025-03-27 07:13:12.921169','2025-03-27 08:13:12.000000',1,'4DBA980CC4334C3BB222A0EBDC1C99E4'),(1761,'EYJHBGCIOIJIUZI1NIISINR5CCI6IKPXVCJ9.EYJ0B2TLBL90EXBLIJOICMVMCMVZACISIMV4CCI6MTC0MZE0OTQ2NYWIAWF0IJOXNZQZMDYZMDY3LCJQDGKIOIJIZWUXZGIWZJFIZDI0NJM0YTU0NGRKYJNKNDC4MTKXMSISINVZZXJFAWQIOJF9.CPT1GVGBR9WXMJDAKPVIGSNJOZSJFO-CSJ8J0KIH-GS','2025-03-27 08:11:07.534211','2025-03-28 08:11:07.000000',1,'BEE1DB0F1BD24634A544DDB3D4781911'),(1762,'EYJHBGCIOIJIUZI1NIISINR5CCI6IKPXVCJ9.EYJ0B2TLBL90EXBLIJOIC2XPZGLUZYISIMV4CCI6MTC0MZA2NJY3MCWIAWF0IJOXNZQZMDYZMDCWLCJQDGKIOIJIZTEXZTDLMTM3MGM0MTEWYTK2ZJG4Y2YZNGZLODZINCISINJLZNJLC2HFZXHWIJOXNZQZMTQ5NDCWLCJ1C2VYX2LKIJOXFQ.VW45XP8JEP_QPT57H3Y7SVPIYOMBUAVV7-NXUEKT1LA','2025-03-27 08:11:10.909504','2025-03-27 09:11:10.000000',1,'BE11E7E1370C4110A96F88CF34FE86B4'),(1763,'EYJHBGCIOIJIUZI1NIISINR5CCI6IKPXVCJ9.EYJ0B2TLBL90EXBLIJOICMVMCMVZACISIMV4CCI6MTC0MZE1MDK2MSWIAWF0IJOXNZQZMDY0NTYXLCJQDGKIOIJINJNKNJC4ZDK1OWY0YZBIYJK1OGVLMDA0N2Q5ZDU5YIISINVZZXJFAWQIOJF9.UBN30AFDPPSMJ5W23Y-SUOHUHSUGIE7QQRIMR-R4OEG','2025-03-27 08:36:01.559256','2025-03-28 08:36:01.000000',1,'B63D678D959F4C0BB958EE0047D9D59B'),(1764,'EYJHBGCIOIJIUZI1NIISINR5CCI6IKPXVCJ9.EYJ0B2TLBL90EXBLIJOIC2XPZGLUZYISIMV4CCI6MTC0MZA2ODE2NSWIAWF0IJOXNZQZMDY0NTY1LCJQDGKIOIJJM2VIN2FLMGQ0OTE0MTRLYTVHOGRHZTGZYJVJNGQ5NCISINJLZNJLC2HFZXHWIJOXNZQZMTUWOTY1LCJ1C2VYX2LKIJOXFQ.G9EPAAGBFGGT4B0K3PWVD2GY3QUMPX8SVSDKEC1R4OK','2025-03-27 08:36:05.121156','2025-03-27 09:36:05.000000',1,'C3EB7AE0D491414EA5A8DAE83B5C4D94'),(1765,'EYJHBGCIOIJIUZI1NIISINR5CCI6IKPXVCJ9.EYJ0B2TLBL90EXBLIJOICMVMCMVZACISIMV4CCI6MTC0MZE1MTIXNYWIAWF0IJOXNZQZMDY0ODE3LCJQDGKIOIJMZTAZMDRLZDIZYTK0ZGI5YTLJZDZIZGI2ZJE5ZWIWYYISINVZZXJFAWQIOJF9.VXEASMDLUD3XNOE7ZZGTJYTPLIOVDWCZCEQPOSWVQBS','2025-03-27 08:40:17.514591','2025-03-28 08:40:17.000000',1,'FE0304ED23A94DB9A9CD6BDB6F19EB0C'),(1766,'EYJHBGCIOIJIUZI1NIISINR5CCI6IKPXVCJ9.EYJ0B2TLBL90EXBLIJOIC2XPZGLUZYISIMV4CCI6MTC0MZA2ODQYMSWIAWF0IJOXNZQZMDY0ODIXLCJQDGKIOII0NZA3MDQ1MMFMYJI0NGZIODAYZDQ0ODNHODI2NTFIYSISINJLZNJLC2HFZXHWIJOXNZQZMTUXMJIXLCJ1C2VYX2LKIJOXFQ.5AV9XTPNX1LF9_PIYTP_FQA3NMA_V6RZ2CGTGCVMXWW','2025-03-27 08:40:21.290068','2025-03-27 09:40:21.000000',1,'47070452AFB244FB802D4483A82651BA'),(1767,'EYJHBGCIOIJIUZI1NIISINR5CCI6IKPXVCJ9.EYJ0B2TLBL90EXBLIJOICMVMCMVZACISIMV4CCI6MTC0MZE2MJE1OSWIAWF0IJOXNZQZMDC1NZU5LCJQDGKIOIJMMJGXMZAZNGZIOTY0MDY0OTK5ZDRIN2YZN2EZMTK0OSISINVZZXJFAWQIOJF9.9XEBIDMSVGSJZIDHB6ER3QEJ8KTEMR_2WARKGF9JAKI','2025-03-27 11:42:39.476571','2025-03-28 11:42:39.000000',1,'F2813034FB964064999D4B7F37A31949'),(1768,'EYJHBGCIOIJIUZI1NIISINR5CCI6IKPXVCJ9.EYJ0B2TLBL90EXBLIJOICMVMCMVZACISIMV4CCI6MTC0MZE2MJE2MCWIAWF0IJOXNZQZMDC1NZYWLCJQDGKIOIJJYTQ1YTGXZMQYMGI0OWQ2YJG2ODBLZDFIZWM1YZM1ZCISINVZZXJFAWQIOJF9.CHI-YIBYY9EDXHLMUXMFBEAOSRKANKK0Z92MZGXUONO','2025-03-27 11:42:40.066744','2025-03-28 11:42:40.000000',1,'CA45A81FD20B49D6B8680ED1BEC5C35D'),(1769,'EYJHBGCIOIJIUZI1NIISINR5CCI6IKPXVCJ9.EYJ0B2TLBL90EXBLIJOIC2XPZGLUZYISIMV4CCI6MTC0MZA3OTM2MYWIAWF0IJOXNZQZMDC1NZYZLCJQDGKIOIJHYZE3ODFKNGQWYJK0YWJIYTNMZDMXZTNHZGEWMDM4MSISINJLZNJLC2HFZXHWIJOXNZQZMTYYMTYZLCJ1C2VYX2LKIJOXFQ.M8KMHXD5GPS0ZLWSA6_5MJSEJQIFVZAUEHLISW1M_KY','2025-03-27 11:42:43.069615','2025-03-27 12:42:43.000000',1,'AC1781D4D0B94ABBA3FD31E3ADA00381'),(1770,'EYJHBGCIOIJIUZI1NIISINR5CCI6IKPXVCJ9.EYJ0B2TLBL90EXBLIJOIC2XPZGLUZYISIMV4CCI6MTC0MZA3OTM2NCWIAWF0IJOXNZQZMDC1NZY0LCJQDGKIOIJLNDA2MMU1YTU2NZQ0OGE5YWYWYZK4YMEYZWE0MZA0YYISINJLZNJLC2HFZXHWIJOXNZQZMTYYMTY0LCJ1C2VYX2LKIJOXFQ.3F4UWOWK3WXYWHXT78WI_N7ISHB2ZI6GTPOFCQHPNKY','2025-03-27 11:42:44.456435','2025-03-27 12:42:44.000000',1,'E4062E5A567448A9AF0C98BA2EA4304C'),(1771,'EYJHBGCIOIJIUZI1NIISINR5CCI6IKPXVCJ9.EYJ0B2TLBL90EXBLIJOICMVMCMVZACISIMV4CCI6MTC0MZE2MZG4NIWIAWF0IJOXNZQZMDC3NDG2LCJQDGKIOIJKNDKWODKWMJM3ZWY0MWFKYTU4ZTYZMMYXNTE3YWIWYSISINVZZXJFAWQIOJF9.QVXLC9K9BTIT7KF11WDA86VNOOR7JV027CQUSRTGIOE','2025-03-27 12:11:26.557654','2025-03-28 12:11:26.000000',1,'D490890237EF41ADA58E632F1517AB0A'),(1772,'EYJHBGCIOIJIUZI1NIISINR5CCI6IKPXVCJ9.EYJ0B2TLBL90EXBLIJOIC2XPZGLUZYISIMV4CCI6MTC0MZA4MTA4OSWIAWF0IJOXNZQZMDC3NDG5LCJQDGKIOIJHYTNHMZIWMJM3ZWU0YTM4YTDJYTYXYTHMZDMXNZM0YIISINJLZNJLC2HFZXHWIJOXNZQZMTYZODG5LCJ1C2VYX2LKIJOXFQ.DDHVEAF2ZAF_W4TCCPOPMPZD0RAOO3HHXX54ELGV6MQ','2025-03-27 12:11:29.891987','2025-03-27 13:11:29.000000',1,'AA3A320237EE4A38A7CA61A8FD31734B'),(1773,'EYJHBGCIOIJIUZI1NIISINR5CCI6IKPXVCJ9.EYJ0B2TLBL90EXBLIJOICMVMCMVZACISIMV4CCI6MTC0MZE2NDY2MIWIAWF0IJOXNZQZMDC4MJYYLCJQDGKIOII5ZGYZZDJIMMUYM2Q0MDRLOTVMNWQ3YJCXYZIWYTK1MYISINVZZXJFAWQIOJF9._IA38_JNLJE3N25QZ9J1NZOHWPHJZJKFANMJ5PYC4GO','2025-03-27 12:24:22.753464','2025-03-28 12:24:22.000000',1,'9DF3D2B2E23D404E95F5D7B71C20A953'),(1774,'EYJHBGCIOIJIUZI1NIISINR5CCI6IKPXVCJ9.EYJ0B2TLBL90EXBLIJOIC2XPZGLUZYISIMV4CCI6MTC0MZA4MTG2NSWIAWF0IJOXNZQZMDC4MJY1LCJQDGKIOIJLY2VIMGQYZTG5N2U0ZTCYOWNLYTYXOWE0MMNIYMU0MSISINJLZNJLC2HFZXHWIJOXNZQZMTY0NJY1LCJ1C2VYX2LKIJOXFQ.LOWQGHRWYWDGTREBSDAH9WDYZSKDIZPA7BZQEMHCFJ8','2025-03-27 12:24:25.133634','2025-03-27 13:24:25.000000',1,'ECEB0D2E897E4E729CEA619A42CBBE41'),(1775,'EYJHBGCIOIJIUZI1NIISINR5CCI6IKPXVCJ9.EYJ0B2TLBL90EXBLIJOICMVMCMVZACISIMV4CCI6MTC0MZE2NZG4OSWIAWF0IJOXNZQZMDGXNDG5LCJQDGKIOII5NDU0NZK3YJCZOTK0MJHKYWVKNGI2MTIXYJQ5YMMYYSISINVZZXJFAWQIOJF9.QXKJGJLLL6NHBYWBR-AD9ZXSXXN9HH4NLXY5MPDEWE8','2025-03-27 13:18:09.464821','2025-03-28 13:18:09.000000',1,'9454797B7399428DAED4B6121B49BC2A'),(1776,'EYJHBGCIOIJIUZI1NIISINR5CCI6IKPXVCJ9.EYJ0B2TLBL90EXBLIJOIC2XPZGLUZYISIMV4CCI6MTC0MZA4NTA5NIWIAWF0IJOXNZQZMDGXNDK2LCJQDGKIOIJKMZI5MWE1ZMJJZWY0ZDZKYTNHM2ZIZTQ4MMRIOTZJZCISINJLZNJLC2HFZXHWIJOXNZQZMTY3ODK2LCJ1C2VYX2LKIJOXFQ.IFTEPR-SKMYETU4L8RP4235DNW5YRH_R2JUOLY_GJAA','2025-03-27 13:18:16.190646','2025-03-27 14:18:16.000000',1,'D3291A5FBCEF4D6DA3A3FBE482DB96CD'),(1777,'EYJHBGCIOIJIUZI1NIISINR5CCI6IKPXVCJ9.EYJ0B2TLBL90EXBLIJOICMVMCMVZACISIMV4CCI6MTC0MZE3MJG4MIWIAWF0IJOXNZQZMDG2NDGYLCJQDGKIOIJMNDU2YTG1ZWFLY2E0MZG2YTYXNMJJMWVLMZQ0N2FIYYISINVZZXJFAWQIOJF9.ZKS2GMQGMUKYX5L_IYLVJQCRGZQVJUAGJZOO54QAGH0','2025-03-27 14:41:22.001392','2025-03-28 14:41:22.000000',1,'F456A85EAECA4386A616BC1EE3447ABC'),(1778,'EYJHBGCIOIJIUZI1NIISINR5CCI6IKPXVCJ9.EYJ0B2TLBL90EXBLIJOIC2XPZGLUZYISIMV4CCI6MTC0MZA5MDA4NYWIAWF0IJOXNZQZMDG2NDG3LCJQDGKIOII3MJNIOTC3MZBJYZG0ZGUWOWY4MDGYNZUWYZRMNTG0NSISINJLZNJLC2HFZXHWIJOXNZQZMTCYODG3LCJ1C2VYX2LKIJOXFQ.QCB41JA_HKAZJSA3KF-KZXFPVYVDLPDHJ4G8AR1FCS8','2025-03-27 14:41:27.320327','2025-03-27 15:41:27.000000',1,'723B97730CC84DE09F8082750C4F5845'),(1779,'EYJHBGCIOIJIUZI1NIISINR5CCI6IKPXVCJ9.EYJ0B2TLBL90EXBLIJOIC2XPZGLUZYISIMV4CCI6MTC0MZA5MZM4OSWIAWF0IJOXNZQZMDG5NZG5LCJQDGKIOII1NDG0MMI0MJA3Y2I0N2Q3YJQ2N2E5NGVMODKXZTLHYSISINJLZNJLC2HFZXHWIJOXNZQZMTC2MTG5LCJ1C2VYX2LKIJOXFQ.WBLXPSJTIAWNI9VHECZAMKCWB2WBT9FJ_Q3236HRZZ0','2025-03-27 15:36:29.235187','2025-03-27 16:36:29.000000',1,'54842B4207CB47D7B467A94EF891E9AA'),(1780,'EYJHBGCIOIJIUZI1NIISINR5CCI6IKPXVCJ9.EYJ0B2TLBL90EXBLIJOICMVMCMVZACISIMV4CCI6MTC0MZE3ODIWMSWIAWF0IJOXNZQZMDKXODAXLCJQDGKIOII5MZUXNDVJMDRJMZM0YJY0YTMXNWM2YTHJYJIXZMI5OCISINVZZXJFAWQIOJF9.AH-3HTGLIG89GIXJKGGZVHPVHJF1LTIJ0DTAP5TSDWI','2025-03-27 16:10:01.109872','2025-03-28 16:10:01.000000',1,'935145C04C334B64A315C6A8CB21FB98'),(1781,'EYJHBGCIOIJIUZI1NIISINR5CCI6IKPXVCJ9.EYJ0B2TLBL90EXBLIJOIC2XPZGLUZYISIMV4CCI6MTC0MZA5NTQWNSWIAWF0IJOXNZQZMDKXODA1LCJQDGKIOIIXZJA3YJHLYTLKNJU0M2YXYTQ3NZC2NZA4ZGM0MTCZYIISINJLZNJLC2HFZXHWIJOXNZQZMTC4MJA1LCJ1C2VYX2LKIJOXFQ.AHVP4O4CFIHUGOKV9S5V5LGYNP0FIQQ9LRVDKFTCHQE','2025-03-27 16:10:05.493183','2025-03-27 17:10:05.000000',1,'1F07B8EA9D6543F1A47776708DC4173B'),(1782,'EYJHBGCIOIJIUZI1NIISINR5CCI6IKPXVCJ9.EYJ0B2TLBL90EXBLIJOICMVMCMVZACISIMV4CCI6MTC0MZIYNTCZNYWIAWF0IJOXNZQZMTM5MZM3LCJQDGKIOIJHZMYYMDI4NTNKNMY0MGFLODLHOTAWZWUZZJGYNMRIZIISINVZZXJFAWQIOJF9.8N4SVBNYONYGHASI95KT2HX85HOZKXZ1MTZTSZ7OKYC','2025-03-28 05:22:17.843943','2025-03-29 05:22:17.000000',1,'AFF202853D6F40AE89A900EE3F826DBF'),(1783,'EYJHBGCIOIJIUZI1NIISINR5CCI6IKPXVCJ9.EYJ0B2TLBL90EXBLIJOIC2XPZGLUZYISIMV4CCI6MTC0MZE0MJKZOSWIAWF0IJOXNZQZMTM5MZM5LCJQDGKIOIIYZWVIMTVHYTDHZJG0OWFIYMU0MJVJNME1ZTYWNZGXOSISINJLZNJLC2HFZXHWIJOXNZQZMJI1NZM5LCJ1C2VYX2LKIJOXFQ.AZLT2MRZWME1CZDDNQVFAK0ZX8NJFIL_WG-_P2IGPUK','2025-03-28 05:22:19.396480','2025-03-28 06:22:19.000000',1,'2EEB15AA7AF849ABBE425C6A5E607819'),(1784,'EYJHBGCIOIJIUZI1NIISINR5CCI6IKPXVCJ9.EYJ0B2TLBL90EXBLIJOICMVMCMVZACISIMV4CCI6MTC0MZIYNJGWOSWIAWF0IJOXNZQZMTQWNDA5LCJQDGKIOIJKZTE5MZMWZMI3MDC0MDM0YMQ0OTIYYZCYMJHJMJU3ZIISINVZZXJFAWQIOJF9.WTY3_1A3LLGAL76FI6DSUPAGQB3B5_NDCHYXD80GSA0','2025-03-28 05:40:09.741108','2025-03-29 05:40:09.000000',1,'DE19330FB7074034BD4922C7228C257F'),(1785,'EYJHBGCIOIJIUZI1NIISINR5CCI6IKPXVCJ9.EYJ0B2TLBL90EXBLIJOIC2XPZGLUZYISIMV4CCI6MTC0MZE0NDAXNCWIAWF0IJOXNZQZMTQWNDE0LCJQDGKIOIIXYMQ5MJLJMJHJNJE0MDY2YMFJNDK5MGFINWUZMZHJMSISINJLZNJLC2HFZXHWIJOXNZQZMJI2ODE0LCJ1C2VYX2LKIJOXFQ.M7AJDKO30QRPWDW4BHLYPSSP4VDWDQWBQHNWEX58QTA','2025-03-28 05:40:14.185420','2025-03-28 06:40:14.000000',1,'1BD929C28C614066BAC4990AB5E338C1'),(1786,'EYJHBGCIOIJIUZI1NIISINR5CCI6IKPXVCJ9.EYJ0B2TLBL90EXBLIJOICMVMCMVZACISIMV4CCI6MTC0MZIYOTUXNCWIAWF0IJOXNZQZMTQZMTE0LCJQDGKIOII2ZDQ0ZDRKZJU1MDE0OGFIYWE2YJKZYJHMZTIWYJVKNIISINVZZXJFAWQIOJF9.G6R6VT4KHBE7CQOJWYHARA6VEYV9Z46WRCVCUE5IJJI','2025-03-28 06:25:14.771606','2025-03-29 06:25:14.000000',1,'6D44D4DF550148ABAA6B93B8FE20B5D6'),(1787,'EYJHBGCIOIJIUZI1NIISINR5CCI6IKPXVCJ9.EYJ0B2TLBL90EXBLIJOICMVMCMVZACISIMV4CCI6MTC0MZIYOTUXNYWIAWF0IJOXNZQZMTQZMTE3LCJQDGKIOIJHOTG0NTM2NJLJMZY0ZGE4ODYXMTDKN2NMZMMXMJDHYYISINVZZXJFAWQIOJF9.-TWZC8ML5KQIX8ETBRR7IGUZVB_OWLLMPYHBWI6-KWM','2025-03-28 06:25:17.550199','2025-03-29 06:25:17.000000',1,'A98453669C364DA886117D7CFFC127AC'),(1788,'EYJHBGCIOIJIUZI1NIISINR5CCI6IKPXVCJ9.EYJ0B2TLBL90EXBLIJOIC2XPZGLUZYISIMV4CCI6MTC0MZE0NJCXOCWIAWF0IJOXNZQZMTQZMTE4LCJQDGKIOII0NMQ3OGZMZGEZYWQ0MDM4ODHKOTM4ZDMWMDNIYJC0NIISINJLZNJLC2HFZXHWIJOXNZQZMJI5NTE4LCJ1C2VYX2LKIJOXFQ.ZVFEQRITPNXFM1UYB9A21MV8-WKNX4UDIRSCAA9M4SC','2025-03-28 06:25:18.300554','2025-03-28 07:25:18.000000',1,'46D78FFDA3AD403888D938D3003BB746'),(1789,'EYJHBGCIOIJIUZI1NIISINR5CCI6IKPXVCJ9.EYJ0B2TLBL90EXBLIJOIC2XPZGLUZYISIMV4CCI6MTC0MZE0NJCYMSWIAWF0IJOXNZQZMTQZMTIXLCJQDGKIOII5MJHKYZEWYJHLNJM0MDUWODA2MTC2MZU1NGU2YZG5YIISINJLZNJLC2HFZXHWIJOXNZQZMJI5NTIXLCJ1C2VYX2LKIJOXFQ._UL4IJN-YDZBSTVI7FCKPYUWTE6XAZATO1AZM4CFK5G','2025-03-28 06:25:21.282037','2025-03-28 07:25:21.000000',1,'928DC10B8E6340508061763554E6C89B'),(1790,'EYJHBGCIOIJIUZI1NIISINR5CCI6IKPXVCJ9.EYJ0B2TLBL90EXBLIJOIC2XPZGLUZYISIMV4CCI6MTC0MZE0NZM3MYWIAWF0IJOXNZQZMTQZNZCZLCJQDGKIOIJLNDRHNTVJMMJMZDK0MMY2OGI2MJJMZDVJMZCWYWQ2MSISINJLZNJLC2HFZXHWIJOXNZQZMJMWMTCZLCJ1C2VYX2LKIJOXFQ.JOPJJRTZCIRY-BMHVX3W4VUJ3T4DYK92PVS_UCSPISS','2025-03-28 06:36:13.022771','2025-03-28 07:36:13.000000',1,'E44A55C2BFD942F68B622FD5C370AD61'),(1791,'EYJHBGCIOIJIUZI1NIISINR5CCI6IKPXVCJ9.EYJ0B2TLBL90EXBLIJOIC2XPZGLUZYISIMV4CCI6MTC0MZE0NZM3MYWIAWF0IJOXNZQZMTQZNZCZLCJQDGKIOIIYZWMXMTQ4ZWQ4OTI0NZFKOGNKOTI4Y2FHYMZLNDJHYYISINJLZNJLC2HFZXHWIJOXNZQZMJMWMTCZLCJ1C2VYX2LKIJOXFQ.MSVLXR5FQTMVXQEOVH7Z4WVBVNDZRZMLA9UXEKRSPEG','2025-03-28 06:36:13.095454','2025-03-28 07:36:13.000000',1,'2EC1148ED892471D8CD928CAABFE42AC'),(1792,'EYJHBGCIOIJIUZI1NIISINR5CCI6IKPXVCJ9.EYJ0B2TLBL90EXBLIJOIC2XPZGLUZYISIMV4CCI6MTC0MZE0NZM3MYWIAWF0IJOXNZQZMTQZNZCZLCJQDGKIOIJHNTRMMDE4ZJY5NZG0M2MYYJFIMZC3MZK0MTQ1MDIXYSISINJLZNJLC2HFZXHWIJOXNZQZMJMWMTCZLCJ1C2VYX2LKIJOXFQ.DPO45NVS-2ST_VRAFLRC5CQ1QGDJEBHYRKANDOX7HP4','2025-03-28 06:36:13.144799','2025-03-28 07:36:13.000000',1,'A54F018F697843C2B1B377394145021A'),(1793,'EYJHBGCIOIJIUZI1NIISINR5CCI6IKPXVCJ9.EYJ0B2TLBL90EXBLIJOIC2XPZGLUZYISIMV4CCI6MTC0MZE0NZM3MYWIAWF0IJOXNZQZMTQZNZCZLCJQDGKIOII4ZTG2ZTDKYJZMMTG0NDCYYJI3OTHJNMY4MWY0YMJJMYISINJLZNJLC2HFZXHWIJOXNZQZMJMWMTCZLCJ1C2VYX2LKIJOXFQ.-LNKHBNVXHHE7GTL9S8G3QDPEMRLER26URR0QMD-T-W','2025-03-28 06:36:13.160705','2025-03-28 07:36:13.000000',1,'8E86E7DB6F184472B2798C6F81F4BBC3'),(1794,'EYJHBGCIOIJIUZI1NIISINR5CCI6IKPXVCJ9.EYJ0B2TLBL90EXBLIJOIC2XPZGLUZYISIMV4CCI6MTC0MZE0NZM3MYWIAWF0IJOXNZQZMTQZNZCZLCJQDGKIOIJMNZC5NDCWMDZJNGY0MTFLOGNIZDCWMDUYNTC3ZDMZYYISINJLZNJLC2HFZXHWIJOXNZQZMJMWMTCZLCJ1C2VYX2LKIJOXFQ.ZKGWRNHM3PCSEB--51HR8YZWI4SQPC21HJST6-GV-B4','2025-03-28 06:36:13.174639','2025-03-28 07:36:13.000000',1,'F77947006C4F411E8CBD70052577D33C'),(1795,'EYJHBGCIOIJIUZI1NIISINR5CCI6IKPXVCJ9.EYJ0B2TLBL90EXBLIJOIC2XPZGLUZYISIMV4CCI6MTC0MZE0NZM3MYWIAWF0IJOXNZQZMTQZNZCZLCJQDGKIOIJLYTDMNGRLYJG5MGI0OWZKOTNMNZRLNJUWYWE4MZU2YIISINJLZNJLC2HFZXHWIJOXNZQZMJMWMTCZLCJ1C2VYX2LKIJOXFQ.VPX775XIRWUDPHLKZMGFUUQPJUTXAJLHCASXMSRYMTW','2025-03-28 06:36:13.184716','2025-03-28 07:36:13.000000',1,'EA7F4DEB890B49FD93F74E650AA8356B'),(1796,'EYJHBGCIOIJIUZI1NIISINR5CCI6IKPXVCJ9.EYJ0B2TLBL90EXBLIJOIC2XPZGLUZYISIMV4CCI6MTC0MZE0NZM3MYWIAWF0IJOXNZQZMTQZNZCZLCJQDGKIOII2MZM4YJE5ZMNKZDA0MJDLYMYZODU2ZTNHMGFLY2IXNSISINJLZNJLC2HFZXHWIJOXNZQZMJMWMTCZLCJ1C2VYX2LKIJOXFQ.BFJ7VX3GXSXHOFXLJINHPB11T5L0Z0WAKXMKMWJUTE8','2025-03-28 06:36:13.199707','2025-03-28 07:36:13.000000',1,'6338B19FCDD0427EBF3856E3A0AECB15'),(1797,'EYJHBGCIOIJIUZI1NIISINR5CCI6IKPXVCJ9.EYJ0B2TLBL90EXBLIJOIC2XPZGLUZYISIMV4CCI6MTC0MZE0NZM3MYWIAWF0IJOXNZQZMTQZNZCZLCJQDGKIOII2MJJMZDYWODZKODQ0MMUXYJI3ZJQZZWYWYWU2OTVHNIISINJLZNJLC2HFZXHWIJOXNZQZMJMWMTCZLCJ1C2VYX2LKIJOXFQ.ITAWYFAV7KBMVMLNC-ABSR5V0-HSUWDIZTEF9ZY2BXG','2025-03-28 06:36:13.247657','2025-03-28 07:36:13.000000',1,'622FD6086D8442E1B27F43EF0AE695A6'),(1798,'EYJHBGCIOIJIUZI1NIISINR5CCI6IKPXVCJ9.EYJ0B2TLBL90EXBLIJOIC2XPZGLUZYISIMV4CCI6MTC0MZE0NZM3MYWIAWF0IJOXNZQZMTQZNZCZLCJQDGKIOII5MTBMMGQWNZI4YTI0M2RLOTI5MTDHNDLIMJAWYZAYZSISINJLZNJLC2HFZXHWIJOXNZQZMJMWMTCZLCJ1C2VYX2LKIJOXFQ.L3TTP7QNXBULNMWF_1BVZFYWOPOCJCIOB4AYBVTB2MW','2025-03-28 06:36:13.289751','2025-03-28 07:36:13.000000',1,'910F0D0728A243DE92917A49B200C02E'),(1799,'EYJHBGCIOIJIUZI1NIISINR5CCI6IKPXVCJ9.EYJ0B2TLBL90EXBLIJOIC2XPZGLUZYISIMV4CCI6MTC0MZE0NZM3MYWIAWF0IJOXNZQZMTQZNZCZLCJQDGKIOIIXODVLZTGZY2ZJMDK0NGQWODI2OGVJYTDLMJZMZGU3YSISINJLZNJLC2HFZXHWIJOXNZQZMJMWMTCZLCJ1C2VYX2LKIJOXFQ.WXRG0CABUMYBCETLGDNEY3QHWCXSK9DXD7ER6LOGA5S','2025-03-28 06:36:13.336827','2025-03-28 07:36:13.000000',1,'185EE83CFC0944D08268ECA7E26FDE7A'),(1800,'EYJHBGCIOIJIUZI1NIISINR5CCI6IKPXVCJ9.EYJ0B2TLBL90EXBLIJOIC2XPZGLUZYISIMV4CCI6MTC0MZE0NZM3MYWIAWF0IJOXNZQZMTQZNZCZLCJQDGKIOIIWNDA1OWIXOWIXYWI0NZA3YMFLN2I4ZGE5YTQWNDM1OSISINJLZNJLC2HFZXHWIJOXNZQZMJMWMTCZLCJ1C2VYX2LKIJOXFQ.434WZ6GJV7XR1-XRCF4ABMRURWGEDZURC9ULORLSNLM','2025-03-28 06:36:13.351522','2025-03-28 07:36:13.000000',1,'04059B19B1AB4707BAE7B8DA9A404359'),(1801,'EYJHBGCIOIJIUZI1NIISINR5CCI6IKPXVCJ9.EYJ0B2TLBL90EXBLIJOIC2XPZGLUZYISIMV4CCI6MTC0MZE0NZM3MYWIAWF0IJOXNZQZMTQZNZCZLCJQDGKIOIJJYZE1OGQZN2UZN2M0ZTC0YTBMM2JMOWNLNJJLOGYWOSISINJLZNJLC2HFZXHWIJOXNZQZMJMWMTCZLCJ1C2VYX2LKIJOXFQ.GDHNL3Z0PKFNAQVKJRBQPAKJYPSV66GUNC3GETDP_DS','2025-03-28 06:36:13.370093','2025-03-28 07:36:13.000000',1,'CC158D37E37C4E74A0F3BF9CE62E8F09'),(1802,'EYJHBGCIOIJIUZI1NIISINR5CCI6IKPXVCJ9.EYJ0B2TLBL90EXBLIJOIC2XPZGLUZYISIMV4CCI6MTC0MZE0NZM3MYWIAWF0IJOXNZQZMTQZNZCZLCJQDGKIOII1NJZKZWU1ZGMZODU0M2U1YMVHN2RKMGUYNTE2NDY3ZCISINJLZNJLC2HFZXHWIJOXNZQZMJMWMTCZLCJ1C2VYX2LKIJOXFQ.KX1XWJFVKTXQDBLQYXG_8CQYR61Q_YWH0BCUCK2R34M','2025-03-28 06:36:13.387991','2025-03-28 07:36:13.000000',1,'566DEE5DC38543E5BEA7DD0E2516467D'),(1803,'EYJHBGCIOIJIUZI1NIISINR5CCI6IKPXVCJ9.EYJ0B2TLBL90EXBLIJOIC2XPZGLUZYISIMV4CCI6MTC0MZE0NZM3MYWIAWF0IJOXNZQZMTQZNZCZLCJQDGKIOII4MWQWYTBMYJGXN2M0MGJIOGJIMJQZODEZMZY3NWNKMCISINJLZNJLC2HFZXHWIJOXNZQZMJMWMTCZLCJ1C2VYX2LKIJOXFQ.QHLNEM5KSJFCSW51B0SZSKCACI97GBUX1RORMRZ8JLC','2025-03-28 06:36:13.400492','2025-03-28 07:36:13.000000',1,'81D0A0FB817C40BB8BB2438133675CD0'),(1804,'EYJHBGCIOIJIUZI1NIISINR5CCI6IKPXVCJ9.EYJ0B2TLBL90EXBLIJOIC2XPZGLUZYISIMV4CCI6MTC0MZE0NZM3MYWIAWF0IJOXNZQZMTQZNZCZLCJQDGKIOIIWNGQ0NJHKNZQ0YJE0ZDQ5YJFIZJFIZJHLZTAYODYXZSISINJLZNJLC2HFZXHWIJOXNZQZMJMWMTCZLCJ1C2VYX2LKIJOXFQ.OUIVOZPRKYXLMVVBQ9S95_W39X2ZHZKLFA1WKBJGXBS','2025-03-28 06:36:13.414027','2025-03-28 07:36:13.000000',1,'04D468D744B14D49B1BF1BF8EE02861E'),(1805,'EYJHBGCIOIJIUZI1NIISINR5CCI6IKPXVCJ9.EYJ0B2TLBL90EXBLIJOIC2XPZGLUZYISIMV4CCI6MTC0MZE0NZM3MYWIAWF0IJOXNZQZMTQZNZCZLCJQDGKIOII0ZGZMZDGWYTY4Y2Y0YTM3OGY0ZDGXMDJHMWMZNZLJOSISINJLZNJLC2HFZXHWIJOXNZQZMJMWMTCZLCJ1C2VYX2LKIJOXFQ.CRAFROH0LDOTPJHZLQXOG6L3PFTMIFPQ9A8IIZIK49S','2025-03-28 06:36:13.470461','2025-03-28 07:36:13.000000',1,'4DFFD80A68CF4A378F4D8102A1C379C9'),(1806,'EYJHBGCIOIJIUZI1NIISINR5CCI6IKPXVCJ9.EYJ0B2TLBL90EXBLIJOIC2XPZGLUZYISIMV4CCI6MTC0MZE0NZM3MYWIAWF0IJOXNZQZMTQZNZCZLCJQDGKIOII0YJFKYJRINDQZNDU0OGQXYTEZNJVMYJGZZTQ3NDQ0ZCISINJLZNJLC2HFZXHWIJOXNZQZMJMWMTCZLCJ1C2VYX2LKIJOXFQ.BY9VA7BNSAIKDCCGHII7N6B3DS0XDHGLJH6SI-ZGGKS','2025-03-28 06:36:13.575078','2025-03-28 07:36:13.000000',1,'4B1DB4B4434548D1A1365FB83E47444D'),(1807,'EYJHBGCIOIJIUZI1NIISINR5CCI6IKPXVCJ9.EYJ0B2TLBL90EXBLIJOICMVMCMVZACISIMV4CCI6MTC0MZIZMJK5MYWIAWF0IJOXNZQZMTQ2NTKZLCJQDGKIOIJJMGZLMDE4ODDJNGQ0ZDGYYJGWYZQ4ZJU1OWM4MGJMNYISINVZZXJFAWQIOJF9.G93PKKFJUCWJJHMWTRQLAMUSJPZSCYMXTQZ9U0SR96S','2025-03-28 07:23:13.117482','2025-03-29 07:23:13.000000',1,'C0FE01887C4D4D82B80C48F559C80BF7'),(1808,'EYJHBGCIOIJIUZI1NIISINR5CCI6IKPXVCJ9.EYJ0B2TLBL90EXBLIJOIC2XPZGLUZYISIMV4CCI6MTC0MZE1MDE5NIWIAWF0IJOXNZQZMTQ2NTK2LCJQDGKIOII1NDQZM2M1YZG2NDQ0YTA4YTQ4OWE4ZDDIOTLMZJCXNSISINJLZNJLC2HFZXHWIJOXNZQZMJMYOTK2LCJ1C2VYX2LKIJOXFQ.C72X8VX_FWRSOTACJOFW0RNGHDEMIXUVMJIQY_OM5GE','2025-03-28 07:23:16.151597','2025-03-28 08:23:16.000000',1,'54433C5C86444A08A489A8D7B99FF715'),(1809,'EYJHBGCIOIJIUZI1NIISINR5CCI6IKPXVCJ9.EYJ0B2TLBL90EXBLIJOICMVMCMVZACISIMV4CCI6MTC0MZIZMZQZNSWIAWF0IJOXNZQZMTQ3MDM1LCJQDGKIOIJIODVHZDQ2NTZMYTE0MTC4OTGXZMI5NDNHMJUYN2RLNCISINVZZXJFAWQIOJF9.RWZ_82DN6YD91IMPUJXK4GNSZM5ZG-GMETSPIRMVZBU','2025-03-28 07:30:35.511579','2025-03-29 07:30:35.000000',1,'B85AD4656FA14178981FB943A2527DE4'),(1810,'EYJHBGCIOIJIUZI1NIISINR5CCI6IKPXVCJ9.EYJ0B2TLBL90EXBLIJOIC2XPZGLUZYISIMV4CCI6MTC0MZE1MDYZOSWIAWF0IJOXNZQZMTQ3MDM5LCJQDGKIOII0NDFJNTIZNJI1ZDG0NGEYODE1MTE0NJJLMZQZY2ZMMSISINJLZNJLC2HFZXHWIJOXNZQZMJMZNDM5LCJ1C2VYX2LKIJOXFQ.DVGO15IEVELYKGWZ8S8BMBR5-WDIJTKWS2PMNG21KAU','2025-03-28 07:30:39.374640','2025-03-28 08:30:39.000000',1,'441C523625D844A281511462E343CFF1'),(1811,'EYJHBGCIOIJIUZI1NIISINR5CCI6IKPXVCJ9.EYJ0B2TLBL90EXBLIJOICMVMCMVZACISIMV4CCI6MTC0MZIZMZUYMYWIAWF0IJOXNZQZMTQ3MTIZLCJQDGKIOII5ZJYZNJC3M2E1MZM0Y2U2ODBHMWQ1ZWU4MWNIZDIWOCISINVZZXJFAWQIOJF9.E-IJIW9IIZXMJLPG3P55A4ZMOV5DOKBFO7CFRUVF83K','2025-03-28 07:32:03.065929','2025-03-29 07:32:03.000000',1,'9F636773A5334CE680A1D5EE81CBD208'),(1812,'EYJHBGCIOIJIUZI1NIISINR5CCI6IKPXVCJ9.EYJ0B2TLBL90EXBLIJOIC2XPZGLUZYISIMV4CCI6MTC0MZE1MDCYOSWIAWF0IJOXNZQZMTQ3MTI5LCJQDGKIOII5MGRJYJBMNDZHNTI0YWIYYJMXZTNMYMRJYJY5ZJCXNCISINJLZNJLC2HFZXHWIJOXNZQZMJMZNTI5LCJ1C2VYX2LKIJOXFQ.JX-CWE8TKTKTEAXFYYLSQTTISGYMSJJNSBXWJVTFXS4','2025-03-28 07:32:09.498065','2025-03-28 08:32:09.000000',1,'90DCB0F46A524AB2B31E3FBDCB69F714'),(1813,'EYJHBGCIOIJIUZI1NIISINR5CCI6IKPXVCJ9.EYJ0B2TLBL90EXBLIJOICMVMCMVZACISIMV4CCI6MTC0MZIZNTM3OCWIAWF0IJOXNZQZMTQ4OTC4LCJQDGKIOIIZMWY4NMVMYMQXMDU0N2EYOTLIZTUYZMI3NTJJZGM5ZCISINVZZXJFAWQIOJF9.ZWIPXPNUHX95DCZDTHW2ME2IMXSPM5JKZGSDPKVOYAO','2025-03-28 08:02:58.764778','2025-03-29 08:02:58.000000',1,'31F86EFBD10547A299BE52FB752CDC9D'),(1814,'EYJHBGCIOIJIUZI1NIISINR5CCI6IKPXVCJ9.EYJ0B2TLBL90EXBLIJOIC2XPZGLUZYISIMV4CCI6MTC0MZE1MJU4MIWIAWF0IJOXNZQZMTQ4OTGYLCJQDGKIOII2ZTRMZDRMYZGXZWM0YZI2YTRINTUXNZZHNZJHZDHJZSISINJLZNJLC2HFZXHWIJOXNZQZMJM1MZGYLCJ1C2VYX2LKIJOXFQ.CWA-NAX9-ERKAI7I1BK-HJ07CWT8Q49HJSW2J_T8GI0','2025-03-28 08:03:02.574631','2025-03-28 09:03:02.000000',1,'6E4FD4FC81EC4C26A4B55176A72AD8CE'),(1815,'EYJHBGCIOIJIUZI1NIISINR5CCI6IKPXVCJ9.EYJ0B2TLBL90EXBLIJOICMVMCMVZACISIMV4CCI6MTC0MZIZOTUXNIWIAWF0IJOXNZQZMTUZMTE2LCJQDGKIOII5MZAXY2UZYJVKOWI0YWUZYJI0MZQYZJQ5NJC4NJHMNCISINVZZXJFAWQIOJF9.VAYDYO5MJXSBHZGY1HSU-UXRLCPOWZVJ9TDJ46YNYD8','2025-03-28 09:11:56.121283','2025-03-29 09:11:56.000000',1,'9301CE3B5D9B4AE3B24342F4967868F4'),(1816,'EYJHBGCIOIJIUZI1NIISINR5CCI6IKPXVCJ9.EYJ0B2TLBL90EXBLIJOIC2XPZGLUZYISIMV4CCI6MTC0MZE1NJCXOSWIAWF0IJOXNZQZMTUZMTE5LCJQDGKIOIIYNJIZMGQ4YTZKYJG0ODGWOWRIZDVHYZNLYTNKZJA0OSISINJLZNJLC2HFZXHWIJOXNZQZMJM5NTE5LCJ1C2VYX2LKIJOXFQ.RMRTXKDCBLHQHQ4X7OODQWL92PV5X-OLZR1T9BHTFUE','2025-03-28 09:11:59.351605','2025-03-28 10:11:59.000000',1,'26230D8A6DB848809DBD5AC3EA3DF049'),(1817,'EYJHBGCIOIJIUZI1NIISINR5CCI6IKPXVCJ9.EYJ0B2TLBL90EXBLIJOICMVMCMVZACISIMV4CCI6MTC0MZI0MDUWMIWIAWF0IJOXNZQZMTU0MTAYLCJQDGKIOIIXZJRMYTQ2MZNJNZK0OTMWYJEYOTM5MGMWNJMXZWY0OSISINVZZXJFAWQIOJF9.K13_Z_PANQJYAR5ZHKNPXERC_HQQRLBC2VUMBCSMMRY','2025-03-28 09:28:22.997275','2025-03-29 09:28:22.000000',1,'1F4FA4633C794930B129390C0631EF49'),(1818,'EYJHBGCIOIJIUZI1NIISINR5CCI6IKPXVCJ9.EYJ0B2TLBL90EXBLIJOIC2XPZGLUZYISIMV4CCI6MTC0MZE1NZCWOCWIAWF0IJOXNZQZMTU0MTA4LCJQDGKIOIJHM2RLMTVIZTI2ZWI0NDA4OGYZODZKNZVJM2EXMZCXNSISINJLZNJLC2HFZXHWIJOXNZQZMJQWNTA4LCJ1C2VYX2LKIJOXFQ.6VBF5UBSSMOP8EMQSV2NXONTJLY_FBUJU0-JXSLH-EU','2025-03-28 09:28:28.502747','2025-03-28 10:28:28.000000',1,'A3DE15BE26EB44088F386D75C3A13715'),(1819,'EYJHBGCIOIJIUZI1NIISINR5CCI6IKPXVCJ9.EYJ0B2TLBL90EXBLIJOICMVMCMVZACISIMV4CCI6MTC0MZI0MDU4MSWIAWF0IJOXNZQZMTU0MTGXLCJQDGKIOII5MZRJZDMZOGFHNZC0YJIXYWVIMDC1ZGY1OTKYZTG5NCISINVZZXJFAWQIOJF9.3-JJ5QLBBBKH8NDJSRLCJ22TNJWDJVMPKV6DVT69QD8','2025-03-28 09:29:41.584077','2025-03-29 09:29:41.000000',1,'934CD338AA774B21AEB075DF5992E894'),(1820,'EYJHBGCIOIJIUZI1NIISINR5CCI6IKPXVCJ9.EYJ0B2TLBL90EXBLIJOICMVMCMVZACISIMV4CCI6MTC0MZI0MDU4OSWIAWF0IJOXNZQZMTU0MTG5LCJQDGKIOII0ZJBKZWY5MMYYYJI0ZJEZOGYZNJY3OWZKNZNIMJY0NCISINVZZXJFAWQIOJF9._GQFRP-EL0HJOIUGVOC9DFWI21LHDT6NMJSVCPXT1-C','2025-03-28 09:29:49.954593','2025-03-29 09:29:49.000000',1,'4F0DEF92F2B24F138F36679FD73B2644'),(1821,'EYJHBGCIOIJIUZI1NIISINR5CCI6IKPXVCJ9.EYJ0B2TLBL90EXBLIJOIC2XPZGLUZYISIMV4CCI6MTC0MZE1NZC5NCWIAWF0IJOXNZQZMTU0MTK0LCJQDGKIOIIXZMFIYZDJZDG4MDU0MJK0OTC4MWVMNTDKOTQ4MTY2ZCISINJLZNJLC2HFZXHWIJOXNZQZMJQWNTK0LCJ1C2VYX2LKIJOXFQ.CWETGGRE5S7NYNX3FGTNYC9EGMRPOLGZE6LKA42YAO4','2025-03-28 09:29:54.647160','2025-03-28 10:29:54.000000',1,'1FABC7CD880542949781EF57D948166D'),(1822,'EYJHBGCIOIJIUZI1NIISINR5CCI6IKPXVCJ9.EYJ0B2TLBL90EXBLIJOICMVMCMVZACISIMV4CCI6MTC0MZI0MDC4MYWIAWF0IJOXNZQZMTU0MZGZLCJQDGKIOII4ZTDINJZHM2ZJZTI0ODHJOGY1NGVMN2RKNTAXN2MWMCISINVZZXJFAWQIOJF9.ODS2B7G1LI4CCO3OXDAOYJHRBZJTM6ZSBF2_RFT6CNO','2025-03-28 09:33:03.501547','2025-03-29 09:33:03.000000',1,'8E7B66A3FCE2488C8F54EF7DD5017C00'),(1823,'EYJHBGCIOIJIUZI1NIISINR5CCI6IKPXVCJ9.EYJ0B2TLBL90EXBLIJOIC2XPZGLUZYISIMV4CCI6MTC0MZE1NZK4NIWIAWF0IJOXNZQZMTU0MZG2LCJQDGKIOIIWZGUWYJGZNWZIYMI0NDZMOWQ1YJQZOTMWYJVMYMZKOSISINJLZNJLC2HFZXHWIJOXNZQZMJQWNZG2LCJ1C2VYX2LKIJOXFQ.0BZWU8OPJZBUOU2S4KKVCLL22M1N4O6YDTEQ0RMTFMW','2025-03-28 09:33:06.843145','2025-03-28 10:33:06.000000',1,'0DE0B835FBBB446F9D5B43930B5FBFD9'),(1824,'EYJHBGCIOIJIUZI1NIISINR5CCI6IKPXVCJ9.EYJ0B2TLBL90EXBLIJOICMVMCMVZACISIMV4CCI6MTC0MZI0MTIWMYWIAWF0IJOXNZQZMTU0ODAZLCJQDGKIOII3ZJBLMDHMZJY2YJA0NWU2YTGXYTRKNJYZMWUZOTZMOCISINVZZXJFAWQIOJF9.XW1XJSONDHLQVDD2RPSTOD1U2K9GC4GLAQIKUJ0ZAP8','2025-03-28 09:40:03.599972','2025-03-29 09:40:03.000000',1,'7F0E08FF66B045E6A81A4D6631E396F8'),(1825,'EYJHBGCIOIJIUZI1NIISINR5CCI6IKPXVCJ9.EYJ0B2TLBL90EXBLIJOIC2XPZGLUZYISIMV4CCI6MTC0MZE1ODQWNYWIAWF0IJOXNZQZMTU0ODA3LCJQDGKIOIJLN2E4ZWFHMJBMNDE0MJE0OGRKMDI3MZDLYMU3MZFJOCISINJLZNJLC2HFZXHWIJOXNZQZMJQXMJA3LCJ1C2VYX2LKIJOXFQ.CPWQY0DAQKDXLM9BS-AEK7K_TLK2NVYGO3NASLZX9TW','2025-03-28 09:40:07.143879','2025-03-28 10:40:07.000000',1,'E7A8EAA20F4142148DD02737EBE731C8'),(1826,'EYJHBGCIOIJIUZI1NIISINR5CCI6IKPXVCJ9.EYJ0B2TLBL90EXBLIJOICMVMCMVZACISIMV4CCI6MTC0MZI0MTIXMIWIAWF0IJOXNZQZMTU0ODEYLCJQDGKIOIJKMMYXMGRLYJM0ZTI0OTQ1YWJJODE1MMQ1ZDAZOGM5YSISINVZZXJFAWQIOJF9.-X_GCW_VKC96JELQISW5ISPNUQTQ7BWCWFBMWWAURXA','2025-03-28 09:40:12.552074','2025-03-29 09:40:12.000000',1,'D2F10DEB34E24945ABC8152D5D038C9A'),(1827,'EYJHBGCIOIJIUZI1NIISINR5CCI6IKPXVCJ9.EYJ0B2TLBL90EXBLIJOIC2XPZGLUZYISIMV4CCI6MTC0MZE1ODQXNSWIAWF0IJOXNZQZMTU0ODE1LCJQDGKIOIIXYZFJYZFLOWU2NJI0NGJLOGRLMWZJYMYZMJBHZJJHZIISINJLZNJLC2HFZXHWIJOXNZQZMJQXMJE1LCJ1C2VYX2LKIJOXFQ.TOJAYJYKLC_ZLZRUUWG1JVVYCFIQVGCDAGV1PXSPTQQ','2025-03-28 09:40:15.592868','2025-03-28 10:40:15.000000',1,'1C1CC1E9E66244BE8DE1FCBF320AF2AF'),(1828,'EYJHBGCIOIJIUZI1NIISINR5CCI6IKPXVCJ9.EYJ0B2TLBL90EXBLIJOICMVMCMVZACISIMV4CCI6MTC0MZI0MTQXMCWIAWF0IJOXNZQZMTU1MDEWLCJQDGKIOIJIZMQXZJMYOGUWYJK0MTFJYJNJNGFLYMQ1NZI5MJRINSISINVZZXJFAWQIOJF9.UBFY1H7SDSUXXJCLC2P3JKBCO2Z24U2ULX5WDWKGADK','2025-03-28 09:43:30.220810','2025-03-29 09:43:30.000000',1,'BFD1F328E0B9411CB3C4AEBD572924B5'),(1829,'EYJHBGCIOIJIUZI1NIISINR5CCI6IKPXVCJ9.EYJ0B2TLBL90EXBLIJOIC2XPZGLUZYISIMV4CCI6MTC0MZE1ODYXMYWIAWF0IJOXNZQZMTU1MDEZLCJQDGKIOIIZMJK3ZDE1YTHHOTC0ODK5YTBMYJK4NZQ1OWI5YWZIMCISINJLZNJLC2HFZXHWIJOXNZQZMJQXNDEZLCJ1C2VYX2LKIJOXFQ.KKWJXEKFBRXRG98CRXGQNGF_N7CUBVHGXH1TEQ_WPHG','2025-03-28 09:43:33.577634','2025-03-28 10:43:33.000000',1,'3297D15A8A974899A0FB987459B9AFB0'),(1830,'EYJHBGCIOIJIUZI1NIISINR5CCI6IKPXVCJ9.EYJ0B2TLBL90EXBLIJOICMVMCMVZACISIMV4CCI6MTC0MZI0NTIYNSWIAWF0IJOXNZQZMTU4ODI1LCJQDGKIOII3NJAYNTQ5OTE1MZY0NWMWYJNJN2Q0ZGM4MZRJZJZLYYISINVZZXJFAWQIOJF9.099PTTM0J3DLB9BE1LDQWLATEKGRRER2VZAPWEFUYBC','2025-03-28 10:47:05.744601','2025-03-29 10:47:05.000000',1,'76025499153645C0B3C7D4DC834CF6EC'),(1831,'EYJHBGCIOIJIUZI1NIISINR5CCI6IKPXVCJ9.EYJ0B2TLBL90EXBLIJOIC2XPZGLUZYISIMV4CCI6MTC0MZE2MJQYOSWIAWF0IJOXNZQZMTU4ODI5LCJQDGKIOII3ZTQYNGU5YMVIZMI0ZTZHYMQ3MDI1ZTK3ZJZMMJM1ZSISINJLZNJLC2HFZXHWIJOXNZQZMJQ1MJI5LCJ1C2VYX2LKIJOXFQ.BVBVOBEMTC3ZEMIM30B6G5HHPBA9BBZIWK2X3SACTKC','2025-03-28 10:47:09.360281','2025-03-28 11:47:09.000000',1,'7E424E9BEBFB4E6ABD7025E97F6F235E'),(1832,'EYJHBGCIOIJIUZI1NIISINR5CCI6IKPXVCJ9.EYJ0B2TLBL90EXBLIJOICMVMCMVZACISIMV4CCI6MTC0MZI0NTI4OSWIAWF0IJOXNZQZMTU4ODG5LCJQDGKIOII5YJU0YJBJNJDHNTG0NGY1YTC0NJM2YZY4ZDLJMJBLYIISINVZZXJFAWQIOJF9.APDCJ-91PD06I2FZTEYJEJTRL460JQIQEGEIHFCLJII','2025-03-28 10:48:09.416439','2025-03-29 10:48:09.000000',1,'9B54B0C67A5844F5A74636C68D9C20EB'),(1833,'EYJHBGCIOIJIUZI1NIISINR5CCI6IKPXVCJ9.EYJ0B2TLBL90EXBLIJOIC2XPZGLUZYISIMV4CCI6MTC0MZE2MJQ5MYWIAWF0IJOXNZQZMTU4ODKZLCJQDGKIOIIZMTLIMZE4ZMMXMZY0NZU3YMQWZJFHMTQ2MGQXMDJHYIISINJLZNJLC2HFZXHWIJOXNZQZMJQ1MJKZLCJ1C2VYX2LKIJOXFQ.NL3DJBQBE3EPGN5QDK7A2MEH16FZKG2IRB8TT53XCXS','2025-03-28 10:48:13.294315','2025-03-28 11:48:13.000000',1,'319B318FC1364757BD0F1A1460D102AB'),(1834,'EYJHBGCIOIJIUZI1NIISINR5CCI6IKPXVCJ9.EYJ0B2TLBL90EXBLIJOICMVMCMVZACISIMV4CCI6MTC0MZI0NJUYNYWIAWF0IJOXNZQZMTYWMTI3LCJQDGKIOIJLNDRINMY0ODY5MZU0MZLHYJYXZJUWZDQ5MDG0YTNHZIISINVZZXJFAWQIOJF9.MF2CAQHJCXBHHEMOZSNAGEXEXKMEWPN7ZBVYPWMSQUC','2025-03-28 11:08:47.450780','2025-03-29 11:08:47.000000',1,'E44B6F486935439AB61F50D49084A3AF'),(1835,'EYJHBGCIOIJIUZI1NIISINR5CCI6IKPXVCJ9.EYJ0B2TLBL90EXBLIJOIC2XPZGLUZYISIMV4CCI6MTC0MZE2MZCYOSWIAWF0IJOXNZQZMTYWMTI5LCJQDGKIOIJJYZDKODFLZTJMNTA0ZJE0YJM1NTVMYTBJZTFKMJA4NYISINJLZNJLC2HFZXHWIJOXNZQZMJQ2NTI5LCJ1C2VYX2LKIJOXFQ.FGNTPWUID249NYUW2AK3HDXTJOKWV1DRG_BYA4RYJL8','2025-03-28 11:08:49.126931','2025-03-28 12:08:49.000000',1,'CC7D81EE2F504F14B3555FA0CE1D2087'),(1836,'EYJHBGCIOIJIUZI1NIISINR5CCI6IKPXVCJ9.EYJ0B2TLBL90EXBLIJOICMVMCMVZACISIMV4CCI6MTC0MZI0ODE4MYWIAWF0IJOXNZQZMTYXNZGZLCJQDGKIOIJJODG0MJBKNGE5OGI0ODI5YTIXMJHLMZAXM2ZJYJU2MCISINVZZXJFAWQIOJF9.OVKCQLKNIZANXXRIYF_MNMYVWVWV23HYEHFKD5PEBWU','2025-03-28 11:36:23.684980','2025-03-29 11:36:23.000000',1,'C88420D4A98B4829A2128E3013FCB560'),(1837,'EYJHBGCIOIJIUZI1NIISINR5CCI6IKPXVCJ9.EYJ0B2TLBL90EXBLIJOIC2XPZGLUZYISIMV4CCI6MTC0MZE2NTM4NYWIAWF0IJOXNZQZMTYXNZG3LCJQDGKIOIJMZTM0MDRMMWE2NJQ0NZAWYMU1MZHIMTRLZDM3NZLHMSISINJLZNJLC2HFZXHWIJOXNZQZMJQ4MTG3LCJ1C2VYX2LKIJOXFQ.OUXN-AELB4LLNRZYW_BORB4CI84LMY9ZGI3OFBIRH7I','2025-03-28 11:36:27.913476','2025-03-28 12:36:27.000000',1,'FE3404F1A6644700BE538B14ED3779A1'),(1838,'EYJHBGCIOIJIUZI1NIISINR5CCI6IKPXVCJ9.EYJ0B2TLBL90EXBLIJOICMVMCMVZACISIMV4CCI6MTC0MZI0ODMZNYWIAWF0IJOXNZQZMTYXOTM3LCJQDGKIOIIZNMQZZDLJN2E1NDK0MDRMOTIZNDFHMJYXNJVLMTU1ZIISINVZZXJFAWQIOJF9.UKU0OAQ7XWM2AWFJUXNXAR821DJN0LGDRENDZ-2VMEA','2025-03-28 11:38:57.944078','2025-03-29 11:38:57.000000',1,'36D3D9C7A549404F92341A26165E155F'),(1839,'EYJHBGCIOIJIUZI1NIISINR5CCI6IKPXVCJ9.EYJ0B2TLBL90EXBLIJOIC2XPZGLUZYISIMV4CCI6MTC0MZE2NTU0MCWIAWF0IJOXNZQZMTYXOTQWLCJQDGKIOIJLOWI4M2U1ZTRLZJG0OTZJOTDMODY2NJBLYTVHYMNJMYISINJLZNJLC2HFZXHWIJOXNZQZMJQ4MZQWLCJ1C2VYX2LKIJOXFQ.5CPODUG-WFUMNM4FG6FNDSHMACNQ-QMBJUAXS76YW9I','2025-03-28 11:39:00.763037','2025-03-28 12:39:00.000000',1,'E9B83E5E4EF8496C97F86660EA5ABCC3'),(1840,'EYJHBGCIOIJIUZI1NIISINR5CCI6IKPXVCJ9.EYJ0B2TLBL90EXBLIJOICMVMCMVZACISIMV4CCI6MTC0MZI0OTMZNIWIAWF0IJOXNZQZMTYYOTM2LCJQDGKIOIIXNZQ3YWJIMZG4MWQ0YJDKYTQ4NWM4YWVKMMIWMDI2YSISINVZZXJFAWQIOJF9.ETDDPMXB1PXZ5SA5QDIT1OTW_B0OZZB7TRV02YFFAOS','2025-03-28 11:55:36.046262','2025-03-29 11:55:36.000000',1,'1747ABB3881D4B7DA485C8AED2B0026A'),(1841,'EYJHBGCIOIJIUZI1NIISINR5CCI6IKPXVCJ9.EYJ0B2TLBL90EXBLIJOIC2XPZGLUZYISIMV4CCI6MTC0MZE2NJU0NCWIAWF0IJOXNZQZMTYYOTQ0LCJQDGKIOII5ZTVJMGQ0ZWQ3ZDM0ODK5YMFJZJMWOGFLZGQ2NZZKZCISINJLZNJLC2HFZXHWIJOXNZQZMJQ5MZQ0LCJ1C2VYX2LKIJOXFQ.1XIASME_NJ3VCQ1ZDVUBXC2UPWSWXLTVZCBYD1VI2_8','2025-03-28 11:55:44.210246','2025-03-28 12:55:44.000000',1,'9E5C0D4ED7D34899BACF308AEDD676DD'),(1842,'EYJHBGCIOIJIUZI1NIISINR5CCI6IKPXVCJ9.EYJ0B2TLBL90EXBLIJOICMVMCMVZACISIMV4CCI6MTC0MZI1NDAYMSWIAWF0IJOXNZQZMTY3NJIXLCJQDGKIOIIZMGQ3NTFHNTRLYZQ0YWM5OGVMNGYXOTC0MJBLODK4ZCISINVZZXJFAWQIOJF9.-798TZQWQIWDNXUCWQQ4CV1UJV5IP7RKUXNEZNS0GOM','2025-03-28 13:13:41.735619','2025-03-29 13:13:41.000000',1,'30D751A54EC44AC98EF4F197420E898D'),(1843,'EYJHBGCIOIJIUZI1NIISINR5CCI6IKPXVCJ9.EYJ0B2TLBL90EXBLIJOIC2XPZGLUZYISIMV4CCI6MTC0MZE3MTIYNCWIAWF0IJOXNZQZMTY3NJI0LCJQDGKIOII1YZVJMTCWYTQXNJK0M2U1OGUWOGY2ZDJIZMM3MMU2YSISINJLZNJLC2HFZXHWIJOXNZQZMJU0MDI0LCJ1C2VYX2LKIJOXFQ.H8F-WGJ4V8PQKXMUEK1BQF6XPHGBCVESTPH7VR7Z1PO','2025-03-28 13:13:44.905487','2025-03-28 14:13:44.000000',1,'5C5C170A416943E58E08F6D2BFC72E6A'),(1844,'EYJHBGCIOIJIUZI1NIISINR5CCI6IKPXVCJ9.EYJ0B2TLBL90EXBLIJOICMVMCMVZACISIMV4CCI6MTC0MZI1NTMXNYWIAWF0IJOXNZQZMTY4OTE3LCJQDGKIOIIWYTEXNGU5ZTJIZJM0MTNKYMZKYZY0NDEXZGEZYWFIZIISINVZZXJFAWQIOJF9.P3ZH4ODBRGOU40JVV7C_UDJWDQKROECYOHZ2QJM68LW','2025-03-28 13:35:17.933582','2025-03-29 13:35:17.000000',1,'0A114E9E2BF3413DBFDC64411DA3AABF'),(1845,'EYJHBGCIOIJIUZI1NIISINR5CCI6IKPXVCJ9.EYJ0B2TLBL90EXBLIJOIC2XPZGLUZYISIMV4CCI6MTC0MZE3MJUYNSWIAWF0IJOXNZQZMTY4OTI1LCJQDGKIOIIWZGZMZWQZYTM3Y2E0ZTGWOTI0NTVMYJFHZMFJYJMXYIISINJLZNJLC2HFZXHWIJOXNZQZMJU1MZI1LCJ1C2VYX2LKIJOXFQ.VRWNF_JKA5UT8MGILYMNBE2S8FUY2QMSHQKAUR4XHKQ','2025-03-28 13:35:25.938433','2025-03-28 14:35:25.000000',1,'0DFFED3A37CA4E8092455FB1AFACB31B'),(1846,'EYJHBGCIOIJIUZI1NIISINR5CCI6IKPXVCJ9.EYJ0B2TLBL90EXBLIJOICMVMCMVZACISIMV4CCI6MTC0MZI1NTC5NSWIAWF0IJOXNZQZMTY5MZK1LCJQDGKIOII1YWM4ZJBIZTE3NWU0ZMFLYTLMZTA5NDU3MWE5YZY2MCISINVZZXJFAWQIOJF9.4CN5JPANKT0VTRI4ZS0MRNJNCS4TPAEH0CKP9H1BMXC','2025-03-28 13:43:15.004690','2025-03-29 13:43:15.000000',1,'5AC8F0BE175E4FAEA9FE094571A9C660'),(1847,'EYJHBGCIOIJIUZI1NIISINR5CCI6IKPXVCJ9.EYJ0B2TLBL90EXBLIJOIC2XPZGLUZYISIMV4CCI6MTC0MZE3MJK5OSWIAWF0IJOXNZQZMTY5MZK5LCJQDGKIOIIYYTU1OTEWMMFJN2Y0MMM1OWVKMJQ2MJC5NJK3YJCXNYISINJLZNJLC2HFZXHWIJOXNZQZMJU1NZK5LCJ1C2VYX2LKIJOXFQ.GHVIMRVNZXAOOH7GSMR7LFGW6HSIAMWYR91-MRIDAUC','2025-03-28 13:43:19.176409','2025-03-28 14:43:19.000000',1,'2A559102AC7F42C59ED246279697B717'),(1848,'EYJHBGCIOIJIUZI1NIISINR5CCI6IKPXVCJ9.EYJ0B2TLBL90EXBLIJOICMVMCMVZACISIMV4CCI6MTC0MZI1OTYYOCWIAWF0IJOXNZQZMTCZMJI4LCJQDGKIOIJMMZMZM2RHODGWNJG0NZY4OWY1ZJVHNTRHZMFMZTK4MIISINVZZXJFAWQIOJF9.L4GHD_OF490CJGTVNSFMNFQJKEMM3OKMJS6K-OUBQVM','2025-03-28 14:47:08.118318','2025-03-29 14:47:08.000000',1,'F3333DA8806847689F5F5A54AFAFE982'),(1849,'EYJHBGCIOIJIUZI1NIISINR5CCI6IKPXVCJ9.EYJ0B2TLBL90EXBLIJOIC2XPZGLUZYISIMV4CCI6MTC0MZE3NJGZMSWIAWF0IJOXNZQZMTCZMJMXLCJQDGKIOIJMNWQXZGNHYMM0ZJA0ODK3YTKWM2VHNTBJNDKWOTKZNYISINJLZNJLC2HFZXHWIJOXNZQZMJU5NJMXLCJ1C2VYX2LKIJOXFQ.GOOKNPYQ8BK4ZUXYR5F8DVAWXR5JJNTVKMNUBDL9NW8','2025-03-28 14:47:11.526964','2025-03-28 15:47:11.000000',1,'F5D1DCABC4F04897A903EA50C4909937'),(1850,'EYJHBGCIOIJIUZI1NIISINR5CCI6IKPXVCJ9.EYJ0B2TLBL90EXBLIJOICMVMCMVZACISIMV4CCI6MTC0MZMWODG5NSWIAWF0IJOXNZQZMJIYNDK1LCJQDGKIOII4MZVINDYYZTFJMME0NJKXYJFMY2RKYMQ2OGFHOWFKYSISINVZZXJFAWQIOJF9.WGUYP7DB8W1G1PKYU7USWWKJ1LJ35_MOO7NECTDAHOU','2025-03-29 04:28:15.809011','2025-03-30 04:28:15.000000',1,'835B462E1C2A4691B1FCDDBD68AA9ADA'),(1851,'EYJHBGCIOIJIUZI1NIISINR5CCI6IKPXVCJ9.EYJ0B2TLBL90EXBLIJOIC2XPZGLUZYISIMV4CCI6MTC0MZIYNJA5OCWIAWF0IJOXNZQZMJIYNDK4LCJQDGKIOIIZMJCYYMM0MGQXNDA0OWI0YTJKYJE5OWEXYMJINZNJNYISINJLZNJLC2HFZXHWIJOXNZQZMZA4ODK4LCJ1C2VYX2LKIJOXFQ.ERRHH1SCCTBEFUBX6C_WXM7P94JUOITAKP8PRNSGTYO','2025-03-29 04:28:18.413115','2025-03-29 05:28:18.000000',1,'3272BC40D14049B4A2DB199A1BBB73C7'),(1852,'EYJHBGCIOIJIUZI1NIISINR5CCI6IKPXVCJ9.EYJ0B2TLBL90EXBLIJOICMVMCMVZACISIMV4CCI6MTC0MZMXMTQ5NSWIAWF0IJOXNZQZMJI1MDK1LCJQDGKIOIJIMGZIZWI3MJNMZTA0YWE4OWUWNTYZM2I0MZVIYWEYNSISINVZZXJFAWQIOJF9.0LS7BW15_0SSRB2PHGQZ8T3ILZIRULL2QYP_-KI1-W0','2025-03-29 05:11:35.369077','2025-03-30 05:11:35.000000',1,'B0FBEB723FE04AA89E05633B435BAA25'),(1853,'EYJHBGCIOIJIUZI1NIISINR5CCI6IKPXVCJ9.EYJ0B2TLBL90EXBLIJOIC2XPZGLUZYISIMV4CCI6MTC0MZIYODY5OSWIAWF0IJOXNZQZMJI1MDK5LCJQDGKIOII0OGNMM2ZJMJK5OGI0MMZMODGXNZG4ODIYODE0ODLHYIISINJLZNJLC2HFZXHWIJOXNZQZMZEXNDK5LCJ1C2VYX2LKIJOXFQ._4OYFXNQH-T7MEYLYRJ-HPI6LK8YXJSXXGO8S_Q5ER8','2025-03-29 05:11:39.846166','2025-03-29 06:11:39.000000',1,'48CF3FC2998B42FF88178882281489AB'),(1854,'EYJHBGCIOIJIUZI1NIISINR5CCI6IKPXVCJ9.EYJ0B2TLBL90EXBLIJOICMVMCMVZACISIMV4CCI6MTC0MZMXMJU1MCWIAWF0IJOXNZQZMJI2MTUWLCJQDGKIOII0M2JMNJGXMJM2ZTQ0YZKZOWRKZGMXZDGXZGFHOWIYYIISINVZZXJFAWQIOJF9.FSMNCUXS2LRXUN0__N1YG988-KNUAY3ETYBJUJ-6DLU','2025-03-29 05:29:10.197858','2025-03-30 05:29:10.000000',1,'43BF681236E44C939DDDC1D81DAA9B2B'),(1855,'EYJHBGCIOIJIUZI1NIISINR5CCI6IKPXVCJ9.EYJ0B2TLBL90EXBLIJOIC2XPZGLUZYISIMV4CCI6MTC0MZIYOTC1MSWIAWF0IJOXNZQZMJI2MTUXLCJQDGKIOII3YTHINDAZYZZKN2Y0MMY0OTRIYJHJNGUYMTHMNDFMMYISINJLZNJLC2HFZXHWIJOXNZQZMZEYNTUXLCJ1C2VYX2LKIJOXFQ.QRDK7I6XIVCKLTG-S9JCTNXPNQVW-ZFZSL6MDHD31KW','2025-03-29 05:29:11.980158','2025-03-29 06:29:11.000000',1,'7A8B403C6D7F42F494BB8C4E218F41F3'),(1856,'EYJHBGCIOIJIUZI1NIISINR5CCI6IKPXVCJ9.EYJ0B2TLBL90EXBLIJOICMVMCMVZACISIMV4CCI6MTC0MZMXNDK1MIWIAWF0IJOXNZQZMJI4NTUYLCJQDGKIOII0MDJMYWNIMTBLZTC0NMU2YTFHODHKMJQ2NDQ0MMMXYYISINVZZXJFAWQIOJF9.V6VZDTRHKI1K8FEGX1HJGBGMLLDSOPOWKOQC2ETY6FQ','2025-03-29 06:09:12.378842','2025-03-30 06:09:12.000000',1,'402FACB10EE746E6A1A88D2464442C1C'),(1857,'EYJHBGCIOIJIUZI1NIISINR5CCI6IKPXVCJ9.EYJ0B2TLBL90EXBLIJOIC2XPZGLUZYISIMV4CCI6MTC0MZIZMJE1NYWIAWF0IJOXNZQZMJI4NTU3LCJQDGKIOIIZYMM4MWY0MWQWYZI0MWIYYMQWNZIYZJRHNMRHZMVHMSISINJLZNJLC2HFZXHWIJOXNZQZMZE0OTU3LCJ1C2VYX2LKIJOXFQ.1S_FHF0X90RP40BDZFNUZELJER78N44B5QPQA3FAT1E','2025-03-29 06:09:17.792916','2025-03-29 07:09:17.000000',1,'3BC81F41D0C241B2BD0722F4A6DAFEA1'),(1858,'EYJHBGCIOIJIUZI1NIISINR5CCI6IKPXVCJ9.EYJ0B2TLBL90EXBLIJOIC2XPZGLUZYISIMV4CCI6MTC0MZIZMJIXNYWIAWF0IJOXNZQZMJI4NJE3LCJQDGKIOII0OWNLNJKYOGVHOTM0YZUXYMMYNDZHMJLHOGQ2OTVKMSISINJLZNJLC2HFZXHWIJOXNZQZMZE1MDE3LCJ1C2VYX2LKIJOXFQ.UGKE53YZOHM3HI19OXFUHZAEKJFG3OLTDGYLGM_SJ1G','2025-03-29 06:10:17.497162','2025-03-29 07:10:17.000000',1,'49CE6928EA934C51BC246A29A8D695D1'),(1859,'EYJHBGCIOIJIUZI1NIISINR5CCI6IKPXVCJ9.EYJ0B2TLBL90EXBLIJOIC2XPZGLUZYISIMV4CCI6MTC0MZIZMJIXNYWIAWF0IJOXNZQZMJI4NJE3LCJQDGKIOIIWYWE3ODFHNJLKMZG0YTFJYJY3YWQXNTHJZDM3MDRKYYISINJLZNJLC2HFZXHWIJOXNZQZMZE1MDE3LCJ1C2VYX2LKIJOXFQ.CG7P4ONHU_F6MMKISSDNGQA8TIJYIRMGHLVKDCGHBHO','2025-03-29 06:10:17.539960','2025-03-29 07:10:17.000000',1,'0AA781A69D384A1CB67AD158CD3704DC'),(1860,'EYJHBGCIOIJIUZI1NIISINR5CCI6IKPXVCJ9.EYJ0B2TLBL90EXBLIJOIC2XPZGLUZYISIMV4CCI6MTC0MZIZMJIXNYWIAWF0IJOXNZQZMJI4NJE3LCJQDGKIOIJJMDFKYJNINDC5NJY0NWY3YTC3NJE5NZNIZTZIY2RHNYISINJLZNJLC2HFZXHWIJOXNZQZMZE1MDE3LCJ1C2VYX2LKIJOXFQ.MIXM7IEZC87CRN7T4MO6AFPZAF4VJIDKFFOJR2HM2RY','2025-03-29 06:10:17.623567','2025-03-29 07:10:17.000000',1,'C01DB3B4796645F7A7761973BE6BCDA7'),(1861,'EYJHBGCIOIJIUZI1NIISINR5CCI6IKPXVCJ9.EYJ0B2TLBL90EXBLIJOIC2XPZGLUZYISIMV4CCI6MTC0MZIZMJIXNYWIAWF0IJOXNZQZMJI4NJE3LCJQDGKIOIIYM2Y1ODDMNTK4MZG0ZWJIOTHLYWMYYWUZNZEXNJE1NCISINJLZNJLC2HFZXHWIJOXNZQZMZE1MDE3LCJ1C2VYX2LKIJOXFQ.IYUOAG4H5HKQJQCXBEV0HFHOSHRU_QZHZINNWBEUIOW','2025-03-29 06:10:17.663205','2025-03-29 07:10:17.000000',1,'23F587F598384EBB98EAC2AE37116154'),(1862,'EYJHBGCIOIJIUZI1NIISINR5CCI6IKPXVCJ9.EYJ0B2TLBL90EXBLIJOIC2XPZGLUZYISIMV4CCI6MTC0MZIZMJIXNYWIAWF0IJOXNZQZMJI4NJE3LCJQDGKIOII5MTEWM2VHMDFLMGY0NTCYOGU1YWVLYWUYZJFLYTYZOCISINJLZNJLC2HFZXHWIJOXNZQZMZE1MDE3LCJ1C2VYX2LKIJOXFQ.YUAMNY60ZHD-GVAAT0OVDKLANXH-AS4T_DHY4G_X0O0','2025-03-29 06:10:17.679730','2025-03-29 07:10:17.000000',1,'91103EA01E0F45728E5AEEAE2F1EA638'),(1863,'EYJHBGCIOIJIUZI1NIISINR5CCI6IKPXVCJ9.EYJ0B2TLBL90EXBLIJOIC2XPZGLUZYISIMV4CCI6MTC0MZIZMJIXNYWIAWF0IJOXNZQZMJI4NJE3LCJQDGKIOIIWNWJIYJQ4ZTRLZTG0ZDBJYJQYZWU5OTQZYJYZYMRINCISINJLZNJLC2HFZXHWIJOXNZQZMZE1MDE3LCJ1C2VYX2LKIJOXFQ.PAWOSUOJPQ6IJPUBCCF1K31OW66WMOKJCTMDX1M4DVC','2025-03-29 06:10:17.697090','2025-03-29 07:10:17.000000',1,'05BBB48E4EE84D0CB42EE9943B63BDB4'),(1864,'EYJHBGCIOIJIUZI1NIISINR5CCI6IKPXVCJ9.EYJ0B2TLBL90EXBLIJOIC2XPZGLUZYISIMV4CCI6MTC0MZIZMJIXNYWIAWF0IJOXNZQZMJI4NJE3LCJQDGKIOIJKMDRMMTCWOWYZZJG0ZJE2YWQWN2YXNTI2ZJBHYMJLYSISINJLZNJLC2HFZXHWIJOXNZQZMZE1MDE3LCJ1C2VYX2LKIJOXFQ.PYY0NLQGQWLKHOYZEZDUQECOEQJHA6QBS8YVN2Z3VNM','2025-03-29 06:10:17.775509','2025-03-29 07:10:17.000000',1,'D04F1709F3F84F16AD07F1526F0ABBEA'),(1865,'EYJHBGCIOIJIUZI1NIISINR5CCI6IKPXVCJ9.EYJ0B2TLBL90EXBLIJOIC2XPZGLUZYISIMV4CCI6MTC0MZIZMJIXNYWIAWF0IJOXNZQZMJI4NJE3LCJQDGKIOII3OTMXMWUWYWU5NMI0NDU2ODG4YZA0OTBMYTFHOGQ3OSISINJLZNJLC2HFZXHWIJOXNZQZMZE1MDE3LCJ1C2VYX2LKIJOXFQ.BQYM-QHTXLGG_G0KSGCXDWV3UVYQYO4GS5BB5EOZCXW','2025-03-29 06:10:17.793206','2025-03-29 07:10:17.000000',1,'79311E0AE96B4456888C0490FA1A8D79'),(1866,'EYJHBGCIOIJIUZI1NIISINR5CCI6IKPXVCJ9.EYJ0B2TLBL90EXBLIJOIC2XPZGLUZYISIMV4CCI6MTC0MZIZMJIXNYWIAWF0IJOXNZQZMJI4NJE3LCJQDGKIOIJJMWNLNZZHYTBMZTE0NGNKYTI1M2JJZDVMNWIWMDZMZIISINJLZNJLC2HFZXHWIJOXNZQZMZE1MDE3LCJ1C2VYX2LKIJOXFQ.NGVJZ6NQVUBPL_H7U8DCW3JISMPV_LGPEWOZ45-ZYLO','2025-03-29 06:10:17.810300','2025-03-29 07:10:17.000000',1,'C1CE76AA0FE144CDA253BCD5F5B006FF'),(1867,'EYJHBGCIOIJIUZI1NIISINR5CCI6IKPXVCJ9.EYJ0B2TLBL90EXBLIJOIC2XPZGLUZYISIMV4CCI6MTC0MZIZMJIXNYWIAWF0IJOXNZQZMJI4NJE3LCJQDGKIOIJHYZK5YZCYNDU5NDG0ODE1OWJIMJC1ZWI4NMU0ZTE3NIISINJLZNJLC2HFZXHWIJOXNZQZMZE1MDE3LCJ1C2VYX2LKIJOXFQ.DBRYXXDKOWC_6P2JXYG3PIYX_J3Z_1R-V8AEMJ-_TXG','2025-03-29 06:10:17.824057','2025-03-29 07:10:17.000000',1,'AC99C724594848159BB275EB86E4E176'),(1868,'EYJHBGCIOIJIUZI1NIISINR5CCI6IKPXVCJ9.EYJ0B2TLBL90EXBLIJOIC2XPZGLUZYISIMV4CCI6MTC0MZIZMJIXNYWIAWF0IJOXNZQZMJI4NJE3LCJQDGKIOIIYNDYWYMM5NZE1M2E0ODBMOGY5ZWVKOWU4NTQZYMVJOSISINJLZNJLC2HFZXHWIJOXNZQZMZE1MDE3LCJ1C2VYX2LKIJOXFQ.-COI594VYJVJUNTNTEPQ2BAO_MLB3C898LKAAIDZXDA','2025-03-29 06:10:17.839050','2025-03-29 07:10:17.000000',1,'2460BC97153A480F8F9EED9E8543BEC9'),(1869,'EYJHBGCIOIJIUZI1NIISINR5CCI6IKPXVCJ9.EYJ0B2TLBL90EXBLIJOIC2XPZGLUZYISIMV4CCI6MTC0MZIZMJIXNYWIAWF0IJOXNZQZMJI4NJE3LCJQDGKIOIIWZMI0NJY0MWNIMMY0MMRKYMI3ZDY3MTU1NMRHNZG3MIISINJLZNJLC2HFZXHWIJOXNZQZMZE1MDE3LCJ1C2VYX2LKIJOXFQ.J12NDEVIVN0BNVSOGSV15MHNWWYI6N4Z9M0CVWEZMMM','2025-03-29 06:10:17.854425','2025-03-29 07:10:17.000000',1,'0FB46641CB2F42DDBB7D671556DA7872'),(1870,'EYJHBGCIOIJIUZI1NIISINR5CCI6IKPXVCJ9.EYJ0B2TLBL90EXBLIJOIC2XPZGLUZYISIMV4CCI6MTC0MZIZMJIXNYWIAWF0IJOXNZQZMJI4NJE3LCJQDGKIOIIYMTQ4ZDU1ODK1NJI0OWNKOTZMMDDMMDYZOWU1NDE4OCISINJLZNJLC2HFZXHWIJOXNZQZMZE1MDE3LCJ1C2VYX2LKIJOXFQ.DWJOIOWDAUHOHGQ7810OAJ_IZ8BKY54KFRDHVGJ_DJE','2025-03-29 06:10:17.868451','2025-03-29 07:10:17.000000',1,'2148D558956249CD96F07F0639E54188'),(1871,'EYJHBGCIOIJIUZI1NIISINR5CCI6IKPXVCJ9.EYJ0B2TLBL90EXBLIJOIC2XPZGLUZYISIMV4CCI6MTC0MZIZMJIXNYWIAWF0IJOXNZQZMJI4NJE3LCJQDGKIOII0OGU5YJCWODU1ZTU0OTU3YTJMZJZLZTQ1NWY2MWE2ZSISINJLZNJLC2HFZXHWIJOXNZQZMZE1MDE3LCJ1C2VYX2LKIJOXFQ.0IEQ8XZ-9S-VPFO4SCBL916R_7MYLOMA43D0PODYXV4','2025-03-29 06:10:17.897623','2025-03-29 07:10:17.000000',1,'48E9B70855E54957A2FF6EE455F61A6E'),(1872,'EYJHBGCIOIJIUZI1NIISINR5CCI6IKPXVCJ9.EYJ0B2TLBL90EXBLIJOIC2XPZGLUZYISIMV4CCI6MTC0MZIZMJIXNYWIAWF0IJOXNZQZMJI4NJE3LCJQDGKIOII3YZMXZJI1Y2Q4YZU0NGVKYJU0ZJBLM2M0OGY4YZAYNIISINJLZNJLC2HFZXHWIJOXNZQZMZE1MDE3LCJ1C2VYX2LKIJOXFQ.FLI81O8TZMQTW0PHG9OKIEIJ2AOVJTY681DHALXQSAU','2025-03-29 06:10:17.918259','2025-03-29 07:10:17.000000',1,'7C31F25CD8C544EDB54F0E3C48F8C026'),(1873,'EYJHBGCIOIJIUZI1NIISINR5CCI6IKPXVCJ9.EYJ0B2TLBL90EXBLIJOIC2XPZGLUZYISIMV4CCI6MTC0MZIZMJIXNYWIAWF0IJOXNZQZMJI4NJE3LCJQDGKIOII4NZE4MGFHNWI1NTU0NTIXODNLOWVIMMNKMDRHNTA1OSISINJLZNJLC2HFZXHWIJOXNZQZMZE1MDE3LCJ1C2VYX2LKIJOXFQ.LS7PMALYPVK3X7U-CM7A8OS86WQWZNFIWHSHI8XBINS','2025-03-29 06:10:17.934238','2025-03-29 07:10:17.000000',1,'87180AA5B555452183E9EB2CD04A5059'),(1874,'EYJHBGCIOIJIUZI1NIISINR5CCI6IKPXVCJ9.EYJ0B2TLBL90EXBLIJOIC2XPZGLUZYISIMV4CCI6MTC0MZIZMJIXNYWIAWF0IJOXNZQZMJI4NJE3LCJQDGKIOIJMOTLLYMIXMTLMZJY0YTEWYWY0ODMZZDJHYMZMZDEXMIISINJLZNJLC2HFZXHWIJOXNZQZMZE1MDE3LCJ1C2VYX2LKIJOXFQ.J9DONKAZ_EVYC02CFWOECIQYK8WOIHO1YC-YFCK5JKA','2025-03-29 06:10:17.959913','2025-03-29 07:10:17.000000',1,'F99EBB119FF64A10AF4833D2ABFFD112'),(1875,'EYJHBGCIOIJIUZI1NIISINR5CCI6IKPXVCJ9.EYJ0B2TLBL90EXBLIJOIC2XPZGLUZYISIMV4CCI6MTC0MZIZMJIXNYWIAWF0IJOXNZQZMJI4NJE3LCJQDGKIOIJKZWI1YTDKZJBJMJQ0OTNLOGI2YWJMZDZJNDNLMWU3MCISINJLZNJLC2HFZXHWIJOXNZQZMZE1MDE3LCJ1C2VYX2LKIJOXFQ.SIWZUKJAX1NXEEJ6HBAFZ6IWQ-EURWDGIKWVWJJKWAY','2025-03-29 06:10:17.976115','2025-03-29 07:10:17.000000',1,'DEB5A7DF0C24493E8B6ABFD6C43E1E70'),(1876,'EYJHBGCIOIJIUZI1NIISINR5CCI6IKPXVCJ9.EYJ0B2TLBL90EXBLIJOIC2XPZGLUZYISIMV4CCI6MTC0MZIZMJIXNYWIAWF0IJOXNZQZMJI4NJE3LCJQDGKIOIJKMDDJZWIWOTVIM2Y0YJCWOGZMYJJHZJDINWNMN2UWMSISINJLZNJLC2HFZXHWIJOXNZQZMZE1MDE3LCJ1C2VYX2LKIJOXFQ.5IKNNGYFYOUWYXDB2TAZLCUEFGBOZYY2I8YKPSGWN44','2025-03-29 06:10:17.991146','2025-03-29 07:10:17.000000',1,'D07CEB095B3F4B708FFB2AF7B5CF7E01'),(1877,'EYJHBGCIOIJIUZI1NIISINR5CCI6IKPXVCJ9.EYJ0B2TLBL90EXBLIJOIC2XPZGLUZYISIMV4CCI6MTC0MZIZMJIXOCWIAWF0IJOXNZQZMJI4NJE4LCJQDGKIOIJJMWJLMTGZZTMZMZQ0ZTRHOTG5ZJFKZGFJNDAXNTQYOCISINJLZNJLC2HFZXHWIJOXNZQZMZE1MDE4LCJ1C2VYX2LKIJOXFQ.NHNUPAGBAF_JWRKPVDMAG81MLPON5TWPWKDPKERKKHC','2025-03-29 06:10:18.021437','2025-03-29 07:10:18.000000',1,'C1BE183E33344E4A989F1DDAC4015428'),(1878,'EYJHBGCIOIJIUZI1NIISINR5CCI6IKPXVCJ9.EYJ0B2TLBL90EXBLIJOIC2XPZGLUZYISIMV4CCI6MTC0MZIZMJIXOCWIAWF0IJOXNZQZMJI4NJE4LCJQDGKIOIIWODUYZMRJYZK4MZU0M2EXOGFHMTIXMTE1ZWI1ZGRIZCISINJLZNJLC2HFZXHWIJOXNZQZMZE1MDE4LCJ1C2VYX2LKIJOXFQ.MDNDKGPCNTEDTK5YIWMV-AINX7TPIKAVUMDBIUOYR5U','2025-03-29 06:10:18.034583','2025-03-29 07:10:18.000000',1,'0852FDCC983543A18AA121115EB5DDBD'),(1879,'EYJHBGCIOIJIUZI1NIISINR5CCI6IKPXVCJ9.EYJ0B2TLBL90EXBLIJOIC2XPZGLUZYISIMV4CCI6MTC0MZIZMJIXOCWIAWF0IJOXNZQZMJI4NJE4LCJQDGKIOIIZZMQYOGNMMMU4MZC0NTM3OWQ0Y2UWOTE2NDAXYWY2YSISINJLZNJLC2HFZXHWIJOXNZQZMZE1MDE4LCJ1C2VYX2LKIJOXFQ.VDE2Q5CETJ9ZEBGU9S5YBSTYB163GV2WL7QMDBQO7Y4','2025-03-29 06:10:18.048979','2025-03-29 07:10:18.000000',1,'3FD28CF2E83745379D4CE0916401AF6A'),(1880,'EYJHBGCIOIJIUZI1NIISINR5CCI6IKPXVCJ9.EYJ0B2TLBL90EXBLIJOIC2XPZGLUZYISIMV4CCI6MTC0MZIZMJIXOCWIAWF0IJOXNZQZMJI4NJE4LCJQDGKIOII4YZC4NZMYNJNJNJE0MMZKOTY4YWE1MJDHYJM1YJNIMIISINJLZNJLC2HFZXHWIJOXNZQZMZE1MDE4LCJ1C2VYX2LKIJOXFQ.AULLKMIHIGDYIKSZZ10VBQ_6DRPV9VKIAJNY1OQJMIE','2025-03-29 06:10:18.061529','2025-03-29 07:10:18.000000',1,'8C7873263C6142FD968AA527AB35B3B2'),(1881,'EYJHBGCIOIJIUZI1NIISINR5CCI6IKPXVCJ9.EYJ0B2TLBL90EXBLIJOIC2XPZGLUZYISIMV4CCI6MTC0MZIZMJIXOCWIAWF0IJOXNZQZMJI4NJE4LCJQDGKIOIIYMMQ1NDCXMZMZODI0NDMZOWI3NMJKMZBIYJA4ZWY1MSISINJLZNJLC2HFZXHWIJOXNZQZMZE1MDE4LCJ1C2VYX2LKIJOXFQ.UNFMVJKB0OISW3HAMHKZNVAOI_8XQE8QXD8SS_LCKIM','2025-03-29 06:10:18.074046','2025-03-29 07:10:18.000000',1,'22D54713338244339B76BD30BB08EF51'),(1882,'EYJHBGCIOIJIUZI1NIISINR5CCI6IKPXVCJ9.EYJ0B2TLBL90EXBLIJOIC2XPZGLUZYISIMV4CCI6MTC0MZIZMJIXOCWIAWF0IJOXNZQZMJI4NJE4LCJQDGKIOII0OTDLMMNMYMM3YJI0NTI1YTM0NDVHYTE3NZVIN2IXMSISINJLZNJLC2HFZXHWIJOXNZQZMZE1MDE4LCJ1C2VYX2LKIJOXFQ.MVGOIGKC9PFGPFSHTDEHYM_LLVNXGQHNIN6_O4WF16G','2025-03-29 06:10:18.094598','2025-03-29 07:10:18.000000',1,'497E2CFBC7B24525A3445AA1775B7B11'),(1883,'EYJHBGCIOIJIUZI1NIISINR5CCI6IKPXVCJ9.EYJ0B2TLBL90EXBLIJOIC2XPZGLUZYISIMV4CCI6MTC0MZIZMJIXOCWIAWF0IJOXNZQZMJI4NJE4LCJQDGKIOIJJZDM0NGFKOWVJMWY0MMI1YTVMOGYXZGI0MMFKNJG5ZCISINJLZNJLC2HFZXHWIJOXNZQZMZE1MDE4LCJ1C2VYX2LKIJOXFQ.NKLIHHOCHF04T_VFANZ6EISAVECWMDRYC633PMCS4ZW','2025-03-29 06:10:18.115740','2025-03-29 07:10:18.000000',1,'CD344AD9EC1F42B5A5F8F1DB42AD689D'),(1884,'EYJHBGCIOIJIUZI1NIISINR5CCI6IKPXVCJ9.EYJ0B2TLBL90EXBLIJOIC2XPZGLUZYISIMV4CCI6MTC0MZIZMJIXOCWIAWF0IJOXNZQZMJI4NJE4LCJQDGKIOIIXOGZLNJK4NTC4OTM0NTLKYTC0M2RHYMMYNJMXM2RHYIISINJLZNJLC2HFZXHWIJOXNZQZMZE1MDE4LCJ1C2VYX2LKIJOXFQ.PPDDQB1Z9ZRZ8VDBEXY9A3QKX_WTHMVHCFK10M91OJW','2025-03-29 06:10:18.129019','2025-03-29 07:10:18.000000',1,'18FE69857893459DA743DABC26313DAB'),(1885,'EYJHBGCIOIJIUZI1NIISINR5CCI6IKPXVCJ9.EYJ0B2TLBL90EXBLIJOIC2XPZGLUZYISIMV4CCI6MTC0MZIZMJIXOCWIAWF0IJOXNZQZMJI4NJE4LCJQDGKIOIJJMJJKOTQ1MZGYMDC0OGU4YTC4ZMJHYWRJOTK1ODBJMSISINJLZNJLC2HFZXHWIJOXNZQZMZE1MDE4LCJ1C2VYX2LKIJOXFQ.UKUYOHVDC4G-HO-V5UJ5YB1KL0FRLLKHMJIZ9Z41B5E','2025-03-29 06:10:18.159533','2025-03-29 07:10:18.000000',1,'C22D9453820748E8A78FBAADC99580C1'),(1886,'EYJHBGCIOIJIUZI1NIISINR5CCI6IKPXVCJ9.EYJ0B2TLBL90EXBLIJOIC2XPZGLUZYISIMV4CCI6MTC0MZIZMJIXOCWIAWF0IJOXNZQZMJI4NJE4LCJQDGKIOII3ODY5ZGVLN2I0YTI0OWFJYMI4OTIZMZG1OTDJMJM0YSISINJLZNJLC2HFZXHWIJOXNZQZMZE1MDE4LCJ1C2VYX2LKIJOXFQ.BIRUDKYCUIBJON84ZMCE3S_AXAFR8CLONS39M2IZU-W','2025-03-29 06:10:18.174063','2025-03-29 07:10:18.000000',1,'7869DEE7B4A249ACBB892338597C234A'),(1887,'EYJHBGCIOIJIUZI1NIISINR5CCI6IKPXVCJ9.EYJ0B2TLBL90EXBLIJOIC2XPZGLUZYISIMV4CCI6MTC0MZIZMJIXOCWIAWF0IJOXNZQZMJI4NJE4LCJQDGKIOII1ZTM0NGIWZJA2MMI0ODBIOGYWMGNMY2M3NJM0MTLJMYISINJLZNJLC2HFZXHWIJOXNZQZMZE1MDE4LCJ1C2VYX2LKIJOXFQ.CYSQ7R_0A3XWGG-GWBK_VEWKVEIFLGQJAI4CXDTUUFY','2025-03-29 06:10:18.190663','2025-03-29 07:10:18.000000',1,'5E344B0F062B480B8F00CFCC763419C3'),(1888,'EYJHBGCIOIJIUZI1NIISINR5CCI6IKPXVCJ9.EYJ0B2TLBL90EXBLIJOIC2XPZGLUZYISIMV4CCI6MTC0MZIZMJIXOCWIAWF0IJOXNZQZMJI4NJE4LCJQDGKIOIJHOTLHMZI5NWYYM2M0ZWU5YMNJMZJLOGZHYMZLNWZHYIISINJLZNJLC2HFZXHWIJOXNZQZMZE1MDE4LCJ1C2VYX2LKIJOXFQ.ZVWH4O9DI39HDRNOXRTJP_SCEG6YAQWDPYW84ERK8XK','2025-03-29 06:10:18.206889','2025-03-29 07:10:18.000000',1,'A99A3295F23C4EE9BCC32E8FABFE5FAB'),(1889,'EYJHBGCIOIJIUZI1NIISINR5CCI6IKPXVCJ9.EYJ0B2TLBL90EXBLIJOIC2XPZGLUZYISIMV4CCI6MTC0MZIZMJIXOCWIAWF0IJOXNZQZMJI4NJE4LCJQDGKIOIJMZMEZZDMWMGQWYWQ0Y2MZOTGXMDM1YTI3MDRIZWIWNSISINJLZNJLC2HFZXHWIJOXNZQZMZE1MDE4LCJ1C2VYX2LKIJOXFQ.NTZ8ROSYLNMDW4VJ3KAVDCD2FCKCOQN67KGXW4K_OII','2025-03-29 06:10:18.232133','2025-03-29 07:10:18.000000',1,'FFA3D300D0AD4CC3981035A2704BEB05'),(1890,'EYJHBGCIOIJIUZI1NIISINR5CCI6IKPXVCJ9.EYJ0B2TLBL90EXBLIJOIC2XPZGLUZYISIMV4CCI6MTC0MZIZMJIXOCWIAWF0IJOXNZQZMJI4NJE4LCJQDGKIOII2YMQ3OTUYMGE4YJY0MZAZYJQ5ZWQ5MGMZNJM3MMZLZSISINJLZNJLC2HFZXHWIJOXNZQZMZE1MDE4LCJ1C2VYX2LKIJOXFQ.R3KGOYIORLNKO39VUGIU1DWIYZXTD7VHCA40_MWQBKG','2025-03-29 06:10:18.273139','2025-03-29 07:10:18.000000',1,'6BD79520A8B64303B49ED90C36372FEE'),(1891,'EYJHBGCIOIJIUZI1NIISINR5CCI6IKPXVCJ9.EYJ0B2TLBL90EXBLIJOIC2XPZGLUZYISIMV4CCI6MTC0MZIZMJIXOCWIAWF0IJOXNZQZMJI4NJE4LCJQDGKIOII3MDYYNDRHMTBHOTM0ZWRIYMMXZJBLODQ5MMUXMJY3OSISINJLZNJLC2HFZXHWIJOXNZQZMZE1MDE4LCJ1C2VYX2LKIJOXFQ.EE2XWG3WYCP9GDDL6FI0_KUGBXFN4GSYGCQIDFMH4EA','2025-03-29 06:10:18.364517','2025-03-29 07:10:18.000000',1,'706244A10A934EDBBC1F0E8492E12679'),(1892,'EYJHBGCIOIJIUZI1NIISINR5CCI6IKPXVCJ9.EYJ0B2TLBL90EXBLIJOICMVMCMVZACISIMV4CCI6MTC0MZMXNJK5NIWIAWF0IJOXNZQZMJMWNTK2LCJQDGKIOII4MTLKYZZKOGZMNDK0M2JHYTNHNMQZMGIYMDQ0Y2EXMYISINVZZXJFAWQIOJF9.SS_NIALBCMWVE7ENV54L0KYNWFA5I9OSI202NG5SOM8','2025-03-29 06:43:16.342084','2025-03-30 06:43:16.000000',1,'819DC6D8FF4943BAA3A6D30B2044CA13'),(1893,'EYJHBGCIOIJIUZI1NIISINR5CCI6IKPXVCJ9.EYJ0B2TLBL90EXBLIJOIC2XPZGLUZYISIMV4CCI6MTC0MZIZNDE5OCWIAWF0IJOXNZQZMJMWNTK4LCJQDGKIOIJLNZJMMGVLNTNHOGM0ZWRLOTDIYJNHZTZHZGJLMDY3ZCISINJLZNJLC2HFZXHWIJOXNZQZMZE2OTK4LCJ1C2VYX2LKIJOXFQ.MFHD6FJQQKPYSO1AKM4O3ZZ-PWH1_V6AILUSGY_4NF0','2025-03-29 06:43:18.927935','2025-03-29 07:43:18.000000',1,'E72F0EE53A8C4EDE97BB3AE6ADBE067D'),(1894,'EYJHBGCIOIJIUZI1NIISINR5CCI6IKPXVCJ9.EYJ0B2TLBL90EXBLIJOICMVMCMVZACISIMV4CCI6MTC0MZMYMJG5NYWIAWF0IJOXNZQZMJM2NDK3LCJQDGKIOII1YMIZOTZKNJI3NMQ0ZDDHODUYN2JKZDLINJLMNTU5MYISINVZZXJFAWQIOJF9.TFLFE2ZDICJRKAJ2CYVFACJA1WFE8WZZ_WQQBCLBTES','2025-03-29 08:21:37.323322','2025-03-30 08:21:37.000000',1,'5BB396D6276D4D7A8527BDD9B69F5593'),(1895,'EYJHBGCIOIJIUZI1NIISINR5CCI6IKPXVCJ9.EYJ0B2TLBL90EXBLIJOIC2XPZGLUZYISIMV4CCI6MTC0MZI0MDA5OSWIAWF0IJOXNZQZMJM2NDK5LCJQDGKIOII2M2UYMJY4MJUYZDM0NGZKYMVIZWU0ODYZOGZJNDEYNYISINJLZNJLC2HFZXHWIJOXNZQZMZIYODK5LCJ1C2VYX2LKIJOXFQ.HI2MEDQ-NPBSYZFNTAWQS0O7FQJC5KOS1EDMOFLU78O','2025-03-29 08:21:39.260669','2025-03-29 09:21:39.000000',1,'63E2268252D344FDBEBEE48638FC4127'),(1896,'EYJHBGCIOIJIUZI1NIISINR5CCI6IKPXVCJ9.EYJ0B2TLBL90EXBLIJOICMVMCMVZACISIMV4CCI6MTC0MZMYNDA5NCWIAWF0IJOXNZQZMJM3NJK0LCJQDGKIOII0N2ZMNMI0MGFIYWE0NWRHOGEXZDM3MTY2NDE3NJRMOSISINVZZXJFAWQIOJF9.M-X2BR_W_BOGZ7KHPXCS9ROB50GR5C3VS5D_HB9JPD4','2025-03-29 08:41:34.079302','2025-03-30 08:41:34.000000',1,'47FF6B40ABAA45DA8A1D3716641764F9'),(1897,'EYJHBGCIOIJIUZI1NIISINR5CCI6IKPXVCJ9.EYJ0B2TLBL90EXBLIJOIC2XPZGLUZYISIMV4CCI6MTC0MZI0MTI5NYWIAWF0IJOXNZQZMJM3NJK3LCJQDGKIOII3Y2YWMGVHYTG1NJC0YJZJYTGZZJEYZJHHNDDHZJE0MSISINJLZNJLC2HFZXHWIJOXNZQZMZI0MDK3LCJ1C2VYX2LKIJOXFQ.TL3LPKFQKSFAFQUGA9EF2TCOJAHTGJCK1BFQARFJV8I','2025-03-29 08:41:37.594949','2025-03-29 09:41:37.000000',1,'7CF00EAA85674B6CA83F12F8A47AF141'),(1898,'EYJHBGCIOIJIUZI1NIISINR5CCI6IKPXVCJ9.EYJ0B2TLBL90EXBLIJOICMVMCMVZACISIMV4CCI6MTC0MZMYNJU0OSWIAWF0IJOXNZQZMJQWMTQ5LCJQDGKIOIJLZDM3MZQZNGNHNZQ0NWY5OGVLYJI2MGVIMGEYODK1NSISINVZZXJFAWQIOJF9.UQGPJTCYQWTUIHKOGB96NBQ96UTCKLH-ZWRF5XM4JQ4','2025-03-29 09:22:29.366831','2025-03-30 09:22:29.000000',1,'ED373434CA7445F98EEB260EB0A28955'),(1899,'EYJHBGCIOIJIUZI1NIISINR5CCI6IKPXVCJ9.EYJ0B2TLBL90EXBLIJOIC2XPZGLUZYISIMV4CCI6MTC0MZI0MZC1MYWIAWF0IJOXNZQZMJQWMTUZLCJQDGKIOIJINDFKODVHMWE4MDE0NGE1OGFIYJQZYZE4YTCWZDEXNSISINJLZNJLC2HFZXHWIJOXNZQZMZI2NTUZLCJ1C2VYX2LKIJOXFQ.KGKVKPTKJVBSIDFZ8GPF8R81Q8G2JYJC94Q92GWEKXI','2025-03-29 09:22:33.205669','2025-03-29 10:22:33.000000',1,'B41D85A1A80144A58ABB43C18A70D115'),(1900,'EYJHBGCIOIJIUZI1NIISINR5CCI6IKPXVCJ9.EYJ0B2TLBL90EXBLIJOICMVMCMVZACISIMV4CCI6MTC0MZMYNZCZMSWIAWF0IJOXNZQZMJQXMZMXLCJQDGKIOIJHMZVKNJC0MWZIZWQ0YMY2OGIYYJM1ZMNJNTDKZGU2NCISINVZZXJFAWQIOJF9.BFK85UASSBGT3-IH7YI996HJYXRFARR4B9CXZAGXJYS','2025-03-29 09:42:11.329200','2025-03-30 09:42:11.000000',1,'A35D6741FBED4BF68B2B35FCC57DDE64'),(1901,'EYJHBGCIOIJIUZI1NIISINR5CCI6IKPXVCJ9.EYJ0B2TLBL90EXBLIJOIC2XPZGLUZYISIMV4CCI6MTC0MZI0NDKZMYWIAWF0IJOXNZQZMJQXMZMZLCJQDGKIOIJJYMQ3NJQ1ZMZJNJQ0N2I2OTFMYTM0ZWE0NTK0M2MZZIISINJLZNJLC2HFZXHWIJOXNZQZMZI3NZMZLCJ1C2VYX2LKIJOXFQ._YA_CRK-75FGDB_2ZFH6YBBBAUNVVVPCZ9L0NRLATDA','2025-03-29 09:42:13.346066','2025-03-29 10:42:13.000000',1,'CBD7645FFC6447B691FA34EA45943C3F'),(1902,'EYJHBGCIOIJIUZI1NIISINR5CCI6IKPXVCJ9.EYJ0B2TLBL90EXBLIJOICMVMCMVZACISIMV4CCI6MTC0MZMYODEZMIWIAWF0IJOXNZQZMJQXNZMYLCJQDGKIOIJLYMMXYMNLZJIXZDA0NDMXOGFLMDDLMGNKYTC1YMJMZCISINVZZXJFAWQIOJF9.J-GM5KWHXYAINPP5MGFAAUD3UGLNMCBF-Z6L8DMX_HY','2025-03-29 09:48:52.419737','2025-03-30 09:48:52.000000',1,'EBC1BCEF21D044318AE07E0CDA75BBFD'),(1903,'EYJHBGCIOIJIUZI1NIISINR5CCI6IKPXVCJ9.EYJ0B2TLBL90EXBLIJOIC2XPZGLUZYISIMV4CCI6MTC0MZI0NTMZNIWIAWF0IJOXNZQZMJQXNZM2LCJQDGKIOIIXM2QZNZK1NDVJZTA0NMFKOGQ0NMQWNWVLZGU2OTZKMYISINJLZNJLC2HFZXHWIJOXNZQZMZI4MTM2LCJ1C2VYX2LKIJOXFQ.AHRN5A6L5MTHXPMS6HQL81IKIXOBO8I5H0S-NDP0HY4','2025-03-29 09:48:56.879591','2025-03-29 10:48:56.000000',1,'13D379545CE046AD8D46D05EEDE696D3'),(1904,'EYJHBGCIOIJIUZI1NIISINR5CCI6IKPXVCJ9.EYJ0B2TLBL90EXBLIJOIC2XPZGLUZYISIMV4CCI6MTC0MZI0ODQYOCWIAWF0IJOXNZQZMJQ0ODI4LCJQDGKIOII3NWE1YZC5ZGQXNJU0NZVJYWQ4NZYXYJZKYJQ3OGQZYYISINJLZNJLC2HFZXHWIJOXNZQZMZMXMJI4LCJ1C2VYX2LKIJOXFQ.EAM-OAFNOTK0-KMPGCRS6-STAIWLNUAXQJU2ICSSGUI','2025-03-29 10:40:28.712652','2025-03-29 11:40:28.000000',1,'75A5C79DD165475CAD8761B6DB478D3C'),(1905,'EYJHBGCIOIJIUZI1NIISINR5CCI6IKPXVCJ9.EYJ0B2TLBL90EXBLIJOICMVMCMVZACISIMV4CCI6MTC0MZMZMJM3NCWIAWF0IJOXNZQZMJQ1OTC0LCJQDGKIOIJLMTQ5NDG4N2E1MWU0ZTEZYJRMZJVJMJZIMJG5NJI3YYISINVZZXJFAWQIOJF9.Q-0QNC0KSJ-NQ3FI7ZQJUG1QAYVABOKXWGHX-ZTBNFO','2025-03-29 10:59:34.576861','2025-03-30 10:59:34.000000',1,'E1494887A51E4E13B4FF5C26B289627C'),(1906,'EYJHBGCIOIJIUZI1NIISINR5CCI6IKPXVCJ9.EYJ0B2TLBL90EXBLIJOIC2XPZGLUZYISIMV4CCI6MTC0MZI0OTU3NYWIAWF0IJOXNZQZMJQ1OTC3LCJQDGKIOII4NZDMODYXOTQZNJE0MJK2YJHMMWQYOTJKYZE3NZM2YYISINJLZNJLC2HFZXHWIJOXNZQZMZMYMZC3LCJ1C2VYX2LKIJOXFQ.6O4Q47JJD-CH1SFBY0M8FEOO4OBJHWXGXCZE4OILRB0','2025-03-29 10:59:37.287805','2025-03-29 11:59:37.000000',1,'877F861943614296B8F1D292DC17736C'),(1907,'EYJHBGCIOIJIUZI1NIISINR5CCI6IKPXVCJ9.EYJ0B2TLBL90EXBLIJOICMVMCMVZACISIMV4CCI6MTC0MZMZMZYXMIWIAWF0IJOXNZQZMJQ3MJEYLCJQDGKIOII0ZDHKZGJLMZQ1N2M0MDFKODGZZJI1ZMYWYME4NZE1NSISINVZZXJFAWQIOJF9.CNYHHACPNJVCVYQCKOJULWKNIHR83BQ1MP-D0G4C5AK','2025-03-29 11:20:12.011935','2025-03-30 11:20:12.000000',1,'4D8DDBE3457C401D883F25FF0BA87155'),(1908,'EYJHBGCIOIJIUZI1NIISINR5CCI6IKPXVCJ9.EYJ0B2TLBL90EXBLIJOIC2XPZGLUZYISIMV4CCI6MTC0MZI1MDGXOCWIAWF0IJOXNZQZMJQ3MJE4LCJQDGKIOIJHMMY0MTIZZDBJNWY0ZTI4YTCYNZG2MTHIMMM5ZDGXYIISINJLZNJLC2HFZXHWIJOXNZQZMZMZNJE4LCJ1C2VYX2LKIJOXFQ.DTRYMKYEP3GURKBDC2LGKWN6X2W9ZJZLYWHL7BFQ5OI','2025-03-29 11:20:18.011887','2025-03-29 12:20:18.000000',1,'A2F4123D0C5F4E28A7278618B2C9D81B'),(1909,'EYJHBGCIOIJIUZI1NIISINR5CCI6IKPXVCJ9.EYJ0B2TLBL90EXBLIJOICMVMCMVZACISIMV4CCI6MTC0MZMZNJQ4MCWIAWF0IJOXNZQZMJUWMDGWLCJQDGKIOII2YJFIMDQ0NJG5MZM0YZK5YTNIZJI3ZGRKNTBKZMI3YSISINVZZXJFAWQIOJF9.JELBZ1TPYXWUBCGK_X9OMAAOE3Z-DOQXJCC2RBFBL2Y','2025-03-29 12:08:00.698648','2025-03-30 12:08:00.000000',1,'6B1B044689334C99A3BF27DDD50DFB7A'),(1910,'EYJHBGCIOIJIUZI1NIISINR5CCI6IKPXVCJ9.EYJ0B2TLBL90EXBLIJOIC2XPZGLUZYISIMV4CCI6MTC0MZI1MZY4MIWIAWF0IJOXNZQZMJUWMDGYLCJQDGKIOIIWOTE1NJE0YWU1YTK0ZTIZYMVKMWE4NGZMMJMWNTJKZSISINJLZNJLC2HFZXHWIJOXNZQZMZM2NDGYLCJ1C2VYX2LKIJOXFQ.PWRTTOYRZGCRNQSYMGU0CEHOENILA566SJRLZNUPNEE','2025-03-29 12:08:02.771849','2025-03-29 13:08:02.000000',1,'0915614AE5A94E23BED1A84FF23052DE'),(1911,'EYJHBGCIOIJIUZI1NIISINR5CCI6IKPXVCJ9.EYJ0B2TLBL90EXBLIJOICMVMCMVZACISIMV4CCI6MTC0MZM1MJYXNYWIAWF0IJOXNZQZMJY2MJE3LCJQDGKIOIIYZTG5ZJG0NGM0MJY0NDC1ODIXN2JMNWVHYTMWZJHIYSISINVZZXJFAWQIOJF9.HRRTM8ENEPOIA0FMGLNLE6PRA3Z34942I00HARPIPFI','2025-03-29 16:36:57.264629','2025-03-30 16:36:57.000000',1,'2E89F844C42644758217BF5EAA30F8BA'),(1912,'EYJHBGCIOIJIUZI1NIISINR5CCI6IKPXVCJ9.EYJ0B2TLBL90EXBLIJOIC2XPZGLUZYISIMV4CCI6MTC0MZI2OTGYNCWIAWF0IJOXNZQZMJY2MJI0LCJQDGKIOII3NMEXNTQWYTA3MGM0ODDJYMZJMJM1MTA4ZMI0NJGXNCISINJLZNJLC2HFZXHWIJOXNZQZMZUYNJI0LCJ1C2VYX2LKIJOXFQ.WPINSJT_UTFELGCVWK5GAF_CFDKOWMY77E19SUNE-QM','2025-03-29 16:37:04.185037','2025-03-29 17:37:04.000000',1,'76A1540A070C487CBFC235108FB46814'),(1913,'EYJHBGCIOIJIUZI1NIISINR5CCI6IKPXVCJ9.EYJ0B2TLBL90EXBLIJOICMVMCMVZACISIMV4CCI6MTC0MZM1MJG3MSWIAWF0IJOXNZQZMJY2NDCXLCJQDGKIOII3ZDFLN2U4ODVHMDC0NTK2YTDINJYWOGE5ODZJMJI0MIISINVZZXJFAWQIOJF9.YUY_TVUF5SPTH28JFUNBNYSBYHS-HCXZMVRGMHRWXTC','2025-03-29 16:41:11.396286','2025-03-30 16:41:11.000000',1,'7D1E7E885A074596A7B6608A986C2242'),(1914,'EYJHBGCIOIJIUZI1NIISINR5CCI6IKPXVCJ9.EYJ0B2TLBL90EXBLIJOIC2XPZGLUZYISIMV4CCI6MTC0MZI3MDA3NSWIAWF0IJOXNZQZMJY2NDC1LCJQDGKIOIJJMWZLZJAXZDZMNTE0ZJVIODQXNZQZNTRKNZFHY2QXMCISINJLZNJLC2HFZXHWIJOXNZQZMZUYODC1LCJ1C2VYX2LKIJOXFQ.C1620MFTTUNLA22HBCACQZVFI11AUAAV2YUUZTDHPF0','2025-03-29 16:41:15.307808','2025-03-29 17:41:15.000000',1,'C1FEF01D6F514F5B84174354D71ACD10'),(1915,'EYJHBGCIOIJIUZI1NIISINR5CCI6IKPXVCJ9.EYJ0B2TLBL90EXBLIJOICMVMCMVZACISIMV4CCI6MTC0MZM5NZI1MSWIAWF0IJOXNZQZMZEWODUXLCJQDGKIOIJMOTQ3NWEYMJBJZJI0ZGMYOGIYMTG5NDG1NTG4MTDJNIISINVZZXJFAWQIOJF9.NPJYNCUG-_I482ZGUPMSUW4TTHEBA742IH4WKDL3MXI','2025-03-30 05:00:51.509114','2025-03-31 05:00:51.000000',1,'F9475A220CF24DC28B218948558817C6'),(1916,'EYJHBGCIOIJIUZI1NIISINR5CCI6IKPXVCJ9.EYJ0B2TLBL90EXBLIJOIC2XPZGLUZYISIMV4CCI6MTC0MZMXNDQ1NSWIAWF0IJOXNZQZMZEWODU1LCJQDGKIOII0N2VKYJLJMDDLYZY0OTBLOTC0MJMXZJDHNMYZNTQ4YSISINJLZNJLC2HFZXHWIJOXNZQZMZK3MJU1LCJ1C2VYX2LKIJOXFQ.VYP5X_OBCZYEWCWFAG9RDZQZD_I33DH-XLTMQQS5QEY','2025-03-30 05:00:55.792204','2025-03-30 06:00:55.000000',1,'47EDB9C07EC6490E974231F7A6F3548A'),(1917,'EYJHBGCIOIJIUZI1NIISINR5CCI6IKPXVCJ9.EYJ0B2TLBL90EXBLIJOICMVMCMVZACISIMV4CCI6MTC0MZUXMDMWNSWIAWF0IJOXNZQZNDIZOTA1LCJQDGKIOII5ZJRMZMUZYZQWN2Q0YZC2YTHLOGNLN2RIZTA0YWM2ZSISINVZZXJFAWQIOJF9.MGNJWERQDLWIBUEVAPN48C2MWHHDG6AJCACZNBY2C2Y','2025-03-31 12:25:05.258665','2025-04-01 12:25:05.000000',1,'9F4FFE3C407D4C76A8E8CE7DBE04AC6E'),(1918,'EYJHBGCIOIJIUZI1NIISINR5CCI6IKPXVCJ9.EYJ0B2TLBL90EXBLIJOIC2XPZGLUZYISIMV4CCI6MTC0MZQYNZUWOSWIAWF0IJOXNZQZNDIZOTA5LCJQDGKIOIIWZJNINWFMYJNJNZK0OGFJYTGZZTE2ZDY1YTQXMZZMMIISINJLZNJLC2HFZXHWIJOXNZQZNTEWMZA5LCJ1C2VYX2LKIJOXFQ.SKPNKBLEVBAS_7LEOUCNFKEAHOMY9RPYOCBVYBXTWU8','2025-03-31 12:25:09.092140','2025-03-31 13:25:09.000000',1,'0F3B5AFB3C7948ACA83E16D65A4136F2'),(1919,'EYJHBGCIOIJIUZI1NIISINR5CCI6IKPXVCJ9.EYJ0B2TLBL90EXBLIJOICMVMCMVZACISIMV4CCI6MTC0MZUXNJGYNIWIAWF0IJOXNZQZNDMWNDI2LCJQDGKIOIJJZWFJOGI2N2ZHNDU0NZI2OGFIZMEXYWVJNMUXNZI3OSISINVZZXJFAWQIOJF9.ZCJOZMNXDCQDRR27UH_PMZBRVDY891A4RFHGXD6D8YM','2025-03-31 14:13:46.430704','2025-04-01 14:13:46.000000',1,'CEAC8B67FA4547268ABFA1AEC6E17279'),(1920,'EYJHBGCIOIJIUZI1NIISINR5CCI6IKPXVCJ9.EYJ0B2TLBL90EXBLIJOIC2XPZGLUZYISIMV4CCI6MTC0MZQZNDAZMCWIAWF0IJOXNZQZNDMWNDMWLCJQDGKIOIJHNZLIOGQ4MDNJY2Y0ZMY4YTRHODLJNJAWMZVJNTJJMSISINJLZNJLC2HFZXHWIJOXNZQZNTE2ODMWLCJ1C2VYX2LKIJOXFQ.XG7IDBN_EC974L0ZOX4TUX3VPXRKY4CV_V18UP_TA1Q','2025-03-31 14:13:50.285416','2025-03-31 15:13:50.000000',1,'A79B8D803CCF4FF8A4A89C60035C52C1'),(1921,'EYJHBGCIOIJIUZI1NIISINR5CCI6IKPXVCJ9.EYJ0B2TLBL90EXBLIJOICMVMCMVZACISIMV4CCI6MTC0MZU2NZAWMSWIAWF0IJOXNZQZNDGWNJAXLCJQDGKIOII1MJA4MZHMYJJKOGI0MDI0YJYXMGEZMZQYZJMWMJUYOSISINVZZXJFAWQIOJF9.TT4TUG_HREFZJ5LRA67KDRUH1E6TA7FB0CUACHZCLMA','2025-04-01 04:10:01.430182','2025-04-02 04:10:01.000000',1,'520838FB2D8B4024B610A3342F302529'),(1922,'EYJHBGCIOIJIUZI1NIISINR5CCI6IKPXVCJ9.EYJ0B2TLBL90EXBLIJOIC2XPZGLUZYISIMV4CCI6MTC0MZQ4NDIXMYWIAWF0IJOXNZQZNDGWNJEZLCJQDGKIOIIWMJA2ZTFKYZHHYJG0MDQ1OTJJOTVMNJJHYMQ3YJKXMIISINJLZNJLC2HFZXHWIJOXNZQZNTY3MDEZLCJ1C2VYX2LKIJOXFQ.Y7BVIR1EE25NQZYZRTK-YWC_RERZ2ZJPP9QR3LG6YWY','2025-04-01 04:10:13.908287','2025-04-01 05:10:13.000000',1,'0206E1DC8AB8404592C95F62ABD7B912'),(1923,'EYJHBGCIOIJIUZI1NIISINR5CCI6IKPXVCJ9.EYJ0B2TLBL90EXBLIJOICMVMCMVZACISIMV4CCI6MTC0MZU2NZI3NYWIAWF0IJOXNZQZNDGWODC3LCJQDGKIOIJJODU4NTHIMDAZNGQ0YWU0OTY5MZK2ZDG0YJG2YMI0NCISINVZZXJFAWQIOJF9.LY1V7JELUZRG3HXFQPY4ITHMKPC44BOUIGKOXETQ0I8','2025-04-01 04:14:37.258892','2025-04-02 04:14:37.000000',1,'C85858B0034D4AE4969396D84B86BB44'),(1924,'EYJHBGCIOIJIUZI1NIISINR5CCI6IKPXVCJ9.EYJ0B2TLBL90EXBLIJOIC2XPZGLUZYISIMV4CCI6MTC0MZQ4NDQ4MCWIAWF0IJOXNZQZNDGWODGWLCJQDGKIOIIYZMZKYTI0YTU2ODC0NTVJYWEWMTE4ZDU5ODY0YZVHYIISINJLZNJLC2HFZXHWIJOXNZQZNTY3MJGWLCJ1C2VYX2LKIJOXFQ.GLYD4U1PSUYEUUIVA3EF4TTUYJUUJ2ZA7NNK7JERGOA','2025-04-01 04:14:40.896359','2025-04-01 05:14:40.000000',1,'2FFDA24A5687455CAA0118D59864C5AB'),(1925,'EYJHBGCIOIJIUZI1NIISINR5CCI6IKPXVCJ9.EYJ0B2TLBL90EXBLIJOICMVMCMVZACISIMV4CCI6MTC0MZU2NZG2NSWIAWF0IJOXNZQZNDGXNDY1LCJQDGKIOII1NWRJNDLIOTG0ODM0ZMMYODA3NJZMMDU2MGJKNGY4OCISINVZZXJFAWQIOJF9.UKEUKTJ3WSR7CLA3DMWM_M9H3PKBMCXFD84VEQCNBDS','2025-04-01 04:24:25.394672','2025-04-02 04:24:25.000000',1,'55DC49B984834FC280766F0560BD4F88'),(1926,'EYJHBGCIOIJIUZI1NIISINR5CCI6IKPXVCJ9.EYJ0B2TLBL90EXBLIJOIC2XPZGLUZYISIMV4CCI6MTC0MZQ4NTA3MYWIAWF0IJOXNZQZNDGXNDCZLCJQDGKIOIJMMTK3OGM5MZDJZDE0NJMZOTI3ZMEZMDRHZDDLY2FJYYISINJLZNJLC2HFZXHWIJOXNZQZNTY3ODCZLCJ1C2VYX2LKIJOXFQ.UKJPAIQMZVA6FJW5GBZHOLCEH9C_X0ZW1RWHT_DSH-C','2025-04-01 04:24:33.166587','2025-04-01 05:24:33.000000',1,'F1978C937CD14633927FA304AD7ECACC'),(1927,'EYJHBGCIOIJIUZI1NIISINR5CCI6IKPXVCJ9.EYJ0B2TLBL90EXBLIJOICMVMCMVZACISIMV4CCI6MTC0MZU2ODAWMCWIAWF0IJOXNZQZNDGXNJAWLCJQDGKIOII3NJIWODHJZWM4YTK0ZMNKODAWNDFIMJQ1NJLIOTI0YYISINVZZXJFAWQIOJF9.C5AJF3XK3TOU3XRMRSVDMVGUYH9KQIAH5RRWKJ6BHHA','2025-04-01 04:26:40.128759','2025-04-02 04:26:40.000000',1,'762088CEC8A94FCD80041B24569B924C'),(1928,'EYJHBGCIOIJIUZI1NIISINR5CCI6IKPXVCJ9.EYJ0B2TLBL90EXBLIJOIC2XPZGLUZYISIMV4CCI6MTC0MZQ4NTIWNCWIAWF0IJOXNZQZNDGXNJA0LCJQDGKIOIJHMTG0ODHLNGZJODM0NGI5OGNKMJE5YJA4YTY0N2FLYSISINJLZNJLC2HFZXHWIJOXNZQZNTY4MDA0LCJ1C2VYX2LKIJOXFQ.U_GKZ6JAFXCSG0N8PUWDCODKMK_WJQ2FMSHH-21KAGW','2025-04-01 04:26:44.127643','2025-04-01 05:26:44.000000',1,'A18488E4FC8344B98CD219B08A647AEA'),(1929,'EYJHBGCIOIJIUZI1NIISINR5CCI6IKPXVCJ9.EYJ0B2TLBL90EXBLIJOICMVMCMVZACISIMV4CCI6MTC0MZU2ODUYMYWIAWF0IJOXNZQZNDGYMTIZLCJQDGKIOII4ODDLNGI5M2I2NZE0MDG4YJY1ZDI4MDIYZMYYZTU1MCISINVZZXJFAWQIOJF9.MLVCO6-82PAUC1QN3LZYOWE6UCDUCXCI_OK3NR7JANK','2025-04-01 04:35:23.832679','2025-04-02 04:35:23.000000',1,'887E4B93B6714088B65D28022FF2E550'),(1930,'EYJHBGCIOIJIUZI1NIISINR5CCI6IKPXVCJ9.EYJ0B2TLBL90EXBLIJOIC2XPZGLUZYISIMV4CCI6MTC0MZQ4NTCYOCWIAWF0IJOXNZQZNDGYMTI4LCJQDGKIOII2MTY3ODI4NTRJZDC0YTRJYJFMNZY0MDC2NGYXZJIWMSISINJLZNJLC2HFZXHWIJOXNZQZNTY4NTI4LCJ1C2VYX2LKIJOXFQ.VVPA7QSTQI9RVNS_MIDFLRPE8DQ-5Y4GNV0GGJEE8GI','2025-04-01 04:35:28.714555','2025-04-01 05:35:28.000000',1,'616782854CD74A4CB1F7640764F1F201'),(1931,'EYJHBGCIOIJIUZI1NIISINR5CCI6IKPXVCJ9.EYJ0B2TLBL90EXBLIJOICMVMCMVZACISIMV4CCI6MTC0MZU2OTU0MYWIAWF0IJOXNZQZNDGZMTQZLCJQDGKIOII0YTK4YZZJN2U2MWY0NWEWOTEZZWQWMJJLNDFMNMVHMCISINVZZXJFAWQIOJF9.IILZMDGHBLBCKYG-TABPSUYCFQ6KTMRJOPXOISQ1IO8','2025-04-01 04:52:23.631558','2025-04-02 04:52:23.000000',1,'4A98C6C7E61F45A0913ED022E41F6EA0'),(1932,'EYJHBGCIOIJIUZI1NIISINR5CCI6IKPXVCJ9.EYJ0B2TLBL90EXBLIJOIC2XPZGLUZYISIMV4CCI6MTC0MZQ4NJC0NYWIAWF0IJOXNZQZNDGZMTQ3LCJQDGKIOIJHNZAWNGY5ZDLIYJY0ZMJJYMMXYZI1ZTBHZTM5NJQZNCISINJLZNJLC2HFZXHWIJOXNZQZNTY5NTQ3LCJ1C2VYX2LKIJOXFQ.GMDTVHXDCNJH1R7MH75CSXHJH_PTHBAVWQPR380YVIE','2025-04-01 04:52:27.392104','2025-04-01 05:52:27.000000',1,'A7004F9D9BB64FBCBC1C25E0AE396434'),(1933,'EYJHBGCIOIJIUZI1NIISINR5CCI6IKPXVCJ9.EYJ0B2TLBL90EXBLIJOICMVMCMVZACISIMV4CCI6MTC0MZU2OTY3MYWIAWF0IJOXNZQZNDGZMJCZLCJQDGKIOIIWMZC3OTU3ZDZKNJG0NTNIYWVMMJU3OTKWZMJJYMMWZIISINVZZXJFAWQIOJF9.TMAKKPOK3WLAQ-G9QH4N18MTWNPVPZWLHMU_XRHHG8O','2025-04-01 04:54:33.512956','2025-04-02 04:54:33.000000',1,'0377957D6D68453BAEF257990FBCBC0F'),(1934,'EYJHBGCIOIJIUZI1NIISINR5CCI6IKPXVCJ9.EYJ0B2TLBL90EXBLIJOIC2XPZGLUZYISIMV4CCI6MTC0MZQ4NJG3NIWIAWF0IJOXNZQZNDGZMJC2LCJQDGKIOII1NTK4M2I2ZJM5NMY0YWQWODYZZGZIMJRIZDMXNJGZZIISINJLZNJLC2HFZXHWIJOXNZQZNTY5NJC2LCJ1C2VYX2LKIJOXFQ.3LVXERSNG3UARC4BRG7_CQW2FTLEXTJXIN8GKUO7FWK','2025-04-01 04:54:36.213515','2025-04-01 05:54:36.000000',1,'55983B6F396F4AD0863DFB24BD31683F'),(1935,'EYJHBGCIOIJIUZI1NIISINR5CCI6IKPXVCJ9.EYJ0B2TLBL90EXBLIJOICMVMCMVZACISIMV4CCI6MTC0MZU3MZAXMSWIAWF0IJOXNZQZNDG2NJEXLCJQDGKIOII5NTI5ZDJJMGJLMZU0YMQ3OWRKNMQ5YME2ZTE1NJU3NSISINVZZXJFAWQIOJF9.AC-JRLW3K6BT8WNFAEI1PD4GVNPG3J4LJJYEYNMJPXK','2025-04-01 05:50:11.394815','2025-04-02 05:50:11.000000',1,'9529D2C0BE354BD79DD6D9BA6E156575'),(1936,'EYJHBGCIOIJIUZI1NIISINR5CCI6IKPXVCJ9.EYJ0B2TLBL90EXBLIJOIC2XPZGLUZYISIMV4CCI6MTC0MZQ5MDIXNSWIAWF0IJOXNZQZNDG2NJE1LCJQDGKIOII5YJE3YZMXODHLODY0YJEXOGRLZMMWNWNJMJHMMWEXNIISINJLZNJLC2HFZXHWIJOXNZQZNTCZMDE1LCJ1C2VYX2LKIJOXFQ.J2GDRLL3SVL2BZUUZJ_J8MOLZCJWZWYOGXNGDAWX2S8','2025-04-01 05:50:15.432265','2025-04-01 06:50:15.000000',1,'9B17C3188E864B118DEFC05CC28F1A16'),(1937,'EYJHBGCIOIJIUZI1NIISINR5CCI6IKPXVCJ9.EYJ0B2TLBL90EXBLIJOICMVMCMVZACISIMV4CCI6MTC0MZU3NDA0NCWIAWF0IJOXNZQZNDG3NJQ0LCJQDGKIOII5Y2ZJOTGZZJNHY2I0NWI1OWVHZJI2ZTUXYTY4NMU2MYISINVZZXJFAWQIOJF9.FGOXLSNKBVOLDTPPD-DDVT_VIABLAGBEU17C1Z9LF6Y','2025-04-01 06:07:24.522624','2025-04-02 06:07:24.000000',1,'9CFC983F3ACB45B59EAF26E51A686E63'),(1938,'EYJHBGCIOIJIUZI1NIISINR5CCI6IKPXVCJ9.EYJ0B2TLBL90EXBLIJOIC2XPZGLUZYISIMV4CCI6MTC0MZQ5MTI0NYWIAWF0IJOXNZQZNDG3NJQ3LCJQDGKIOII0NTLKZGRLMZY3YZM0NDHLYJA3ZTI3OTU2ZGNKYWUXNCISINJLZNJLC2HFZXHWIJOXNZQZNTC0MDQ3LCJ1C2VYX2LKIJOXFQ.AUK2COPBPIYSCJSBBISQ61VJIWBKOQOEL-RGYJN8GAM','2025-04-01 06:07:27.519319','2025-04-01 07:07:27.000000',1,'459DDDE367C3448EB07E27956DCDAE14'),(1939,'EYJHBGCIOIJIUZI1NIISINR5CCI6IKPXVCJ9.EYJ0B2TLBL90EXBLIJOICMVMCMVZACISIMV4CCI6MTC0MZU3NZKXNSWIAWF0IJOXNZQZNDKXNTE1LCJQDGKIOIJMMJHKNDKWZTJJNMI0MTZHOTRIMDCXNDG2N2RJNZU4ZSISINVZZXJFAWQIOJF9.FBNFG8ZQ5_K-UV8RMPMROSEGMNUB-J43FFUMZWJSPUG','2025-04-01 07:11:55.579735','2025-04-02 07:11:55.000000',1,'F28D490E2C6B416A94B0714867DC758E'),(1940,'EYJHBGCIOIJIUZI1NIISINR5CCI6IKPXVCJ9.EYJ0B2TLBL90EXBLIJOIC2XPZGLUZYISIMV4CCI6MTC0MZQ5NTEXOCWIAWF0IJOXNZQZNDKXNTE4LCJQDGKIOIJHMWYXZJE5Y2VHZTM0YTQXYWQ1NZFJMDE2N2Q4NWY0MCISINJLZNJLC2HFZXHWIJOXNZQZNTC3OTE4LCJ1C2VYX2LKIJOXFQ.KTFBOPNXDX98_J8O2QDYKHTBJOWDFNL_XB_CNTO3ES8','2025-04-01 07:11:58.539428','2025-04-01 08:11:58.000000',1,'A1F1F19CEAE34A41AD571C0167D85F40'),(1941,'EYJHBGCIOIJIUZI1NIISINR5CCI6IKPXVCJ9.EYJ0B2TLBL90EXBLIJOICMVMCMVZACISIMV4CCI6MTC0MZU4NJEZMIWIAWF0IJOXNZQZNDK5NZMYLCJQDGKIOIJMOWJJNZNHOTUYY2Y0NMI2ODQWNZFIMTDMMWM1YZAWNIISINVZZXJFAWQIOJF9.AWMWN349OWIIOA1VHOEXENPP1NRGLTS-8S4UNXMAY6O','2025-04-01 09:28:52.330852','2025-04-02 09:28:52.000000',1,'F9BC73A952CF46B684071B17F1C5C006'),(1942,'EYJHBGCIOIJIUZI1NIISINR5CCI6IKPXVCJ9.EYJ0B2TLBL90EXBLIJOIC2XPZGLUZYISIMV4CCI6MTC0MZUWMZMZNCWIAWF0IJOXNZQZNDK5NZM0LCJQDGKIOIIZNDIYMMQ3Y2NMYWU0MTM3YJA1YWU3YJNLZJU0NTI3NYISINJLZNJLC2HFZXHWIJOXNZQZNTG2MTM0LCJ1C2VYX2LKIJOXFQ.UDJJEB6DKHQPUWCSMH0Q4FCCGA78LS2ZCDISZ4JYCIS','2025-04-01 09:28:54.909970','2025-04-01 10:28:54.000000',1,'34222D7CCFAE4137B05AE7B3EF545277'),(1943,'EYJHBGCIOIJIUZI1NIISINR5CCI6IKPXVCJ9.EYJ0B2TLBL90EXBLIJOICMVMCMVZACISIMV4CCI6MTC0MZU4NJE0MYWIAWF0IJOXNZQZNDK5NZQZLCJQDGKIOII5YTA4YJEYNMVHOTE0MMVMYWQ2NZQWYJZKOTRIMWVJOSISINVZZXJFAWQIOJF9.VVCD6LNZI5JE-EPDJGKWCXDO4DJES-KLLN-BELX-ML8','2025-04-01 09:29:03.415402','2025-04-02 09:29:03.000000',1,'9A08B126EA9142EFAD6740B6D94B1EC9'),(1944,'EYJHBGCIOIJIUZI1NIISINR5CCI6IKPXVCJ9.EYJ0B2TLBL90EXBLIJOIC2XPZGLUZYISIMV4CCI6MTC0MZUWMZM0NYWIAWF0IJOXNZQZNDK5NZQ3LCJQDGKIOII1NDU1ZTQ2ZDC0MDU0MJGZYWNLMZJHY2U4ZJCXNTIYMSISINJLZNJLC2HFZXHWIJOXNZQZNTG2MTQ3LCJ1C2VYX2LKIJOXFQ.5VZVAZSNOBM_FORBJXNDNSU8SM1LPYPGAKK0_V0C5LI','2025-04-01 09:29:07.486107','2025-04-01 10:29:07.000000',1,'5455E46D74054283ACE32ACE8F715221'),(1945,'EYJHBGCIOIJIUZI1NIISINR5CCI6IKPXVCJ9.EYJ0B2TLBL90EXBLIJOICMVMCMVZACISIMV4CCI6MTC0MZU4NJI3NIWIAWF0IJOXNZQZNDK5ODC2LCJQDGKIOIJLMGRMNMQ0YZMYZDQ0NJY1OWM2NWQ3NMYXNGQ0NGMZNIISINVZZXJFAWQIOJF9.-KXOYM7RGOEXTDG6YIPMJ2O0USATVCCMUEQADP2VAMA','2025-04-01 09:31:16.296708','2025-04-02 09:31:16.000000',1,'E0DF6D4C32D446659C65D76F14D44C36'),(1946,'EYJHBGCIOIJIUZI1NIISINR5CCI6IKPXVCJ9.EYJ0B2TLBL90EXBLIJOIC2XPZGLUZYISIMV4CCI6MTC0MZUWMZQ3OSWIAWF0IJOXNZQZNDK5ODC5LCJQDGKIOII0OTA4MTLMNJC3YWY0YZHHYTGWNJKYYJE1NTRLY2NKOSISINJLZNJLC2HFZXHWIJOXNZQZNTG2MJC5LCJ1C2VYX2LKIJOXFQ.U_7QXIVAHXC_FD_DVIFBHGMJCNZBSQOXIQ3BGZUTGPM','2025-04-01 09:31:19.517195','2025-04-01 10:31:19.000000',1,'490819F677AF4C8AA80692B1554ECCD9'),(1947,'EYJHBGCIOIJIUZI1NIISINR5CCI6IKPXVCJ9.EYJ0B2TLBL90EXBLIJOICMVMCMVZACISIMV4CCI6MTC0MZU5MDA1OSWIAWF0IJOXNZQZNTAZNJU5LCJQDGKIOII2MMM3MGRMYZAXNZC0MTJKYMNJYZVKZDJHYZDMNGRLOCISINVZZXJFAWQIOJF9._SQXVG3GRM16K--3G3IPRWCHOFWU7HFQ_PVK_AHA6RO','2025-04-01 10:34:19.366811','2025-04-02 10:34:19.000000',1,'62C70DFC0177412DBCCC5DD2AC7F4DE8'),(1948,'EYJHBGCIOIJIUZI1NIISINR5CCI6IKPXVCJ9.EYJ0B2TLBL90EXBLIJOIC2XPZGLUZYISIMV4CCI6MTC0MZUWNZI2MSWIAWF0IJOXNZQZNTAZNJYXLCJQDGKIOII1ODVIYWM4ZMJINMQ0NWQ2OTAZZWQ1MTQZMWNLYZZLZCISINJLZNJLC2HFZXHWIJOXNZQZNTKWMDYXLCJ1C2VYX2LKIJOXFQ.QLNW9WEVUTTAICX7OUC33TDHBHF-SNAKEUQCEPG2-JC','2025-04-01 10:34:21.632475','2025-04-01 11:34:21.000000',1,'585BAC8FBB6D45D6903ED51431CEC6ED'),(1949,'EYJHBGCIOIJIUZI1NIISINR5CCI6IKPXVCJ9.EYJ0B2TLBL90EXBLIJOICMVMCMVZACISIMV4CCI6MTC0MZU5MJUWMSWIAWF0IJOXNZQZNTA2MTAXLCJQDGKIOIJHZDI0YJLKNGY0YTC0ODRMOTBLNDDJNWI4MJC2NGRHYIISINVZZXJFAWQIOJF9.TL0CCFH1EEHHCYLYNTET8NJOBLAEMP48F7Q7FK8GEF8','2025-04-01 11:15:01.238368','2025-04-02 11:15:01.000000',1,'AD24B9D4F4A7484F90E47C5B82764DAB'),(1950,'EYJHBGCIOIJIUZI1NIISINR5CCI6IKPXVCJ9.EYJ0B2TLBL90EXBLIJOIC2XPZGLUZYISIMV4CCI6MTC0MZUWOTCWNSWIAWF0IJOXNZQZNTA2MTA1LCJQDGKIOIIXYZQ1NZLLOTA2NJU0NDAWYJHJYMFJOGY2NJCXZDI5YYISINJLZNJLC2HFZXHWIJOXNZQZNTKYNTA1LCJ1C2VYX2LKIJOXFQ.GEGKTV1VUSABK9G2AV4HEYKSIM_5C9-MYBJFTABSWBI','2025-04-01 11:15:05.034086','2025-04-01 12:15:05.000000',1,'1C4579E906654400B8CBAC8F6671D29C'),(1951,'EYJHBGCIOIJIUZI1NIISINR5CCI6IKPXVCJ9.EYJ0B2TLBL90EXBLIJOICMVMCMVZACISIMV4CCI6MTC0MZYWMDK2NSWIAWF0IJOXNZQZNTE0NTY1LCJQDGKIOII3YZBJNJQXYZIYMDY0YJI5OTCXYTA2ZWU2NJQXMTM4ZSISINVZZXJFAWQIOJF9.CB6RYTALVHWG_P3GSFEMGRVDMEAL2WFX8NVFOZB_98C','2025-04-01 13:36:05.873587','2025-04-02 13:36:05.000000',1,'7C0C641C22064B29971A06EE6641138E'),(1952,'EYJHBGCIOIJIUZI1NIISINR5CCI6IKPXVCJ9.EYJ0B2TLBL90EXBLIJOIC2XPZGLUZYISIMV4CCI6MTC0MZUXODE3MIWIAWF0IJOXNZQZNTE0NTCYLCJQDGKIOIIZM2RHOWE0NJJHOWQ0MWZHODCXMGUWZJNJZMNKMMUYNYISINJLZNJLC2HFZXHWIJOXNZQZNJAWOTCYLCJ1C2VYX2LKIJOXFQ.URPTELMBEW2NFTWIQ8PVEIMO3N7NQGWJRWIQWE1TKLY','2025-04-01 13:36:12.619171','2025-04-01 14:36:12.000000',1,'33DA9A462A9D41FA8710E0F3CFCD2E27'),(1953,'EYJHBGCIOIJIUZI1NIISINR5CCI6IKPXVCJ9.EYJ0B2TLBL90EXBLIJOICMVMCMVZACISIMV4CCI6MTC0MZYWMTI2NYWIAWF0IJOXNZQZNTE0ODY3LCJQDGKIOIIYNZAYOTM4Y2EZOWI0NDK4YTBMN2IWYJBKZTBLOTM1NSISINVZZXJFAWQIOJF9.1O2FMLJSQYPKTCHGI8ARIJEJKLD-UYBH-N0RMV0TE7I','2025-04-01 13:41:07.088848','2025-04-02 13:41:07.000000',1,'2702938CA39B4498A0F7B0B0DE0E9355'),(1954,'EYJHBGCIOIJIUZI1NIISINR5CCI6IKPXVCJ9.EYJ0B2TLBL90EXBLIJOIC2XPZGLUZYISIMV4CCI6MTC0MZUXODQ3MYWIAWF0IJOXNZQZNTE0ODCZLCJQDGKIOIJJYZE1YJAXYTM0YTU0MDUZOTC4NJIXMTQYYMRKZJAXYSISINJLZNJLC2HFZXHWIJOXNZQZNJAXMJCZLCJ1C2VYX2LKIJOXFQ.HWQR77ZC0I6SDFX8UKE0ZRLSECFO4SUI6WARPUWLWZU','2025-04-01 13:41:13.740385','2025-04-01 14:41:13.000000',1,'CC15B01A34A54053978621142BDDF01A'),(1955,'EYJHBGCIOIJIUZI1NIISINR5CCI6IKPXVCJ9.EYJ0B2TLBL90EXBLIJOICMVMCMVZACISIMV4CCI6MTC0MZYWMTQZNSWIAWF0IJOXNZQZNTE1MDM1LCJQDGKIOIJIZDJKNZJLYTUXYTC0MZZKOTMYMJIWZGE5OTEYZDNIYIISINVZZXJFAWQIOJF9.HF5ZMWCUB8WNCUMLHQ6TL4-EJT6RGKSFAINDK7FXASK','2025-04-01 13:43:55.102963','2025-04-02 13:43:55.000000',1,'BD2D72EA51A7436D932220DA9912D3BB'),(1956,'EYJHBGCIOIJIUZI1NIISINR5CCI6IKPXVCJ9.EYJ0B2TLBL90EXBLIJOIC2XPZGLUZYISIMV4CCI6MTC0MZUXODYZOCWIAWF0IJOXNZQZNTE1MDM4LCJQDGKIOII3OWI3YZRLNTVJYJE0YTU1YWRMMDVHZMJJOGY0MJDHNCISINJLZNJLC2HFZXHWIJOXNZQZNJAXNDM4LCJ1C2VYX2LKIJOXFQ.Y914VDLPBR-JBEM_BNAALJCBOOCCAMMROOYLV0B0RFG','2025-04-01 13:43:58.191081','2025-04-01 14:43:58.000000',1,'79B7C4E55CB14A55ADF05AFBC8F427A4'),(1957,'EYJHBGCIOIJIUZI1NIISINR5CCI6IKPXVCJ9.EYJ0B2TLBL90EXBLIJOICMVMCMVZACISIMV4CCI6MTC0MZYWMTQ2NYWIAWF0IJOXNZQZNTE1MDY3LCJQDGKIOIJIZWNIZJDJNJE3OTE0YTQXYTQYNGU2M2JMY2VHNJBKMCISINVZZXJFAWQIOJF9.NNK1TSFFM3_K7KYUXOKB2LSKBWRHCXCZ9XGPVU5XTR4','2025-04-01 13:44:27.168637','2025-04-02 13:44:27.000000',1,'BECBF7C617914A41A424E63BFCEA60D0'),(1958,'EYJHBGCIOIJIUZI1NIISINR5CCI6IKPXVCJ9.EYJ0B2TLBL90EXBLIJOIC2XPZGLUZYISIMV4CCI6MTC0MZUXODY4OSWIAWF0IJOXNZQZNTE1MDG5LCJQDGKIOIJHYJI4MWI5YMQ0YME0OWQXOGRMODYZZJY3ZTNJNDNKMCISINJLZNJLC2HFZXHWIJOXNZQZNJAXNDG5LCJ1C2VYX2LKIJOXFQ.KW8MA9LYMBCRJY-MPAYQGZD0TEUUQNTG0UVNQXKWNMG','2025-04-01 13:44:49.690457','2025-04-01 14:44:49.000000',1,'AB281B9BD4BA49D18DF863F67E3C43D0'),(1959,'EYJHBGCIOIJIUZI1NIISINR5CCI6IKPXVCJ9.EYJ0B2TLBL90EXBLIJOIC2XPZGLUZYISIMV4CCI6MTC0MZUXODY5MCWIAWF0IJOXNZQZNTE1MDKWLCJQDGKIOIIYM2ZHNDZHZDQWODE0OTQXOTAZMMFINMZMMTGZNZVKMYISINJLZNJLC2HFZXHWIJOXNZQZNJAXNDKWLCJ1C2VYX2LKIJOXFQ.PP75JRVOHTAFITYIUITRVA2ZEEYVKYMYCYYZFZYRKM4','2025-04-01 13:44:50.359778','2025-04-01 14:44:50.000000',1,'23FA46AD408149419032AB6FF18375D3'),(1960,'EYJHBGCIOIJIUZI1NIISINR5CCI6IKPXVCJ9.EYJ0B2TLBL90EXBLIJOIC2XPZGLUZYISIMV4CCI6MTC0MZUXODY5MSWIAWF0IJOXNZQZNTE1MDKXLCJQDGKIOIJMOGY0MJA5OGM5ZWM0NJAZYJAYMGU2NDQ2MDI5ZMUXNSISINJLZNJLC2HFZXHWIJOXNZQZNJAXNDKXLCJ1C2VYX2LKIJOXFQ.QNG5FFVDO6B70RET_DZE1WFPNCXX4SS6GBFV0NNFZHC','2025-04-01 13:44:51.098100','2025-04-01 14:44:51.000000',1,'F8F42098C9EC4603B020E6446029FE15'),(1961,'EYJHBGCIOIJIUZI1NIISINR5CCI6IKPXVCJ9.EYJ0B2TLBL90EXBLIJOIC2XPZGLUZYISIMV4CCI6MTC0MZUXODY5MSWIAWF0IJOXNZQZNTE1MDKXLCJQDGKIOII1ZMZKMDQ2YMY2NMQ0ODQ2OGZHZTI1YJZKZJBHZDI0NCISINJLZNJLC2HFZXHWIJOXNZQZNJAXNDKXLCJ1C2VYX2LKIJOXFQ.DBV-K-JJAKEKBMYYPEAG8E5TBYENKGMILFGJE13L4WE','2025-04-01 13:44:51.570924','2025-04-01 14:44:51.000000',1,'5FFD046BF66D48468FAE25B6DF0AD244'),(1962,'EYJHBGCIOIJIUZI1NIISINR5CCI6IKPXVCJ9.EYJ0B2TLBL90EXBLIJOIC2XPZGLUZYISIMV4CCI6MTC0MZUXODY5MIWIAWF0IJOXNZQZNTE1MDKYLCJQDGKIOII0MGI3NZHIMDC3ZDY0YWQWYJI3NDLJZGNLYMY4MDVJZCISINJLZNJLC2HFZXHWIJOXNZQZNJAXNDKYLCJ1C2VYX2LKIJOXFQ.NZX8VNATJLW9FSPIJYOZYASNBJHX48R--BNKRYUDLTM','2025-04-01 13:44:52.036417','2025-04-01 14:44:52.000000',1,'40B778B077D64AD0B2749CDCEBF805CD'),(1963,'EYJHBGCIOIJIUZI1NIISINR5CCI6IKPXVCJ9.EYJ0B2TLBL90EXBLIJOIC2XPZGLUZYISIMV4CCI6MTC0MZUXODY5MIWIAWF0IJOXNZQZNTE1MDKYLCJQDGKIOIJKYZU3ZMI4NDNHNWQ0NDNMYMVKNTRJMMVMMDUYYTLJNYISINJLZNJLC2HFZXHWIJOXNZQZNJAXNDKYLCJ1C2VYX2LKIJOXFQ.H1KQS7NNV9-YGJTJTCOPISL-FCIPU3JLNJQFVIBEFEA','2025-04-01 13:44:52.499222','2025-04-01 14:44:52.000000',1,'DC57FB843A5D443FBED54C2EF052A9C7'),(1964,'EYJHBGCIOIJIUZI1NIISINR5CCI6IKPXVCJ9.EYJ0B2TLBL90EXBLIJOIC2XPZGLUZYISIMV4CCI6MTC0MZUXODY5MIWIAWF0IJOXNZQZNTE1MDKYLCJQDGKIOIJIMJK0YMU2NZVMM2E0YTJJYTDLMZBMZDNLMTEZNGVMMIISINJLZNJLC2HFZXHWIJOXNZQZNJAXNDKYLCJ1C2VYX2LKIJOXFQ.POWLIPPROOVYAGPU2LDDJFATNLYWBQ54KN5K46KY_OC','2025-04-01 13:44:52.972369','2025-04-01 14:44:52.000000',1,'B294BE675F3A4A2CA7E30FD3E1134EF2'),(1965,'EYJHBGCIOIJIUZI1NIISINR5CCI6IKPXVCJ9.EYJ0B2TLBL90EXBLIJOIC2XPZGLUZYISIMV4CCI6MTC0MZUXODY5MYWIAWF0IJOXNZQZNTE1MDKZLCJQDGKIOIJIOWRKMZI3MTA1ODM0ZJA4ODYWYZGWMWM2NDQ1ODE2MIISINJLZNJLC2HFZXHWIJOXNZQZNJAXNDKZLCJ1C2VYX2LKIJOXFQ.FNLMZN_FF95YGGMWN5PSG_AP7HZFYCIU0TT0H2EQRBE','2025-04-01 13:44:53.428817','2025-04-01 14:44:53.000000',1,'B9DD327105834F08860C801C64458162'),(1966,'EYJHBGCIOIJIUZI1NIISINR5CCI6IKPXVCJ9.EYJ0B2TLBL90EXBLIJOIC2XPZGLUZYISIMV4CCI6MTC0MZUXODY5MYWIAWF0IJOXNZQZNTE1MDKZLCJQDGKIOIIYY2U2YTE1ZJHINZU0MGVMYJFIN2NHNWUXOTG3NWNJYYISINJLZNJLC2HFZXHWIJOXNZQZNJAXNDKZLCJ1C2VYX2LKIJOXFQ.MKPUZHLBDNHSHMVTB-473OANYIY7GS9UI4T2RMDBZ_U','2025-04-01 13:44:53.891096','2025-04-01 14:44:53.000000',1,'2CE6A15F8B7540EFB1B7CA5E19875CCC'),(1967,'EYJHBGCIOIJIUZI1NIISINR5CCI6IKPXVCJ9.EYJ0B2TLBL90EXBLIJOIC2XPZGLUZYISIMV4CCI6MTC0MZUXODY5NCWIAWF0IJOXNZQZNTE1MDK0LCJQDGKIOIIYNGVKODE1NTDIYWM0NWNLYMFMODUYNZHHZTU0NZFLYYISINJLZNJLC2HFZXHWIJOXNZQZNJAXNDK0LCJ1C2VYX2LKIJOXFQ.BXARMS_SNJLO-OF6GPHVE5NIZPTQZUOSBNFNXXOW5DS','2025-04-01 13:44:54.356222','2025-04-01 14:44:54.000000',1,'24ED81557BAC45CEBAF85278AE5471EC'),(1968,'EYJHBGCIOIJIUZI1NIISINR5CCI6IKPXVCJ9.EYJ0B2TLBL90EXBLIJOIC2XPZGLUZYISIMV4CCI6MTC0MZUXODY5NCWIAWF0IJOXNZQZNTE1MDK0LCJQDGKIOII4NDA0NWM0ZJQ4NWU0MJU5YMUZNTVHNJE2ZDM3YMEZNYISINJLZNJLC2HFZXHWIJOXNZQZNJAXNDK0LCJ1C2VYX2LKIJOXFQ.SIJZWU2DJTNZ5XLPBDWO9TGF4FSQMPNLID2YO2GY8CM','2025-04-01 13:44:54.824106','2025-04-01 14:44:54.000000',1,'84045C4F485E4259BE355A616D37BA37'),(1969,'EYJHBGCIOIJIUZI1NIISINR5CCI6IKPXVCJ9.EYJ0B2TLBL90EXBLIJOIC2XPZGLUZYISIMV4CCI6MTC0MZUXODY5NSWIAWF0IJOXNZQZNTE1MDK1LCJQDGKIOIIYZGVLYTQ3NWYYYJE0NDU3OWJMNGY5MJC5MWYXMWRKNSISINJLZNJLC2HFZXHWIJOXNZQZNJAXNDK1LCJ1C2VYX2LKIJOXFQ.YLRNFHKSIPZDW1P8UVTKJGQNBB533BMHG3QRAAFSEXU','2025-04-01 13:44:55.362234','2025-04-01 14:44:55.000000',1,'2DEEA475F2B144579BF4F92791F11DD5'),(1970,'EYJHBGCIOIJIUZI1NIISINR5CCI6IKPXVCJ9.EYJ0B2TLBL90EXBLIJOIC2XPZGLUZYISIMV4CCI6MTC0MZUXODY5NSWIAWF0IJOXNZQZNTE1MDK1LCJQDGKIOII0OWRHZJAZY2U0ZMU0ZWNKOGUXYJHLOTK4NTFIN2E1NIISINJLZNJLC2HFZXHWIJOXNZQZNJAXNDK1LCJ1C2VYX2LKIJOXFQ.GOXFQABDHZYAQMMSLEUMU0ACKWGAHKIJORJHVY4E_W0','2025-04-01 13:44:55.863053','2025-04-01 14:44:55.000000',1,'49DAF03CE4FE4ECD8E1B8E99851B7A56'),(1971,'EYJHBGCIOIJIUZI1NIISINR5CCI6IKPXVCJ9.EYJ0B2TLBL90EXBLIJOIC2XPZGLUZYISIMV4CCI6MTC0MZUXODY5NIWIAWF0IJOXNZQZNTE1MDK2LCJQDGKIOIIWNDVHN2IWMWZJNJC0MZYYOWYZYJBIOTC0N2IXMJA1MSISINJLZNJLC2HFZXHWIJOXNZQZNJAXNDK2LCJ1C2VYX2LKIJOXFQ.SA4RLAE4UMK7RCQ0D0FMLDNTEKVVPYPWFMDQXKVHL0G','2025-04-01 13:44:56.327320','2025-04-01 14:44:56.000000',1,'045A7B01FC6743629F3B0B9747B12051'),(1972,'EYJHBGCIOIJIUZI1NIISINR5CCI6IKPXVCJ9.EYJ0B2TLBL90EXBLIJOIC2XPZGLUZYISIMV4CCI6MTC0MZUXODY5NYWIAWF0IJOXNZQZNTE1MDK3LCJQDGKIOIJIYWM3YJLMYTZLMGQ0ZTA2ODVJYME5MMZMNMJLOTNJNYISINJLZNJLC2HFZXHWIJOXNZQZNJAXNDK3LCJ1C2VYX2LKIJOXFQ.AIW9W1-_RQ6QJCQ2SWNOY9UDZGBRY72GYYOI0DZTQ2S','2025-04-01 13:44:57.872110','2025-04-01 14:44:57.000000',1,'BAC7B9FA6E0D4E0685CBA92FF6BE93C7'),(1973,'EYJHBGCIOIJIUZI1NIISINR5CCI6IKPXVCJ9.EYJ0B2TLBL90EXBLIJOIC2XPZGLUZYISIMV4CCI6MTC0MZUXODY5OCWIAWF0IJOXNZQZNTE1MDK4LCJQDGKIOIJMMJJHMTDMYTG2YJY0NMEWYWE3YWMYYWNJMDMZNTIZNSISINJLZNJLC2HFZXHWIJOXNZQZNJAXNDK4LCJ1C2VYX2LKIJOXFQ.62KEYN0_7LTPEMXNED_RRHW6NJ8O9ZC8AXEBPSIHVQQ','2025-04-01 13:44:58.332656','2025-04-01 14:44:58.000000',1,'F22A17FA86B646A0AA7AC2ACC0335235'),(1974,'EYJHBGCIOIJIUZI1NIISINR5CCI6IKPXVCJ9.EYJ0B2TLBL90EXBLIJOICMVMCMVZACISIMV4CCI6MTC0MZY1NDQ3NCWIAWF0IJOXNZQZNTY4MDC0LCJQDGKIOII2MTKZNDU0N2M3Y2Y0ZGJLODUYYWU0NZKZMDHMYTFIMYISINVZZXJFAWQIOJF9.V6TOYZ0_WDYNJRMTAYXTJGBMH5JXEJQQT1MP1FPOXQY','2025-04-02 04:27:54.702964','2025-04-03 04:27:54.000000',1,'61934547C7CF4DBE852AE479308FA1B3'),(1975,'EYJHBGCIOIJIUZI1NIISINR5CCI6IKPXVCJ9.EYJ0B2TLBL90EXBLIJOIC2XPZGLUZYISIMV4CCI6MTC0MZU3MTY3OSWIAWF0IJOXNZQZNTY4MDC5LCJQDGKIOII4MMZHYJG1NWRLOTE0ZMZMOTNLM2EYMZY3YZRLNDGZZIISINJLZNJLC2HFZXHWIJOXNZQZNJU0NDC5LCJ1C2VYX2LKIJOXFQ.PWYYWNPNLGFFEEB0EZ5AISZD6KGYZWM6-TB-U82WRKY','2025-04-02 04:27:59.092361','2025-04-02 05:27:59.000000',1,'82FAB855DE914FFF93E3A2367C4E483F'),(1976,'EYJHBGCIOIJIUZI1NIISINR5CCI6IKPXVCJ9.EYJ0B2TLBL90EXBLIJOICMVMCMVZACISIMV4CCI6MTC0MZY1NDUWMSWIAWF0IJOXNZQZNTY4MTAXLCJQDGKIOIJHNTK2YMFKZTM4NZI0ZDLMOGVKNWU3MGMXYJVIZJZMZSISINVZZXJFAWQIOJF9.RATLWU8XMS6DHKEPLDER3RJSM-RG5OK-D0-LGMDQYOM','2025-04-02 04:28:21.663687','2025-04-03 04:28:21.000000',1,'A596BADE38724D9F8ED5E70C1B5BF6FE'),(1977,'EYJHBGCIOIJIUZI1NIISINR5CCI6IKPXVCJ9.EYJ0B2TLBL90EXBLIJOIC2XPZGLUZYISIMV4CCI6MTC0MZU3MTCWNIWIAWF0IJOXNZQZNTY4MTA2LCJQDGKIOIJKMDQYZDJIZJHMMZM0ZTG4OGQ4MZA0M2Y5NJZJYTY3NCISINJLZNJLC2HFZXHWIJOXNZQZNJU0NTA2LCJ1C2VYX2LKIJOXFQ.IJPWERVD33N9AIYAUBSTEN5I4HJ3-0MPM06G1ZIWB_C','2025-04-02 04:28:26.731426','2025-04-02 05:28:26.000000',1,'D042D2BF8F334E888D83043F966CA674'),(1978,'EYJHBGCIOIJIUZI1NIISINR5CCI6IKPXVCJ9.EYJ0B2TLBL90EXBLIJOICMVMCMVZACISIMV4CCI6MTC0MZY2NTAZOSWIAWF0IJOXNZQZNTC4NJM5LCJQDGKIOIJMOTJJNTYYY2U1MWI0NDZJODC0NDFLODNKY2YYYMJMMSISINVZZXJFAWQIOJF9.LQB7W3H9HMKQVILZFYRMV6E8NOFKCFDH0VOJ83DTUUW','2025-04-02 07:23:59.072264','2025-04-03 07:23:59.000000',1,'F92C562CE51B446C87441E83DCF2BBF1'),(1979,'EYJHBGCIOIJIUZI1NIISINR5CCI6IKPXVCJ9.EYJ0B2TLBL90EXBLIJOIC2XPZGLUZYISIMV4CCI6MTC0MZU4MJI0MSWIAWF0IJOXNZQZNTC4NJQXLCJQDGKIOIJINDNIZMFINWQ3NZI0MZY0OWRIMDAZZJK0ODM4OTGWMIISINJLZNJLC2HFZXHWIJOXNZQZNJY1MDQXLCJ1C2VYX2LKIJOXFQ.X6_XYISSNVMXTTLF3LJCF5BARGL3Z__DVXBNRWNVERW','2025-04-02 07:24:01.999148','2025-04-02 08:24:01.000000',1,'B43BFAB5D77243649DB003F948389802'),(1980,'EYJHBGCIOIJIUZI1NIISINR5CCI6IKPXVCJ9.EYJ0B2TLBL90EXBLIJOICMVMCMVZACISIMV4CCI6MTC0MZY4MZM1MSWIAWF0IJOXNZQZNTK2OTUXLCJQDGKIOIJINDQ2NZGXYZQWYZM0NGUZYTUWMGEWZMRJYWM5OTHKMCISINVZZXJFAWQIOJF9.LDUDLFJZHCDOBPKFWTEMEK8WSOE-PJPJT7UFWOHMW4E','2025-04-02 12:29:11.524318','2025-04-03 12:29:11.000000',1,'B446781C40C344E3A500A0FDCAC998D0'),(1981,'EYJHBGCIOIJIUZI1NIISINR5CCI6IKPXVCJ9.EYJ0B2TLBL90EXBLIJOIC2XPZGLUZYISIMV4CCI6MTC0MZYWMDU1NSWIAWF0IJOXNZQZNTK2OTU1LCJQDGKIOII0Y2Q4YZDKOWQ0N2M0MJZJYTRJNTVKOWQXZWRMY2EYOSISINJLZNJLC2HFZXHWIJOXNZQZNJGZMZU1LCJ1C2VYX2LKIJOXFQ.KH9FSO6EPAUI0W8XQK4XPUUTOAPISBER6DCTOZNDIZY','2025-04-02 12:29:15.977102','2025-04-02 13:29:15.000000',1,'4CD8C7D9D47C426CA4C55D9D1EDFCA29'),(1982,'EYJHBGCIOIJIUZI1NIISINR5CCI6IKPXVCJ9.EYJ0B2TLBL90EXBLIJOICMVMCMVZACISIMV4CCI6MTC0MZY4MZM5NSWIAWF0IJOXNZQZNTK2OTK1LCJQDGKIOIJHODU1YZY5N2ZLYWI0YJGZYMU3YTI3MTLINJUWYJCYNCISINVZZXJFAWQIOJF9.UAY-IRFKKBRNOHK09F4ALWCUZ5VM6M4RPWBCLQRGGKO','2025-04-02 12:29:55.585967','2025-04-03 12:29:55.000000',1,'A855C697FEAB4B83BE7A2719B650B724'),(1983,'EYJHBGCIOIJIUZI1NIISINR5CCI6IKPXVCJ9.EYJ0B2TLBL90EXBLIJOIC2XPZGLUZYISIMV4CCI6MTC0MZYWMDYWMCWIAWF0IJOXNZQZNTK3MDAWLCJQDGKIOIJJYMNMNTU1NDEWYJK0ZMFIOGJINDBIOTC2ZJC0ZGQ5MIISINJLZNJLC2HFZXHWIJOXNZQZNJGZNDAWLCJ1C2VYX2LKIJOXFQ.LNOFWWDGQ1XHGCVMYT_TUNJQJGQ5OQCI6HBANQWAM_C','2025-04-02 12:30:00.259429','2025-04-02 13:30:00.000000',1,'CBCF555410B94FAB8BB40B976F74DD92'),(1984,'EYJHBGCIOIJIUZI1NIISINR5CCI6IKPXVCJ9.EYJ0B2TLBL90EXBLIJOICMVMCMVZACISIMV4CCI6MTC0MZY4MZQYMSWIAWF0IJOXNZQZNTK3MDIXLCJQDGKIOIJHYTG5MDAXYME4NDE0N2NKODE2N2VKMDG5ZMFHYZUXNSISINVZZXJFAWQIOJF9.O0UJZ4AXLQTNUEPYNF5V8BYMHTZW73U9KGIOJ01NY2W','2025-04-02 12:30:21.283420','2025-04-03 12:30:21.000000',1,'AA89001BA84147CD8167ED089FAAC515'),(1985,'EYJHBGCIOIJIUZI1NIISINR5CCI6IKPXVCJ9.EYJ0B2TLBL90EXBLIJOIC2XPZGLUZYISIMV4CCI6MTC0MZYWMDYYNSWIAWF0IJOXNZQZNTK3MDI1LCJQDGKIOIJHYZM4NTMYZTK3MZK0Y2FHOTNMODA0ZDDMMZEXYZVKMSISINJLZNJLC2HFZXHWIJOXNZQZNJGZNDI1LCJ1C2VYX2LKIJOXFQ.DCQ3_LPJTZOLWFQQCY_M1NDZ_AOUX7N4QDQYSJVOVHM','2025-04-02 12:30:25.379221','2025-04-02 13:30:25.000000',1,'AC38532E97394CAA93F804D7F311C5D1'),(1986,'EYJHBGCIOIJIUZI1NIISINR5CCI6IKPXVCJ9.EYJ0B2TLBL90EXBLIJOICMVMCMVZACISIMV4CCI6MTC0MZY4ODQ5NSWIAWF0IJOXNZQZNJAYMDK1LCJQDGKIOII5NJJJYZCYN2ZINME0NTQWOGI3NDIWMTNLZTI5YTIZNSISINVZZXJFAWQIOJF9.7TDFDMFOZQLZEYWJB3JLFZP-BSKPELNHO0F_WVRQ67E','2025-04-02 13:54:55.920870','2025-04-03 13:54:55.000000',1,'962CC727FB6A45408B742013EE29A235'),(1987,'EYJHBGCIOIJIUZI1NIISINR5CCI6IKPXVCJ9.EYJ0B2TLBL90EXBLIJOICMVMCMVZACISIMV4CCI6MTC0MZY4ODYXMSWIAWF0IJOXNZQZNJAYMJEXLCJQDGKIOII4YJI0NZA2NWNLYWI0ZJA3YMJINJEZN2YYYWNKZGIXMIISINVZZXJFAWQIOJF9.I8PP0D0PSYV1UKGMUJVPNXA82WUNESAJTD9MBFHK7OM','2025-04-02 13:56:51.499856','2025-04-03 13:56:51.000000',1,'8B247065CEAB4F07BBB6137F2ACDDB12'),(1988,'EYJHBGCIOIJIUZI1NIISINR5CCI6IKPXVCJ9.EYJ0B2TLBL90EXBLIJOICMVMCMVZACISIMV4CCI6MTC0MZY4ODYYMIWIAWF0IJOXNZQZNJAYMJIYLCJQDGKIOIJKOWUXNJQYNGJMNJI0OTY2OTYWZDHJNJQZODG0MWNINSISINVZZXJFAWQIOJF9.ZHJAMFIIIHVSDLMUJO-TO6KLTNYSOKUSXRV8HKWN478','2025-04-02 13:57:02.910110','2025-04-03 13:57:02.000000',1,'D9E16424BF624966960D8C6438841CB5'),(1989,'EYJHBGCIOIJIUZI1NIISINR5CCI6IKPXVCJ9.EYJ0B2TLBL90EXBLIJOIC2XPZGLUZYISIMV4CCI6MTC0MZYWNTGYOCWIAWF0IJOXNZQZNJAYMJI4LCJQDGKIOIIYOTK0ZWY0N2M3MWM0ZGIXOGVINGJLY2MXYJLLNTHMMIISINJLZNJLC2HFZXHWIJOXNZQZNJG4NJI4LCJ1C2VYX2LKIJOXFQ.W2DE8KTN-BCG5IFB_RALL5DQB3GUNDSNH_BWQHGDY5I','2025-04-02 13:57:08.293095','2025-04-02 14:57:08.000000',1,'2994EF47C71C4DB18EB4BECC1B9E58F2'),(1990,'EYJHBGCIOIJIUZI1NIISINR5CCI6IKPXVCJ9.EYJ0B2TLBL90EXBLIJOICMVMCMVZACISIMV4CCI6MTC0MZC0NJUWNYWIAWF0IJOXNZQZNJYWMTA3LCJQDGKIOIIXMWE5NTHMNTQYM2Q0ZJRJYTQWNTUZZTRLNMZHZWUYNCISINVZZXJFAWQIOJF9.H3BJDSNYLKOSUC7UZRHJQQN7M504U0LCFGVRR2ZZLVS','2025-04-03 06:01:47.246339','2025-04-04 06:01:47.000000',1,'11A958F5423D4F4CA40553E4E6FAEE24'),(1991,'EYJHBGCIOIJIUZI1NIISINR5CCI6IKPXVCJ9.EYJ0B2TLBL90EXBLIJOIC2XPZGLUZYISIMV4CCI6MTC0MZY2MZCXMSWIAWF0IJOXNZQZNJYWMTEXLCJQDGKIOIIXMZUXNZU1NWFHZGE0OTY5ODJINTEYNMJINJBKYWMYMCISINJLZNJLC2HFZXHWIJOXNZQZNZQ2NTEXLCJ1C2VYX2LKIJOXFQ.ATBDWKRSCZ1IAHXPPKZJSAJ67FGIGL5S4P_SNID6MAM','2025-04-03 06:01:51.084469','2025-04-03 07:01:51.000000',1,'13517555AADA496982B5126BB60DAC20'),(1992,'EYJHBGCIOIJIUZI1NIISINR5CCI6IKPXVCJ9.EYJ0B2TLBL90EXBLIJOICMVMCMVZACISIMV4CCI6MTC0MZC2OTQ3NYWIAWF0IJOXNZQZNJGZMDC3LCJQDGKIOIJHMMIZZJI1ZMM0YJG0MMM0ODG0NWE2MTY1Y2FLNDHHNCISINVZZXJFAWQIOJF9.EYXJ8011C3RYYX_EAHNWMKGGTCBNHRQKJGOGZEMNRGO','2025-04-03 12:24:37.450381','2025-04-04 12:24:37.000000',1,'A2B3F25FC4B842C48845A6165CAE48A4'),(1993,'EYJHBGCIOIJIUZI1NIISINR5CCI6IKPXVCJ9.EYJ0B2TLBL90EXBLIJOIC2XPZGLUZYISIMV4CCI6MTC0MZY4NJY4MSWIAWF0IJOXNZQZNJGZMDGXLCJQDGKIOIIWMTRLMTEZYMYWYME0ZMU3ODIXNTEXMTQ4OGQ2OTI4NIISINJLZNJLC2HFZXHWIJOXNZQZNZY5NDGXLCJ1C2VYX2LKIJOXFQ.KW9D5KSTZCBNY-_RLINQXCO-JABCNRPOQJTFVLRP5MU','2025-04-03 12:24:41.450427','2025-04-03 13:24:41.000000',1,'014E113BF0BA4FE78215111488D69286'),(1994,'EYJHBGCIOIJIUZI1NIISINR5CCI6IKPXVCJ9.EYJ0B2TLBL90EXBLIJOICMVMCMVZACISIMV4CCI6MTC0MZC2OTU5MSWIAWF0IJOXNZQZNJGZMTKXLCJQDGKIOIIYN2ZLMMQ4NDNIYJY0ZMY0OTJHZJQXZJVKZJUWYMMZNYISINVZZXJFAWQIOJF9.12-YQAGZQYMOGDPRKKOL19PQI-Y_QQ7JL6NSW2FRIFU','2025-04-03 12:26:31.950041','2025-04-04 12:26:31.000000',1,'27FE2D843BB64FF492AF41F5DF50BC37'),(1995,'EYJHBGCIOIJIUZI1NIISINR5CCI6IKPXVCJ9.EYJ0B2TLBL90EXBLIJOIC2XPZGLUZYISIMV4CCI6MTC0MZY4NJC5NSWIAWF0IJOXNZQZNJGZMTK1LCJQDGKIOIJJZJK5MTE3ZJA4YZK0MTZIOTY3MTU1NDFJZWJLZDG5ZCISINJLZNJLC2HFZXHWIJOXNZQZNZY5NTK1LCJ1C2VYX2LKIJOXFQ.9QJDOFBEWWL7T_EA0OK7T66D6G3F3RJ7DDAGVT0J8JW','2025-04-03 12:26:35.661377','2025-04-03 13:26:35.000000',1,'CF99117F08C9416B96715541CEBED89D'),(1996,'EYJHBGCIOIJIUZI1NIISINR5CCI6IKPXVCJ9.EYJ0B2TLBL90EXBLIJOICMVMCMVZACISIMV4CCI6MTC0MZC2OTY2NSWIAWF0IJOXNZQZNJGZMJY1LCJQDGKIOIIXZTC3Y2Y3ZTC3YTM0NMUZYJEYYWI3MWMYNGYYNZY0ZIISINVZZXJFAWQIOJF9.N40GWG6YGD8E6A3TFRBOK4R5T7WW4ECSOXVAQ6CLRSG','2025-04-03 12:27:45.206878','2025-04-04 12:27:45.000000',1,'1E77CF7E77A346E3B12AB71C24F2764F'),(1997,'EYJHBGCIOIJIUZI1NIISINR5CCI6IKPXVCJ9.EYJ0B2TLBL90EXBLIJOIC2XPZGLUZYISIMV4CCI6MTC0MZY4NJG2NYWIAWF0IJOXNZQZNJGZMJY3LCJQDGKIOIIZY2I2MDKXZGY3MJK0ZTM5YMNKYWJMZDKZNTZIN2Q0MIISINJLZNJLC2HFZXHWIJOXNZQZNZY5NJY3LCJ1C2VYX2LKIJOXFQ.0O0LMBDJWXPEJVALLWPNHU3CQIH7PGZIF9OQUF7BIHG','2025-04-03 12:27:47.506674','2025-04-03 13:27:47.000000',1,'3CB6091DF7294E39BCDABFD9356B7D42'),(1998,'EYJHBGCIOIJIUZI1NIISINR5CCI6IKPXVCJ9.EYJ0B2TLBL90EXBLIJOICMVMCMVZACISIMV4CCI6MTC0MZGYNDYXMCWIAWF0IJOXNZQZNZM4MJEWLCJQDGKIOII4ZTNKOTJJZGJJY2E0ZJK5ODCWNTUXMWIWOTY4YWE5MCISINVZZXJFAWQIOJF9.-WF2CP7HXXGMWRD93DZN_Z-7DJFBD_4H4AVYAH29M90','2025-04-04 03:43:30.031272','2025-04-05 03:43:30.000000',1,'8E3D92CDBCCA4F998705511B0968AA90'),(1999,'EYJHBGCIOIJIUZI1NIISINR5CCI6IKPXVCJ9.EYJ0B2TLBL90EXBLIJOIC2XPZGLUZYISIMV4CCI6MTC0MZC0MTGXMYWIAWF0IJOXNZQZNZM4MJEZLCJQDGKIOIJKZWQ0Y2M0MWZHYWI0ODG5ODI4MJJHNMNLY2I1NMY2MYISINJLZNJLC2HFZXHWIJOXNZQZODI0NJEZLCJ1C2VYX2LKIJOXFQ.POKUCK9-RQZ6MTGE10MPJOCBEDBFHCCSZWAGCIBMAIA','2025-04-04 03:43:33.910830','2025-04-04 04:43:33.000000',1,'DED4CC41FAAB488982822A6CECB56F63'),(2000,'EYJHBGCIOIJIUZI1NIISINR5CCI6IKPXVCJ9.EYJ0B2TLBL90EXBLIJOICMVMCMVZACISIMV4CCI6MTC0MZGZMDM4NYWIAWF0IJOXNZQZNZQZOTG3LCJQDGKIOII1MWNJNJHLYZK3YMM0YTEYYME4ZMM4NMQ3NTDIYTAWMIISINVZZXJFAWQIOJF9.CFLAC-UMDYELBXEIKIKZ83INPPZXJQVMH2NLNYMC7TI','2025-04-04 05:19:47.551543','2025-04-05 05:19:47.000000',1,'51CC68EC97BC4A12BA8FC86D757BA002'),(2001,'EYJHBGCIOIJIUZI1NIISINR5CCI6IKPXVCJ9.EYJ0B2TLBL90EXBLIJOIC2XPZGLUZYISIMV4CCI6MTC0MZC0NZU5MYWIAWF0IJOXNZQZNZQZOTKZLCJQDGKIOIJKMJCWYTGZMTY1YJY0ODNHYJEWNJA1NGRKZDFHMZDLNIISINJLZNJLC2HFZXHWIJOXNZQZODMWMZKZLCJ1C2VYX2LKIJOXFQ.RFY7ID-TPYQEEEX2LX0AYYU92KQXKBWZMUETO0STONY','2025-04-04 05:19:53.512216','2025-04-04 06:19:53.000000',1,'D270A83165B6483AB106054DDD1A37E6'),(2002,'EYJHBGCIOIJIUZI1NIISINR5CCI6IKPXVCJ9.EYJ0B2TLBL90EXBLIJOICMVMCMVZACISIMV4CCI6MTC0MZGZNTA1OSWIAWF0IJOXNZQZNZQ4NJU5LCJQDGKIOIJLZGMWNDK4MTQ4MZE0YMEYYTUWNJRKMWFLZMZKY2JMNYISINVZZXJFAWQIOJF9.L31UP3KEAQWXOKAWVVBJP4QUEI0TK0ASARE5FYRAZRC','2025-04-04 06:37:39.639051','2025-04-05 06:37:39.000000',1,'EDC0498148314BA2A5064D1AEFFDCBF7'),(2003,'EYJHBGCIOIJIUZI1NIISINR5CCI6IKPXVCJ9.EYJ0B2TLBL90EXBLIJOIC2XPZGLUZYISIMV4CCI6MTC0MZC1MJI2NSWIAWF0IJOXNZQZNZQ4NJY1LCJQDGKIOII4NZBJYTZMZGRLYJY0MDI3OGE5MMEYMZLMZTM3NJUXMSISINJLZNJLC2HFZXHWIJOXNZQZODM1MDY1LCJ1C2VYX2LKIJOXFQ.QLYG_FTJGCVGMAA1IHJDGDVYTOJMOZPYZTA-AZMSI-0','2025-04-04 06:37:45.883727','2025-04-04 07:37:45.000000',1,'870CA6FDDEB640278A92A239FE376511'),(2004,'EYJHBGCIOIJIUZI1NIISINR5CCI6IKPXVCJ9.EYJ0B2TLBL90EXBLIJOICMVMCMVZACISIMV4CCI6MTC0MZG1NZGYOCWIAWF0IJOXNZQZNZCXNDI4LCJQDGKIOIJMNJFKYTCYMTEZNJQ0ODE1YTU3ZJIWMDDHYZQZYTY0NCISINVZZXJFAWQIOJF9.BTCXSYFITGZCYCB66BFBZESYZT66KQWDMJUPJSYO69K','2025-04-04 12:57:08.702404','2025-04-05 12:57:08.000000',1,'F61DA72113644815A57F2007AC43A644'),(2005,'EYJHBGCIOIJIUZI1NIISINR5CCI6IKPXVCJ9.EYJ0B2TLBL90EXBLIJOIC2XPZGLUZYISIMV4CCI6MTC0MZC3NTAZNYWIAWF0IJOXNZQZNZCXNDM3LCJQDGKIOII3N2VINDDMMDFIOGI0MZCXOTHKOGJHYZVIYJNIOTHKNSISINJLZNJLC2HFZXHWIJOXNZQZODU3ODM3LCJ1C2VYX2LKIJOXFQ.UJPARMJZ6JMY2URXAZWRUU6CGK4M6Y1XKRT47XVMRF4','2025-04-04 12:57:17.131553','2025-04-04 13:57:17.000000',1,'77EB47F01B8B437198D8BAC5BB3B98D5'),(2006,'EYJHBGCIOIJIUZI1NIISINR5CCI6IKPXVCJ9.EYJ0B2TLBL90EXBLIJOICMVMCMVZACISIMV4CCI6MTC0MZKXMZG0OCWIAWF0IJOXNZQZODI3NDQ4LCJQDGKIOIJJNDA2ZWY5NWJHZJU0ODQ0OWRHZDK4YWMXMTHKMZJMMSISINVZZXJFAWQIOJF9.OVDG3SLSWNFM0TR16TEO8OAWDAIXC7HU4TESEFN0JAA','2025-04-05 04:30:48.144123','2025-04-06 04:30:48.000000',1,'C406EF95BAF548449DAD98AC118D32F1'),(2007,'EYJHBGCIOIJIUZI1NIISINR5CCI6IKPXVCJ9.EYJ0B2TLBL90EXBLIJOIC2XPZGLUZYISIMV4CCI6MTC0MZGZMTA1MIWIAWF0IJOXNZQZODI3NDUYLCJQDGKIOIJIYWVJYTEXNGZIYWM0ZMJJYJVHMJYXODEXYZQZZGQ2MIISINJLZNJLC2HFZXHWIJOXNZQZOTEZODUYLCJ1C2VYX2LKIJOXFQ.VVBTPD1YV_WDDBUQAYI3SMKS8P9CXPN-CSKDRRMQG1I','2025-04-05 04:30:52.995172','2025-04-05 05:30:52.000000',1,'BAECA114FBAC4FBCB5A261811C43DD62'),(2008,'EYJHBGCIOIJIUZI1NIISINR5CCI6IKPXVCJ9.EYJ0B2TLBL90EXBLIJOICMVMCMVZACISIMV4CCI6MTC0MZKXNZAWMYWIAWF0IJOXNZQZODMWNJAZLCJQDGKIOII2MTU1YZRJZWJLNZA0MZLJYJA0ZDNHMMJINZFKNJKWNSISINVZZXJFAWQIOJF9.IQGG3Q6N29XLJLNVYFFNBPP9ZYNVMXZUQHZ9R4KHSUU','2025-04-05 05:23:23.864157','2025-04-06 05:23:23.000000',1,'6155C4CEBE70439CB04D3A2BB71D6905'),(2009,'EYJHBGCIOIJIUZI1NIISINR5CCI6IKPXVCJ9.EYJ0B2TLBL90EXBLIJOIC2XPZGLUZYISIMV4CCI6MTC0MZGZNDIWOSWIAWF0IJOXNZQZODMWNJA5LCJQDGKIOIIZZTRJY2M2MDG1MWI0OGYWYTCYNWY4MDGYMZDIN2IXZCISINJLZNJLC2HFZXHWIJOXNZQZOTE3MDA5LCJ1C2VYX2LKIJOXFQ.QP7O6OR02MPR-LDRWBY8ISVG4SXEK2MD37GNCS_VLDG','2025-04-05 05:23:29.128574','2025-04-05 06:23:29.000000',1,'3E4CCC60851B48F0A725F808237B7B1D'),(2010,'EYJHBGCIOIJIUZI1NIISINR5CCI6IKPXVCJ9.EYJ0B2TLBL90EXBLIJOICMVMCMVZACISIMV4CCI6MTC0MZKXNZU0OSWIAWF0IJOXNZQZODMXMTQ5LCJQDGKIOII2MGZIM2FJYTIZZTA0YMU2OGNJMTKWYZDLN2U5ODI3OSISINVZZXJFAWQIOJF9.V_NA6NNTM1CY5K5O1I-J7Y2PBA6N_LCMHMXEKKZXHMM','2025-04-05 05:32:29.138663','2025-04-06 05:32:29.000000',1,'60FB3ACA23E04BE68CC190C7E7E98279'),(2011,'EYJHBGCIOIJIUZI1NIISINR5CCI6IKPXVCJ9.EYJ0B2TLBL90EXBLIJOIC2XPZGLUZYISIMV4CCI6MTC0MZGZNDC1MCWIAWF0IJOXNZQZODMXMTUWLCJQDGKIOII3ZJCYNDZMYJA2NMM0MJY3ODYZODJKOGRLNGY5ZTMWYYISINJLZNJLC2HFZXHWIJOXNZQZOTE3NTUWLCJ1C2VYX2LKIJOXFQ.UB478JN-FQET0L8RE0LVJNUJ2O2PQ3ESM9P7NGIJSUC','2025-04-05 05:32:30.944839','2025-04-05 06:32:30.000000',1,'7F7246FB066C426786382D8DE4F9E30C'),(2012,'EYJHBGCIOIJIUZI1NIISINR5CCI6IKPXVCJ9.EYJ0B2TLBL90EXBLIJOICMVMCMVZACISIMV4CCI6MTC0MZKXODA3MSWIAWF0IJOXNZQZODMXNJCXLCJQDGKIOII1MDCYYJYXYWMWMZI0ZDZJYWZKY2EXMDI4ZWQ1MTA5ZIISINVZZXJFAWQIOJF9.GEABZSRBN9ZZI25MKV6JQDLXETCK5KGRFEPFZQGQI10','2025-04-05 05:41:11.200882','2025-04-06 05:41:11.000000',1,'5072B61AC0324D6CAFDCA1028ED5109F'),(2013,'EYJHBGCIOIJIUZI1NIISINR5CCI6IKPXVCJ9.EYJ0B2TLBL90EXBLIJOIC2XPZGLUZYISIMV4CCI6MTC0MZGZNTI4MSWIAWF0IJOXNZQZODMXNJGXLCJQDGKIOII1N2ZHNMVJMTYYMJG0NDQ5YJEWY2FMOTM2MJBLYZNHYYISINJLZNJLC2HFZXHWIJOXNZQZOTE4MDGXLCJ1C2VYX2LKIJOXFQ.WSM5WGPLDGRFD2KWJX1CQC_KCVGGZNZJGPT9DAPHJ88','2025-04-05 05:41:21.675014','2025-04-05 06:41:21.000000',1,'57FA6EC162284449B10CAF93620EC3AC'),(2014,'EYJHBGCIOIJIUZI1NIISINR5CCI6IKPXVCJ9.EYJ0B2TLBL90EXBLIJOICMVMCMVZACISIMV4CCI6MTC0MZKXODCWNSWIAWF0IJOXNZQZODMYMZA1LCJQDGKIOIJMZJRJYJU2YJHJYZY0MZCWYTYYYMM3YJI4YJE3ZJIZMSISINVZZXJFAWQIOJF9.BL7PWMIPJES1L8SVADEDQTSV454-MH30QO2BVGEJWO8','2025-04-05 05:51:45.375316','2025-04-06 05:51:45.000000',1,'FF4CB56B8CC64370A62BC7B28B17F231'),(2015,'EYJHBGCIOIJIUZI1NIISINR5CCI6IKPXVCJ9.EYJ0B2TLBL90EXBLIJOIC2XPZGLUZYISIMV4CCI6MTC0MZGZNTKXMSWIAWF0IJOXNZQZODMYMZEXLCJQDGKIOII0ZJEZYTK2NMU4OGY0N2MZOWQ1YMQYNGNIY2Y0MZCYNSISINJLZNJLC2HFZXHWIJOXNZQZOTE4NZEXLCJ1C2VYX2LKIJOXFQ.MOZR6OY7T0JZO7MNZTECUJFG3GEUQWOQTX7IE5GTZPS','2025-04-05 05:51:51.281468','2025-04-05 06:51:51.000000',1,'4F13A966E88F47C39D5BD24CBCF43725'),(2016,'EYJHBGCIOIJIUZI1NIISINR5CCI6IKPXVCJ9.EYJ0B2TLBL90EXBLIJOICMVMCMVZACISIMV4CCI6MTC0MZKYMTQ5OCWIAWF0IJOXNZQZODM1MDK4LCJQDGKIOIIZODMYMWRLYJU3YMU0NJMWYMEXN2FIOGEXNGRLYJA1MIISINVZZXJFAWQIOJF9.OM-ASV-Y7XBJKOTTOQYGGUZNGW5W9-DN_VXKGG9MOUA','2025-04-05 06:38:18.486910','2025-04-06 06:38:18.000000',1,'38321DEB57BE4630BA17AB8A14DEB052'),(2017,'EYJHBGCIOIJIUZI1NIISINR5CCI6IKPXVCJ9.EYJ0B2TLBL90EXBLIJOIC2XPZGLUZYISIMV4CCI6MTC0MZGZODCWMYWIAWF0IJOXNZQZODM1MTAZLCJQDGKIOII1Y2FIZTZHYZRIYWM0ZMEWOTZHMTLIZWM2OGMWN2Y4MSISINJLZNJLC2HFZXHWIJOXNZQZOTIXNTAZLCJ1C2VYX2LKIJOXFQ.HERWFCBUIPIX2RRYU6HWHU0ZO1VU9GBQMSEX2BO4Y14','2025-04-05 06:38:23.413967','2025-04-05 07:38:23.000000',1,'5CABE6AC4BAC4FA096A19BEC68C07F81'),(2018,'EYJHBGCIOIJIUZI1NIISINR5CCI6IKPXVCJ9.EYJ0B2TLBL90EXBLIJOICMVMCMVZACISIMV4CCI6MTC0MZKYMZKWOSWIAWF0IJOXNZQZODM3NTA5LCJQDGKIOIJHMWJLMWM5ZTYZMWQ0YZRHOGUWNGVMOGU1YJQ1M2QXMCISINVZZXJFAWQIOJF9.MFX3JSXYUM-GV1RIUY3YENBVLIR0SJSA7XJ7VFVLU1K','2025-04-05 07:18:29.638914','2025-04-06 07:18:29.000000',1,'A1BE1C9E631D4C4A8E04EF8E5B453D10'),(2019,'EYJHBGCIOIJIUZI1NIISINR5CCI6IKPXVCJ9.EYJ0B2TLBL90EXBLIJOIC2XPZGLUZYISIMV4CCI6MTC0MZG0MTEXMYWIAWF0IJOXNZQZODM3NTEZLCJQDGKIOIJMZDNKODVMMZJIZWQ0OGNKODQXMDQZNTZMMDAZOWRJOCISINJLZNJLC2HFZXHWIJOXNZQZOTIZOTEZLCJ1C2VYX2LKIJOXFQ.ALZ1AOL0ZER_A6JNX9ZOFBQNKG9_U9KG67CWU8AZMMI','2025-04-05 07:18:33.433594','2025-04-05 08:18:33.000000',1,'FD3D85F32BED48CD84104356F0039DC8'),(2020,'EYJHBGCIOIJIUZI1NIISINR5CCI6IKPXVCJ9.EYJ0B2TLBL90EXBLIJOICMVMCMVZACISIMV4CCI6MTC0MZKZMJM2NCWIAWF0IJOXNZQZODQ1OTY0LCJQDGKIOIJIOGM4MGQWZWYWMWU0Y2I5OTY0OGM5N2Q4ZTBLNZJLOCISINVZZXJFAWQIOJF9.QJXXUWGSX4LKVXWYZZ8IX2JOX0AB-JK_4ZK8D_EMQJY','2025-04-05 09:39:24.860770','2025-04-06 09:39:24.000000',1,'B8C80D0EF01E4CB99648C97D8E0E72E8'),(2021,'EYJHBGCIOIJIUZI1NIISINR5CCI6IKPXVCJ9.EYJ0B2TLBL90EXBLIJOIC2XPZGLUZYISIMV4CCI6MTC0MZG0OTU2OSWIAWF0IJOXNZQZODQ1OTY5LCJQDGKIOIIYZGI5NZFLY2Q2MMY0NJI3OTE0ZJE1MZBMMJU3NWQ4YSISINJLZNJLC2HFZXHWIJOXNZQZOTMYMZY5LCJ1C2VYX2LKIJOXFQ.VT-ZVIBTVZ1KBLGZE_4KGEZCTVZAPQUCGZQ5XTAXOWA','2025-04-05 09:39:29.999314','2025-04-05 10:39:29.000000',1,'2DB971ECD62F4627914F1530F2575D8A'),(2022,'EYJHBGCIOIJIUZI1NIISINR5CCI6IKPXVCJ9.EYJ0B2TLBL90EXBLIJOICMVMCMVZACISIMV4CCI6MTC0MZKZNJI0NIWIAWF0IJOXNZQZODQ5ODQ2LCJQDGKIOII5MZDHZDM1YZDHZDE0NDVIYMZIYTQZODUWNTHIODUYOSISINVZZXJFAWQIOJF9.IPLUCOEDEW9IX4MB5G2PM3DIFR0P41UAHFKTA_QOKSY','2025-04-05 10:44:06.028240','2025-04-06 10:44:06.000000',1,'937AD35C7AD1445BBFBA4385058B8529'),(2023,'EYJHBGCIOIJIUZI1NIISINR5CCI6IKPXVCJ9.EYJ0B2TLBL90EXBLIJOIC2XPZGLUZYISIMV4CCI6MTC0MZG1MZQ0OSWIAWF0IJOXNZQZODQ5ODQ5LCJQDGKIOIJIYTKZM2RKNJK5YMM0NJYWYJZMMTA3Y2ZKOGRLYZRINCISINJLZNJLC2HFZXHWIJOXNZQZOTM2MJQ5LCJ1C2VYX2LKIJOXFQ.AHXG5XXQSIK2APQKMW7EFZ80VRMJQV-L0ZTSM_JAYCI','2025-04-05 10:44:09.707273','2025-04-05 11:44:09.000000',1,'BA933DD699BC4660B6F107CFD8DEC4B4'),(2024,'EYJHBGCIOIJIUZI1NIISINR5CCI6IKPXVCJ9.EYJ0B2TLBL90EXBLIJOICMVMCMVZACISIMV4CCI6MTC0MZK0MJQXMYWIAWF0IJOXNZQZODU2MDEZLCJQDGKIOII0NMM4OGM3MJCYNTA0ZWQ3OTNMYWQ0ODK2MTC1MTI1MSISINVZZXJFAWQIOJF9.5-BLDBUIUN79Z_8WFNX5TAXZSV30K7EAHZXKA7WJV7Y','2025-04-05 12:26:53.727435','2025-04-06 12:26:53.000000',1,'46C88C7272504ED793FAD48961751251'),(2025,'EYJHBGCIOIJIUZI1NIISINR5CCI6IKPXVCJ9.EYJ0B2TLBL90EXBLIJOIC2XPZGLUZYISIMV4CCI6MTC0MZG1OTYXOCWIAWF0IJOXNZQZODU2MDE4LCJQDGKIOIIWMJBINTE4MMIYMZU0YZY1OWQ0OGI4MJE3ZJNJOGYXMSISINJLZNJLC2HFZXHWIJOXNZQZOTQYNDE4LCJ1C2VYX2LKIJOXFQ.Q1CGVT4QP-F4_EBZZ9ZJSHBYPFR29OXNHBCETVPQVSM','2025-04-05 12:26:58.179683','2025-04-05 13:26:58.000000',1,'020B5182B2354C659D48B8217F3C8F11'),(2026,'EYJHBGCIOIJIUZI1NIISINR5CCI6IKPXVCJ9.EYJ0B2TLBL90EXBLIJOICMVMCMVZACISIMV4CCI6MTC0MZK0MZCWMYWIAWF0IJOXNZQZODU3MZAZLCJQDGKIOIJLZJEZYMNHMJY0ODM0YZK3OTVHMZU1YZNJY2IYZJGXYIISINVZZXJFAWQIOJF9.UR86WXL7TKLIXXPSP0I-JKTSFU4PHDBYHQHUMFB9HDG','2025-04-05 12:48:23.853364','2025-04-06 12:48:23.000000',1,'EF13BCA264834C9795A355C3CCB2F81B'),(2027,'EYJHBGCIOIJIUZI1NIISINR5CCI6IKPXVCJ9.EYJ0B2TLBL90EXBLIJOIC2XPZGLUZYISIMV4CCI6MTC0MZG2MDKXNCWIAWF0IJOXNZQZODU3MZE0LCJQDGKIOII3NDHHMDVMODDJNGQ0MTEXYTFHMMJJNGE5NZBIZTLMMSISINJLZNJLC2HFZXHWIJOXNZQZOTQZNZE0LCJ1C2VYX2LKIJOXFQ.RDONQSTAJTWJLM7MCMXYENVG6CUKRCW-FHLJ3F7A92U','2025-04-05 12:48:34.523827','2025-04-05 13:48:34.000000',1,'748A05F87C4D4111A1A2BC4A970BE9F1'),(2028,'EYJHBGCIOIJIUZI1NIISINR5CCI6IKPXVCJ9.EYJ0B2TLBL90EXBLIJOICMVMCMVZACISIMV4CCI6MTC0MZK0NJQYNIWIAWF0IJOXNZQZODYWMDI2LCJQDGKIOIJIZDY0YZRLNWM3ZWI0ZGJHOGM4NMRLM2ZLYZDIYJAZOSISINVZZXJFAWQIOJF9.NVSMNMXECH4SGATOVOZMVEQI5BWKYEVLYRXQN4PZ2CE','2025-04-05 13:33:46.742603','2025-04-06 13:33:46.000000',1,'BD64C4E5C7EB4DBA8C86DE3FEC7BB039'),(2029,'EYJHBGCIOIJIUZI1NIISINR5CCI6IKPXVCJ9.EYJ0B2TLBL90EXBLIJOIC2XPZGLUZYISIMV4CCI6MTC0MZG2MZYZMSWIAWF0IJOXNZQZODYWMDMXLCJQDGKIOII5ZJHMODM3ZGFMY2I0OGI1OGIXN2U4YJK5N2E0ZMZMYSISINJLZNJLC2HFZXHWIJOXNZQZOTQ2NDMXLCJ1C2VYX2LKIJOXFQ.DOOMOULJXQEABGOLK5DCEBUQ1IRIS-GYMTZUE_-NV0Q','2025-04-05 13:33:51.116287','2025-04-05 14:33:51.000000',1,'9F8F837DAFCB48B58B17E8B997A4FFFA'),(2030,'EYJHBGCIOIJIUZI1NIISINR5CCI6IKPXVCJ9.EYJ0B2TLBL90EXBLIJOICMVMCMVZACISIMV4CCI6MTC0MZK0ODQWMSWIAWF0IJOXNZQZODYYMDAXLCJQDGKIOII0NDI1YWY0ZWIYN2Q0MJLJYJRIMJI3MMVKOWE4ZJU4NYISINVZZXJFAWQIOJF9.RDYK-KSIUEZJEZ6ER2DIQZS6TZY_ZUZ4ZWZC2YR0SMC','2025-04-05 14:06:41.201665','2025-04-06 14:06:41.000000',1,'4425AF4EB27D429CB4B2272ED9A8F587'),(2031,'EYJHBGCIOIJIUZI1NIISINR5CCI6IKPXVCJ9.EYJ0B2TLBL90EXBLIJOIC2XPZGLUZYISIMV4CCI6MTC0MZG2NTYXMCWIAWF0IJOXNZQZODYYMDEWLCJQDGKIOIJINDEXNTEXZTHLMMY0NTQ2ODE1NDBHODE5YZFLNJDIZSISINJLZNJLC2HFZXHWIJOXNZQZOTQ4NDEWLCJ1C2VYX2LKIJOXFQ.RW2-TYNTNNZZT5DQKJ3XLVJQ3TUNN17KJS_WDBMYEGG','2025-04-05 14:06:50.011541','2025-04-05 15:06:50.000000',1,'B411511E8E2F454681540A819C1E67BE'),(2032,'EYJHBGCIOIJIUZI1NIISINR5CCI6IKPXVCJ9.EYJ0B2TLBL90EXBLIJOICMVMCMVZACISIMV4CCI6MTC0MZK1MJU0MSWIAWF0IJOXNZQZODY2MTQXLCJQDGKIOIIXNGFLYTQ2MDQ2ODM0OWEZOWFKMTC3MJFHMTA5YJM2NYISINVZZXJFAWQIOJF9.PFO1DFSPO18I-RKYN0M3HLGFLIT0GZQZP2FDDDR7R0A','2025-04-05 15:15:41.236553','2025-04-06 15:15:41.000000',1,'14AEA460468349A39AD17721A109B367'),(2033,'EYJHBGCIOIJIUZI1NIISINR5CCI6IKPXVCJ9.EYJ0B2TLBL90EXBLIJOIC2XPZGLUZYISIMV4CCI6MTC0MZG2OTC0NSWIAWF0IJOXNZQZODY2MTQ1LCJQDGKIOIIZM2RIYTIWMMY2NWU0MDZHYME5ZTNHMMQ2YTG5NMFHYIISINJLZNJLC2HFZXHWIJOXNZQZOTUYNTQ1LCJ1C2VYX2LKIJOXFQ.UVNO8QYVEACU-PT3MKCPPHALCZPF4K1IHWGUPBYF4WK','2025-04-05 15:15:45.135109','2025-04-05 16:15:45.000000',1,'33DBA202F65E406ABA9E3A2D6A896AAB'),(2034,'EYJHBGCIOIJIUZI1NIISINR5CCI6IKPXVCJ9.EYJ0B2TLBL90EXBLIJOICMVMCMVZACISIMV4CCI6MTC0MZK5ODQ5MIWIAWF0IJOXNZQZOTEYMDKYLCJQDGKIOIIWMGI1NMZKYJDKMGI0ZJBLYJM4YTMYMMZMMJQZZGFHOCISINVZZXJFAWQIOJF9.FSHJ4CKBNDWWFCH0Y3UE_PKZZVR_SAJNW_PY8I8CVGG','2025-04-06 04:01:32.530846','2025-04-07 04:01:32.000000',1,'00B56FDB7D0B4F0EB38A322FF243DAA8'),(2035,'EYJHBGCIOIJIUZI1NIISINR5CCI6IKPXVCJ9.EYJ0B2TLBL90EXBLIJOIC2XPZGLUZYISIMV4CCI6MTC0MZKXNTCWNSWIAWF0IJOXNZQZOTEYMTA1LCJQDGKIOII5MTEWZTFJMTEWMMM0NTLLYTVMMTA2MWFJOTU4YWNJMSISINJLZNJLC2HFZXHWIJOXNZQZOTK4NTA1LCJ1C2VYX2LKIJOXFQ.YVNBBNWT2O-YZ2BC51RV3HKWQR73WSTD0UZ_FVI1YEU','2025-04-06 04:01:45.422175','2025-04-06 05:01:45.000000',1,'9110E1C1102C459EA5F1061AC958ACC1'),(2036,'EYJHBGCIOIJIUZI1NIISINR5CCI6IKPXVCJ9.EYJ0B2TLBL90EXBLIJOICMVMCMVZACISIMV4CCI6MTC0MZK5OTG0OCWIAWF0IJOXNZQZOTEZNDQ4LCJQDGKIOII1MJE1NGRIYWQWNGE0MZMXYJK5ZDC4NMMZMZQ4MJKYZIISINVZZXJFAWQIOJF9.8UKPUO4SXXJVWE1H-MHEZURJ_ZJNII_MWFV6ISN6Z1O','2025-04-06 04:24:08.944879','2025-04-07 04:24:08.000000',1,'52154DBAD04A4331B99D786C3348292F'),(2037,'EYJHBGCIOIJIUZI1NIISINR5CCI6IKPXVCJ9.EYJ0B2TLBL90EXBLIJOIC2XPZGLUZYISIMV4CCI6MTC0MZKXNZA1MSWIAWF0IJOXNZQZOTEZNDUXLCJQDGKIOII3OGM0NWRMODE0YTY0ODU3YMZLYJG2OWMXZMEWNTJMOSISINJLZNJLC2HFZXHWIJOXNZQZOTK5ODUXLCJ1C2VYX2LKIJOXFQ.VC7PYFAD0RYVTQXEHMYG2VXXSOZ7C4810H4BJTLN3H0','2025-04-06 04:24:11.008517','2025-04-06 05:24:11.000000',1,'78C45DF814A64857BFEB869C1FA052F9'),(2038,'EYJHBGCIOIJIUZI1NIISINR5CCI6IKPXVCJ9.EYJ0B2TLBL90EXBLIJOICMVMCMVZACISIMV4CCI6MTC0NDAWMJC5MCWIAWF0IJOXNZQZOTE2MZKWLCJQDGKIOIIZZJC5NTQYYWYYOWM0OGVKYTQ4ODYZOTY4N2Y5YZRLOSISINVZZXJFAWQIOJF9.OBMK74EI0VLQUQETLRN-XWWDHA5JJVQSKQLHW90RERY','2025-04-06 05:13:10.516874','2025-04-07 05:13:10.000000',1,'3F79542AF29C48EDA488639687F9C4E9'),(2039,'EYJHBGCIOIJIUZI1NIISINR5CCI6IKPXVCJ9.EYJ0B2TLBL90EXBLIJOIC2XPZGLUZYISIMV4CCI6MTC0MZKXOTK5NCWIAWF0IJOXNZQZOTE2MZK0LCJQDGKIOIIXZJE3YTJMYJJMODU0YZUWYJY3OTZIOGE2ODY0NJZKYSISINJLZNJLC2HFZXHWIJOXNZQ0MDAYNZK0LCJ1C2VYX2LKIJOXFQ.YKC2JNF3DSL0UACDEB-BXJE1JN_ZEXMM_KW-8IUHWEC','2025-04-06 05:13:14.696667','2025-04-06 06:13:14.000000',1,'1F17A2FB2F854C50B6796B8A686466DA'),(2040,'EYJHBGCIOIJIUZI1NIISINR5CCI6IKPXVCJ9.EYJ0B2TLBL90EXBLIJOICMVMCMVZACISIMV4CCI6MTC0NDAWNJEYNYWIAWF0IJOXNZQZOTE5NZI3LCJQDGKIOIIZNDDLMTQWZTIYM2I0Y2RKYJA0NTA5NGQ5OTI2NJE5ZIISINVZZXJFAWQIOJF9.ASEXV7LNTD7UBVUGK7RLPF9_TRYWCO4O4KO_WESGL2M','2025-04-06 06:08:47.003729','2025-04-07 06:08:47.000000',1,'347E140E223B4CDDB045094D9926619F'),(2041,'EYJHBGCIOIJIUZI1NIISINR5CCI6IKPXVCJ9.EYJ0B2TLBL90EXBLIJOIC2XPZGLUZYISIMV4CCI6MTC0MZKYMZMYOCWIAWF0IJOXNZQZOTE5NZI4LCJQDGKIOIIWMDYZNZLLMWVIYTM0MJDKYWJHMZA4MTU4NZMXNTRLNSISINJLZNJLC2HFZXHWIJOXNZQ0MDA2MTI4LCJ1C2VYX2LKIJOXFQ.8U0-ADENVEXZQCQMDK9QKINMUEAKSZ2YIDKQJXUPMZ0','2025-04-06 06:08:48.951989','2025-04-06 07:08:48.000000',1,'006379E1EBA3427DABA30815873154E5'),(2042,'EYJHBGCIOIJIUZI1NIISINR5CCI6IKPXVCJ9.EYJ0B2TLBL90EXBLIJOICMVMCMVZACISIMV4CCI6MTC0NDAWNZCYOCWIAWF0IJOXNZQZOTIXMZI4LCJQDGKIOIJKOWQ5YJI1ZGE2YTQ0MJHIOTUXZGZHMDFJYWU5M2I4YSISINVZZXJFAWQIOJF9.3LQLA3DGCVWMH9WNN0WVZ_Q34QA3RLME4RD7YLJJUHY','2025-04-06 06:35:28.216562','2025-04-07 06:35:28.000000',1,'D9D9B25DA6A4428B951DFA01CAE93B8A'),(2043,'EYJHBGCIOIJIUZI1NIISINR5CCI6IKPXVCJ9.EYJ0B2TLBL90EXBLIJOIC2XPZGLUZYISIMV4CCI6MTC0MZKYNDKZNSWIAWF0IJOXNZQZOTIXMZM1LCJQDGKIOII1MWQ3MTHMMTG2MDE0ZWU1OWRJN2UXMJY4ZDA4YZGXYIISINJLZNJLC2HFZXHWIJOXNZQ0MDA3NZM1LCJ1C2VYX2LKIJOXFQ.5KRJCGPKE_F07XDWUWUWNJGOSO5EQ2OSI8APU4C2IIA','2025-04-06 06:35:35.554051','2025-04-06 07:35:35.000000',1,'51D718F186014EE59DC7E1268D08C81B'),(2044,'EYJHBGCIOIJIUZI1NIISINR5CCI6IKPXVCJ9.EYJ0B2TLBL90EXBLIJOICMVMCMVZACISIMV4CCI6MTC0NDAWODQXMCWIAWF0IJOXNZQZOTIYMDEWLCJQDGKIOII5NTC4ZGJMYWI3ZDM0YWU3YJVKZMYZZDQYN2Y2OGEXZIISINVZZXJFAWQIOJF9.EDPRNVKA9N9N2GLWOG9FRO6IFWEMVF31W3DWEEVWJRW','2025-04-06 06:46:50.421514','2025-04-07 06:46:50.000000',1,'9578DBFAB7D34AE7B5DFF3D427F68A1F'),(2045,'EYJHBGCIOIJIUZI1NIISINR5CCI6IKPXVCJ9.EYJ0B2TLBL90EXBLIJOIC2XPZGLUZYISIMV4CCI6MTC0MZKYNTYXNCWIAWF0IJOXNZQZOTIYMDE0LCJQDGKIOIIYODUZY2UZMTBMMDA0YJU0OWZIZTG4YMY2ZWJMNDI3NSISINJLZNJLC2HFZXHWIJOXNZQ0MDA4NDE0LCJ1C2VYX2LKIJOXFQ.GXUDVUTIZIWNMAAP7REXWIOY_A0TSJMQ_B7C0VGOZSS','2025-04-06 06:46:54.613550','2025-04-06 07:46:54.000000',1,'2853CE310F004B549FBE88BF6EBF4275'),(2046,'EYJHBGCIOIJIUZI1NIISINR5CCI6IKPXVCJ9.EYJ0B2TLBL90EXBLIJOICMVMCMVZACISIMV4CCI6MTC0NDAWODUZNSWIAWF0IJOXNZQZOTIYMTM1LCJQDGKIOIJINJCYMMJHZJC4MWM0YTK3ODE0YMIYMDA0N2QXNMZKOCISINVZZXJFAWQIOJF9.0FY6SNIYTCHTK41U8WKVRMN-0K-TXG2JBDDC3GK8SFI','2025-04-06 06:48:55.364551','2025-04-07 06:48:55.000000',1,'B6722BAF781C4A97814BB20047D16FD8'),(2047,'EYJHBGCIOIJIUZI1NIISINR5CCI6IKPXVCJ9.EYJ0B2TLBL90EXBLIJOIC2XPZGLUZYISIMV4CCI6MTC0MZKYNTCZOCWIAWF0IJOXNZQZOTIYMTM4LCJQDGKIOII5ZDC5ODI3ZDQ0ZGY0MME4YJJHN2RJNZG5ZTGXMTCZOCISINJLZNJLC2HFZXHWIJOXNZQ0MDA4NTM4LCJ1C2VYX2LKIJOXFQ.CZKW0V50YR3KNTSAR9HFFIJR3AESKKJ8LLVU0MS4ZGU','2025-04-06 06:48:58.527491','2025-04-06 07:48:58.000000',1,'9D79827D44DF42A8B2A7DC789E811738'),(2048,'EYJHBGCIOIJIUZI1NIISINR5CCI6IKPXVCJ9.EYJ0B2TLBL90EXBLIJOICMVMCMVZACISIMV4CCI6MTC0NDAWODU3NSWIAWF0IJOXNZQZOTIYMTC1LCJQDGKIOII5ZGNMYZQ4MTG5NTG0OTYXODVHZTDMMJVKMJA3MJRHZCISINVZZXJFAWQIOJF9.JWDKA86NZMPNKWHQPUKDMSP4W_H-IRWVWDDOMGHMPLC','2025-04-06 06:49:35.467009','2025-04-07 06:49:35.000000',1,'9DCFC4818958496185AE7F25D20724AD'),(2049,'EYJHBGCIOIJIUZI1NIISINR5CCI6IKPXVCJ9.EYJ0B2TLBL90EXBLIJOIC2XPZGLUZYISIMV4CCI6MTC0MZKYNTC3OSWIAWF0IJOXNZQZOTIYMTC5LCJQDGKIOIJMMDY1YMU0OTUZNDQ0ZGU3ODLKMZJLMJA1NZFJZDVJYYISINJLZNJLC2HFZXHWIJOXNZQ0MDA4NTC5LCJ1C2VYX2LKIJOXFQ.GTQZYFGCZ-B_RX2AVTUTFYI9ZSWCOIV9BQMSTRHUO60','2025-04-06 06:49:39.446216','2025-04-06 07:49:39.000000',1,'F065BE4953444DE789D32E20571CD5CC'),(2050,'EYJHBGCIOIJIUZI1NIISINR5CCI6IKPXVCJ9.EYJ0B2TLBL90EXBLIJOICMVMCMVZACISIMV4CCI6MTC0NDAWOTA4MIWIAWF0IJOXNZQZOTIYNJGYLCJQDGKIOIJHNWQYMDI0NWYZYME0NTA5YMM2NDAWMWJLMDMWYTI1MSISINVZZXJFAWQIOJF9.G2CJMB1OL3NNKEY-TO7ZSIZORSOY4K7EHZAMNCLTWG8','2025-04-06 06:58:02.129836','2025-04-07 06:58:02.000000',1,'A5D20245F3BA4509BC64001BE030A251'),(2051,'EYJHBGCIOIJIUZI1NIISINR5CCI6IKPXVCJ9.EYJ0B2TLBL90EXBLIJOIC2XPZGLUZYISIMV4CCI6MTC0MZKYNJI4NIWIAWF0IJOXNZQZOTIYNJG2LCJQDGKIOIIWZGE4MJNHNJBIY2Q0ZTCZYTNIMDRHNZLIZTIZNDJMMIISINJLZNJLC2HFZXHWIJOXNZQ0MDA5MDG2LCJ1C2VYX2LKIJOXFQ.MYY4T5P_VCJ3EJ_W8WJIM43IFT-Q93GZDCTLRW3YEMO','2025-04-06 06:58:06.065917','2025-04-06 07:58:06.000000',1,'0DA823A60BCD4E73A3B04A79BE2342F2'),(2052,'EYJHBGCIOIJIUZI1NIISINR5CCI6IKPXVCJ9.EYJ0B2TLBL90EXBLIJOIC2XPZGLUZYISIMV4CCI6MTC0MZKYODM2MCWIAWF0IJOXNZQZOTI0NZYWLCJQDGKIOIIYM2EYYTK2OGY2MGU0ZMFHOGM1MZFMZWEZYJVLMZU1YSISINJLZNJLC2HFZXHWIJOXNZQ0MDEXMTYWLCJ1C2VYX2LKIJOXFQ.J3-V3TXU5LFVV0VQIRDYUCSCNJ1SLEUG0KRYMAOAEH4','2025-04-06 07:32:40.143582','2025-04-06 08:32:40.000000',1,'23A2A968F60E4FAA8C531FEA3B5E355A'),(2053,'EYJHBGCIOIJIUZI1NIISINR5CCI6IKPXVCJ9.EYJ0B2TLBL90EXBLIJOIC2XPZGLUZYISIMV4CCI6MTC0MZKYODM2MCWIAWF0IJOXNZQZOTI0NZYWLCJQDGKIOIIZY2Y2NMJJNTG1NZG0OTAXOGZIMME0ZJA4YMI4N2I4ZCISINJLZNJLC2HFZXHWIJOXNZQ0MDEXMTYWLCJ1C2VYX2LKIJOXFQ.ZOB-CQTCPTNPIPLB1K2IBXBKUOUIJOHSSQBP5MED6JS','2025-04-06 07:32:40.157540','2025-04-06 08:32:40.000000',1,'3CF66BC5857849018FB2A4F08BB87B8D'),(2054,'EYJHBGCIOIJIUZI1NIISINR5CCI6IKPXVCJ9.EYJ0B2TLBL90EXBLIJOIC2XPZGLUZYISIMV4CCI6MTC0MZKYODM2MCWIAWF0IJOXNZQZOTI0NZYWLCJQDGKIOIJMYJG3NZEXYTRMMDG0NWUXYWQ5ODU5MZJJYJBKOTNMZIISINJLZNJLC2HFZXHWIJOXNZQ0MDEXMTYWLCJ1C2VYX2LKIJOXFQ.-UXXA5Y50Z6TT98JQLRQZ1I5U4IPX-W5A_UWQW5PRNM','2025-04-06 07:32:40.174101','2025-04-06 08:32:40.000000',1,'FB87711A4F0845E1AD985932CB0D93FF'),(2055,'EYJHBGCIOIJIUZI1NIISINR5CCI6IKPXVCJ9.EYJ0B2TLBL90EXBLIJOIC2XPZGLUZYISIMV4CCI6MTC0MZKYODM2MCWIAWF0IJOXNZQZOTI0NZYWLCJQDGKIOII4NZRMMMMWMJEWNWQ0MDJHYJG4NJMXZWUZMZVMYJC5NCISINJLZNJLC2HFZXHWIJOXNZQ0MDEXMTYWLCJ1C2VYX2LKIJOXFQ.CR1VAXE5UB6E-7ZVIPPYK7EHDKZS7TBQB9TT9YYEIAI','2025-04-06 07:32:40.190356','2025-04-06 08:32:40.000000',1,'874F2C02105D402AB88631EE335FB794'),(2056,'EYJHBGCIOIJIUZI1NIISINR5CCI6IKPXVCJ9.EYJ0B2TLBL90EXBLIJOIC2XPZGLUZYISIMV4CCI6MTC0MZKYODM2MCWIAWF0IJOXNZQZOTI0NZYWLCJQDGKIOII0M2I3ZTQ3NTEWNJA0MZIZYJY1ODJMOTQ1YZK2MGVLMIISINJLZNJLC2HFZXHWIJOXNZQ0MDEXMTYWLCJ1C2VYX2LKIJOXFQ.SWG3KTJFSHWWT8WILN0UROCUTHOAUH-5GPGVYZUGCBK','2025-04-06 07:32:40.205874','2025-04-06 08:32:40.000000',1,'43B7E47510604323B6582F945C960EE2'),(2057,'EYJHBGCIOIJIUZI1NIISINR5CCI6IKPXVCJ9.EYJ0B2TLBL90EXBLIJOIC2XPZGLUZYISIMV4CCI6MTC0MZKYODM2MCWIAWF0IJOXNZQZOTI0NZYWLCJQDGKIOIJIZDUXNDG0OTAZNTK0NGJIYTLIY2E4NZCYNDG2NGZKNYISINJLZNJLC2HFZXHWIJOXNZQ0MDEXMTYWLCJ1C2VYX2LKIJOXFQ.GGRZIN9YJ8OJN1U4AX_DCGWPKJFHFY3WCQ3H_VYUCQM','2025-04-06 07:32:40.217784','2025-04-06 08:32:40.000000',1,'BD514849035944BBA9BCA87724864FD7'),(2058,'EYJHBGCIOIJIUZI1NIISINR5CCI6IKPXVCJ9.EYJ0B2TLBL90EXBLIJOIC2XPZGLUZYISIMV4CCI6MTC0MZKYODM2MCWIAWF0IJOXNZQZOTI0NZYWLCJQDGKIOIIXZTVMY2VJMJHLNWI0NTHLYJDMNDE4NWI1MTY5MGY0ZCISINJLZNJLC2HFZXHWIJOXNZQ0MDEXMTYWLCJ1C2VYX2LKIJOXFQ.Y7T2AIFGIACYFXNFY7Q58QM_VYOEONRDQCQQGD52HPA','2025-04-06 07:32:40.233428','2025-04-06 08:32:40.000000',1,'1E5FCEC28E5B458EB7F4185B51690F4D'),(2059,'EYJHBGCIOIJIUZI1NIISINR5CCI6IKPXVCJ9.EYJ0B2TLBL90EXBLIJOIC2XPZGLUZYISIMV4CCI6MTC0MZKYODM2MCWIAWF0IJOXNZQZOTI0NZYWLCJQDGKIOII5ZTYZOWE2MZGZYWI0MDFHYWFKYZC5ZDNJOGYXMDQ1MIISINJLZNJLC2HFZXHWIJOXNZQ0MDEXMTYWLCJ1C2VYX2LKIJOXFQ.A5GW9QOAHCLW33MNKMMKWIH93IB10TZ2YMTA5Z9QYHI','2025-04-06 07:32:40.251807','2025-04-06 08:32:40.000000',1,'9E639A6383AB401AAADC79D3C8F10452'),(2060,'EYJHBGCIOIJIUZI1NIISINR5CCI6IKPXVCJ9.EYJ0B2TLBL90EXBLIJOIC2XPZGLUZYISIMV4CCI6MTC0MZKYODM2MCWIAWF0IJOXNZQZOTI0NZYWLCJQDGKIOIJMZWY3NZI1OTNMNDA0ZDLIODVIYJM2MWMXZDNJMMY1ZSISINJLZNJLC2HFZXHWIJOXNZQ0MDEXMTYWLCJ1C2VYX2LKIJOXFQ.WUU_YQ_8HXPVNR75QNQNTFYVHRLBFVOBANZHIPI0QIS','2025-04-06 07:32:40.265171','2025-04-06 08:32:40.000000',1,'FEF772593F404D9B85BB361C1D3C2F5E'),(2061,'EYJHBGCIOIJIUZI1NIISINR5CCI6IKPXVCJ9.EYJ0B2TLBL90EXBLIJOIC2XPZGLUZYISIMV4CCI6MTC0MZKYODM2MCWIAWF0IJOXNZQZOTI0NZYWLCJQDGKIOIJMOTUYMMY3OTM0YZI0OWUWYJQ5YJJJZMM2NGEXODQ1NIISINJLZNJLC2HFZXHWIJOXNZQ0MDEXMTYWLCJ1C2VYX2LKIJOXFQ.XR6PA7JBROPVXA2T715QA0WIHFRYCOOY5ZFIRMYR3AY','2025-04-06 07:32:40.287088','2025-04-06 08:32:40.000000',1,'F9522F7934C249E0B49B2CFC64A18456'),(2062,'EYJHBGCIOIJIUZI1NIISINR5CCI6IKPXVCJ9.EYJ0B2TLBL90EXBLIJOIC2XPZGLUZYISIMV4CCI6MTC0MZKYODM2MCWIAWF0IJOXNZQZOTI0NZYWLCJQDGKIOIJLZMU1N2JKZDI1ODE0MJLKODHKMJZJN2VHZTK2MZJJZIISINJLZNJLC2HFZXHWIJOXNZQ0MDEXMTYWLCJ1C2VYX2LKIJOXFQ.KSRYE1VTRWKWOEJSDN9O-GRLGZYKUFJPMLTTVKWSXKI','2025-04-06 07:32:40.299504','2025-04-06 08:32:40.000000',1,'EFE57BDD2581429D88D26C7EAE9632CF'),(2063,'EYJHBGCIOIJIUZI1NIISINR5CCI6IKPXVCJ9.EYJ0B2TLBL90EXBLIJOIC2XPZGLUZYISIMV4CCI6MTC0MZKYODM2MCWIAWF0IJOXNZQZOTI0NZYWLCJQDGKIOIJINWVIZJBJZWQ0ZDE0OGYXYTBHNDE5ZTRLZTK1MWU0ZSISINJLZNJLC2HFZXHWIJOXNZQ0MDEXMTYWLCJ1C2VYX2LKIJOXFQ.YVI4QFWSHUB6B0PXKSYJSSLPYQXVRY3ZY419TKE-ZM8','2025-04-06 07:32:40.314838','2025-04-06 08:32:40.000000',1,'B5EBF0CED4D148F1A0A419E4EE951E4E'),(2064,'EYJHBGCIOIJIUZI1NIISINR5CCI6IKPXVCJ9.EYJ0B2TLBL90EXBLIJOIC2XPZGLUZYISIMV4CCI6MTC0MZKYODM2MCWIAWF0IJOXNZQZOTI0NZYWLCJQDGKIOII5ZTC3ZJK2ZDU1OTA0ZDG4OWUXYJK4NJFHMDQ2YZI5NSISINJLZNJLC2HFZXHWIJOXNZQ0MDEXMTYWLCJ1C2VYX2LKIJOXFQ.CCW5KXK4ZZWTETWT6-EOK2FDTFZ91KDCU-PZMCT3TM0','2025-04-06 07:32:40.331571','2025-04-06 08:32:40.000000',1,'9E77F96D55904D889E1B9861A046C295'),(2065,'EYJHBGCIOIJIUZI1NIISINR5CCI6IKPXVCJ9.EYJ0B2TLBL90EXBLIJOIC2XPZGLUZYISIMV4CCI6MTC0MZKYODM2MCWIAWF0IJOXNZQZOTI0NZYWLCJQDGKIOII0N2E4OWZMMZNLMGM0NJE1OTQ0YTJKNJUYZTU1ZTZHMCISINJLZNJLC2HFZXHWIJOXNZQ0MDEXMTYWLCJ1C2VYX2LKIJOXFQ.WNYRVZOB_RS5B7YPNJ2XOEGA7NSNEGCQBFGHO8TFDXU','2025-04-06 07:32:40.346128','2025-04-06 08:32:40.000000',1,'47A89FF33E0C4615944A2D652E55E6A0'),(2066,'EYJHBGCIOIJIUZI1NIISINR5CCI6IKPXVCJ9.EYJ0B2TLBL90EXBLIJOIC2XPZGLUZYISIMV4CCI6MTC0MZKYODM2MCWIAWF0IJOXNZQZOTI0NZYWLCJQDGKIOII5YTRMNTM1MZBLYZG0YTA2YMZINWMXOTZJOTI4NZZMMSISINJLZNJLC2HFZXHWIJOXNZQ0MDEXMTYWLCJ1C2VYX2LKIJOXFQ.TZCTRXLCRQEQWZ4U-E80HNYZHG6OPGEOOOTZQT3BK4O','2025-04-06 07:32:40.361513','2025-04-06 08:32:40.000000',1,'9A4F53530EC84A06BFB5C196C92876F1'),(2067,'EYJHBGCIOIJIUZI1NIISINR5CCI6IKPXVCJ9.EYJ0B2TLBL90EXBLIJOIC2XPZGLUZYISIMV4CCI6MTC0MZKYODM2MCWIAWF0IJOXNZQZOTI0NZYWLCJQDGKIOIJKNMJKODG0MTLJOTM0ZMEWOWY1MZC1YMI0MWE3MME2ZCISINJLZNJLC2HFZXHWIJOXNZQ0MDEXMTYWLCJ1C2VYX2LKIJOXFQ.H-1SYDFV7NZPWU8TVBEBEWYQLSAPJECHWEITTNIXSEM','2025-04-06 07:32:40.448255','2025-04-06 08:32:40.000000',1,'D6BD88419C934FA09F5375BB41A72A6D'),(2068,'EYJHBGCIOIJIUZI1NIISINR5CCI6IKPXVCJ9.EYJ0B2TLBL90EXBLIJOIC2XPZGLUZYISIMV4CCI6MTC0MZKYODM2MCWIAWF0IJOXNZQZOTI0NZYWLCJQDGKIOIIYN2Y5MZI0YJM0YZC0NMQ4YMI2ZJG5N2RKYWVHMWI3MCISINJLZNJLC2HFZXHWIJOXNZQ0MDEXMTYWLCJ1C2VYX2LKIJOXFQ.UK4JQPTDZICKYCAFMSUUK1P6OCBMK-W2LIEWPGJIBXE','2025-04-06 07:32:40.471638','2025-04-06 08:32:40.000000',1,'27F9324B34C746D8BB6F897DDAEA1B70'),(2069,'EYJHBGCIOIJIUZI1NIISINR5CCI6IKPXVCJ9.EYJ0B2TLBL90EXBLIJOIC2XPZGLUZYISIMV4CCI6MTC0MZKYODM2MCWIAWF0IJOXNZQZOTI0NZYWLCJQDGKIOII0ZMEWYZQ2Y2IYNDG0M2E4ODJJYJE3MJQ3MGFJMZJMZCISINJLZNJLC2HFZXHWIJOXNZQ0MDEXMTYWLCJ1C2VYX2LKIJOXFQ.0MWJBHBJDP4IAXIHFMOWXDOGHX2B85HW6VKM8DU4QQK','2025-04-06 07:32:40.486310','2025-04-06 08:32:40.000000',1,'4FA0C46CB24843A882CB172470AC32FD'),(2070,'EYJHBGCIOIJIUZI1NIISINR5CCI6IKPXVCJ9.EYJ0B2TLBL90EXBLIJOIC2XPZGLUZYISIMV4CCI6MTC0MZKYODM2MCWIAWF0IJOXNZQZOTI0NZYWLCJQDGKIOII1MDIYOGRIOTMXMTE0Y2E4OWNKNZI1M2M0ZTGWZTC1OSISINJLZNJLC2HFZXHWIJOXNZQ0MDEXMTYWLCJ1C2VYX2LKIJOXFQ.YAVEI4IILP9UKAWJBMA23BGBCFKHC4K_X5RUS__E-U8','2025-04-06 07:32:40.513021','2025-04-06 08:32:40.000000',1,'50228DB931114CA89CD7253C4E80E759'),(2071,'EYJHBGCIOIJIUZI1NIISINR5CCI6IKPXVCJ9.EYJ0B2TLBL90EXBLIJOICMVMCMVZACISIMV4CCI6MTC0NDAXMTM2NCWIAWF0IJOXNZQZOTI0OTY0LCJQDGKIOIIXZDFJOGYXZWZMZJI0Y2UZOWI4MZNKODC0ZMNMMTI1MYISINVZZXJFAWQIOJF9.BODUXP8RQM93HFLORT1NNNYTML_HHACP--MOUYC2JDQ','2025-04-06 07:36:04.072804','2025-04-07 07:36:04.000000',1,'1D1C8F1EFFF24CE39B833D874FCF1253'),(2072,'EYJHBGCIOIJIUZI1NIISINR5CCI6IKPXVCJ9.EYJ0B2TLBL90EXBLIJOIC2XPZGLUZYISIMV4CCI6MTC0MZKYODU2OCWIAWF0IJOXNZQZOTI0OTY4LCJQDGKIOII3ZTI2MTBJNDU1M2I0ZDQZYWFHZTC0NWI1MJA3ZJU5OSISINJLZNJLC2HFZXHWIJOXNZQ0MDEXMZY4LCJ1C2VYX2LKIJOXFQ._5XNRN-9IUJF6BGET6UA4BPXMA7ZLTCZT4M4X1LP-HK','2025-04-06 07:36:08.444331','2025-04-06 08:36:08.000000',1,'7E2610C4553B4D43AAAE745B5207F599'),(2073,'EYJHBGCIOIJIUZI1NIISINR5CCI6IKPXVCJ9.EYJ0B2TLBL90EXBLIJOICMVMCMVZACISIMV4CCI6MTC0NDAXMTQ5NYWIAWF0IJOXNZQZOTI1MDK3LCJQDGKIOII5NDIWODBIMMQ0MDM0YZYXYWFKOWU5YJHMZDHKZDGYNSISINVZZXJFAWQIOJF9.QJFUIE10TV-MQYX2SC1YSP4_QQZMYEMRTPOZ541QH1U','2025-04-06 07:38:17.318621','2025-04-07 07:38:17.000000',1,'942080B2D4034C61AAD9E9B8FD8DD825'),(2074,'EYJHBGCIOIJIUZI1NIISINR5CCI6IKPXVCJ9.EYJ0B2TLBL90EXBLIJOIC2XPZGLUZYISIMV4CCI6MTC0MZKYODCYMIWIAWF0IJOXNZQZOTI1MTIYLCJQDGKIOIIYMTJLNTG4MTLHNTI0YJQ2YMZMZDBIOTKWZJIZMWZLOSISINJLZNJLC2HFZXHWIJOXNZQ0MDEXNTIYLCJ1C2VYX2LKIJOXFQ.A9K8JYBXSN-VK-IJNAUG0RAT8ZUECXFXJHS9KJWCABK','2025-04-06 07:38:42.797031','2025-04-06 08:38:42.000000',1,'212E58819A524B46BFFD0B990F231FE9'),(2075,'EYJHBGCIOIJIUZI1NIISINR5CCI6IKPXVCJ9.EYJ0B2TLBL90EXBLIJOICMVMCMVZACISIMV4CCI6MTC0NDAXMTYWNCWIAWF0IJOXNZQZOTI1MJA0LCJQDGKIOIJHYZG1YZCZOWJLODM0MZDKYJLHNTRKYTAWMDHIODIZYYISINVZZXJFAWQIOJF9.NS4MPPHPHLEEW04FL9YK8BKLNJRIS5BJJLHDKYUIZHG','2025-04-06 07:40:04.604978','2025-04-07 07:40:04.000000',1,'AC85C739BE83437DB9A54DA0008B823C'),(2076,'EYJHBGCIOIJIUZI1NIISINR5CCI6IKPXVCJ9.EYJ0B2TLBL90EXBLIJOIC2XPZGLUZYISIMV4CCI6MTC0MZKYODGWOSWIAWF0IJOXNZQZOTI1MJA5LCJQDGKIOIJKMZU0OWEWODKWOWQ0MDYXOWI0NJZKNTC3ZMVJN2EWMYISINJLZNJLC2HFZXHWIJOXNZQ0MDEXNJA5LCJ1C2VYX2LKIJOXFQ.CAPOVURLCWPKCKY8MOWX6FLVCPQ2_OLVVF0-UQTQ-QK','2025-04-06 07:40:09.004815','2025-04-06 08:40:09.000000',1,'D3549A08909D40619B466D577FEC7A03'),(2077,'EYJHBGCIOIJIUZI1NIISINR5CCI6IKPXVCJ9.EYJ0B2TLBL90EXBLIJOICMVMCMVZACISIMV4CCI6MTC0NDAXMTY4MCWIAWF0IJOXNZQZOTI1MJGWLCJQDGKIOIIYZJGWYZLKZMFIMDK0YJEXYTQ1OTBINDRMZJU4NMFHOSISINVZZXJFAWQIOJF9.QTTOFSIVHQOSMEJVG-JJSBGX3ZOGEWOCW5Y-MD4OZTO','2025-04-06 07:41:20.889342','2025-04-07 07:41:20.000000',1,'2F80C9DFAB094B11A4590B44FF586AA9'),(2078,'EYJHBGCIOIJIUZI1NIISINR5CCI6IKPXVCJ9.EYJ0B2TLBL90EXBLIJOIC2XPZGLUZYISIMV4CCI6MTC0MZKYODG4NSWIAWF0IJOXNZQZOTI1MJG1LCJQDGKIOIIYMJAXYZK0NJIZOTQ0YWM3YJAXYTKZYZJJYZA2OTGZNSISINJLZNJLC2HFZXHWIJOXNZQ0MDEXNJG1LCJ1C2VYX2LKIJOXFQ.NTI9IH8QLHHPX6PXDIWUTCRJTLRG1JDYMNLPTIGGC9K','2025-04-06 07:41:25.870486','2025-04-06 08:41:25.000000',1,'2201C94623944AC7B01A93C2CC069835'),(2079,'EYJHBGCIOIJIUZI1NIISINR5CCI6IKPXVCJ9.EYJ0B2TLBL90EXBLIJOICMVMCMVZACISIMV4CCI6MTC0NDAXMTCYNIWIAWF0IJOXNZQZOTI1MZI2LCJQDGKIOIJKNJBINZNINWUWOWU0ZDNMODU5YJZJYTG3OTUXZDE3MSISINVZZXJFAWQIOJF9.FON4PH6RZIPVOUO_Q31QSYVFCTD8-WL9IBSJAHYRRXS','2025-04-06 07:42:06.690983','2025-04-07 07:42:06.000000',1,'D60B73B5E09E4D3F859B6CA87951D171'),(2080,'EYJHBGCIOIJIUZI1NIISINR5CCI6IKPXVCJ9.EYJ0B2TLBL90EXBLIJOIC2XPZGLUZYISIMV4CCI6MTC0MZKYODKYOSWIAWF0IJOXNZQZOTI1MZI5LCJQDGKIOII4ZTI5YJQXZDU2NJK0ODLIYTRJNTDJYMMZYWQZZTK1ZIISINJLZNJLC2HFZXHWIJOXNZQ0MDEXNZI5LCJ1C2VYX2LKIJOXFQ.DXDPMO_8736OPBSTFX5RSBJTH6POSOZF14U2NAYFWII','2025-04-06 07:42:09.859519','2025-04-06 08:42:09.000000',1,'8E29B41D5669489BA4C57CBC3AD3E95F'),(2081,'EYJHBGCIOIJIUZI1NIISINR5CCI6IKPXVCJ9.EYJ0B2TLBL90EXBLIJOIC2XPZGLUZYISIMV4CCI6MTC0MZKZMTCZNIWIAWF0IJOXNZQZOTI4MTM2LCJQDGKIOIJLMGI5MTUXMWQZMDC0MWU4OTCYZTQZNWFKMWEYY2VMNSISINJLZNJLC2HFZXHWIJOXNZQ0MDE0NTM2LCJ1C2VYX2LKIJOXFQ.4ON5_SIEW8YHPXV0SKEROAXKFTVU9HTJ7K6MQRDJWMQ','2025-04-06 08:28:56.685567','2025-04-06 09:28:56.000000',1,'E0B91511D30741E8972E435AD1A2CEF5'),(2082,'EYJHBGCIOIJIUZI1NIISINR5CCI6IKPXVCJ9.EYJ0B2TLBL90EXBLIJOIC2XPZGLUZYISIMV4CCI6MTC0MZKZMTCZNIWIAWF0IJOXNZQZOTI4MTM2LCJQDGKIOIIXMWI4MZVMZGYZYZK0NGZLOTI0ZGE4OTVJZDK2ODRKMSISINJLZNJLC2HFZXHWIJOXNZQ0MDE0NTM2LCJ1C2VYX2LKIJOXFQ.-NIBGBSGBLJDDVMMBIWJLN-TK_EWPKK_X_FGWY5AUP0','2025-04-06 08:28:56.702774','2025-04-06 09:28:56.000000',1,'11B835FDF3C944FE924DA895CD9684D1'),(2083,'EYJHBGCIOIJIUZI1NIISINR5CCI6IKPXVCJ9.EYJ0B2TLBL90EXBLIJOIC2XPZGLUZYISIMV4CCI6MTC0MZKZMTCZNIWIAWF0IJOXNZQZOTI4MTM2LCJQDGKIOIJLNDRKNTFIMGE0YZG0NWNMODY4NZC0YTUZMTFMNDQ2ZCISINJLZNJLC2HFZXHWIJOXNZQ0MDE0NTM2LCJ1C2VYX2LKIJOXFQ.GD1EPT0RKFNQB4IVSLLSLKJWUMGKKJBN1GADXI39VOS','2025-04-06 08:28:56.720941','2025-04-06 09:28:56.000000',1,'E44D51B0A4C845CF868774A5311F446D'),(2084,'EYJHBGCIOIJIUZI1NIISINR5CCI6IKPXVCJ9.EYJ0B2TLBL90EXBLIJOIC2XPZGLUZYISIMV4CCI6MTC0MZKZMTCZNIWIAWF0IJOXNZQZOTI4MTM2LCJQDGKIOIJMZGQ4YMVMNGM5ODY0NJFIOTKWZDRJMWI4YJQ3MDU4MCISINJLZNJLC2HFZXHWIJOXNZQ0MDE0NTM2LCJ1C2VYX2LKIJOXFQ.5HCHYWFEX1ZHKYLY5WKZGIYYMEI3ZCDF_RCXB1RXHOY','2025-04-06 08:28:56.737897','2025-04-06 09:28:56.000000',1,'FDD8BEF4C986461B990D4C1B8B470580'),(2085,'EYJHBGCIOIJIUZI1NIISINR5CCI6IKPXVCJ9.EYJ0B2TLBL90EXBLIJOIC2XPZGLUZYISIMV4CCI6MTC0MZKZMTCZNIWIAWF0IJOXNZQZOTI4MTM2LCJQDGKIOII3N2RKZMJJNZAXNZQ0OGM3OTLMMWIZYWIZODG2MMI0MYISINJLZNJLC2HFZXHWIJOXNZQ0MDE0NTM2LCJ1C2VYX2LKIJOXFQ.XAWFV1ZC4P_E5EN7PZAYNNRBWRCBXSJCG6SSWRQXKHW','2025-04-06 08:28:56.753836','2025-04-06 09:28:56.000000',1,'77DDFBC7017448C799F1B3AB38862B43'),(2086,'EYJHBGCIOIJIUZI1NIISINR5CCI6IKPXVCJ9.EYJ0B2TLBL90EXBLIJOIC2XPZGLUZYISIMV4CCI6MTC0MZKZMTCZNIWIAWF0IJOXNZQZOTI4MTM2LCJQDGKIOIJKNZJKYWYZNJUXN2U0ZJVLYJGZZDUWYZUZYTZMNDHHNSISINJLZNJLC2HFZXHWIJOXNZQ0MDE0NTM2LCJ1C2VYX2LKIJOXFQ.AA42UVARY5GH2RDIO-2ZJIPX2N2QSV7TVRMWPQQORMI','2025-04-06 08:28:56.768930','2025-04-06 09:28:56.000000',1,'D72DAF36517E4F5EB83D50C53A6F48A5'),(2087,'EYJHBGCIOIJIUZI1NIISINR5CCI6IKPXVCJ9.EYJ0B2TLBL90EXBLIJOIC2XPZGLUZYISIMV4CCI6MTC0MZKZMTCZNIWIAWF0IJOXNZQZOTI4MTM2LCJQDGKIOIIWNJCZMDE1YJEZNJA0Y2Q0OWYWNWIWODFHM2UYYWQ1MCISINJLZNJLC2HFZXHWIJOXNZQ0MDE0NTM2LCJ1C2VYX2LKIJOXFQ.91A_54Q8EFJMYBULRJQ2WYQFNZDL7HTYY2PFF9KEX5O','2025-04-06 08:28:56.783247','2025-04-06 09:28:56.000000',1,'0673015B13604CD49F05B081A3E2AD50'),(2088,'EYJHBGCIOIJIUZI1NIISINR5CCI6IKPXVCJ9.EYJ0B2TLBL90EXBLIJOIC2XPZGLUZYISIMV4CCI6MTC0MZKZMTCZNIWIAWF0IJOXNZQZOTI4MTM2LCJQDGKIOIJHMJZIYJNIZDNINTI0OGE2YJHLOTYYNMNMOGI1ZJYWMYISINJLZNJLC2HFZXHWIJOXNZQ0MDE0NTM2LCJ1C2VYX2LKIJOXFQ.BSL2TNXGS-DVFWYFLWEQ75V3ZKVI8SM_Y6C0SJ14WO8','2025-04-06 08:28:56.793921','2025-04-06 09:28:56.000000',1,'A26BB3BD3B5248A6B8E9626CF8B5F603'),(2089,'EYJHBGCIOIJIUZI1NIISINR5CCI6IKPXVCJ9.EYJ0B2TLBL90EXBLIJOIC2XPZGLUZYISIMV4CCI6MTC0MZKZMTCZNIWIAWF0IJOXNZQZOTI4MTM2LCJQDGKIOII3OTM1NTC5YWMXMZG0ZTU5ODJLOTIYZMU1ODHJYZDKZIISINJLZNJLC2HFZXHWIJOXNZQ0MDE0NTM2LCJ1C2VYX2LKIJOXFQ.SPBSC3-5JVRY5IZXL8VLUXGHAS2TO1P3BZPBAPXZNJM','2025-04-06 08:28:56.804817','2025-04-06 09:28:56.000000',1,'7935579AC1384E5982E922FE588CC7DF'),(2090,'EYJHBGCIOIJIUZI1NIISINR5CCI6IKPXVCJ9.EYJ0B2TLBL90EXBLIJOIC2XPZGLUZYISIMV4CCI6MTC0MZKZMTCZNIWIAWF0IJOXNZQZOTI4MTM2LCJQDGKIOIIYOWEWNMI5YTNLOWU0OGZLOTG4YWMWMTNIMTI0NWM0ZIISINJLZNJLC2HFZXHWIJOXNZQ0MDE0NTM2LCJ1C2VYX2LKIJOXFQ.RXSTKKIAAQ1LQEQ2PBJL2O_HO2HJQOABSFZOF-QAZ78','2025-04-06 08:28:56.826963','2025-04-06 09:28:56.000000',1,'29A06B9A3E9E48FE988AC013B1245C4F'),(2091,'EYJHBGCIOIJIUZI1NIISINR5CCI6IKPXVCJ9.EYJ0B2TLBL90EXBLIJOIC2XPZGLUZYISIMV4CCI6MTC0MZKZMTCZNIWIAWF0IJOXNZQZOTI4MTM2LCJQDGKIOIIZZTNJYMJIZJC3YMQ0MWQ2YWU0MJHLZWEYYWY1OTBMYSISINJLZNJLC2HFZXHWIJOXNZQ0MDE0NTM2LCJ1C2VYX2LKIJOXFQ.VRBDRWWLKQ9WULY27TCSWVUVRGFOWDZ8LSZPUOLTG_0','2025-04-06 08:28:56.838534','2025-04-06 09:28:56.000000',1,'3E3CBBBF77BD41D6AE428EEA2AF590FA'),(2092,'EYJHBGCIOIJIUZI1NIISINR5CCI6IKPXVCJ9.EYJ0B2TLBL90EXBLIJOIC2XPZGLUZYISIMV4CCI6MTC0MZKZMTCZNIWIAWF0IJOXNZQZOTI4MTM2LCJQDGKIOII5YJC3N2NJNMYWZTI0NJVLYTVIOWE1NGJHOGRLZTLJMCISINJLZNJLC2HFZXHWIJOXNZQ0MDE0NTM2LCJ1C2VYX2LKIJOXFQ.9UHKMRRZKB7XULEYMOKWA8OLLGQ_D1RJLNSCIKZKP-U','2025-04-06 08:28:56.859537','2025-04-06 09:28:56.000000',1,'9B777CC6F0E2465EA5B9A54BA8DEE9C0'),(2093,'EYJHBGCIOIJIUZI1NIISINR5CCI6IKPXVCJ9.EYJ0B2TLBL90EXBLIJOIC2XPZGLUZYISIMV4CCI6MTC0MZKZMTCZNIWIAWF0IJOXNZQZOTI4MTM2LCJQDGKIOII5YTKZNTU4NDI5ZMU0MDG3OTI2YJI4Y2RIOWZJZTQWNYISINJLZNJLC2HFZXHWIJOXNZQ0MDE0NTM2LCJ1C2VYX2LKIJOXFQ.ALA_RDYP1XPBRHOREN5LNBGE6S3-Z9F9SVIXR8AFKXI','2025-04-06 08:28:56.950233','2025-04-06 09:28:56.000000',1,'9A93558429FE4087926B28CDB9FCE407'),(2094,'EYJHBGCIOIJIUZI1NIISINR5CCI6IKPXVCJ9.EYJ0B2TLBL90EXBLIJOIC2XPZGLUZYISIMV4CCI6MTC0MZKZMTCZNIWIAWF0IJOXNZQZOTI4MTM2LCJQDGKIOII4ZWYZYMIWN2Y1OTG0YTU2YJCZNTAZYJZMN2RLMWJLMSISINJLZNJLC2HFZXHWIJOXNZQ0MDE0NTM2LCJ1C2VYX2LKIJOXFQ.OHBL5ANVKEQV0QUNZ4BSZJYM6QZKNYVAU7E58QXXW10','2025-04-06 08:28:56.966417','2025-04-06 09:28:56.000000',1,'8EF3BB07F5984A56B73503B6F7DE1BE1'),(2095,'EYJHBGCIOIJIUZI1NIISINR5CCI6IKPXVCJ9.EYJ0B2TLBL90EXBLIJOIC2XPZGLUZYISIMV4CCI6MTC0MZKZMTCZNIWIAWF0IJOXNZQZOTI4MTM2LCJQDGKIOII5NTYXOGFHY2NJOGY0ZMFHYTLKMDE5MWM5YJIXY2RMYIISINJLZNJLC2HFZXHWIJOXNZQ0MDE0NTM2LCJ1C2VYX2LKIJOXFQ.C_SRDBNJP0JFMILNT257YMHUCJSM4XEYMFOPTDL99VW','2025-04-06 08:28:56.985036','2025-04-06 09:28:56.000000',1,'95618AACCC8F4FAAA9D0191C9B21CDFB'),(2096,'EYJHBGCIOIJIUZI1NIISINR5CCI6IKPXVCJ9.EYJ0B2TLBL90EXBLIJOIC2XPZGLUZYISIMV4CCI6MTC0MZKZMTCZNIWIAWF0IJOXNZQZOTI4MTM2LCJQDGKIOIIWMZAZNDCXNJI2NTK0N2Q0OWJLYMRMOTRMNGI4MGVLMSISINJLZNJLC2HFZXHWIJOXNZQ0MDE0NTM2LCJ1C2VYX2LKIJOXFQ.YCT3OLOF3VYOV8ZIPCQCLMWUWE_LEXK9WA53RD9MVPS','2025-04-06 08:28:56.997885','2025-04-06 09:28:56.000000',1,'03034716265947D49BEBDF94F4B80EE1'),(2097,'EYJHBGCIOIJIUZI1NIISINR5CCI6IKPXVCJ9.EYJ0B2TLBL90EXBLIJOIC2XPZGLUZYISIMV4CCI6MTC0MZKZMTCZNYWIAWF0IJOXNZQZOTI4MTM3LCJQDGKIOIJHYMNLZWM1OGZJNTM0MZZMOGMZODVMZJZKMDE4ZWQ2YYISINJLZNJLC2HFZXHWIJOXNZQ0MDE0NTM3LCJ1C2VYX2LKIJOXFQ.-AJOZ0KXPVR8MAPUVN_6CLSIPXZQ-XGLTIPGGNAUSRI','2025-04-06 08:28:57.018629','2025-04-06 09:28:57.000000',1,'ABCEEC58FC53436F8C385FF6D018ED6C'),(2098,'EYJHBGCIOIJIUZI1NIISINR5CCI6IKPXVCJ9.EYJ0B2TLBL90EXBLIJOIC2XPZGLUZYISIMV4CCI6MTC0MZKZMTCZNYWIAWF0IJOXNZQZOTI4MTM3LCJQDGKIOII3ZGRINDG4ZWQ0NWQ0M2JLYTGZZGQ3MMZMYMRKYTA5MIISINJLZNJLC2HFZXHWIJOXNZQ0MDE0NTM3LCJ1C2VYX2LKIJOXFQ.FGTHJKZB3RVZR4HADHRCMQVZWOJIHA1K1IWJZDZ6HFO','2025-04-06 08:28:57.063231','2025-04-06 09:28:57.000000',1,'7DDB488ED45D43BEA83DD72FFBDDA092'),(2099,'EYJHBGCIOIJIUZI1NIISINR5CCI6IKPXVCJ9.EYJ0B2TLBL90EXBLIJOIC2XPZGLUZYISIMV4CCI6MTC0MZKZMTCZNYWIAWF0IJOXNZQZOTI4MTM3LCJQDGKIOII0OWFKNJDHZJA5MMY0YZQXOWFKNDE5YMY1NJBKYTVJNSISINJLZNJLC2HFZXHWIJOXNZQ0MDE0NTM3LCJ1C2VYX2LKIJOXFQ.YHYS9YYTQ0FMXYENDKDDU_EZRC0Y2JCL2TOJUVM9WVY','2025-04-06 08:28:57.120693','2025-04-06 09:28:57.000000',1,'49AD67AF092F4C419AD419BF560DA5C5'),(2100,'EYJHBGCIOIJIUZI1NIISINR5CCI6IKPXVCJ9.EYJ0B2TLBL90EXBLIJOICMVMCMVZACISIMV4CCI6MTC0NDAYMZYWOSWIAWF0IJOXNZQZOTM3MJA5LCJQDGKIOII2MJA0NZMXOTHMMTI0MMM0OGVHNWI1MTY2MTHKNTQ4NIISINVZZXJFAWQIOJF9.HETM_S-HCB1EODNE1GZD5W-IAIAUFYSNK_YZHOXSRDE','2025-04-06 11:00:09.465965','2025-04-07 11:00:09.000000',1,'620473198F1242C48EA5B516618D5486'),(2101,'EYJHBGCIOIJIUZI1NIISINR5CCI6IKPXVCJ9.EYJ0B2TLBL90EXBLIJOIC2XPZGLUZYISIMV4CCI6MTC0MZK0MDGXMIWIAWF0IJOXNZQZOTM3MJEYLCJQDGKIOIJLOWZJOTVLMDDIZJY0YZC0OWRMZJM2MDFHZJNJMWFLMIISINJLZNJLC2HFZXHWIJOXNZQ0MDIZNJEYLCJ1C2VYX2LKIJOXFQ.HPV-MVDJ3PVVFWH05HZX0E9KLIX5R4C_-MEQOIWHHSU','2025-04-06 11:00:12.297407','2025-04-06 12:00:12.000000',1,'E9FC95E07BF64C749DFF3601AF3C1AE2');
/*!40000 ALTER TABLE `token_blacklist_outstandingtoken` ENABLE KEYS */;
UNLOCK TABLES;

--
-- Table structure for table `trip_bokking_memos`
--

DROP TABLE IF EXISTS `trip_bokking_memos`;
/*!40101 SET @saved_cs_client     = @@character_set_client */;
/*!50503 SET character_set_client = utf8mb4 */;
CREATE TABLE `trip_bokking_memos` (
  `id` bigint NOT NULL AUTO_INCREMENT,
  `remark` varchar(100) NOT NULL,
  `created_at` datetime(6) NOT NULL,
  `updated_at` datetime(6) NOT NULL,
  `is_active` tinyint(1) NOT NULL,
  `flag` tinyint(1) NOT NULL,
  `booking_memo_id` int DEFAULT NULL,
  `created_by_id` int NOT NULL,
  `updated_by_id` int DEFAULT NULL,
  PRIMARY KEY (`id`),
  KEY `trip_bokking_memos_booking_memo_id_46c16ac9_fk_booking_memo_id` (`booking_memo_id`),
  KEY `trip_bokking_memos_created_by_id_88749ca0_fk_auth_user_id` (`created_by_id`),
  KEY `trip_bokking_memos_updated_by_id_d58e6e8c_fk_auth_user_id` (`updated_by_id`),
  CONSTRAINT `trip_bokking_memos_booking_memo_id_46c16ac9_fk_booking_memo_id` FOREIGN KEY (`booking_memo_id`) REFERENCES `booking_memo` (`id`),
  CONSTRAINT `trip_bokking_memos_created_by_id_88749ca0_fk_auth_user_id` FOREIGN KEY (`created_by_id`) REFERENCES `auth_user` (`id`),
  CONSTRAINT `trip_bokking_memos_updated_by_id_d58e6e8c_fk_auth_user_id` FOREIGN KEY (`updated_by_id`) REFERENCES `auth_user` (`id`)
) ENGINE=InnoDB AUTO_INCREMENT=43 DEFAULT CHARSET=utf8mb4 COLLATE=utf8mb4_0900_ai_ci;
/*!40101 SET character_set_client = @saved_cs_client */;

--
-- Dumping data for table `trip_bokking_memos`
--

LOCK TABLES `trip_bokking_memos` WRITE;
/*!40000 ALTER TABLE `trip_bokking_memos` DISABLE KEYS */;
INSERT INTO `trip_bokking_memos` VALUES (21,'','2025-03-04 14:19:18.185238','2025-03-04 14:19:18.185258',1,1,21,1,NULL),(22,'','2025-03-12 05:44:53.732359','2025-03-16 09:52:12.385192',1,1,22,1,NULL),(23,'','2025-03-14 06:05:24.647670','2025-03-16 06:24:25.908126',1,1,23,1,NULL),(24,'','2025-03-15 15:12:48.574084','2025-03-15 15:12:48.574104',1,1,24,1,NULL),(25,'','2025-03-16 10:40:16.800054','2025-03-16 10:40:16.800073',1,1,25,1,NULL),(26,'','2025-03-16 10:50:52.112083','2025-03-16 10:50:52.112103',1,1,26,1,NULL),(27,'','2025-03-16 10:57:59.081699','2025-03-16 10:57:59.081720',1,1,27,1,NULL),(28,'','2025-03-17 07:27:52.255734','2025-03-17 07:27:52.255752',1,1,28,1,NULL),(29,'','2025-03-18 07:11:14.269797','2025-03-18 07:11:14.269816',1,1,29,1,NULL),(30,'','2025-03-18 07:12:52.157617','2025-03-18 07:12:52.157636',1,1,30,1,NULL),(31,'','2025-03-18 07:14:35.479248','2025-03-23 04:20:57.939016',1,1,31,1,NULL),(32,'','2025-03-25 06:00:07.724542','2025-03-25 06:00:07.724563',1,1,32,1,NULL),(33,'','2025-03-26 09:03:02.719397','2025-03-26 09:03:02.719427',1,1,33,1,NULL),(34,'','2025-03-27 05:17:02.081040','2025-03-27 05:17:02.081058',1,1,34,1,NULL),(35,'','2025-03-28 05:48:01.904124','2025-03-28 05:48:01.904144',1,1,35,1,NULL),(36,'','2025-03-29 06:21:08.651678','2025-03-29 06:23:22.004759',1,1,36,1,NULL),(37,'','2025-03-29 06:21:08.654268','2025-03-29 06:23:22.011639',1,1,37,1,NULL),(38,'','2025-03-29 17:01:58.566923','2025-03-29 17:01:58.566943',1,1,38,1,NULL),(39,'','2025-04-03 12:40:51.933882','2025-04-03 12:40:51.933902',1,1,39,1,NULL),(40,'OK','2025-04-04 13:04:21.665508','2025-04-04 13:04:21.665528',1,1,40,1,NULL),(41,'','2025-04-06 07:41:49.128507','2025-04-06 07:41:49.128527',1,1,41,1,NULL),(42,'','2025-04-06 07:56:11.645236','2025-04-06 07:56:11.645255',1,1,42,1,NULL);
/*!40000 ALTER TABLE `trip_bokking_memos` ENABLE KEYS */;
UNLOCK TABLES;

--
-- Table structure for table `trip_memo`
--

DROP TABLE IF EXISTS `trip_memo`;
/*!40101 SET @saved_cs_client     = @@character_set_client */;
/*!50503 SET character_set_client = utf8mb4 */;
CREATE TABLE `trip_memo` (
  `id` bigint NOT NULL AUTO_INCREMENT,
  `trip_no` varchar(10) DEFAULT NULL,
  `date` date NOT NULL,
  `trip_mode` varchar(50) NOT NULL,
  `contact_no` longtext NOT NULL,
  `trip_memo_status` varchar(10) NOT NULL,
  `remark` varchar(100) NOT NULL,
  `km` double DEFAULT NULL,
  `total_qty` decimal(10,2) DEFAULT NULL,
  `basic_lorry_frights` decimal(10,2) NOT NULL,
  `total_lorry_frights` decimal(10,2) NOT NULL,
  `balance_lorry_frights` decimal(10,2) NOT NULL,
  `total_weight` decimal(10,2) NOT NULL,
  `toll_escort` decimal(10,2) NOT NULL,
  `hamali` decimal(10,2) NOT NULL,
  `other_charger` decimal(10,2) NOT NULL,
  `actual_vehicle_hire` decimal(10,2) NOT NULL,
  `vehicle_hire` decimal(10,2) NOT NULL,
  `waiting` decimal(10,2) NOT NULL,
  `less_advance` decimal(10,2) NOT NULL,
  `less_diesel_amt` decimal(10,2) NOT NULL,
  `less_topay_amt` decimal(10,2) NOT NULL,
  `total_vehicle_hire` decimal(10,2) NOT NULL,
  `balance_vehicle_hire` decimal(10,2) NOT NULL,
  `created_at` datetime(6) NOT NULL,
  `updated_at` datetime(6) NOT NULL,
  `is_active` tinyint(1) NOT NULL,
  `flag` tinyint(1) NOT NULL,
  `printed_by_branch_manager` tinyint(1) NOT NULL,
  `branch_id` int DEFAULT NULL,
  `created_by_id` int NOT NULL,
  `driver_name_id` int DEFAULT NULL,
  `from_branch_id` int DEFAULT NULL,
  `to_branch_id` int DEFAULT NULL,
  `updated_by_id` int DEFAULT NULL,
  `vehicle_no_id` int DEFAULT NULL,
  PRIMARY KEY (`id`),
  UNIQUE KEY `trip_no` (`trip_no`),
  KEY `trip_memo_branch_id_162a6051_fk_branch_master_id` (`branch_id`),
  KEY `trip_memo_created_by_id_3dda5cdb_fk_auth_user_id` (`created_by_id`),
  KEY `trip_memo_driver_name_id_114e5bde_fk_driver_master_id` (`driver_name_id`),
  KEY `trip_memo_from_branch_id_3e73d8ae_fk_branch_master_id` (`from_branch_id`),
  KEY `trip_memo_to_branch_id_b64e586b_fk_branch_master_id` (`to_branch_id`),
  KEY `trip_memo_updated_by_id_94e4ccd9_fk_auth_user_id` (`updated_by_id`),
  KEY `trip_memo_vehicle_no_id_42ea2361_fk_vehical_master_id` (`vehicle_no_id`),
  CONSTRAINT `trip_memo_branch_id_162a6051_fk_branch_master_id` FOREIGN KEY (`branch_id`) REFERENCES `branch_master` (`id`),
  CONSTRAINT `trip_memo_created_by_id_3dda5cdb_fk_auth_user_id` FOREIGN KEY (`created_by_id`) REFERENCES `auth_user` (`id`),
  CONSTRAINT `trip_memo_driver_name_id_114e5bde_fk_driver_master_id` FOREIGN KEY (`driver_name_id`) REFERENCES `driver_master` (`id`),
  CONSTRAINT `trip_memo_from_branch_id_3e73d8ae_fk_branch_master_id` FOREIGN KEY (`from_branch_id`) REFERENCES `branch_master` (`id`),
  CONSTRAINT `trip_memo_to_branch_id_b64e586b_fk_branch_master_id` FOREIGN KEY (`to_branch_id`) REFERENCES `branch_master` (`id`),
  CONSTRAINT `trip_memo_updated_by_id_94e4ccd9_fk_auth_user_id` FOREIGN KEY (`updated_by_id`) REFERENCES `auth_user` (`id`),
  CONSTRAINT `trip_memo_vehicle_no_id_42ea2361_fk_vehical_master_id` FOREIGN KEY (`vehicle_no_id`) REFERENCES `vehical_master` (`id`)
) ENGINE=InnoDB AUTO_INCREMENT=41 DEFAULT CHARSET=utf8mb4 COLLATE=utf8mb4_0900_ai_ci;
/*!40101 SET character_set_client = @saved_cs_client */;

--
-- Dumping data for table `trip_memo`
--

LOCK TABLES `trip_memo` WRITE;
/*!40000 ALTER TABLE `trip_memo` DISABLE KEYS */;
INSERT INTO `trip_memo` VALUES (20,'2410500001','2025-03-04','CLOSE','9767058687','OK','',218,2.00,0.00,0.00,0.00,1500.00,0.00,0.00,0.00,0.00,5500.00,0.00,0.00,0.00,0.00,5500.00,5500.00,'2025-03-04 14:19:18.181709','2025-03-27 13:41:50.776063',1,1,0,6,1,4,6,18,NULL,3),(21,'2411800001','2025-03-12','CLOSE','9767058687','OK','',92,25.00,0.00,0.00,0.00,10000.00,0.00,0.00,0.00,5000.00,5000.00,0.00,0.00,0.00,0.00,5000.00,5000.00,'2025-03-12 05:44:53.728510','2025-03-16 09:53:28.410722',1,1,0,19,1,4,19,6,1,7),(22,'2410400001','2025-03-14','CLOSE','9767058687','OK','',355,1.00,0.00,0.00,0.00,5500.00,0.00,0.00,0.00,10000.00,10000.00,0.00,0.00,0.00,0.00,10000.00,10000.00,'2025-03-14 06:05:24.644206','2025-03-16 06:25:50.234709',1,1,0,5,1,4,5,20,1,24),(23,'2412000001','2025-03-15','CLOSE','9767058687','OK','',205,147.00,0.00,0.00,0.00,10000.00,0.00,0.00,0.00,13000.00,13000.00,0.00,13000.00,0.00,0.00,13000.00,0.00,'2025-03-15 15:12:48.570424','2025-03-17 08:11:10.073891',1,1,0,21,1,4,21,4,NULL,14),(24,'2410200001','2025-03-16','CLOSE','9767058687','OK','',218,1.00,0.00,0.00,0.00,5500.00,0.00,0.00,0.00,0.00,9000.00,0.00,9000.00,0.00,0.00,9000.00,0.00,'2025-03-16 10:40:16.796622','2025-03-27 13:42:33.505374',1,1,0,3,1,4,3,4,NULL,23),(25,'2411500001','2025-03-16','CLOSE','9767058687','OK','',0,132.00,0.00,0.00,0.00,10000.00,0.00,0.00,0.00,17000.00,17000.00,0.00,14000.00,0.00,0.00,17000.00,3000.00,'2025-03-16 10:50:52.104931','2025-03-27 13:44:54.458427',1,1,0,16,1,4,16,17,NULL,20),(26,'2410800001','2025-03-16','CLOSE','9767058687','OK','',149,457.00,0.00,0.00,0.00,8000.00,0.00,0.00,0.00,0.00,7500.00,0.00,7500.00,0.00,0.00,7500.00,0.00,'2025-03-16 10:57:59.078787','2025-03-27 13:45:43.299007',1,1,0,9,1,2,9,5,NULL,21),(27,'2412100001','2025-03-17','CLOSE','9767058687','OK','',319,105.00,0.00,0.00,0.00,10000.00,0.00,0.00,0.00,13000.00,13000.00,0.00,10000.00,0.00,0.00,13000.00,3000.00,'2025-03-17 07:27:52.250118','2025-03-27 13:43:13.072861',1,1,0,22,1,4,22,4,NULL,25),(28,'2412000002','2025-03-18','CLOSE','9767058687','OK','',205,2.00,0.00,0.00,0.00,10000.00,0.00,0.00,0.00,0.00,9500.00,0.00,0.00,0.00,0.00,9500.00,9500.00,'2025-03-18 07:11:14.265303','2025-03-27 13:43:40.013035',1,1,0,21,1,4,21,4,NULL,27),(29,'2410200002','2025-03-18','CLOSE','9767058687','OK','',218,74.00,0.00,0.00,0.00,5050.00,0.00,0.00,0.00,0.00,5200.00,0.00,0.00,0.00,0.00,5200.00,5200.00,'2025-03-18 07:12:52.154650','2025-03-27 13:43:59.178768',1,1,0,3,1,3,3,4,NULL,26),(30,'2410800002','2025-03-18','CLOSE','9767058687','OK','',149,540.00,0.00,0.00,0.00,8000.00,0.00,0.00,0.00,0.00,7500.00,0.00,0.00,0.00,0.00,7500.00,7500.00,'2025-03-18 07:14:35.474667','2025-03-27 13:46:01.425305',1,1,0,9,1,4,9,5,1,22),(31,'2410400002','2025-03-25','CLOSE','9767058687','OK','',175,4.00,0.00,0.00,0.00,8000.00,0.00,0.00,1900.00,0.00,7000.00,0.00,0.00,0.00,0.00,8900.00,8900.00,'2025-03-25 06:00:07.721044','2025-03-25 06:00:44.095246',1,1,0,5,1,2,5,6,NULL,29),(32,'2410300001','2025-03-26','CLOSE','9767058687','OK','',164,10.00,0.00,0.00,0.00,2000.00,0.00,0.00,0.00,0.00,4000.00,0.00,0.00,0.00,0.00,4000.00,4000.00,'2025-03-26 09:03:02.714074','2025-03-27 13:46:40.653133',1,1,0,4,1,4,4,7,NULL,30),(33,'2410300002','2025-03-27','CLOSE','9767058687','OK','',406,1.00,0.00,0.00,0.00,1500.00,0.00,0.00,0.00,0.00,11500.00,0.00,0.00,0.00,0.00,11500.00,11500.00,'2025-03-27 05:17:02.077677','2025-03-27 13:47:41.244243',1,1,0,4,1,4,4,23,NULL,31),(34,'2410300003','2025-03-28','OPEN','9767058687','OK','',406,1.00,0.00,0.00,0.00,10000.00,0.00,0.00,0.00,0.00,33000.00,0.00,20000.00,0.00,0.00,33000.00,13000.00,'2025-03-28 05:48:01.900484','2025-03-28 05:48:01.900505',1,1,0,4,1,2,4,23,NULL,32),(35,'2410300004','2025-03-29','CLOSE','9767058687','OK','',164,32.00,0.00,0.00,0.00,7060.00,0.00,0.00,0.00,0.00,14000.00,0.00,0.00,0.00,0.00,14000.00,14000.00,'2025-03-29 06:21:08.647193','2025-03-29 06:23:21.981374',1,1,0,4,1,4,4,7,1,10),(36,'2410200003','2025-03-29','CLOSE','9767058687','OK','',224,17.00,0.00,0.00,0.00,3500.00,0.00,0.00,0.00,0.00,9500.00,0.00,0.00,0.00,0.00,9500.00,9500.00,'2025-03-29 17:01:58.561038','2025-03-30 05:01:13.448105',1,1,0,3,1,2,3,4,NULL,34),(37,'2511500001','2025-04-03','OPEN','9767058687','OK','',0,125.00,0.00,0.00,0.00,10000.00,0.00,0.00,0.00,0.00,17000.00,0.00,17000.00,0.00,0.00,17000.00,0.00,'2025-04-03 12:40:51.928705','2025-04-03 12:40:51.928730',1,1,0,16,1,4,16,17,NULL,35),(38,'2510300001','2025-04-04','OPEN','9767058687','OK','',164,8.00,0.00,0.00,0.00,1600.00,0.00,0.00,0.00,0.00,4500.00,0.00,0.00,0.00,0.00,4500.00,4500.00,'2025-04-04 13:04:21.661680','2025-04-04 13:04:21.661703',1,1,0,4,1,2,4,7,NULL,36),(39,'2510800001','2025-04-06','OPEN','9767058687','OK','',149,228.00,0.00,0.00,0.00,5500.00,0.00,0.00,0.00,0.00,6500.00,0.00,0.00,0.00,0.00,6500.00,6500.00,'2025-04-06 07:41:49.125076','2025-04-06 07:41:49.125098',1,1,0,9,1,3,9,5,NULL,28),(40,'2511300001','2025-04-06','OPEN','9767058687','OK','',0,1.00,0.00,0.00,0.00,1500.00,0.00,0.00,0.00,0.00,22500.00,0.00,0.00,0.00,0.00,22500.00,22500.00,'2025-04-06 07:56:11.640129','2025-04-06 07:56:11.640150',1,1,0,14,1,3,14,24,NULL,33);
/*!40000 ALTER TABLE `trip_memo` ENABLE KEYS */;
UNLOCK TABLES;

--
-- Table structure for table `trip_memo_booking_memos`
--

DROP TABLE IF EXISTS `trip_memo_booking_memos`;
/*!40101 SET @saved_cs_client     = @@character_set_client */;
/*!50503 SET character_set_client = utf8mb4 */;
CREATE TABLE `trip_memo_booking_memos` (
  `id` bigint NOT NULL AUTO_INCREMENT,
  `tripmemo_id` bigint NOT NULL,
  `tripbokkingmemos_id` bigint NOT NULL,
  PRIMARY KEY (`id`),
  UNIQUE KEY `trip_memo_booking_memos_tripmemo_id_tripbokkingm_3c96d734_uniq` (`tripmemo_id`,`tripbokkingmemos_id`),
  KEY `trip_memo_booking_me_tripbokkingmemos_id_9b16c97b_fk_trip_bokk` (`tripbokkingmemos_id`),
  CONSTRAINT `trip_memo_booking_me_tripbokkingmemos_id_9b16c97b_fk_trip_bokk` FOREIGN KEY (`tripbokkingmemos_id`) REFERENCES `trip_bokking_memos` (`id`),
  CONSTRAINT `trip_memo_booking_memos_tripmemo_id_34bf084a_fk_trip_memo_id` FOREIGN KEY (`tripmemo_id`) REFERENCES `trip_memo` (`id`)
) ENGINE=InnoDB AUTO_INCREMENT=43 DEFAULT CHARSET=utf8mb4 COLLATE=utf8mb4_0900_ai_ci;
/*!40101 SET character_set_client = @saved_cs_client */;

--
-- Dumping data for table `trip_memo_booking_memos`
--

LOCK TABLES `trip_memo_booking_memos` WRITE;
/*!40000 ALTER TABLE `trip_memo_booking_memos` DISABLE KEYS */;
INSERT INTO `trip_memo_booking_memos` VALUES (21,20,21),(22,21,22),(23,22,23),(24,23,24),(25,24,25),(26,25,26),(27,26,27),(28,27,28),(29,28,29),(30,29,30),(31,30,31),(32,31,32),(33,32,33),(34,33,34),(35,34,35),(36,35,36),(37,35,37),(38,36,38),(39,37,39),(40,38,40),(41,39,41),(42,40,42);
/*!40000 ALTER TABLE `trip_memo_booking_memos` ENABLE KEYS */;
UNLOCK TABLES;

--
-- Table structure for table `trip_mode`
--

DROP TABLE IF EXISTS `trip_mode`;
/*!40101 SET @saved_cs_client     = @@character_set_client */;
/*!50503 SET character_set_client = utf8mb4 */;
CREATE TABLE `trip_mode` (
  `id` bigint NOT NULL AUTO_INCREMENT,
  `mode_name` varchar(100) NOT NULL,
  `created_at` datetime(6) NOT NULL,
  `updated_at` datetime(6) NOT NULL,
  `is_active` tinyint(1) NOT NULL,
  `flag` tinyint(1) NOT NULL,
  `created_by_id` int NOT NULL,
  `updated_by_id` int DEFAULT NULL,
  PRIMARY KEY (`id`),
  KEY `trip_mode_created_by_id_131246f2_fk_auth_user_id` (`created_by_id`),
  KEY `trip_mode_updated_by_id_7447ec9a_fk_auth_user_id` (`updated_by_id`),
  CONSTRAINT `trip_mode_created_by_id_131246f2_fk_auth_user_id` FOREIGN KEY (`created_by_id`) REFERENCES `auth_user` (`id`),
  CONSTRAINT `trip_mode_updated_by_id_7447ec9a_fk_auth_user_id` FOREIGN KEY (`updated_by_id`) REFERENCES `auth_user` (`id`)
) ENGINE=InnoDB DEFAULT CHARSET=utf8mb4 COLLATE=utf8mb4_0900_ai_ci;
/*!40101 SET character_set_client = @saved_cs_client */;

--
-- Dumping data for table `trip_mode`
--

LOCK TABLES `trip_mode` WRITE;
/*!40000 ALTER TABLE `trip_mode` DISABLE KEYS */;
/*!40000 ALTER TABLE `trip_mode` ENABLE KEYS */;
UNLOCK TABLES;

--
-- Table structure for table `truck_unloading_report`
--

DROP TABLE IF EXISTS `truck_unloading_report`;
/*!40101 SET @saved_cs_client     = @@character_set_client */;
/*!50503 SET character_set_client = utf8mb4 */;
CREATE TABLE `truck_unloading_report` (
  `id` int NOT NULL AUTO_INCREMENT,
  `tur_no` varchar(10) NOT NULL,
  `date` date NOT NULL,
  `tur_remark` varchar(100) DEFAULT NULL,
  `total_qty` decimal(10,2) DEFAULT NULL,
  `total_weight` decimal(10,2) DEFAULT NULL,
  `created_at` datetime(6) NOT NULL,
  `updated_at` datetime(6) NOT NULL,
  `is_active` tinyint(1) NOT NULL,
  `flag` tinyint(1) NOT NULL,
  `printed_by_branch_manager` tinyint(1) NOT NULL,
  `branch_name_id` int DEFAULT NULL,
  `created_by_id` int NOT NULL,
  `memo_no_id` int DEFAULT NULL,
  `updated_by_id` int DEFAULT NULL,
  PRIMARY KEY (`id`),
  UNIQUE KEY `tur_no` (`tur_no`),
  KEY `truck_unloading_repo_branch_name_id_5c1429be_fk_branch_ma` (`branch_name_id`),
  KEY `truck_unloading_report_created_by_id_e69dbd48_fk_auth_user_id` (`created_by_id`),
  KEY `truck_unloading_report_memo_no_id_80394fca_fk_booking_memo_id` (`memo_no_id`),
  KEY `truck_unloading_report_updated_by_id_7bf144d9_fk_auth_user_id` (`updated_by_id`),
  CONSTRAINT `truck_unloading_repo_branch_name_id_5c1429be_fk_branch_ma` FOREIGN KEY (`branch_name_id`) REFERENCES `branch_master` (`id`),
  CONSTRAINT `truck_unloading_report_created_by_id_e69dbd48_fk_auth_user_id` FOREIGN KEY (`created_by_id`) REFERENCES `auth_user` (`id`),
  CONSTRAINT `truck_unloading_report_memo_no_id_80394fca_fk_booking_memo_id` FOREIGN KEY (`memo_no_id`) REFERENCES `booking_memo` (`id`),
  CONSTRAINT `truck_unloading_report_updated_by_id_7bf144d9_fk_auth_user_id` FOREIGN KEY (`updated_by_id`) REFERENCES `auth_user` (`id`)
) ENGINE=InnoDB AUTO_INCREMENT=36 DEFAULT CHARSET=utf8mb4 COLLATE=utf8mb4_0900_ai_ci;
/*!40101 SET character_set_client = @saved_cs_client */;

--
-- Dumping data for table `truck_unloading_report`
--

LOCK TABLES `truck_unloading_report` WRITE;
/*!40000 ALTER TABLE `truck_unloading_report` DISABLE KEYS */;
INSERT INTO `truck_unloading_report` VALUES (19,'2411900001','2025-03-16','',1.00,5500.00,'2025-03-16 06:25:50.226529','2025-03-16 06:25:50.226552',1,1,0,20,1,23,NULL),(20,'2410500001','2025-03-16','',25.00,10000.00,'2025-03-16 09:53:28.399887','2025-03-16 09:53:28.399910',1,1,0,6,1,22,NULL),(21,'2410300001','2025-03-17','',147.00,10000.00,'2025-03-17 08:11:10.064377','2025-03-17 08:11:10.064398',1,1,0,4,1,24,NULL),(22,'2410500002','2025-03-25','',4.00,8000.00,'2025-03-25 06:00:44.085435','2025-03-25 06:00:44.085456',1,1,0,6,1,32,NULL),(23,'2411700001','2025-03-27','',2.00,1500.00,'2025-03-27 13:41:50.767723','2025-03-27 13:41:50.767746',1,1,0,18,1,21,NULL),(24,'2410300002','2025-03-27','',1.00,5500.00,'2025-03-27 13:42:33.495785','2025-03-27 13:42:33.495806',1,1,0,4,1,25,NULL),(25,'2410300003','2025-03-27','',105.00,10000.00,'2025-03-27 13:43:13.055593','2025-03-27 13:43:13.055615',1,1,0,4,1,28,NULL),(26,'2410300004','2025-03-27','',2.00,10000.00,'2025-03-27 13:43:39.995504','2025-03-27 13:43:39.995527',1,1,0,4,1,29,NULL),(27,'2410300005','2025-03-27','',74.00,5050.00,'2025-03-27 13:43:59.170040','2025-03-27 13:43:59.170062',1,1,0,4,1,30,NULL),(28,'2411600001','2025-03-27','',132.00,10000.00,'2025-03-27 13:44:54.448744','2025-03-27 13:44:54.448765',1,1,0,17,1,26,NULL),(29,'2410400001','2025-03-27','',457.00,8000.00,'2025-03-27 13:45:43.289222','2025-03-27 13:45:43.289244',1,1,0,5,1,27,NULL),(30,'2410400002','2025-03-27','',540.00,8000.00,'2025-03-27 13:46:01.416241','2025-03-27 13:46:01.416263',1,1,0,5,1,31,NULL),(31,'2410600001','2025-03-27','',10.00,2000.00,'2025-03-27 13:46:40.644399','2025-03-27 13:46:40.644423',1,1,0,7,1,33,NULL),(32,'2412200001','2025-03-27','',1.00,1500.00,'2025-03-27 13:47:41.234071','2025-03-27 13:47:41.234094',1,1,0,23,1,34,NULL),(33,'2411300001','2025-03-29','',22.00,5060.00,'2025-03-29 06:21:35.406715','2025-03-29 06:21:35.406736',1,1,0,14,1,36,NULL),(34,'2410600002','2025-03-29','',10.00,2000.00,'2025-03-29 06:22:00.202055','2025-03-29 06:22:00.202077',1,1,0,7,1,37,NULL),(35,'2410300006','2025-03-30','',17.00,3500.00,'2025-03-30 05:01:13.437516','2025-03-30 05:01:13.437536',1,1,0,4,1,38,NULL);
/*!40000 ALTER TABLE `truck_unloading_report` ENABLE KEYS */;
UNLOCK TABLES;

--
-- Table structure for table `truck_unloading_report_details`
--

DROP TABLE IF EXISTS `truck_unloading_report_details`;
/*!40101 SET @saved_cs_client     = @@character_set_client */;
/*!50503 SET character_set_client = utf8mb4 */;
CREATE TABLE `truck_unloading_report_details` (
  `id` int NOT NULL AUTO_INCREMENT,
  `remark` varchar(100) DEFAULT NULL,
  `created_at` datetime(6) NOT NULL,
  `updated_at` datetime(6) NOT NULL,
  `is_active` tinyint(1) NOT NULL,
  `flag` tinyint(1) NOT NULL,
  `created_by_id` int NOT NULL,
  `lr_booking_id` int DEFAULT NULL,
  `status_id` int DEFAULT NULL,
  `okpackage` decimal(10,2) DEFAULT NULL,
  `ngpackage` decimal(10,2) DEFAULT NULL,
  `updated_by_id` int DEFAULT NULL,
  PRIMARY KEY (`id`),
  KEY `truck_unloading_repo_created_by_id_14815b29_fk_auth_user` (`created_by_id`),
  KEY `truck_unloading_repo_lr_booking_id_cc1651b2_fk_lr_bokkin` (`lr_booking_id`),
  KEY `truck_unloading_repo_status_id_41d2f711_fk_truck_unl` (`status_id`),
  KEY `truck_unloading_repo_updated_by_id_4bb93ac1_fk_auth_user` (`updated_by_id`),
  CONSTRAINT `truck_unloading_repo_created_by_id_14815b29_fk_auth_user` FOREIGN KEY (`created_by_id`) REFERENCES `auth_user` (`id`),
  CONSTRAINT `truck_unloading_repo_lr_booking_id_cc1651b2_fk_lr_bokkin` FOREIGN KEY (`lr_booking_id`) REFERENCES `lr_bokking` (`lr_no`),
  CONSTRAINT `truck_unloading_repo_status_id_41d2f711_fk_truck_unl` FOREIGN KEY (`status_id`) REFERENCES `truck_unloading_report_status` (`id`),
  CONSTRAINT `truck_unloading_repo_updated_by_id_4bb93ac1_fk_auth_user` FOREIGN KEY (`updated_by_id`) REFERENCES `auth_user` (`id`)
) ENGINE=InnoDB AUTO_INCREMENT=52 DEFAULT CHARSET=utf8mb4 COLLATE=utf8mb4_0900_ai_ci;
/*!40101 SET character_set_client = @saved_cs_client */;

--
-- Dumping data for table `truck_unloading_report_details`
--

LOCK TABLES `truck_unloading_report_details` WRITE;
/*!40000 ALTER TABLE `truck_unloading_report_details` DISABLE KEYS */;
INSERT INTO `truck_unloading_report_details` VALUES (33,'ALL OK','2025-03-16 06:25:50.230952','2025-03-16 06:25:50.230973',1,1,1,41,8,1.00,1.00,NULL),(34,'ALL OK','2025-03-16 09:53:28.406431','2025-03-16 09:53:28.406477',1,1,1,37,8,25.00,25.00,NULL),(35,'OK','2025-03-17 08:11:10.070232','2025-03-17 08:11:10.070286',1,1,1,42,9,147.00,147.00,NULL),(36,'OK','2025-03-25 06:00:44.090621','2025-03-25 06:00:44.090672',1,1,1,50,9,4.00,4.00,NULL),(37,'OK','2025-03-27 13:41:50.772344','2025-03-27 13:41:50.772365',1,1,1,36,9,2.00,2.00,NULL),(38,'OK','2025-03-27 13:42:33.501142','2025-03-27 13:42:33.501164',1,1,1,40,9,1.00,1.00,NULL),(39,'OK','2025-03-27 13:43:13.060353','2025-03-27 13:43:13.060374',1,1,1,43,9,82.00,82.00,NULL),(40,'OK','2025-03-27 13:43:13.068890','2025-03-27 13:43:13.068911',1,1,1,44,9,23.00,23.00,NULL),(41,'OK','2025-03-27 13:43:40.001912','2025-03-27 13:43:40.001938',1,1,1,45,9,1.00,1.00,NULL),(42,'OK','2025-03-27 13:43:40.009678','2025-03-27 13:43:40.010172',1,1,1,46,9,1.00,1.00,NULL),(43,'OK','2025-03-27 13:43:59.174144','2025-03-27 13:43:59.174164',1,1,1,47,9,74.00,74.00,NULL),(44,'OK','2025-03-27 13:44:54.454257','2025-03-27 13:44:54.454279',1,1,1,35,9,132.00,132.00,NULL),(45,'OK','2025-03-27 13:45:43.295611','2025-03-27 13:45:43.295634',1,1,1,38,9,457.00,457.00,NULL),(46,'OK','2025-03-27 13:46:01.420515','2025-03-27 13:46:01.420537',1,1,1,39,9,540.00,540.00,NULL),(47,'OK','2025-03-27 13:46:40.649906','2025-03-27 13:46:40.649929',1,1,1,51,9,10.00,10.00,NULL),(48,'OK','2025-03-27 13:47:41.240580','2025-03-27 13:47:41.240603',1,1,1,52,9,1.00,1.00,NULL),(49,'OK','2025-03-29 06:21:35.411561','2025-03-29 06:21:35.411583',1,1,1,55,9,22.00,22.00,NULL),(50,'OK','2025-03-29 06:22:00.206836','2025-03-29 06:22:00.206857',1,1,1,56,9,10.00,10.00,NULL),(51,'OK','2025-03-30 05:01:13.442548','2025-03-30 05:01:13.442570',1,1,1,57,9,17.00,17.00,NULL);
/*!40000 ALTER TABLE `truck_unloading_report_details` ENABLE KEYS */;
UNLOCK TABLES;

--
-- Table structure for table `truck_unloading_report_status`
--

DROP TABLE IF EXISTS `truck_unloading_report_status`;
/*!40101 SET @saved_cs_client     = @@character_set_client */;
/*!50503 SET character_set_client = utf8mb4 */;
CREATE TABLE `truck_unloading_report_status` (
  `id` int NOT NULL AUTO_INCREMENT,
  `status` varchar(50) NOT NULL,
  `created_at` datetime(6) NOT NULL,
  `updated_at` datetime(6) NOT NULL,
  `is_active` tinyint(1) NOT NULL,
  `flag` tinyint(1) NOT NULL,
  `created_by_id` int NOT NULL,
  `updated_by_id` int DEFAULT NULL,
  PRIMARY KEY (`id`),
  UNIQUE KEY `status` (`status`),
  KEY `truck_unloading_repo_created_by_id_df3bc20c_fk_auth_user` (`created_by_id`),
  KEY `truck_unloading_repo_updated_by_id_db3ca2f9_fk_auth_user` (`updated_by_id`),
  CONSTRAINT `truck_unloading_repo_created_by_id_df3bc20c_fk_auth_user` FOREIGN KEY (`created_by_id`) REFERENCES `auth_user` (`id`),
  CONSTRAINT `truck_unloading_repo_updated_by_id_db3ca2f9_fk_auth_user` FOREIGN KEY (`updated_by_id`) REFERENCES `auth_user` (`id`)
) ENGINE=InnoDB AUTO_INCREMENT=10 DEFAULT CHARSET=utf8mb4 COLLATE=utf8mb4_0900_ai_ci;
/*!40101 SET character_set_client = @saved_cs_client */;

--
-- Dumping data for table `truck_unloading_report_status`
--

LOCK TABLES `truck_unloading_report_status` WRITE;
/*!40000 ALTER TABLE `truck_unloading_report_status` DISABLE KEYS */;
INSERT INTO `truck_unloading_report_status` VALUES (8,'SHORT','2025-03-16 04:59:05.651925','2025-03-16 04:59:05.651952',1,1,1,NULL),(9,'ALL OK RECIEVED','2025-03-17 08:10:41.433450','2025-03-17 08:10:41.433477',1,1,1,NULL);
/*!40000 ALTER TABLE `truck_unloading_report_status` ENABLE KEYS */;
UNLOCK TABLES;

--
-- Table structure for table `truck_unloading_report_tur_details`
--

DROP TABLE IF EXISTS `truck_unloading_report_tur_details`;
/*!40101 SET @saved_cs_client     = @@character_set_client */;
/*!50503 SET character_set_client = utf8mb4 */;
CREATE TABLE `truck_unloading_report_tur_details` (
  `id` bigint NOT NULL AUTO_INCREMENT,
  `truckunloadingreport_id` int NOT NULL,
  `truckunloadingreportdetails_id` int NOT NULL,
  PRIMARY KEY (`id`),
  UNIQUE KEY `truck_unloading_report_t_truckunloadingreport_id__ec918323_uniq` (`truckunloadingreport_id`,`truckunloadingreportdetails_id`),
  KEY `truck_unloading_repo_truckunloadingreport_27928e34_fk_truck_unl` (`truckunloadingreportdetails_id`),
  CONSTRAINT `truck_unloading_repo_truckunloadingreport_27928e34_fk_truck_unl` FOREIGN KEY (`truckunloadingreportdetails_id`) REFERENCES `truck_unloading_report_details` (`id`),
  CONSTRAINT `truck_unloading_repo_truckunloadingreport_ec7cf3a2_fk_truck_unl` FOREIGN KEY (`truckunloadingreport_id`) REFERENCES `truck_unloading_report` (`id`)
) ENGINE=InnoDB AUTO_INCREMENT=52 DEFAULT CHARSET=utf8mb4 COLLATE=utf8mb4_0900_ai_ci;
/*!40101 SET character_set_client = @saved_cs_client */;

--
-- Dumping data for table `truck_unloading_report_tur_details`
--

LOCK TABLES `truck_unloading_report_tur_details` WRITE;
/*!40000 ALTER TABLE `truck_unloading_report_tur_details` DISABLE KEYS */;
INSERT INTO `truck_unloading_report_tur_details` VALUES (33,19,33),(34,20,34),(35,21,35),(36,22,36),(37,23,37),(38,24,38),(39,25,39),(40,25,40),(41,26,41),(42,26,42),(43,27,43),(44,28,44),(45,29,45),(46,30,46),(47,31,47),(48,32,48),(49,33,49),(50,34,50),(51,35,51);
/*!40000 ALTER TABLE `truck_unloading_report_tur_details` ENABLE KEYS */;
UNLOCK TABLES;

--
-- Table structure for table `users_userprofile`
--

DROP TABLE IF EXISTS `users_userprofile`;
/*!40101 SET @saved_cs_client     = @@character_set_client */;
/*!50503 SET character_set_client = utf8mb4 */;
CREATE TABLE `users_userprofile` (
  `id` bigint NOT NULL AUTO_INCREMENT,
  `first_name` varchar(255) NOT NULL,
  `last_name` varchar(255) NOT NULL,
  `role` varchar(50) NOT NULL,
  `is_active` tinyint(1) NOT NULL,
  `user_id` int NOT NULL,
  PRIMARY KEY (`id`),
  UNIQUE KEY `user_id` (`user_id`),
  CONSTRAINT `users_userprofile_user_id_87251ef1_fk_auth_user_id` FOREIGN KEY (`user_id`) REFERENCES `auth_user` (`id`)
) ENGINE=InnoDB AUTO_INCREMENT=2 DEFAULT CHARSET=utf8mb4 COLLATE=utf8mb4_0900_ai_ci;
/*!40101 SET character_set_client = @saved_cs_client */;

--
-- Dumping data for table `users_userprofile`
--

LOCK TABLES `users_userprofile` WRITE;
/*!40000 ALTER TABLE `users_userprofile` DISABLE KEYS */;
INSERT INTO `users_userprofile` VALUES (1,'HANUMANT','KHARAT','admin',1,1);
/*!40000 ALTER TABLE `users_userprofile` ENABLE KEYS */;
UNLOCK TABLES;

--
-- Table structure for table `users_userprofile_branches`
--

DROP TABLE IF EXISTS `users_userprofile_branches`;
/*!40101 SET @saved_cs_client     = @@character_set_client */;
/*!50503 SET character_set_client = utf8mb4 */;
CREATE TABLE `users_userprofile_branches` (
  `id` bigint NOT NULL AUTO_INCREMENT,
  `userprofile_id` bigint NOT NULL,
  `branchmaster_id` int NOT NULL,
  PRIMARY KEY (`id`),
  UNIQUE KEY `users_userprofile_branch_userprofile_id_branchmas_6fc4973f_uniq` (`userprofile_id`,`branchmaster_id`),
  KEY `users_userprofile_br_branchmaster_id_0d5b0b7e_fk_branch_ma` (`branchmaster_id`),
  CONSTRAINT `users_userprofile_br_branchmaster_id_0d5b0b7e_fk_branch_ma` FOREIGN KEY (`branchmaster_id`) REFERENCES `branch_master` (`id`),
  CONSTRAINT `users_userprofile_br_userprofile_id_fe355fb2_fk_users_use` FOREIGN KEY (`userprofile_id`) REFERENCES `users_userprofile` (`id`)
) ENGINE=InnoDB AUTO_INCREMENT=29 DEFAULT CHARSET=utf8mb4 COLLATE=utf8mb4_0900_ai_ci;
/*!40101 SET character_set_client = @saved_cs_client */;

--
-- Dumping data for table `users_userprofile_branches`
--

LOCK TABLES `users_userprofile_branches` WRITE;
/*!40000 ALTER TABLE `users_userprofile_branches` DISABLE KEYS */;
INSERT INTO `users_userprofile_branches` VALUES (7,1,1),(8,1,3),(9,1,4),(6,1,5),(10,1,6),(11,1,7),(12,1,8),(13,1,9),(14,1,10),(15,1,11),(16,1,12),(17,1,13),(18,1,14),(19,1,15),(20,1,16),(21,1,17),(22,1,18),(23,1,19),(24,1,20),(25,1,21),(26,1,22),(27,1,23),(28,1,24);
/*!40000 ALTER TABLE `users_userprofile_branches` ENABLE KEYS */;
UNLOCK TABLES;

--
-- Table structure for table `vehical_hire_contract`
--

DROP TABLE IF EXISTS `vehical_hire_contract`;
/*!40101 SET @saved_cs_client     = @@character_set_client */;
/*!50503 SET character_set_client = utf8mb4 */;
CREATE TABLE `vehical_hire_contract` (
  `id` bigint NOT NULL AUTO_INCREMENT,
  `rate` decimal(10,2) NOT NULL,
  `created_at` datetime(6) NOT NULL,
  `updated_at` datetime(6) NOT NULL,
  `is_active` tinyint(1) NOT NULL,
  `flag` tinyint(1) NOT NULL,
  `created_by_id` int NOT NULL,
  `from_branch_id` int NOT NULL,
  `to_branch_id` int NOT NULL,
  `updated_by_id` int DEFAULT NULL,
  `vehical_type_id` int DEFAULT NULL,
  PRIMARY KEY (`id`),
  KEY `vehical_hire_contract_created_by_id_5dab4df2_fk_auth_user_id` (`created_by_id`),
  KEY `vehical_hire_contrac_from_branch_id_ff0fd55a_fk_branch_ma` (`from_branch_id`),
  KEY `vehical_hire_contract_to_branch_id_f118c2a2_fk_branch_master_id` (`to_branch_id`),
  KEY `vehical_hire_contract_updated_by_id_ad42a9bf_fk_auth_user_id` (`updated_by_id`),
  KEY `vehical_hire_contrac_vehical_type_id_997dbd55_fk_vehical_t` (`vehical_type_id`),
  CONSTRAINT `vehical_hire_contrac_from_branch_id_ff0fd55a_fk_branch_ma` FOREIGN KEY (`from_branch_id`) REFERENCES `branch_master` (`id`),
  CONSTRAINT `vehical_hire_contrac_vehical_type_id_997dbd55_fk_vehical_t` FOREIGN KEY (`vehical_type_id`) REFERENCES `vehical_types` (`id`),
  CONSTRAINT `vehical_hire_contract_created_by_id_5dab4df2_fk_auth_user_id` FOREIGN KEY (`created_by_id`) REFERENCES `auth_user` (`id`),
  CONSTRAINT `vehical_hire_contract_to_branch_id_f118c2a2_fk_branch_master_id` FOREIGN KEY (`to_branch_id`) REFERENCES `branch_master` (`id`),
  CONSTRAINT `vehical_hire_contract_updated_by_id_ad42a9bf_fk_auth_user_id` FOREIGN KEY (`updated_by_id`) REFERENCES `auth_user` (`id`)
) ENGINE=InnoDB AUTO_INCREMENT=2 DEFAULT CHARSET=utf8mb4 COLLATE=utf8mb4_0900_ai_ci;
/*!40101 SET character_set_client = @saved_cs_client */;

--
-- Dumping data for table `vehical_hire_contract`
--

LOCK TABLES `vehical_hire_contract` WRITE;
/*!40000 ALTER TABLE `vehical_hire_contract` DISABLE KEYS */;
INSERT INTO `vehical_hire_contract` VALUES (1,10000.00,'2025-03-12 14:21:01.269814','2025-03-12 14:21:01.269837',1,1,1,5,20,NULL,9);
/*!40000 ALTER TABLE `vehical_hire_contract` ENABLE KEYS */;
UNLOCK TABLES;

--
-- Table structure for table `vehical_master`
--

DROP TABLE IF EXISTS `vehical_master`;
/*!40101 SET @saved_cs_client     = @@character_set_client */;
/*!50503 SET character_set_client = utf8mb4 */;
CREATE TABLE `vehical_master` (
  `id` int NOT NULL AUTO_INCREMENT,
  `vehical_number` varchar(20) NOT NULL,
  `chassis_number` varchar(20) NOT NULL,
  `rc_book` varchar(100) DEFAULT NULL,
  `created_at` datetime(6) NOT NULL,
  `updated_at` datetime(6) NOT NULL,
  `is_available` tinyint(1) NOT NULL,
  `is_active` tinyint(1) NOT NULL,
  `flag` tinyint(1) NOT NULL,
  `created_by_id` int NOT NULL,
  `owner_id` int NOT NULL,
  `updated_by_id` int DEFAULT NULL,
  `vehical_type_id` int NOT NULL,
  `vendor_type_id` int NOT NULL,
  `total_km` int unsigned DEFAULT '0' COMMENT 'Total kilometers traveled',
  PRIMARY KEY (`id`),
  UNIQUE KEY `vehical_number` (`vehical_number`),
  KEY `vehical_master_created_by_id_4db4d5c1_fk_auth_user_id` (`created_by_id`),
  KEY `vehical_master_owner_id_5fcdd30e_fk_owner_master_id` (`owner_id`),
  KEY `vehical_master_updated_by_id_68935ce4_fk_auth_user_id` (`updated_by_id`),
  KEY `vehical_master_vehical_type_id_31c24d86_fk_vehical_types_id` (`vehical_type_id`),
  KEY `vehical_master_vendor_type_id_ec9d0eba_fk_vendor_types_id` (`vendor_type_id`),
  CONSTRAINT `vehical_master_created_by_id_4db4d5c1_fk_auth_user_id` FOREIGN KEY (`created_by_id`) REFERENCES `auth_user` (`id`),
  CONSTRAINT `vehical_master_owner_id_5fcdd30e_fk_owner_master_id` FOREIGN KEY (`owner_id`) REFERENCES `owner_master` (`id`),
  CONSTRAINT `vehical_master_updated_by_id_68935ce4_fk_auth_user_id` FOREIGN KEY (`updated_by_id`) REFERENCES `auth_user` (`id`),
  CONSTRAINT `vehical_master_vehical_type_id_31c24d86_fk_vehical_types_id` FOREIGN KEY (`vehical_type_id`) REFERENCES `vehical_types` (`id`),
  CONSTRAINT `vehical_master_vendor_type_id_ec9d0eba_fk_vendor_types_id` FOREIGN KEY (`vendor_type_id`) REFERENCES `vendor_types` (`id`)
) ENGINE=InnoDB AUTO_INCREMENT=37 DEFAULT CHARSET=utf8mb4 COLLATE=utf8mb4_0900_ai_ci;
/*!40101 SET character_set_client = @saved_cs_client */;

--
-- Dumping data for table `vehical_master`
--

LOCK TABLES `vehical_master` WRITE;
/*!40000 ALTER TABLE `vehical_master` DISABLE KEYS */;
INSERT INTO `vehical_master` VALUES (2,'MH16CD7111','DEFAULTCHASSIS123','','2025-01-02 07:34:47.403274','2025-01-02 11:41:07.850249',1,1,1,1,3,NULL,7,3,0),(3,'MH44U3634','DEFAULTCHASSIS123','','2025-01-02 10:39:28.660750','2025-03-27 13:41:50.779425',1,1,1,1,3,NULL,8,3,0),(4,'MH12HD2348','DEFAULTCHASSIS123','','2025-01-06 10:54:16.594800','2025-01-24 07:08:53.905764',1,1,1,1,4,NULL,7,3,0),(5,'MH12VW3324','DEFAULTCHASSIS123','','2025-01-07 14:40:55.428257','2025-01-07 14:43:29.478785',1,1,1,1,3,NULL,9,3,0),(6,'MH12UM1987','DEFAULTCHASSIS123','','2025-01-16 04:54:35.914380','2025-03-18 09:57:33.347018',1,1,1,1,3,1,7,3,87785),(7,'MH20DE7461','DEFAULTCHASSIS123','','2025-01-16 12:22:37.796031','2025-03-16 09:53:28.412672',1,1,1,1,3,NULL,10,2,0),(8,'MH04HY8524','DEFAULTCHASSIS123','','2025-01-17 08:32:41.141728','2025-01-17 09:18:22.899158',1,1,1,1,3,NULL,7,2,0),(9,'MH12KQ8909','DEFAULTCHASSIS123','RC_book/rc_book.webp','2025-01-19 11:51:35.823418','2025-03-08 06:30:55.075454',1,1,1,1,3,1,11,1,0),(10,'MH12VT1087','DEFAULTCHASSIS123','','2025-01-23 04:41:41.258686','2025-03-29 06:23:21.995719',0,1,1,1,6,1,7,4,64209),(11,'MH16DP0306','DEFAULTCHASSIS123','','2025-01-28 10:58:26.116593','2025-01-31 06:22:08.491705',1,1,1,1,6,1,10,4,0),(12,'MH02FX1830','DEFAULTCHASSIS123','','2025-01-30 05:05:41.336700','2025-01-30 05:05:41.336723',1,1,1,1,6,NULL,7,4,0),(13,'MH14KA1819','DEFAULTCHASSIS123','','2025-01-30 05:06:05.316235','2025-01-30 05:06:05.316258',1,1,1,1,6,NULL,7,4,0),(14,'MH12SX6387','DEFAULTCHASSIS123','','2025-02-13 14:19:58.806745','2025-03-17 08:11:10.076187',1,1,1,1,6,1,7,4,310506),(15,'MH20GC6865','DEFAULTCHASSIS123','','2025-02-14 12:58:43.946121','2025-02-14 14:16:52.007026',1,1,1,1,6,NULL,10,4,0),(16,'MH20AT3671','DEFAULTCHASSIS123','','2025-02-16 15:01:07.348326','2025-02-16 15:01:07.348349',1,1,1,1,6,NULL,8,4,0),(17,'MH43BP9413','DEFAULTCHASSIS123','','2025-02-17 13:50:56.475899','2025-02-17 13:50:56.475923',1,1,1,1,6,NULL,7,4,0),(18,'MH04FP6610','DEFAULTCHASSIS123','','2025-02-21 12:57:12.111340','2025-03-12 09:05:56.490172',1,1,1,1,6,1,9,4,100),(19,'MH16CD5828','DEFAULTCHASSIS123','','2025-02-28 12:30:03.975909','2025-02-28 12:30:03.975933',1,1,1,1,3,NULL,7,3,0),(20,'MH48CB7713','DEFAULTCHASSIS123','','2025-03-03 15:12:42.822953','2025-03-27 13:44:54.460103',1,1,1,1,6,NULL,7,2,0),(21,'MHO4MH0035','DEFAULTCHASSIS123','','2025-03-07 06:38:40.437846','2025-03-27 13:45:43.301050',1,1,1,1,15,NULL,7,4,0),(22,'MH48AY3140','DEFAULTCHASSIS123','','2025-03-07 06:42:35.615930','2025-03-27 13:46:01.427613',1,1,1,1,15,1,7,4,0),(23,'MH46F1380','DEFAULTCHASSIS123','','2025-03-12 13:38:02.399460','2025-03-27 13:42:33.507216',1,1,1,1,15,NULL,9,4,0),(24,'MH43BG3837','DEFAULTCHASSIS123','','2025-03-12 14:11:14.145919','2025-03-16 06:25:50.237214',1,1,1,1,15,NULL,9,4,0),(25,'MH48J0902','DEFAULTCHASSIS123','','2025-03-17 07:19:29.267034','2025-03-27 13:43:13.074819',1,1,1,1,15,NULL,10,4,0),(26,'MH25AJ2473','DEFAULTCHASSIS123','','2025-03-18 06:25:10.445202','2025-03-27 13:43:59.181520',1,1,1,1,15,NULL,1,4,0),(27,'MH13DQ4361','DEFAULTCHASSIS123','','2025-03-18 06:32:47.673697','2025-03-27 13:43:40.015690',1,1,1,1,15,NULL,10,4,0),(28,'MH14HU9482','DEFAULTCHASSIS123','','2025-03-22 05:35:13.442248','2025-04-06 07:41:49.130750',0,1,1,1,15,NULL,9,4,0),(29,'MH46AR5543','DEFAULTCHASSIS123','','2025-03-25 05:55:33.932949','2025-03-25 06:00:44.097930',1,1,1,1,15,NULL,10,4,0),(30,'MH23AU6704','DEFAULTCHASSIS123','','2025-03-25 14:30:31.385050','2025-03-27 13:46:40.654973',1,1,1,1,15,NULL,1,4,0),(31,'MH44U2415','DEFAULTCHASSIS123','','2025-03-25 14:35:33.396378','2025-03-27 13:47:41.246663',1,1,1,1,15,NULL,8,4,0),(32,'MH14GU9395','DEFAULTCHASSIS123','','2025-03-27 15:36:47.433591','2025-03-28 05:48:01.906311',0,1,1,1,15,NULL,12,4,0),(33,'MH12WX8813','DEFAULTCHASSIS123','','2025-03-28 11:31:30.998023','2025-04-06 07:56:11.647352',0,1,1,1,15,NULL,8,4,0),(34,'MH12VT5303','DEFAULTCHASSIS123','','2025-03-29 16:41:45.250367','2025-03-30 05:01:13.450956',1,1,1,1,15,NULL,9,4,0),(35,'MH13AP0884','DEFAULTCHASSIS123','','2025-03-31 14:52:39.977738','2025-04-03 12:40:51.935769',0,1,1,1,15,NULL,11,4,0),(36,'MH12XM4382','DEFAULTCHASSIS123','','2025-04-04 12:58:15.784945','2025-04-04 13:04:21.667004',0,1,1,1,15,NULL,8,4,0);
/*!40000 ALTER TABLE `vehical_master` ENABLE KEYS */;
UNLOCK TABLES;

--
-- Table structure for table `vehical_types`
--

DROP TABLE IF EXISTS `vehical_types`;
/*!40101 SET @saved_cs_client     = @@character_set_client */;
/*!50503 SET character_set_client = utf8mb4 */;
CREATE TABLE `vehical_types` (
  `id` int NOT NULL AUTO_INCREMENT,
  `type_name` varchar(255) NOT NULL,
  `description` longtext,
  `capacity` int DEFAULT NULL,
  `created_at` datetime(6) NOT NULL,
  `updated_at` datetime(6) NOT NULL,
  `is_active` tinyint(1) NOT NULL,
  `flag` tinyint(1) NOT NULL,
  `created_by_id` int NOT NULL,
  `updated_by_id` int DEFAULT NULL,
  PRIMARY KEY (`id`),
  UNIQUE KEY `type_name` (`type_name`),
  KEY `vehical_types_created_by_id_95af9771_fk_auth_user_id` (`created_by_id`),
  KEY `vehical_types_updated_by_id_bcabd6cb_fk_auth_user_id` (`updated_by_id`),
  CONSTRAINT `vehical_types_created_by_id_95af9771_fk_auth_user_id` FOREIGN KEY (`created_by_id`) REFERENCES `auth_user` (`id`),
  CONSTRAINT `vehical_types_updated_by_id_bcabd6cb_fk_auth_user_id` FOREIGN KEY (`updated_by_id`) REFERENCES `auth_user` (`id`)
) ENGINE=InnoDB AUTO_INCREMENT=13 DEFAULT CHARSET=utf8mb4 COLLATE=utf8mb4_0900_ai_ci;
/*!40101 SET character_set_client = @saved_cs_client */;

--
-- Dumping data for table `vehical_types`
--

LOCK TABLES `vehical_types` WRITE;
/*!40000 ALTER TABLE `vehical_types` DISABLE KEYS */;
INSERT INTO `vehical_types` VALUES (1,'TATA 407','4-WHEELER TRUCK',4,'2024-12-16 00:00:00.000000','2024-12-16 00:00:00.000000',1,1,1,NULL),(2,'TATA ACE','MINI TRUCK',2,'2024-12-16 00:00:00.000000','2024-12-16 00:00:00.000000',1,1,1,NULL),(3,'ASHOK LEYLAND DOST','LIGHT TRUCK',3,'2024-12-16 00:00:00.000000','2024-12-16 00:00:00.000000',1,1,1,NULL),(4,'MAHINDRA BOLERO PICK UP','PICKUP TRUCK',5,'2024-12-16 00:00:00.000000','2024-12-16 00:00:00.000000',1,1,1,NULL),(5,'EICHER 19 FEET','LARGE TRUCK',7,'2024-12-16 00:00:00.000000','2024-12-16 00:00:00.000000',1,1,1,NULL),(6,'TATA TRUCK (6 TYRE)','6-TYRE LARGE TRUCK',10,'2024-12-16 00:00:00.000000','2024-12-16 00:00:00.000000',1,1,1,NULL),(7,'TATA 1616',NULL,10000,'2025-01-02 07:32:18.891233','2025-01-02 07:32:18.891260',1,1,1,NULL),(8,'MAHINDRA PICK UP',NULL,1500,'2025-01-02 10:29:16.484091','2025-01-02 10:29:16.484116',1,1,1,NULL),(9,'TATA 909',NULL,5500,'2025-01-07 14:06:21.446409','2025-01-07 14:06:21.446434',1,1,1,NULL),(10,'TATA 1109',NULL,8000,'2025-01-16 12:20:41.994524','2025-01-16 12:21:08.407352',1,1,1,1),(11,'TATA 1816',NULL,12000,'2025-01-19 11:51:06.539392','2025-01-19 11:51:06.539420',1,1,1,NULL),(12,'ODC TRUCK',NULL,10000,'2025-03-27 15:36:29.223581','2025-03-27 15:36:29.223606',1,1,1,NULL);
/*!40000 ALTER TABLE `vehical_types` ENABLE KEYS */;
UNLOCK TABLES;

--
-- Table structure for table `vendor_types`
--

DROP TABLE IF EXISTS `vendor_types`;
/*!40101 SET @saved_cs_client     = @@character_set_client */;
/*!50503 SET character_set_client = utf8mb4 */;
CREATE TABLE `vendor_types` (
  `id` int NOT NULL AUTO_INCREMENT,
  `type_name` varchar(255) NOT NULL,
  `created_at` datetime(6) NOT NULL,
  `updated_at` datetime(6) NOT NULL,
  `is_active` tinyint(1) NOT NULL,
  `flag` tinyint(1) NOT NULL,
  `created_by_id` int NOT NULL,
  `updated_by_id` int DEFAULT NULL,
  PRIMARY KEY (`id`),
  UNIQUE KEY `type_name` (`type_name`),
  KEY `vendor_types_created_by_id_26113d1b_fk_auth_user_id` (`created_by_id`),
  KEY `vendor_types_updated_by_id_f3162471_fk_auth_user_id` (`updated_by_id`),
  CONSTRAINT `vendor_types_created_by_id_26113d1b_fk_auth_user_id` FOREIGN KEY (`created_by_id`) REFERENCES `auth_user` (`id`),
  CONSTRAINT `vendor_types_updated_by_id_f3162471_fk_auth_user_id` FOREIGN KEY (`updated_by_id`) REFERENCES `auth_user` (`id`)
) ENGINE=InnoDB AUTO_INCREMENT=5 DEFAULT CHARSET=utf8mb4 COLLATE=utf8mb4_0900_ai_ci;
/*!40101 SET character_set_client = @saved_cs_client */;

--
-- Dumping data for table `vendor_types`
--

LOCK TABLES `vendor_types` WRITE;
/*!40000 ALTER TABLE `vendor_types` DISABLE KEYS */;
INSERT INTO `vendor_types` VALUES (1,'ATTACH','2024-12-16 00:00:00.000000','2024-12-16 00:00:00.000000',1,1,1,NULL),(2,'OWN','2024-12-16 00:00:00.000000','2024-12-16 00:00:00.000000',1,1,1,NULL),(3,'MARKET','2024-12-16 00:00:00.000000','2024-12-16 00:00:00.000000',1,1,1,NULL),(4,'HANUMANT KHARAT','2025-01-16 12:22:24.395880','2025-01-16 12:22:24.395907',1,1,1,NULL);
/*!40000 ALTER TABLE `vendor_types` ENABLE KEYS */;
UNLOCK TABLES;

--
-- Table structure for table `voucher_payment`
--

DROP TABLE IF EXISTS `voucher_payment`;
/*!40101 SET @saved_cs_client     = @@character_set_client */;
/*!50503 SET character_set_client = utf8mb4 */;
CREATE TABLE `voucher_payment` (
  `id` int NOT NULL AUTO_INCREMENT,
  `date` date NOT NULL,
  `voucher_no` varchar(10) NOT NULL,
  `amount` decimal(10,2) NOT NULL,
  `remarks` varchar(100) DEFAULT NULL,
  `created_at` datetime(6) NOT NULL,
  `updated_at` datetime(6) NOT NULL,
  `is_active` tinyint(1) NOT NULL,
  `flag` tinyint(1) NOT NULL,
  `booking_memo_id` int DEFAULT NULL,
  `branch_name_id` int DEFAULT NULL,
  `created_by_id` int NOT NULL,
  `driver_id` int DEFAULT NULL,
  `employee_id` int DEFAULT NULL,
  `lcm_no_id` bigint DEFAULT NULL,
  `ldm_no_id` int DEFAULT NULL,
  `lr_no_id` int DEFAULT NULL,
  `party_id` int DEFAULT NULL,
  `pay_type_id` int DEFAULT NULL,
  `trip_no_id` bigint DEFAULT NULL,
  `updated_by_id` int DEFAULT NULL,
  `vehical_no_id` int DEFAULT NULL,
  PRIMARY KEY (`id`),
  UNIQUE KEY `voucher_no` (`voucher_no`),
  KEY `voucher_payment_booking_memo_id_bda27422_fk_booking_memo_id` (`booking_memo_id`),
  KEY `voucher_payment_branch_name_id_f1b5d551_fk_branch_master_id` (`branch_name_id`),
  KEY `voucher_payment_created_by_id_25c49d71_fk_auth_user_id` (`created_by_id`),
  KEY `voucher_payment_driver_id_6dfbce25_fk_driver_master_id` (`driver_id`),
  KEY `voucher_payment_employee_id_69ecc403_fk_employee_master_id` (`employee_id`),
  KEY `voucher_payment_lcm_no_id_a65909d7_fk_collection_memo_id` (`lcm_no_id`),
  KEY `voucher_payment_ldm_no_id_a290f337_fk_local_memo_delivery_id` (`ldm_no_id`),
  KEY `voucher_payment_lr_no_id_064effb3_fk_lr_bokking_lr_no` (`lr_no_id`),
  KEY `voucher_payment_party_id_c80a6e6d_fk_party_master_id` (`party_id`),
  KEY `voucher_payment_pay_type_id_948da5a1_fk_voucher_payment_type_id` (`pay_type_id`),
  KEY `voucher_payment_trip_no_id_067bd44c_fk_trip_memo_id` (`trip_no_id`),
  KEY `voucher_payment_updated_by_id_d0b41cce_fk_auth_user_id` (`updated_by_id`),
  KEY `voucher_payment_vehical_no_id_d9253e92_fk_vehical_master_id` (`vehical_no_id`),
  CONSTRAINT `voucher_payment_booking_memo_id_bda27422_fk_booking_memo_id` FOREIGN KEY (`booking_memo_id`) REFERENCES `booking_memo` (`id`),
  CONSTRAINT `voucher_payment_branch_name_id_f1b5d551_fk_branch_master_id` FOREIGN KEY (`branch_name_id`) REFERENCES `branch_master` (`id`),
  CONSTRAINT `voucher_payment_created_by_id_25c49d71_fk_auth_user_id` FOREIGN KEY (`created_by_id`) REFERENCES `auth_user` (`id`),
  CONSTRAINT `voucher_payment_driver_id_6dfbce25_fk_driver_master_id` FOREIGN KEY (`driver_id`) REFERENCES `driver_master` (`id`),
  CONSTRAINT `voucher_payment_employee_id_69ecc403_fk_employee_master_id` FOREIGN KEY (`employee_id`) REFERENCES `employee_master` (`id`),
  CONSTRAINT `voucher_payment_lcm_no_id_a65909d7_fk_collection_memo_id` FOREIGN KEY (`lcm_no_id`) REFERENCES `collection_memo` (`id`),
  CONSTRAINT `voucher_payment_ldm_no_id_a290f337_fk_local_memo_delivery_id` FOREIGN KEY (`ldm_no_id`) REFERENCES `local_memo_delivery` (`id`),
  CONSTRAINT `voucher_payment_lr_no_id_064effb3_fk_lr_bokking_lr_no` FOREIGN KEY (`lr_no_id`) REFERENCES `lr_bokking` (`lr_no`),
  CONSTRAINT `voucher_payment_party_id_c80a6e6d_fk_party_master_id` FOREIGN KEY (`party_id`) REFERENCES `party_master` (`id`),
  CONSTRAINT `voucher_payment_pay_type_id_948da5a1_fk_voucher_payment_type_id` FOREIGN KEY (`pay_type_id`) REFERENCES `voucher_payment_type` (`id`),
  CONSTRAINT `voucher_payment_trip_no_id_067bd44c_fk_trip_memo_id` FOREIGN KEY (`trip_no_id`) REFERENCES `trip_memo` (`id`),
  CONSTRAINT `voucher_payment_updated_by_id_d0b41cce_fk_auth_user_id` FOREIGN KEY (`updated_by_id`) REFERENCES `auth_user` (`id`),
  CONSTRAINT `voucher_payment_vehical_no_id_d9253e92_fk_vehical_master_id` FOREIGN KEY (`vehical_no_id`) REFERENCES `vehical_master` (`id`)
) ENGINE=InnoDB AUTO_INCREMENT=6 DEFAULT CHARSET=utf8mb4 COLLATE=utf8mb4_0900_ai_ci;
/*!40101 SET character_set_client = @saved_cs_client */;

--
-- Dumping data for table `voucher_payment`
--

LOCK TABLES `voucher_payment` WRITE;
/*!40000 ALTER TABLE `voucher_payment` DISABLE KEYS */;
INSERT INTO `voucher_payment` VALUES (2,'2025-03-16','2411500001',14000.00,NULL,'2025-03-16 10:56:28.821843','2025-03-16 10:56:28.821865',1,1,NULL,16,1,NULL,NULL,NULL,NULL,NULL,NULL,89,25,NULL,NULL),(3,'2025-03-16','2410800001',7500.00,NULL,'2025-03-16 10:58:16.953748','2025-03-16 12:54:06.318725',1,1,NULL,9,1,NULL,NULL,NULL,NULL,NULL,NULL,89,26,1,NULL),(4,'2025-03-17','2412100001',10000.00,NULL,'2025-03-17 07:28:15.957277','2025-03-17 07:28:15.957298',1,1,NULL,22,1,NULL,NULL,NULL,NULL,NULL,NULL,89,27,NULL,NULL),(5,'2025-03-28','2410300001',20000.00,NULL,'2025-03-28 06:36:48.796045','2025-03-28 06:36:48.796066',1,1,NULL,4,1,NULL,NULL,NULL,NULL,NULL,NULL,89,34,NULL,NULL);
/*!40000 ALTER TABLE `voucher_payment` ENABLE KEYS */;
UNLOCK TABLES;

--
-- Table structure for table `voucher_payment_type`
--

DROP TABLE IF EXISTS `voucher_payment_type`;
/*!40101 SET @saved_cs_client     = @@character_set_client */;
/*!50503 SET character_set_client = utf8mb4 */;
CREATE TABLE `voucher_payment_type` (
  `id` int NOT NULL AUTO_INCREMENT,
  `type_name` varchar(255) NOT NULL,
  `effect` varchar(255) DEFAULT NULL,
  `mode_type` varchar(50) NOT NULL,
  `code` int DEFAULT NULL,
  `created_at` datetime(6) NOT NULL,
  `updated_at` datetime(6) NOT NULL,
  `is_active` tinyint(1) NOT NULL,
  `flag` tinyint(1) NOT NULL,
  `created_by_id` int NOT NULL,
  `updated_by_id` int DEFAULT NULL,
  PRIMARY KEY (`id`),
  UNIQUE KEY `type_name` (`type_name`),
  KEY `voucher_payment_type_created_by_id_58456c20_fk_auth_user_id` (`created_by_id`),
  KEY `voucher_payment_type_updated_by_id_4957e7ad_fk_auth_user_id` (`updated_by_id`),
  CONSTRAINT `voucher_payment_type_created_by_id_58456c20_fk_auth_user_id` FOREIGN KEY (`created_by_id`) REFERENCES `auth_user` (`id`),
  CONSTRAINT `voucher_payment_type_updated_by_id_4957e7ad_fk_auth_user_id` FOREIGN KEY (`updated_by_id`) REFERENCES `auth_user` (`id`)
) ENGINE=InnoDB AUTO_INCREMENT=101 DEFAULT CHARSET=utf8mb4 COLLATE=utf8mb4_0900_ai_ci;
/*!40101 SET character_set_client = @saved_cs_client */;

--
-- Dumping data for table `voucher_payment_type`
--

LOCK TABLES `voucher_payment_type` WRITE;
/*!40000 ALTER TABLE `voucher_payment_type` DISABLE KEYS */;
INSERT INTO `voucher_payment_type` VALUES (1,'PETROL EXPENSES','VEHICLE NO','SINGLE',101,'2024-12-16 00:00:00.000000','2024-12-16 00:00:00.000000',1,1,1,NULL),(2,'DIESEL EXPENSES','VEHICLE NO','SINGLE',102,'2024-12-16 00:00:00.000000','2024-12-16 00:00:00.000000',1,1,1,NULL),(3,'OFFICE EXPENSES','EMPLOYEE ID','MULTIPLE',103,'2024-12-16 00:00:00.000000','2024-12-16 00:00:00.000000',1,1,1,NULL),(4,'COMPUTER EXPENSES','OTHER','MULTIPLE',104,'2024-12-16 00:00:00.000000','2024-12-16 00:00:00.000000',1,1,1,NULL),(5,'STATIONERY EXPENSES','OTHER','MULTIPLE',105,'2024-12-16 00:00:00.000000','2024-12-16 00:00:00.000000',1,1,1,NULL),(6,'HOTEL EXPENSES','OTHER','MULTIPLE',106,'2024-12-16 00:00:00.000000','2024-12-16 00:00:00.000000',1,1,1,NULL),(7,'CRANE CHARGES','OTHER','MULTIPLE',107,'2024-12-16 00:00:00.000000','2024-12-16 00:00:00.000000',1,1,1,NULL),(8,'HAMALI CHARGES','OTHER','MULTIPLE',108,'2024-12-16 00:00:00.000000','2024-12-16 00:00:00.000000',1,1,1,NULL),(9,'MATHADI CHARGES','OTHER','MULTIPLE',109,'2024-12-16 00:00:00.000000','2024-12-16 00:00:00.000000',1,1,1,NULL),(10,'UNION CHARGES','LR NO','MULTIPLE',110,'2024-12-16 00:00:00.000000','2024-12-16 00:00:00.000000',1,1,1,NULL),(11,'WAITING CHARGES','LR NO','MULTIPLE',111,'2024-12-16 00:00:00.000000','2024-12-16 00:00:00.000000',1,1,1,NULL),(12,'TOLL CHARGES','VEHICLE NO','MULTIPLE',112,'2024-12-16 00:00:00.000000','2024-12-16 00:00:00.000000',1,1,1,NULL),(13,'OUTSIDE CHARGES','LR NO','MULTIPLE',113,'2024-12-16 00:00:00.000000','2024-12-16 00:00:00.000000',1,1,1,NULL),(14,'OTHER CHARGES ','OTHER','MULTIPLE',114,'2024-12-16 00:00:00.000000','2024-12-16 00:00:00.000000',1,1,1,NULL),(15,'EMPLOYEES ADVANCE','EMPLOYEE NAME','MULTIPLE',115,'2024-12-16 00:00:00.000000','2024-12-16 00:00:00.000000',1,1,1,NULL),(16,'BRANCH TRANSFER','OTHER','MULTIPLE',116,'2024-12-16 00:00:00.000000','2024-12-16 00:00:00.000000',1,1,1,NULL),(17,'COMMISSION','PARTY NAME','MULTIPLE',117,'2024-12-16 00:00:00.000000','2024-12-16 00:00:00.000000',1,1,1,NULL),(18,'VEHICLE MAINTENSES ( GENERAL)','VEHICLE NO','MULTIPLE',118,'2024-12-16 00:00:00.000000','2024-12-16 00:00:00.000000',1,1,1,NULL),(19,'VEHICLE MAINTENSES ( CAPITAL )','VEHICLE NO','MULTIPLE',119,'2024-12-16 00:00:00.000000','2024-12-16 00:00:00.000000',1,1,1,NULL),(20,'VEHICLE MAINTENSES ( LABOUR )','VEHICLE NO','MULTIPLE',120,'2024-12-16 00:00:00.000000','2024-12-16 00:00:00.000000',1,1,1,NULL),(21,'COD PAYMENT','LR NO','MULTIPLE',121,'2024-12-16 00:00:00.000000','2024-12-16 00:00:00.000000',1,1,1,NULL),(22,'DRIVER HIRE CHARGES ( DRIVER)','OTHER','MULTIPLE',122,'2024-12-16 00:00:00.000000','2024-12-16 00:00:00.000000',1,1,1,NULL),(23,'DRIVER HIRE CHARGES ( STAFF )','OTHER','MULTIPLE',123,'2024-12-16 00:00:00.000000','2024-12-16 00:00:00.000000',1,1,1,NULL),(24,'RTO EXPENSES','VEHICLE NO','MULTIPLE',124,'2024-12-16 00:00:00.000000','2024-12-16 00:00:00.000000',1,1,1,NULL),(25,'CLEANER EXPENSES','LR NO','MULTIPLE',125,'2024-12-16 00:00:00.000000','2024-12-16 00:00:00.000000',1,1,1,NULL),(26,'POOJA EXPENSES','OTHER','MULTIPLE',126,'2024-12-16 00:00:00.000000','2024-12-16 00:00:00.000000',1,1,1,NULL),(27,'VEHICLE EXPENSES','VEHICLE NO','MULTIPLE',127,'2024-12-16 00:00:00.000000','2024-12-16 00:00:00.000000',1,1,1,NULL),(28,'TRAVELLING & CONVEYANCE','OTHER','MULTIPLE',128,'2024-12-16 00:00:00.000000','2024-12-16 00:00:00.000000',1,1,1,NULL),(29,'INCENTIVE','OTHER','MULTIPLE',129,'2024-12-16 00:00:00.000000','2024-12-16 00:00:00.000000',1,1,1,NULL),(30,'DEBIT NOTE','LR NO','MULTIPLE',130,'2024-12-16 00:00:00.000000','2024-12-16 00:00:00.000000',1,1,1,NULL),(31,'MATERIAL RELEASE','LR NO','MULTIPLE',131,'2024-12-16 00:00:00.000000','2024-12-16 00:00:00.000000',1,1,1,NULL),(32,'TYRE EXPENSES','VEHICLE NO','MULTIPLE',132,'2024-12-16 00:00:00.000000','2024-12-16 00:00:00.000000',1,1,1,NULL),(33,'STAFF WELFARE','OTHER','MULTIPLE',133,'2024-12-16 00:00:00.000000','2024-12-16 00:00:00.000000',1,1,1,NULL),(34,'COURIER CHARGES','OTHER','MULTIPLE',134,'2024-12-16 00:00:00.000000','2024-12-16 00:00:00.000000',1,1,1,NULL),(35,'BRANCH DEPOSIT','OTHER','MULTIPLE',135,'2024-12-16 00:00:00.000000','2024-12-16 00:00:00.000000',1,1,1,NULL),(36,'PHONE BILL','OTHER','MULTIPLE',136,'2024-12-16 00:00:00.000000','2024-12-16 00:00:00.000000',1,1,1,NULL),(37,'ELECTRICITY BILL','OTHER','MULTIPLE',137,'2024-12-16 00:00:00.000000','2024-12-16 00:00:00.000000',1,1,1,NULL),(38,'WATER BILL','OTHER','MULTIPLE',138,'2024-12-16 00:00:00.000000','2024-12-16 00:00:00.000000',1,1,1,NULL),(39,'VEHICLE HIRE BALANCE PAYMENT','HIRE BILL NO','MULTIPLE',139,'2024-12-16 00:00:00.000000','2024-12-16 00:00:00.000000',1,1,1,NULL),(40,'VEHICLE HIRE ADVANCE PAYMENT','HIRE BILL NO','MULTIPLE',140,'2024-12-16 00:00:00.000000','2024-12-16 00:00:00.000000',1,1,1,NULL),(41,'STAFF SALARY','EMPLOYEE NAME','MULTIPLE',141,'2024-12-16 00:00:00.000000','2024-12-16 00:00:00.000000',1,1,1,NULL),(42,'COLLECTION MEMO BALANCE PAYMENT','COLLECTION MEMO NO','MULTIPLE',142,'2024-12-16 00:00:00.000000','2024-12-16 00:00:00.000000',1,1,1,NULL),(43,'WEIGHT SLIP','OTHER','MULTIPLE',143,'2024-12-16 00:00:00.000000','2024-12-16 00:00:00.000000',1,1,1,NULL),(44,'HAMALI MEMO CHARGES','MEMO NO','MULTIPLE',144,'2024-12-16 00:00:00.000000','2024-12-16 00:00:00.000000',1,1,1,NULL),(45,'HAMALI LR CHARGES','LR NO','MULTIPLE',145,'2024-12-16 00:00:00.000000','2024-12-16 00:00:00.000000',1,1,1,NULL),(46,'VEHICLE SPARE PART','OTHER','MULTIPLE',146,'2024-12-16 00:00:00.000000','2024-12-16 00:00:00.000000',1,1,1,NULL),(47,'OFFICE RENT','OTHER','MULTIPLE',147,'2024-12-16 00:00:00.000000','2024-12-16 00:00:00.000000',1,1,1,NULL),(48,'VEHICLE FINE','VEHICLE NO','MULTIPLE',148,'2024-12-16 00:00:00.000000','2024-12-16 00:00:00.000000',1,1,1,NULL),(49,'DP PAYMENT','DRIVER NAME','MULTIPLE',149,'2024-12-16 00:00:00.000000','2024-12-16 00:00:00.000000',1,1,1,NULL),(50,'LEGAL & PROFESSIONAL FEES','OTHER','MULTIPLE',150,'2024-12-16 00:00:00.000000','2024-12-16 00:00:00.000000',1,1,1,NULL),(51,'OWNER EXPENSES','OTHER','MULTIPLE',151,'2024-12-16 00:00:00.000000','2024-12-16 00:00:00.000000',1,1,1,NULL),(52,'PIGMI','OTHER','MULTIPLE',152,'2024-12-16 00:00:00.000000','2024-12-16 00:00:00.000000',1,1,1,NULL),(53,'DRIVER SALARY ','DRIVER NAME','MULTIPLE',153,'2024-12-16 00:00:00.000000','2024-12-16 00:00:00.000000',1,1,1,NULL),(54,'MOBILE RECHARGE','OTHER','MULTIPLE',154,'2024-12-16 00:00:00.000000','2024-12-16 00:00:00.000000',1,1,1,NULL),(55,'GOOGLE PAY PAYMENT','OTHER','MULTIPLE',155,'2024-12-16 00:00:00.000000','2024-12-16 00:00:00.000000',1,1,1,NULL),(56,'HAND LOAN','OTHER','MULTIPLE',156,'2024-12-16 00:00:00.000000','2024-12-16 00:00:00.000000',1,1,1,NULL),(57,'TYRE REMOLDING','OTHER','MULTIPLE',157,'2024-12-16 00:00:00.000000','2024-12-16 00:00:00.000000',1,1,1,NULL),(58,'CAPITAL ACCOUNT','OTHER','MULTIPLE',158,'2024-12-16 00:00:00.000000','2024-12-16 00:00:00.000000',1,1,1,NULL),(59,'REPAIRES & MAINTENANCE','OTHER','MULTIPLE',159,'2024-12-16 00:00:00.000000','2024-12-16 00:00:00.000000',1,1,1,NULL),(60,'BUILDING & CONSTRUCTION','OTHER','MULTIPLE',160,'2024-12-16 00:00:00.000000','2024-12-16 00:00:00.000000',1,1,1,NULL),(61,'VEHICLE MAINTENSES ( GODOWN)','OTHER','MULTIPLE',161,'2024-12-16 00:00:00.000000','2024-12-16 00:00:00.000000',1,1,1,NULL),(62,'RO ADJECTMENT PAYMENT','OTHER','MULTIPLE',162,'2024-12-16 00:00:00.000000','2024-12-16 00:00:00.000000',1,1,1,NULL),(63,'DRIVER ADVANCE','DRIVER NAME','MULTIPLE',163,'2024-12-16 00:00:00.000000','2024-12-16 00:00:00.000000',1,1,1,NULL),(64,'TRAFFIC FINE','VEHICLE NO','MULTIPLE',164,'2024-12-16 00:00:00.000000','2024-12-16 00:00:00.000000',1,1,1,NULL),(65,'STAFF SALARY ADVANCE','EMPLOYEE NAME','MULTIPLE',165,'2024-12-16 00:00:00.000000','2024-12-16 00:00:00.000000',1,1,1,NULL),(66,'STAFF BONUS','EMPLOYEE NAME','MULTIPLE',166,'2024-12-16 00:00:00.000000','2024-12-16 00:00:00.000000',1,1,1,NULL),(67,'CNG GAS EXPENSES','VEHICLE NO','MULTIPLE',167,'2024-12-16 00:00:00.000000','2024-12-16 00:00:00.000000',1,1,1,NULL),(68,'EXTRA PAYMENT RETURN','LR NO','MULTIPLE',168,'2024-12-16 00:00:00.000000','2024-12-16 00:00:00.000000',1,1,1,NULL),(69,'PASSING EXPENSES','VEHICLE NO','MULTIPLE',169,'2024-12-16 00:00:00.000000','2024-12-16 00:00:00.000000',1,1,1,NULL),(70,'MOBILE HANDSET','OTHER','MULTIPLE',170,'2024-12-16 00:00:00.000000','2024-12-16 00:00:00.000000',1,1,1,NULL),(71,'OIL PURCHASE EXP.','VEHICLE NO','MULTIPLE',171,'2024-12-16 00:00:00.000000','2024-12-16 00:00:00.000000',1,1,1,NULL),(72,'GREASE PURCHASE EXP','VEHICLE NO','MULTIPLE',172,'2024-12-16 00:00:00.000000','2024-12-16 00:00:00.000000',1,1,1,NULL),(73,'BTS TRAVELS EXPENSES','OTHER','MULTIPLE',173,'2024-12-16 00:00:00.000000','2024-12-16 00:00:00.000000',1,1,1,NULL),(74,'PUC EXPENSES','VEHICLE NO','MULTIPLE',174,'2024-12-16 00:00:00.000000','2024-12-16 00:00:00.000000',1,1,1,NULL),(75,'TP CHARGES','VEHICLE NO','MULTIPLE',175,'2024-12-16 00:00:00.000000','2024-12-16 00:00:00.000000',1,1,1,NULL),(76,'DONATION EXPENSES','OTHER','MULTIPLE',176,'2024-12-16 00:00:00.000000','2024-12-16 00:00:00.000000',1,1,1,NULL),(77,'VEHICLE INSURENCE','VEHICLE NO','MULTIPLE',177,'2024-12-16 00:00:00.000000','2024-12-16 00:00:00.000000',1,1,1,NULL),(78,'LAND PURCHASE','OTHER','MULTIPLE',178,'2024-12-16 00:00:00.000000','2024-12-16 00:00:00.000000',1,1,1,NULL),(79,'GOLDEN W SHOP','OTHER','MULTIPLE',179,'2024-12-16 00:00:00.000000','2024-12-16 00:00:00.000000',1,1,1,NULL),(80,'COMMISSION FRANCHISE','OTHER','MULTIPLE',180,'2024-12-16 00:00:00.000000','2024-12-16 00:00:00.000000',1,1,1,NULL),(81,'DRIVER BONUS','DRIVER NAME','MULTIPLE',181,'2024-12-16 00:00:00.000000','2024-12-16 00:00:00.000000',1,1,1,NULL),(82,'FREIGHT RETURN CHARGES','LR NO','MULTIPLE',182,'2024-12-16 00:00:00.000000','2024-12-16 00:00:00.000000',1,1,1,NULL),(83,'INCOME TAX CHARGES','OTHER','MULTIPLE',183,'2024-12-16 00:00:00.000000','2024-12-16 00:00:00.000000',1,1,1,NULL),(84,'DELIVERY MEMO BALANCE PAYMENT','DELIVERY MEMO NO','MULTIPLE',184,'2024-12-16 00:00:00.000000','2024-12-16 00:00:00.000000',1,1,1,NULL),(85,'PTS TRANS LOGISTICS','OTHER','MULTIPLE',185,'2024-12-16 00:00:00.000000','2024-12-16 00:00:00.000000',1,1,1,NULL),(86,'DELIVERY MEMO ADVANCE PAYMENT','DELIVERY MEMO NO','MULTIPLE',186,'2024-12-16 00:00:00.000000','2024-12-16 00:00:00.000000',1,1,1,NULL),(87,'COLLECTION MEMO ADVANCE PAYMENT','COLLECTION MEMO NO','MULTIPLE',187,'2024-12-16 00:00:00.000000','2024-12-16 00:00:00.000000',1,1,1,NULL),(88,'TRIP VEHICLE HIRE BALANCE PAYMENT','TRIP NO','MULTIPLE',188,'2024-12-16 00:00:00.000000','2024-12-16 00:00:00.000000',1,1,1,NULL),(89,'TRIP VEHICLE HIRE ADVANCE PAYMENT','TRIP NO','MULTIPLE',189,'2024-12-16 00:00:00.000000','2024-12-16 00:00:00.000000',1,1,1,NULL),(90,'NEFT/RTGS AGAIN RECEIVED','LR NO','MULTIPLE',190,'2024-12-16 00:00:00.000000','2024-12-16 00:00:00.000000',1,1,1,NULL),(91,'CHEQUE AGAIN RECEIVED','LR NO','MULTIPLE',191,'2024-12-16 00:00:00.000000','2024-12-16 00:00:00.000000',1,1,1,NULL),(92,'UPI AGAIN RECEIVED','LR NO','MULTIPLE',192,'2024-12-16 00:00:00.000000','2024-12-16 00:00:00.000000',1,1,1,NULL),(93,'BILL GENERATE','LR NO','MULTIPLE',193,'2024-12-16 00:00:00.000000','2024-12-16 00:00:00.000000',1,1,1,NULL),(94,'GRAMPANCHAYAT TAX','OTHER','MULTIPLE',149,'2024-12-16 00:00:00.000000','2024-12-16 00:00:00.000000',1,1,1,NULL),(95,'PARKING CHARGES','VEHICLE NO','MULTIPLE',195,'2024-12-16 00:00:00.000000','2024-12-16 00:00:00.000000',1,1,1,NULL),(96,'HOUSE RENT','OTHER','MULTIPLE',196,'2024-12-16 00:00:00.000000','2024-12-16 00:00:00.000000',1,1,1,NULL),(97,'MEETING EXPENSES','OTHER','MULTIPLE',197,'2024-12-16 00:00:00.000000','2024-12-16 00:00:00.000000',1,1,1,NULL),(98,'ATM WITHDRAW','OTHER','MULTIPLE',198,'2024-12-16 00:00:00.000000','2024-12-16 00:00:00.000000',1,1,1,NULL),(99,'BANK CHARGES','OTHER','MULTIPLE',199,'2024-12-16 00:00:00.000000','2024-12-16 00:00:00.000000',1,1,1,NULL),(100,'GST CHARGES','OTHER','MULTIPLE',200,'2024-12-16 00:00:00.000000','2024-12-16 00:00:00.000000',1,1,1,NULL);
/*!40000 ALTER TABLE `voucher_payment_type` ENABLE KEYS */;
UNLOCK TABLES;

--
-- Table structure for table `voucher_receipt_branch`
--

DROP TABLE IF EXISTS `voucher_receipt_branch`;
/*!40101 SET @saved_cs_client     = @@character_set_client */;
/*!50503 SET character_set_client = utf8mb4 */;
CREATE TABLE `voucher_receipt_branch` (
  `id` int NOT NULL AUTO_INCREMENT,
  `date` date NOT NULL,
  `to_branch_amt` decimal(10,2) DEFAULT NULL,
  `remarks` varchar(100) DEFAULT NULL,
  `totla_amt` decimal(10,2) NOT NULL,
  `created_at` datetime(6) NOT NULL,
  `updated_at` datetime(6) NOT NULL,
  `is_active` tinyint(1) NOT NULL,
  `flag` tinyint(1) NOT NULL,
  `branch_name_id` int DEFAULT NULL,
  `created_by_id` int NOT NULL,
  `receipt_type_id` int DEFAULT NULL,
  `to_branch_id` int DEFAULT NULL,
  `updated_by_id` int DEFAULT NULL,
  `cs_no` varchar(10) DEFAULT NULL,
  PRIMARY KEY (`id`),
  UNIQUE KEY `cs_no` (`cs_no`),
  KEY `voucher_receipt_bran_branch_name_id_d30709fe_fk_branch_ma` (`branch_name_id`),
  KEY `voucher_receipt_branch_created_by_id_602cd1ca_fk_auth_user_id` (`created_by_id`),
  KEY `voucher_receipt_bran_receipt_type_id_4fe0f0a9_fk_voucher_r` (`receipt_type_id`),
  KEY `voucher_receipt_branch_to_branch_id_c00eb634_fk_branch_master_id` (`to_branch_id`),
  KEY `voucher_receipt_branch_updated_by_id_3295164a_fk_auth_user_id` (`updated_by_id`),
  CONSTRAINT `voucher_receipt_bran_branch_name_id_d30709fe_fk_branch_ma` FOREIGN KEY (`branch_name_id`) REFERENCES `branch_master` (`id`),
  CONSTRAINT `voucher_receipt_bran_receipt_type_id_4fe0f0a9_fk_voucher_r` FOREIGN KEY (`receipt_type_id`) REFERENCES `voucher_receipt_type` (`id`),
  CONSTRAINT `voucher_receipt_branch_created_by_id_602cd1ca_fk_auth_user_id` FOREIGN KEY (`created_by_id`) REFERENCES `auth_user` (`id`),
  CONSTRAINT `voucher_receipt_branch_to_branch_id_c00eb634_fk_branch_master_id` FOREIGN KEY (`to_branch_id`) REFERENCES `branch_master` (`id`),
  CONSTRAINT `voucher_receipt_branch_updated_by_id_3295164a_fk_auth_user_id` FOREIGN KEY (`updated_by_id`) REFERENCES `auth_user` (`id`)
) ENGINE=InnoDB AUTO_INCREMENT=26 DEFAULT CHARSET=utf8mb4 COLLATE=utf8mb4_0900_ai_ci;
/*!40101 SET character_set_client = @saved_cs_client */;

--
-- Dumping data for table `voucher_receipt_branch`
--

LOCK TABLES `voucher_receipt_branch` WRITE;
/*!40000 ALTER TABLE `voucher_receipt_branch` DISABLE KEYS */;
/*!40000 ALTER TABLE `voucher_receipt_branch` ENABLE KEYS */;
UNLOCK TABLES;

--
-- Table structure for table `voucher_receipt_branch_lr_booking`
--

DROP TABLE IF EXISTS `voucher_receipt_branch_lr_booking`;
/*!40101 SET @saved_cs_client     = @@character_set_client */;
/*!50503 SET character_set_client = utf8mb4 */;
CREATE TABLE `voucher_receipt_branch_lr_booking` (
  `id` bigint NOT NULL AUTO_INCREMENT,
  `voucherreceiptbranch_id` int NOT NULL,
  `lr_bokking_id` int NOT NULL,
  PRIMARY KEY (`id`),
  UNIQUE KEY `voucher_receipt_branch_l_voucherreceiptbranch_id__a013822b_uniq` (`voucherreceiptbranch_id`,`lr_bokking_id`),
  KEY `voucher_receipt_bran_lr_bokking_id_47661dfb_fk_lr_bokkin` (`lr_bokking_id`),
  CONSTRAINT `voucher_receipt_bran_lr_bokking_id_47661dfb_fk_lr_bokkin` FOREIGN KEY (`lr_bokking_id`) REFERENCES `lr_bokking` (`lr_no`),
  CONSTRAINT `voucher_receipt_bran_voucherreceiptbranch_408c3f44_fk_voucher_r` FOREIGN KEY (`voucherreceiptbranch_id`) REFERENCES `voucher_receipt_branch` (`id`)
) ENGINE=InnoDB AUTO_INCREMENT=27 DEFAULT CHARSET=utf8mb4 COLLATE=utf8mb4_0900_ai_ci;
/*!40101 SET character_set_client = @saved_cs_client */;

--
-- Dumping data for table `voucher_receipt_branch_lr_booking`
--

LOCK TABLES `voucher_receipt_branch_lr_booking` WRITE;
/*!40000 ALTER TABLE `voucher_receipt_branch_lr_booking` DISABLE KEYS */;
/*!40000 ALTER TABLE `voucher_receipt_branch_lr_booking` ENABLE KEYS */;
UNLOCK TABLES;

--
-- Table structure for table `voucher_receipt_branch_party_billing`
--

DROP TABLE IF EXISTS `voucher_receipt_branch_party_billing`;
/*!40101 SET @saved_cs_client     = @@character_set_client */;
/*!50503 SET character_set_client = utf8mb4 */;
CREATE TABLE `voucher_receipt_branch_party_billing` (
  `id` bigint NOT NULL AUTO_INCREMENT,
  `voucherreceiptbranch_id` int NOT NULL,
  `partybilling_id` int NOT NULL,
  PRIMARY KEY (`id`),
  UNIQUE KEY `voucher_receipt_branch_p_voucherreceiptbranch_id__aacdff2b_uniq` (`voucherreceiptbranch_id`,`partybilling_id`),
  KEY `voucher_receipt_bran_partybilling_id_4cf478ba_fk_party_bil` (`partybilling_id`),
  CONSTRAINT `voucher_receipt_bran_partybilling_id_4cf478ba_fk_party_bil` FOREIGN KEY (`partybilling_id`) REFERENCES `party_billing` (`id`),
  CONSTRAINT `voucher_receipt_bran_voucherreceiptbranch_0411f91b_fk_voucher_r` FOREIGN KEY (`voucherreceiptbranch_id`) REFERENCES `voucher_receipt_branch` (`id`)
) ENGINE=InnoDB AUTO_INCREMENT=3 DEFAULT CHARSET=utf8mb4 COLLATE=utf8mb4_0900_ai_ci;
/*!40101 SET character_set_client = @saved_cs_client */;

--
-- Dumping data for table `voucher_receipt_branch_party_billing`
--

LOCK TABLES `voucher_receipt_branch_party_billing` WRITE;
/*!40000 ALTER TABLE `voucher_receipt_branch_party_billing` DISABLE KEYS */;
/*!40000 ALTER TABLE `voucher_receipt_branch_party_billing` ENABLE KEYS */;
UNLOCK TABLES;

--
-- Table structure for table `voucher_receipt_type`
--

DROP TABLE IF EXISTS `voucher_receipt_type`;
/*!40101 SET @saved_cs_client     = @@character_set_client */;
/*!50503 SET character_set_client = utf8mb4 */;
CREATE TABLE `voucher_receipt_type` (
  `id` int NOT NULL AUTO_INCREMENT,
  `type_name` varchar(255) NOT NULL,
  `code` int DEFAULT NULL,
  `created_at` datetime(6) NOT NULL,
  `updated_at` datetime(6) NOT NULL,
  `is_active` tinyint(1) NOT NULL,
  `flag` tinyint(1) NOT NULL,
  `created_by_id` int NOT NULL,
  `updated_by_id` int DEFAULT NULL,
  PRIMARY KEY (`id`),
  UNIQUE KEY `type_name` (`type_name`),
  KEY `voucher_receipt_type_created_by_id_cd1f5301_fk_auth_user_id` (`created_by_id`),
  KEY `voucher_receipt_type_updated_by_id_85470f4e_fk_auth_user_id` (`updated_by_id`),
  CONSTRAINT `voucher_receipt_type_created_by_id_cd1f5301_fk_auth_user_id` FOREIGN KEY (`created_by_id`) REFERENCES `auth_user` (`id`),
  CONSTRAINT `voucher_receipt_type_updated_by_id_85470f4e_fk_auth_user_id` FOREIGN KEY (`updated_by_id`) REFERENCES `auth_user` (`id`)
) ENGINE=InnoDB AUTO_INCREMENT=4 DEFAULT CHARSET=utf8mb4 COLLATE=utf8mb4_0900_ai_ci;
/*!40101 SET character_set_client = @saved_cs_client */;

--
-- Dumping data for table `voucher_receipt_type`
--

LOCK TABLES `voucher_receipt_type` WRITE;
/*!40000 ALTER TABLE `voucher_receipt_type` DISABLE KEYS */;
INSERT INTO `voucher_receipt_type` VALUES (1,'LR AGST REF',1001,'2024-12-16 00:00:00.000000','2024-12-16 00:00:00.000000',1,1,1,NULL),(2,'BILL AGST REF',1002,'2024-12-16 00:00:00.000000','2024-12-16 00:00:00.000000',1,1,1,NULL),(3,'CONTRA',1001,'2024-12-16 00:00:00.000000','2024-12-16 00:00:00.000000',1,1,1,NULL);
/*!40000 ALTER TABLE `voucher_receipt_type` ENABLE KEYS */;
UNLOCK TABLES;
/*!40103 SET TIME_ZONE=@OLD_TIME_ZONE */;

/*!40101 SET SQL_MODE=@OLD_SQL_MODE */;
/*!40014 SET FOREIGN_KEY_CHECKS=@OLD_FOREIGN_KEY_CHECKS */;
/*!40014 SET UNIQUE_CHECKS=@OLD_UNIQUE_CHECKS */;
/*!40101 SET CHARACTER_SET_CLIENT=@OLD_CHARACTER_SET_CLIENT */;
/*!40101 SET CHARACTER_SET_RESULTS=@OLD_CHARACTER_SET_RESULTS */;
/*!40101 SET COLLATION_CONNECTION=@OLD_COLLATION_CONNECTION */;
/*!40111 SET SQL_NOTES=@OLD_SQL_NOTES */;

-- Dump completed on 2025-04-06 12:22:42
